ISO-10303-21;
HEADER;
/* Generated by software containing ST-Developer
 * from STEP Tools, Inc. (www.steptools.com) 
 */

FILE_DESCRIPTION(
/* description */ (''),
/* implementation_level */ '2;1');

FILE_NAME(
/* name */ 
'\\\\sinsdv020.ap.infineon.com\\DES_S_PS_ACD\\Working Folder\\PG-DSO-1
6-28\\PG-DSO-16-28_Z8B00172039_V08_3D.stp',
/* time_stamp */ '2020-02-03T16:05:11+06:00',
/* author */ ('janartha'),
/* organization */ (''),
/* preprocessor_version */ 'ST-DEVELOPER v16.13',
/* originating_system */ 'AutoCAD Mechanical',
/* authorisation */ '');

FILE_SCHEMA (('AUTOMOTIVE_DESIGN { 1 0 10303 214 3 1 1 }'));
ENDSEC;

DATA;
#10=MECHANICAL_DESIGN_GEOMETRIC_PRESENTATION_REPRESENTATION('',(#161,#162,
#163,#164,#165,#167,#168,#169,#166,#170,#171,#172,#173,#159,#156,#153,#157,
#158,#155,#152,#160,#154,#151,#140,#141,#142,#143,#144,#145,#146,#147,#148,
#149,#150),#12050);
#11=PRESENTATION_LAYER_ASSIGNMENT('3','3D_Pins',(#174,#175,#176,#177,#178,
#179,#180,#181,#182,#183,#184,#185,#186,#187,#188,#189));
#12=PRESENTATION_LAYER_ASSIGNMENT('6','3D_Leadframe',(#190));
#13=PRESENTATION_LAYER_ASSIGNMENT('2','3D_Mold',(#191,#206));
#14=PRESENTATION_LAYER_ASSIGNMENT('5','3D_Logo',(#192,#193,#194,#195,#196,
#197,#198,#199,#200,#201,#202,#203));
#15=PRESENTATION_LAYER_ASSIGNMENT('7','3D_Sidemetal',(#204,#205));
#16=PRESENTATION_LAYER_ASSIGNMENT('4','3D_Pin1',(#207));
#17=SHAPE_REPRESENTATION_RELATIONSHIP('SRR','None',#12056,#18);
#18=ADVANCED_BREP_SHAPE_REPRESENTATION('',(#174,#175,#176,#177,#178,#179,
#180,#181,#182,#183,#184,#185,#186,#187,#188,#189,#190,#191,#192,#193,#194,
#195,#196,#197,#198,#199,#200,#201,#202,#203,#204,#205,#206,#207),#12049);
#19=(
BOUNDED_CURVE()
B_SPLINE_CURVE(3,(#10846,#10847,#10848,#10849,#10850,#10851),
 .UNSPECIFIED.,.F.,.F.)
B_SPLINE_CURVE_WITH_KNOTS((4,1,1,4),(4.87628584163225,5.28465676439327,
5.54181034265554,5.87628584163225),.UNSPECIFIED.)
CURVE()
GEOMETRIC_REPRESENTATION_ITEM()
RATIONAL_B_SPLINE_CURVE((1.,1.,1.,1.,1.,1.))
REPRESENTATION_ITEM('')
);
#20=(
BOUNDED_CURVE()
B_SPLINE_CURVE(3,(#10853,#10854,#10855,#10856,#10857,#10858),
 .UNSPECIFIED.,.F.,.F.)
B_SPLINE_CURVE_WITH_KNOTS((4,1,1,4),(4.87628584163225,5.28465676439327,
5.54181034265554,5.87628584163225),.UNSPECIFIED.)
CURVE()
GEOMETRIC_REPRESENTATION_ITEM()
RATIONAL_B_SPLINE_CURVE((1.,1.,1.,1.,1.,1.))
REPRESENTATION_ITEM('')
);
#21=(
BOUNDED_CURVE()
B_SPLINE_CURVE(3,(#10891,#10892,#10893,#10894,#10895,#10896),
 .UNSPECIFIED.,.F.,.F.)
B_SPLINE_CURVE_WITH_KNOTS((4,1,1,4),(1.,1.08240423193708,1.28162384559016,
1.87628584163226),.UNSPECIFIED.)
CURVE()
GEOMETRIC_REPRESENTATION_ITEM()
RATIONAL_B_SPLINE_CURVE((1.,1.,1.,1.,1.,1.))
REPRESENTATION_ITEM('')
);
#22=(
BOUNDED_CURVE()
B_SPLINE_CURVE(3,(#10898,#10899,#10900,#10901,#10902,#10903),
 .UNSPECIFIED.,.F.,.F.)
B_SPLINE_CURVE_WITH_KNOTS((4,1,1,4),(1.,1.08240423193708,1.28162384559016,
1.87628584163226),.UNSPECIFIED.)
CURVE()
GEOMETRIC_REPRESENTATION_ITEM()
RATIONAL_B_SPLINE_CURVE((1.,1.,1.,1.,1.,1.))
REPRESENTATION_ITEM('')
);
#23=(
BOUNDED_CURVE()
B_SPLINE_CURVE(3,(#10950,#10951,#10952,#10953,#10954,#10955),
 .UNSPECIFIED.,.F.,.F.)
B_SPLINE_CURVE_WITH_KNOTS((4,1,1,4),(4.87628584163225,5.29115814000777,
5.54548587338307,5.87628584163225),.UNSPECIFIED.)
CURVE()
GEOMETRIC_REPRESENTATION_ITEM()
RATIONAL_B_SPLINE_CURVE((1.,1.,1.,1.,1.,1.))
REPRESENTATION_ITEM('')
);
#24=(
BOUNDED_CURVE()
B_SPLINE_CURVE(3,(#10957,#10958,#10959,#10960,#10961,#10962),
 .UNSPECIFIED.,.F.,.F.)
B_SPLINE_CURVE_WITH_KNOTS((4,1,1,4),(4.87628584163225,5.29115814000777,
5.54548587338307,5.87628584163225),.UNSPECIFIED.)
CURVE()
GEOMETRIC_REPRESENTATION_ITEM()
RATIONAL_B_SPLINE_CURVE((1.,1.,1.,1.,1.,1.))
REPRESENTATION_ITEM('')
);
#25=(
BOUNDED_CURVE()
B_SPLINE_CURVE(3,(#10995,#10996,#10997,#10998,#10999,#11000),
 .UNSPECIFIED.,.F.,.F.)
B_SPLINE_CURVE_WITH_KNOTS((4,1,1,4),(1.,1.08240423193708,1.28162384559016,
1.87628584163226),.UNSPECIFIED.)
CURVE()
GEOMETRIC_REPRESENTATION_ITEM()
RATIONAL_B_SPLINE_CURVE((1.,1.,1.,1.,1.,1.))
REPRESENTATION_ITEM('')
);
#26=(
BOUNDED_CURVE()
B_SPLINE_CURVE(3,(#11002,#11003,#11004,#11005,#11006,#11007),
 .UNSPECIFIED.,.F.,.F.)
B_SPLINE_CURVE_WITH_KNOTS((4,1,1,4),(1.,1.08240423193708,1.28162384559016,
1.87628584163226),.UNSPECIFIED.)
CURVE()
GEOMETRIC_REPRESENTATION_ITEM()
RATIONAL_B_SPLINE_CURVE((1.,1.,1.,1.,1.,1.))
REPRESENTATION_ITEM('')
);
#27=(
BOUNDED_CURVE()
B_SPLINE_CURVE(3,(#11036,#11037,#11038,#11039,#11040,#11041),
 .UNSPECIFIED.,.F.,.F.)
B_SPLINE_CURVE_WITH_KNOTS((4,1,1,4),(2.,2.43115517248575,2.62538744993752,
3.),.UNSPECIFIED.)
CURVE()
GEOMETRIC_REPRESENTATION_ITEM()
RATIONAL_B_SPLINE_CURVE((1.,1.,1.,1.,1.,1.))
REPRESENTATION_ITEM('')
);
#28=(
BOUNDED_CURVE()
B_SPLINE_CURVE(3,(#11044,#11045,#11046,#11047,#11048,#11049),
 .UNSPECIFIED.,.F.,.F.)
B_SPLINE_CURVE_WITH_KNOTS((4,1,1,4),(-3.,-2.62538744993752,-2.43115517248575,
-2.),.UNSPECIFIED.)
CURVE()
GEOMETRIC_REPRESENTATION_ITEM()
RATIONAL_B_SPLINE_CURVE((1.,1.,1.,1.,1.,1.))
REPRESENTATION_ITEM('')
);
#29=(
BOUNDED_CURVE()
B_SPLINE_CURVE(3,(#11068,#11069,#11070,#11071,#11072,#11073),
 .UNSPECIFIED.,.F.,.F.)
B_SPLINE_CURVE_WITH_KNOTS((4,1,1,4),(0.,0.392995161780535,0.608262300142925,
1.),.UNSPECIFIED.)
CURVE()
GEOMETRIC_REPRESENTATION_ITEM()
RATIONAL_B_SPLINE_CURVE((1.,1.,1.,1.,1.,1.))
REPRESENTATION_ITEM('')
);
#30=(
BOUNDED_CURVE()
B_SPLINE_CURVE(3,(#11074,#11075,#11076,#11077,#11078,#11079),
 .UNSPECIFIED.,.F.,.F.)
B_SPLINE_CURVE_WITH_KNOTS((4,1,1,4),(-1.,-0.608262300142925,-0.392995161780535,
0.),.UNSPECIFIED.)
CURVE()
GEOMETRIC_REPRESENTATION_ITEM()
RATIONAL_B_SPLINE_CURVE((1.,1.,1.,1.,1.,1.))
REPRESENTATION_ITEM('')
);
#31=(
BOUNDED_CURVE()
B_SPLINE_CURVE(3,(#11106,#11107,#11108,#11109,#11110,#11111,#11112,#11113),
 .UNSPECIFIED.,.F.,.F.)
B_SPLINE_CURVE_WITH_KNOTS((4,1,1,1,1,4),(2.,2.29515623423606,2.40201997002782,
2.54662976040742,2.68301935939558,3.),.UNSPECIFIED.)
CURVE()
GEOMETRIC_REPRESENTATION_ITEM()
RATIONAL_B_SPLINE_CURVE((1.,1.,1.,1.,1.,1.,1.,1.))
REPRESENTATION_ITEM('')
);
#32=(
BOUNDED_CURVE()
B_SPLINE_CURVE(3,(#11115,#11116,#11117,#11118,#11119,#11120,#11121,#11122),
 .UNSPECIFIED.,.F.,.F.)
B_SPLINE_CURVE_WITH_KNOTS((4,1,1,1,1,4),(2.,2.29515623423606,2.40201997002782,
2.54662976040742,2.68301935939558,3.),.UNSPECIFIED.)
CURVE()
GEOMETRIC_REPRESENTATION_ITEM()
RATIONAL_B_SPLINE_CURVE((1.,1.,1.,1.,1.,1.,1.,1.))
REPRESENTATION_ITEM('')
);
#33=(
BOUNDED_CURVE()
B_SPLINE_CURVE(3,(#11144,#11145,#11146,#11147,#11148,#11149,#11150),
 .UNSPECIFIED.,.F.,.F.)
B_SPLINE_CURVE_WITH_KNOTS((4,1,1,1,4),(0.,0.276038832300884,0.397378194885587,
0.613262387552802,1.),.UNSPECIFIED.)
CURVE()
GEOMETRIC_REPRESENTATION_ITEM()
RATIONAL_B_SPLINE_CURVE((1.,1.,1.,1.,1.,1.,1.))
REPRESENTATION_ITEM('')
);
#34=(
BOUNDED_CURVE()
B_SPLINE_CURVE(3,(#11151,#11152,#11153,#11154,#11155,#11156,#11157),
 .UNSPECIFIED.,.F.,.F.)
B_SPLINE_CURVE_WITH_KNOTS((4,1,1,1,4),(0.,0.276038832300884,0.397378194885587,
0.613262387552802,1.),.UNSPECIFIED.)
CURVE()
GEOMETRIC_REPRESENTATION_ITEM()
RATIONAL_B_SPLINE_CURVE((1.,1.,1.,1.,1.,1.,1.))
REPRESENTATION_ITEM('')
);
#35=(
BOUNDED_CURVE()
B_SPLINE_CURVE(3,(#11193,#11194,#11195,#11196,#11197,#11198),
 .UNSPECIFIED.,.F.,.F.)
B_SPLINE_CURVE_WITH_KNOTS((4,1,1,4),(0.,0.365725969685968,0.554794221715173,
1.),.UNSPECIFIED.)
CURVE()
GEOMETRIC_REPRESENTATION_ITEM()
RATIONAL_B_SPLINE_CURVE((1.,1.,1.,1.,1.,1.))
REPRESENTATION_ITEM('')
);
#36=(
BOUNDED_CURVE()
B_SPLINE_CURVE(3,(#11199,#11200,#11201,#11202,#11203,#11204),
 .UNSPECIFIED.,.F.,.F.)
B_SPLINE_CURVE_WITH_KNOTS((4,1,1,4),(-1.,-0.554794221715173,-0.365725969685968,
0.),.UNSPECIFIED.)
CURVE()
GEOMETRIC_REPRESENTATION_ITEM()
RATIONAL_B_SPLINE_CURVE((1.,1.,1.,1.,1.,1.))
REPRESENTATION_ITEM('')
);
#37=(
BOUNDED_CURVE()
B_SPLINE_CURVE(3,(#11233,#11234,#11235,#11236,#11237,#11238),
 .UNSPECIFIED.,.F.,.F.)
B_SPLINE_CURVE_WITH_KNOTS((4,1,1,4),(5.,5.32066880210392,5.5317693827302,
6.),.UNSPECIFIED.)
CURVE()
GEOMETRIC_REPRESENTATION_ITEM()
RATIONAL_B_SPLINE_CURVE((1.,1.,1.,1.,1.,1.))
REPRESENTATION_ITEM('')
);
#38=(
BOUNDED_CURVE()
B_SPLINE_CURVE(3,(#11240,#11241,#11242,#11243,#11244,#11245),
 .UNSPECIFIED.,.F.,.F.)
B_SPLINE_CURVE_WITH_KNOTS((4,1,1,4),(5.,5.32066880210392,5.5317693827302,
6.),.UNSPECIFIED.)
CURVE()
GEOMETRIC_REPRESENTATION_ITEM()
RATIONAL_B_SPLINE_CURVE((1.,1.,1.,1.,1.,1.))
REPRESENTATION_ITEM('')
);
#39=(
BOUNDED_CURVE()
B_SPLINE_CURVE(3,(#11270,#11271,#11272,#11273,#11274,#11275,#11276,#11277),
 .UNSPECIFIED.,.F.,.F.)
B_SPLINE_CURVE_WITH_KNOTS((4,1,1,1,1,4),(3.,3.27904478465975,3.40141566500528,
3.5874852008217,3.71505906011003,4.),.UNSPECIFIED.)
CURVE()
GEOMETRIC_REPRESENTATION_ITEM()
RATIONAL_B_SPLINE_CURVE((1.,1.,1.,1.,1.,1.,1.,1.))
REPRESENTATION_ITEM('')
);
#40=(
BOUNDED_CURVE()
B_SPLINE_CURVE(3,(#11279,#11280,#11281,#11282,#11283,#11284,#11285,#11286),
 .UNSPECIFIED.,.F.,.F.)
B_SPLINE_CURVE_WITH_KNOTS((4,1,1,1,1,4),(3.,3.27904478465975,3.40141566500528,
3.5874852008217,3.71505906011003,4.),.UNSPECIFIED.)
CURVE()
GEOMETRIC_REPRESENTATION_ITEM()
RATIONAL_B_SPLINE_CURVE((1.,1.,1.,1.,1.,1.,1.,1.))
REPRESENTATION_ITEM('')
);
#41=(
BOUNDED_CURVE()
B_SPLINE_CURVE(3,(#11311,#11312,#11313,#11314,#11315,#11316,#11317,#11318),
 .UNSPECIFIED.,.F.,.F.)
B_SPLINE_CURVE_WITH_KNOTS((4,1,1,1,1,4),(1.,1.2469687403917,1.38486534881784,
1.52503043007791,1.70459415147942,2.),.UNSPECIFIED.)
CURVE()
GEOMETRIC_REPRESENTATION_ITEM()
RATIONAL_B_SPLINE_CURVE((1.,1.,1.,1.,1.,1.,1.,1.))
REPRESENTATION_ITEM('')
);
#42=(
BOUNDED_CURVE()
B_SPLINE_CURVE(3,(#11320,#11321,#11322,#11323,#11324,#11325,#11326,#11327),
 .UNSPECIFIED.,.F.,.F.)
B_SPLINE_CURVE_WITH_KNOTS((4,1,1,1,1,4),(1.,1.2469687403917,1.38486534881784,
1.52503043007791,1.70459415147942,2.),.UNSPECIFIED.)
CURVE()
GEOMETRIC_REPRESENTATION_ITEM()
RATIONAL_B_SPLINE_CURVE((1.,1.,1.,1.,1.,1.,1.,1.))
REPRESENTATION_ITEM('')
);
#43=(
BOUNDED_CURVE()
B_SPLINE_CURVE(3,(#11358,#11359,#11360,#11361),.UNSPECIFIED.,.F.,.F.)
B_SPLINE_CURVE_WITH_KNOTS((4,4),(11.,12.),.UNSPECIFIED.)
CURVE()
GEOMETRIC_REPRESENTATION_ITEM()
RATIONAL_B_SPLINE_CURVE((1.,1.,1.,1.))
REPRESENTATION_ITEM('')
);
#44=(
BOUNDED_CURVE()
B_SPLINE_CURVE(3,(#11363,#11364,#11365,#11366),.UNSPECIFIED.,.F.,.F.)
B_SPLINE_CURVE_WITH_KNOTS((4,4),(11.,12.),.UNSPECIFIED.)
CURVE()
GEOMETRIC_REPRESENTATION_ITEM()
RATIONAL_B_SPLINE_CURVE((1.,1.,1.,1.))
REPRESENTATION_ITEM('')
);
#45=(
BOUNDED_CURVE()
B_SPLINE_CURVE(3,(#11383,#11384,#11385,#11386),.UNSPECIFIED.,.F.,.F.)
B_SPLINE_CURVE_WITH_KNOTS((4,4),(9.,10.),.UNSPECIFIED.)
CURVE()
GEOMETRIC_REPRESENTATION_ITEM()
RATIONAL_B_SPLINE_CURVE((1.,1.,1.,1.))
REPRESENTATION_ITEM('')
);
#46=(
BOUNDED_CURVE()
B_SPLINE_CURVE(3,(#11388,#11389,#11390,#11391),.UNSPECIFIED.,.F.,.F.)
B_SPLINE_CURVE_WITH_KNOTS((4,4),(9.,10.),.UNSPECIFIED.)
CURVE()
GEOMETRIC_REPRESENTATION_ITEM()
RATIONAL_B_SPLINE_CURVE((1.,1.,1.,1.))
REPRESENTATION_ITEM('')
);
#47=(
BOUNDED_CURVE()
B_SPLINE_CURVE(3,(#11484,#11485,#11486,#11487,#11488,#11489,#11490,#11491),
 .UNSPECIFIED.,.F.,.F.)
B_SPLINE_CURVE_WITH_KNOTS((4,1,1,1,1,4),(6.24726143291664,6.4339676431024,
6.51250729767076,6.68333005860947,6.85936088721906,7.24726143291664),
 .UNSPECIFIED.)
CURVE()
GEOMETRIC_REPRESENTATION_ITEM()
RATIONAL_B_SPLINE_CURVE((1.,1.,1.,1.,1.,1.,1.,1.))
REPRESENTATION_ITEM('')
);
#48=(
BOUNDED_CURVE()
B_SPLINE_CURVE(3,(#11493,#11494,#11495,#11496,#11497,#11498,#11499,#11500),
 .UNSPECIFIED.,.F.,.F.)
B_SPLINE_CURVE_WITH_KNOTS((4,1,1,1,1,4),(6.24726143291664,6.4339676431024,
6.51250729767076,6.68333005860947,6.85936088721906,7.24726143291664),
 .UNSPECIFIED.)
CURVE()
GEOMETRIC_REPRESENTATION_ITEM()
RATIONAL_B_SPLINE_CURVE((1.,1.,1.,1.,1.,1.,1.,1.))
REPRESENTATION_ITEM('')
);
#49=(
BOUNDED_CURVE()
B_SPLINE_CURVE(3,(#11525,#11526,#11527,#11528,#11529,#11530,#11531,#11532),
 .UNSPECIFIED.,.F.,.F.)
B_SPLINE_CURVE_WITH_KNOTS((4,1,1,1,1,4),(4.24726143291664,4.64523169194017,
4.82112226878807,4.90874066440984,5.06011417431198,5.24726143291664),
 .UNSPECIFIED.)
CURVE()
GEOMETRIC_REPRESENTATION_ITEM()
RATIONAL_B_SPLINE_CURVE((1.,1.,1.,1.,1.,1.,1.,1.))
REPRESENTATION_ITEM('')
);
#50=(
BOUNDED_CURVE()
B_SPLINE_CURVE(3,(#11534,#11535,#11536,#11537,#11538,#11539,#11540,#11541),
 .UNSPECIFIED.,.F.,.F.)
B_SPLINE_CURVE_WITH_KNOTS((4,1,1,1,1,4),(4.24726143291664,4.64523169194017,
4.82112226878807,4.90874066440984,5.06011417431198,5.24726143291664),
 .UNSPECIFIED.)
CURVE()
GEOMETRIC_REPRESENTATION_ITEM()
RATIONAL_B_SPLINE_CURVE((1.,1.,1.,1.,1.,1.,1.,1.))
REPRESENTATION_ITEM('')
);
#51=(
BOUNDED_CURVE()
B_SPLINE_CURVE(3,(#11640,#11641,#11642,#11643,#11644,#11645),
 .UNSPECIFIED.,.F.,.F.)
B_SPLINE_CURVE_WITH_KNOTS((4,1,1,4),(8.,8.08240423193708,8.28162384559016,
8.87628584163225),.UNSPECIFIED.)
CURVE()
GEOMETRIC_REPRESENTATION_ITEM()
RATIONAL_B_SPLINE_CURVE((1.,1.,1.,1.,1.,1.))
REPRESENTATION_ITEM('')
);
#52=(
BOUNDED_CURVE()
B_SPLINE_CURVE(3,(#11647,#11648,#11649,#11650,#11651,#11652),
 .UNSPECIFIED.,.F.,.F.)
B_SPLINE_CURVE_WITH_KNOTS((4,1,1,4),(8.,8.08240423193708,8.28162384559016,
8.87628584163225),.UNSPECIFIED.)
CURVE()
GEOMETRIC_REPRESENTATION_ITEM()
RATIONAL_B_SPLINE_CURVE((1.,1.,1.,1.,1.,1.))
REPRESENTATION_ITEM('')
);
#53=(
BOUNDED_CURVE()
B_SPLINE_CURVE(3,(#11697,#11698,#11699,#11700,#11701,#11702),
 .UNSPECIFIED.,.F.,.F.)
B_SPLINE_CURVE_WITH_KNOTS((4,1,1,4),(2.,2.40837092276102,2.66552450102328,
3.),.UNSPECIFIED.)
CURVE()
GEOMETRIC_REPRESENTATION_ITEM()
RATIONAL_B_SPLINE_CURVE((1.,1.,1.,1.,1.,1.))
REPRESENTATION_ITEM('')
);
#54=(
BOUNDED_CURVE()
B_SPLINE_CURVE(3,(#11704,#11705,#11706,#11707,#11708,#11709),
 .UNSPECIFIED.,.F.,.F.)
B_SPLINE_CURVE_WITH_KNOTS((4,1,1,4),(2.,2.40837092276102,2.66552450102328,
3.),.UNSPECIFIED.)
CURVE()
GEOMETRIC_REPRESENTATION_ITEM()
RATIONAL_B_SPLINE_CURVE((1.,1.,1.,1.,1.,1.))
REPRESENTATION_ITEM('')
);
#55=(
BOUNDED_CURVE()
B_SPLINE_CURVE(2,(#11849,#11850,#11851),.UNSPECIFIED.,.F.,.F.)
B_SPLINE_CURVE_WITH_KNOTS((3,3),(1.22542289529646,1.5262035419679),
 .UNSPECIFIED.)
CURVE()
GEOMETRIC_REPRESENTATION_ITEM()
RATIONAL_B_SPLINE_CURVE((1.,0.988712673426414,1.))
REPRESENTATION_ITEM('')
);
#56=(
BOUNDED_CURVE()
B_SPLINE_CURVE(2,(#12005,#12006,#12007),.UNSPECIFIED.,.F.,.F.)
B_SPLINE_CURVE_WITH_KNOTS((3,3),(-1.52595948132517,-1.22566695995969),
 .UNSPECIFIED.)
CURVE()
GEOMETRIC_REPRESENTATION_ITEM()
RATIONAL_B_SPLINE_CURVE((1.,0.988749210436837,1.))
REPRESENTATION_ITEM('')
);
#57=(
BOUNDED_CURVE()
B_SPLINE_CURVE(2,(#12044,#12045,#12046),.UNSPECIFIED.,.F.,.F.)
B_SPLINE_CURVE_WITH_KNOTS((3,3),(-1.52620354196701,-1.22542289529557),
 .UNSPECIFIED.)
CURVE()
GEOMETRIC_REPRESENTATION_ITEM()
RATIONAL_B_SPLINE_CURVE((1.,0.988712673426399,1.))
REPRESENTATION_ITEM('')
);
#58=TOROIDAL_SURFACE('',#7429,1.18,0.02);
#59=FACE_BOUND('',#1079,.T.);
#60=FACE_BOUND('',#1086,.T.);
#61=FACE_BOUND('',#1089,.T.);
#62=FACE_BOUND('',#1125,.T.);
#63=FACE_BOUND('',#1127,.T.);
#64=FACE_BOUND('',#1141,.T.);
#65=FACE_BOUND('',#1143,.T.);
#66=FACE_BOUND('',#1203,.T.);
#67=FACE_BOUND('',#1207,.T.);
#68=FACE_BOUND('',#1223,.T.);
#69=FACE_BOUND('',#1241,.T.);
#70=FACE_BOUND('',#1244,.T.);
#71=B_SPLINE_CURVE_WITH_KNOTS('',3,(#10692,#10693,#10694,#10695,#10696,
#10697),.UNSPECIFIED.,.F.,.F.,(4,2,4),(1.31294044643245,1.42114326515224,
1.53556213172702),.UNSPECIFIED.);
#72=B_SPLINE_CURVE_WITH_KNOTS('',3,(#10700,#10701,#10702,#10703,#10704,
#10705),.UNSPECIFIED.,.F.,.F.,(4,2,4),(0.,0.126080011572898,0.222504722452259),
 .UNSPECIFIED.);
#73=B_SPLINE_CURVE_WITH_KNOTS('',3,(#10708,#10709,#10710,#10711,#10712,
#10713),.UNSPECIFIED.,.F.,.F.,(4,2,4),(1.31302142002074,1.40944612986028,
1.53552614143318),.UNSPECIFIED.);
#74=B_SPLINE_CURVE_WITH_KNOTS('',3,(#10717,#10718,#10719,#10720,#10721,
#10722),.UNSPECIFIED.,.F.,.F.,(4,2,4),(0.,0.11441886657478,0.222621685338188),
 .UNSPECIFIED.);
#75=B_SPLINE_CURVE_WITH_KNOTS('',3,(#10742,#10743,#10744,#10745,#10746,
#10747),.UNSPECIFIED.,.F.,.F.,(4,2,4),(1.31294044643246,1.42114326515224,
1.53556213172702),.UNSPECIFIED.);
#76=B_SPLINE_CURVE_WITH_KNOTS('',3,(#10750,#10751,#10752,#10753,#10754,
#10755),.UNSPECIFIED.,.F.,.F.,(4,2,4),(0.,0.1260800115729,0.222504721412439),
 .UNSPECIFIED.);
#77=B_SPLINE_CURVE_WITH_KNOTS('',3,(#10759,#10760,#10761,#10762,#10763,
#10764),.UNSPECIFIED.,.F.,.F.,(4,2,4),(1.31294044638231,1.42114326515223,
1.53556213172701),.UNSPECIFIED.);
#78=B_SPLINE_CURVE_WITH_KNOTS('',3,(#10767,#10768,#10769,#10770,#10771,
#10772),.UNSPECIFIED.,.F.,.F.,(4,2,4),(0.,0.126080011572896,0.222504721412437),
 .UNSPECIFIED.);
#79=B_SPLINE_CURVE_WITH_KNOTS('',3,(#11855,#11856,#11857,#11858,#11859,
#11860),.UNSPECIFIED.,.F.,.F.,(4,2,4),(1.31294044643245,1.42114326515224,
1.53556213172702),.UNSPECIFIED.);
#80=B_SPLINE_CURVE_WITH_KNOTS('',3,(#11864,#11865,#11866,#11867,#11868,
#11869),.UNSPECIFIED.,.F.,.F.,(4,2,4),(0.,0.126080011572897,0.22250472245226),
 .UNSPECIFIED.);
#81=B_SPLINE_CURVE_WITH_KNOTS('',3,(#11883,#11884,#11885,#11886),
 .UNSPECIFIED.,.F.,.F.,(4,4),(1.46314545299358,1.53556213172702),
 .UNSPECIFIED.);
#82=B_SPLINE_CURVE_WITH_KNOTS('',3,(#11889,#11890,#11891,#11892,#11893,
#11894),.UNSPECIFIED.,.F.,.F.,(4,2,4),(0.,0.126080011572899,0.222504721412439),
 .UNSPECIFIED.);
#83=B_SPLINE_CURVE_WITH_KNOTS('',3,(#11897,#11898,#11899,#11900,#11901,
#11902),.UNSPECIFIED.,.F.,.F.,(4,2,4),(1.31303929571361,1.40946400555314,
1.53554401712604),.UNSPECIFIED.);
#84=B_SPLINE_CURVE_WITH_KNOTS('',3,(#11906,#11907,#11908,#11909),
 .UNSPECIFIED.,.F.,.F.,(4,4),(0.,0.0724166787334395),.UNSPECIFIED.);
#85=B_SPLINE_CURVE_WITH_KNOTS('',3,(#11948,#11949,#11950,#11951,#11952,
#11953,#11954,#11955),.UNSPECIFIED.,.F.,.F.,(4,2,2,4),(1.29501744298366,
1.30672439857747,1.42114326515224,1.53556213172702),.UNSPECIFIED.);
#86=B_SPLINE_CURVE_WITH_KNOTS('',3,(#11958,#11959,#11960,#11961,#11962,
#11963),.UNSPECIFIED.,.F.,.F.,(4,2,4),(0.,0.126080011572897,0.24017201463742),
 .UNSPECIFIED.);
#87=ELLIPSE('',#7395,0.208840664988212,0.2);
#88=ELLIPSE('',#7396,0.208840664988212,0.2);
#89=ELLIPSE('',#7398,0.208840664988212,0.2);
#90=ELLIPSE('',#7399,0.208840664988212,0.2);
#91=ELLIPSE('',#7400,0.208840664988212,0.2);
#92=ELLIPSE('',#7402,0.208840664988212,0.2);
#93=ELLIPSE('',#7404,0.208840664988212,0.2);
#94=ELLIPSE('',#7406,0.208840664988212,0.2);
#95=ELLIPSE('',#7410,0.565685424949238,0.4);
#96=ELLIPSE('',#7411,0.565685424949238,0.4);
#97=ELLIPSE('',#7413,0.565685424949239,0.4);
#98=ELLIPSE('',#7415,0.208840664988212,0.2);
#99=ELLIPSE('',#7418,0.565685424949237,0.4);
#100=ELLIPSE('',#7424,0.208840664988212,0.2);
#101=ELLIPSE('',#7427,0.208840664988212,0.2);
#102=ELLIPSE('',#7435,0.208840664988212,0.2);
#103=ELLIPSE('',#7556,0.565685424949238,0.4);
#104=ELLIPSE('',#7557,0.565685424949238,0.4);
#105=ELLIPSE('',#7559,0.565685424949237,0.4);
#106=ELLIPSE('',#7560,0.565685424949239,0.4);
#107=ELLIPSE('',#7562,0.565685424949239,0.4);
#108=ELLIPSE('',#7563,0.565685424949237,0.4);
#109=ELLIPSE('',#7566,0.208840664988212,0.2);
#110=ELLIPSE('',#7569,0.208840664988212,0.2);
#111=ELLIPSE('',#7573,0.375068590866307,0.2);
#112=ELLIPSE('',#7574,0.375068590866307,0.2);
#113=ELLIPSE('',#7578,0.208840664988212,0.2);
#114=ELLIPSE('',#7580,0.208840664988212,0.2);
#115=(
BOUNDED_SURFACE()
B_SPLINE_SURFACE(1,2,((#10613,#10614,#10615),(#10616,#10617,#10618)),
 .UNSPECIFIED.,.F.,.F.,.F.)
B_SPLINE_SURFACE_WITH_KNOTS((2,2),(3,3),(0.,1.19708486857247),(-0.763777790946074,
0.763777790946066),.UNSPECIFIED.)
GEOMETRIC_REPRESENTATION_ITEM()
RATIONAL_B_SPLINE_SURFACE(((1.,0.722228243417099,1.),(1.,0.722228243417099,
1.)))
REPRESENTATION_ITEM('')
SURFACE()
);
#116=(
BOUNDED_SURFACE()
B_SPLINE_SURFACE(1,2,((#10645,#10646,#10647),(#10648,#10649,#10650)),
 .UNSPECIFIED.,.F.,.F.,.F.)
B_SPLINE_SURFACE_WITH_KNOTS((2,2),(3,3),(0.,1.19708486857247),(-0.763777790946066,
0.763777790946074),.UNSPECIFIED.)
GEOMETRIC_REPRESENTATION_ITEM()
RATIONAL_B_SPLINE_SURFACE(((1.,0.722228243417099,1.),(1.,0.722228243417099,
1.)))
REPRESENTATION_ITEM('')
SURFACE()
);
#117=(
BOUNDED_SURFACE()
B_SPLINE_SURFACE(1,2,((#10660,#10661,#10662),(#10663,#10664,#10665)),
 .UNSPECIFIED.,.F.,.F.,.F.)
B_SPLINE_SURFACE_WITH_KNOTS((2,2),(3,3),(0.,1.19708486857247),(-0.763777790946066,
0.763777790946073),.UNSPECIFIED.)
GEOMETRIC_REPRESENTATION_ITEM()
RATIONAL_B_SPLINE_SURFACE(((1.,0.722228243417099,1.),(1.,0.722228243417099,
1.)))
REPRESENTATION_ITEM('')
SURFACE()
);
#118=(
BOUNDED_SURFACE()
B_SPLINE_SURFACE(1,2,((#10673,#10674,#10675),(#10676,#10677,#10678)),
 .UNSPECIFIED.,.F.,.F.,.F.)
B_SPLINE_SURFACE_WITH_KNOTS((2,2),(3,3),(0.,1.19708486857247),(-0.763777790946065,
0.763777790946075),.UNSPECIFIED.)
GEOMETRIC_REPRESENTATION_ITEM()
RATIONAL_B_SPLINE_SURFACE(((1.,0.722228243417099,1.),(1.,0.722228243417099,
1.)))
REPRESENTATION_ITEM('')
SURFACE()
);
#119=(
BOUNDED_SURFACE()
B_SPLINE_SURFACE(3,1,((#10833,#10834),(#10835,#10836),(#10837,#10838),(#10839,
#10840),(#10841,#10842),(#10843,#10844)),.UNSPECIFIED.,.F.,.F.,.F.)
B_SPLINE_SURFACE_WITH_KNOTS((4,1,1,4),(2,2),(4.87628584163225,5.28465676439327,
5.54181034265554,5.87628584163225),(0.,0.01),.UNSPECIFIED.)
GEOMETRIC_REPRESENTATION_ITEM()
RATIONAL_B_SPLINE_SURFACE(((1.,1.),(1.,1.),(1.,1.),(1.,1.),(1.,1.),(1.,
1.)))
REPRESENTATION_ITEM('')
SURFACE()
);
#120=(
BOUNDED_SURFACE()
B_SPLINE_SURFACE(3,1,((#10878,#10879),(#10880,#10881),(#10882,#10883),(#10884,
#10885),(#10886,#10887),(#10888,#10889)),.UNSPECIFIED.,.F.,.F.,.F.)
B_SPLINE_SURFACE_WITH_KNOTS((4,1,1,4),(2,2),(1.,1.08240423193708,1.28162384559016,
1.87628584163226),(0.,0.01),.UNSPECIFIED.)
GEOMETRIC_REPRESENTATION_ITEM()
RATIONAL_B_SPLINE_SURFACE(((1.,1.),(1.,1.),(1.,1.),(1.,1.),(1.,1.),(1.,
1.)))
REPRESENTATION_ITEM('')
SURFACE()
);
#121=(
BOUNDED_SURFACE()
B_SPLINE_SURFACE(3,1,((#10937,#10938),(#10939,#10940),(#10941,#10942),(#10943,
#10944),(#10945,#10946),(#10947,#10948)),.UNSPECIFIED.,.F.,.F.,.F.)
B_SPLINE_SURFACE_WITH_KNOTS((4,1,1,4),(2,2),(4.87628584163225,5.29115814000777,
5.54548587338307,5.87628584163225),(0.,0.01),.UNSPECIFIED.)
GEOMETRIC_REPRESENTATION_ITEM()
RATIONAL_B_SPLINE_SURFACE(((1.,1.),(1.,1.),(1.,1.),(1.,1.),(1.,1.),(1.,
1.)))
REPRESENTATION_ITEM('')
SURFACE()
);
#122=(
BOUNDED_SURFACE()
B_SPLINE_SURFACE(3,1,((#10982,#10983),(#10984,#10985),(#10986,#10987),(#10988,
#10989),(#10990,#10991),(#10992,#10993)),.UNSPECIFIED.,.F.,.F.,.F.)
B_SPLINE_SURFACE_WITH_KNOTS((4,1,1,4),(2,2),(1.,1.08240423193708,1.28162384559016,
1.87628584163226),(0.,0.01),.UNSPECIFIED.)
GEOMETRIC_REPRESENTATION_ITEM()
RATIONAL_B_SPLINE_SURFACE(((1.,1.),(1.,1.),(1.,1.),(1.,1.),(1.,1.),(1.,
1.)))
REPRESENTATION_ITEM('')
SURFACE()
);
#123=(
BOUNDED_SURFACE()
B_SPLINE_SURFACE(3,1,((#11023,#11024),(#11025,#11026),(#11027,#11028),(#11029,
#11030),(#11031,#11032),(#11033,#11034)),.UNSPECIFIED.,.F.,.F.,.F.)
B_SPLINE_SURFACE_WITH_KNOTS((4,1,1,4),(2,2),(2.,2.43115517248575,2.62538744993752,
3.),(0.,0.01),.UNSPECIFIED.)
GEOMETRIC_REPRESENTATION_ITEM()
RATIONAL_B_SPLINE_SURFACE(((1.,1.),(1.,1.),(1.,1.),(1.,1.),(1.,1.),(1.,
1.)))
REPRESENTATION_ITEM('')
SURFACE()
);
#124=(
BOUNDED_SURFACE()
B_SPLINE_SURFACE(3,1,((#11056,#11057),(#11058,#11059),(#11060,#11061),(#11062,
#11063),(#11064,#11065),(#11066,#11067)),.UNSPECIFIED.,.F.,.F.,.F.)
B_SPLINE_SURFACE_WITH_KNOTS((4,1,1,4),(2,2),(0.,0.392995161780535,0.608262300142925,
1.),(0.,0.01),.UNSPECIFIED.)
GEOMETRIC_REPRESENTATION_ITEM()
RATIONAL_B_SPLINE_SURFACE(((1.,1.),(1.,1.),(1.,1.),(1.,1.),(1.,1.),(1.,
1.)))
REPRESENTATION_ITEM('')
SURFACE()
);
#125=(
BOUNDED_SURFACE()
B_SPLINE_SURFACE(3,1,((#11089,#11090),(#11091,#11092),(#11093,#11094),(#11095,
#11096),(#11097,#11098),(#11099,#11100),(#11101,#11102),(#11103,#11104)),
 .UNSPECIFIED.,.F.,.F.,.F.)
B_SPLINE_SURFACE_WITH_KNOTS((4,1,1,1,1,4),(2,2),(2.,2.29515623423606,2.40201997002782,
2.54662976040742,2.68301935939558,3.),(0.,0.01),.UNSPECIFIED.)
GEOMETRIC_REPRESENTATION_ITEM()
RATIONAL_B_SPLINE_SURFACE(((1.,1.),(1.,1.),(1.,1.),(1.,1.),(1.,1.),(1.,
1.),(1.,1.),(1.,1.)))
REPRESENTATION_ITEM('')
SURFACE()
);
#126=(
BOUNDED_SURFACE()
B_SPLINE_SURFACE(3,1,((#11130,#11131),(#11132,#11133),(#11134,#11135),(#11136,
#11137),(#11138,#11139),(#11140,#11141),(#11142,#11143)),.UNSPECIFIED.,
 .F.,.F.,.F.)
B_SPLINE_SURFACE_WITH_KNOTS((4,1,1,1,4),(2,2),(0.,0.276038832300884,0.397378194885587,
0.613262387552802,1.),(0.,0.01),.UNSPECIFIED.)
GEOMETRIC_REPRESENTATION_ITEM()
RATIONAL_B_SPLINE_SURFACE(((1.,1.),(1.,1.),(1.,1.),(1.,1.),(1.,1.),(1.,
1.),(1.,1.)))
REPRESENTATION_ITEM('')
SURFACE()
);
#127=(
BOUNDED_SURFACE()
B_SPLINE_SURFACE(3,1,((#11181,#11182),(#11183,#11184),(#11185,#11186),(#11187,
#11188),(#11189,#11190),(#11191,#11192)),.UNSPECIFIED.,.F.,.F.,.F.)
B_SPLINE_SURFACE_WITH_KNOTS((4,1,1,4),(2,2),(0.,0.365725969685968,0.554794221715173,
1.),(0.,0.01),.UNSPECIFIED.)
GEOMETRIC_REPRESENTATION_ITEM()
RATIONAL_B_SPLINE_SURFACE(((1.,1.),(1.,1.),(1.,1.),(1.,1.),(1.,1.),(1.,
1.)))
REPRESENTATION_ITEM('')
SURFACE()
);
#128=(
BOUNDED_SURFACE()
B_SPLINE_SURFACE(3,1,((#11220,#11221),(#11222,#11223),(#11224,#11225),(#11226,
#11227),(#11228,#11229),(#11230,#11231)),.UNSPECIFIED.,.F.,.F.,.F.)
B_SPLINE_SURFACE_WITH_KNOTS((4,1,1,4),(2,2),(5.,5.32066880210392,5.5317693827302,
6.),(0.,0.01),.UNSPECIFIED.)
GEOMETRIC_REPRESENTATION_ITEM()
RATIONAL_B_SPLINE_SURFACE(((1.,1.),(1.,1.),(1.,1.),(1.,1.),(1.,1.),(1.,
1.)))
REPRESENTATION_ITEM('')
SURFACE()
);
#129=(
BOUNDED_SURFACE()
B_SPLINE_SURFACE(3,1,((#11253,#11254),(#11255,#11256),(#11257,#11258),(#11259,
#11260),(#11261,#11262),(#11263,#11264),(#11265,#11266),(#11267,#11268)),
 .UNSPECIFIED.,.F.,.F.,.F.)
B_SPLINE_SURFACE_WITH_KNOTS((4,1,1,1,1,4),(2,2),(3.,3.27904478465975,3.40141566500528,
3.5874852008217,3.71505906011003,4.),(0.,0.01),.UNSPECIFIED.)
GEOMETRIC_REPRESENTATION_ITEM()
RATIONAL_B_SPLINE_SURFACE(((1.,1.),(1.,1.),(1.,1.),(1.,1.),(1.,1.),(1.,
1.),(1.,1.),(1.,1.)))
REPRESENTATION_ITEM('')
SURFACE()
);
#130=(
BOUNDED_SURFACE()
B_SPLINE_SURFACE(3,1,((#11294,#11295),(#11296,#11297),(#11298,#11299),(#11300,
#11301),(#11302,#11303),(#11304,#11305),(#11306,#11307),(#11308,#11309)),
 .UNSPECIFIED.,.F.,.F.,.F.)
B_SPLINE_SURFACE_WITH_KNOTS((4,1,1,1,1,4),(2,2),(1.,1.2469687403917,1.38486534881784,
1.52503043007791,1.70459415147942,2.),(0.,0.01),.UNSPECIFIED.)
GEOMETRIC_REPRESENTATION_ITEM()
RATIONAL_B_SPLINE_SURFACE(((1.,1.),(1.,1.),(1.,1.),(1.,1.),(1.,1.),(1.,
1.),(1.,1.),(1.,1.)))
REPRESENTATION_ITEM('')
SURFACE()
);
#131=(
BOUNDED_SURFACE()
B_SPLINE_SURFACE(3,1,((#11349,#11350),(#11351,#11352),(#11353,#11354),(#11355,
#11356)),.UNSPECIFIED.,.F.,.F.,.F.)
B_SPLINE_SURFACE_WITH_KNOTS((4,4),(2,2),(11.,12.),(0.,0.01),
 .UNSPECIFIED.)
GEOMETRIC_REPRESENTATION_ITEM()
RATIONAL_B_SPLINE_SURFACE(((1.,1.),(1.,1.),(1.,1.),(1.,1.)))
REPRESENTATION_ITEM('')
SURFACE()
);
#132=(
BOUNDED_SURFACE()
B_SPLINE_SURFACE(3,1,((#11374,#11375),(#11376,#11377),(#11378,#11379),(#11380,
#11381)),.UNSPECIFIED.,.F.,.F.,.F.)
B_SPLINE_SURFACE_WITH_KNOTS((4,4),(2,2),(9.,10.),(0.,0.01),
 .UNSPECIFIED.)
GEOMETRIC_REPRESENTATION_ITEM()
RATIONAL_B_SPLINE_SURFACE(((1.,1.),(1.,1.),(1.,1.),(1.,1.)))
REPRESENTATION_ITEM('')
SURFACE()
);
#133=(
BOUNDED_SURFACE()
B_SPLINE_SURFACE(3,1,((#11467,#11468),(#11469,#11470),(#11471,#11472),(#11473,
#11474),(#11475,#11476),(#11477,#11478),(#11479,#11480),(#11481,#11482)),
 .UNSPECIFIED.,.F.,.F.,.F.)
B_SPLINE_SURFACE_WITH_KNOTS((4,1,1,1,1,4),(2,2),(6.24726143291664,6.4339676431024,
6.51250729767076,6.68333005860947,6.85936088721906,7.24726143291664),(0.,
0.01),.UNSPECIFIED.)
GEOMETRIC_REPRESENTATION_ITEM()
RATIONAL_B_SPLINE_SURFACE(((1.,1.),(1.,1.),(1.,1.),(1.,1.),(1.,1.),(1.,
1.),(1.,1.),(1.,1.)))
REPRESENTATION_ITEM('')
SURFACE()
);
#134=(
BOUNDED_SURFACE()
B_SPLINE_SURFACE(3,1,((#11508,#11509),(#11510,#11511),(#11512,#11513),(#11514,
#11515),(#11516,#11517),(#11518,#11519),(#11520,#11521),(#11522,#11523)),
 .UNSPECIFIED.,.F.,.F.,.F.)
B_SPLINE_SURFACE_WITH_KNOTS((4,1,1,1,1,4),(2,2),(4.24726143291664,4.64523169194017,
4.82112226878807,4.90874066440984,5.06011417431198,5.24726143291664),(0.,
0.01),.UNSPECIFIED.)
GEOMETRIC_REPRESENTATION_ITEM()
RATIONAL_B_SPLINE_SURFACE(((1.,1.),(1.,1.),(1.,1.),(1.,1.),(1.,1.),(1.,
1.),(1.,1.),(1.,1.)))
REPRESENTATION_ITEM('')
SURFACE()
);
#135=(
BOUNDED_SURFACE()
B_SPLINE_SURFACE(3,1,((#11627,#11628),(#11629,#11630),(#11631,#11632),(#11633,
#11634),(#11635,#11636),(#11637,#11638)),.UNSPECIFIED.,.F.,.F.,.F.)
B_SPLINE_SURFACE_WITH_KNOTS((4,1,1,4),(2,2),(8.,8.08240423193708,8.28162384559016,
8.87628584163225),(0.,0.01),.UNSPECIFIED.)
GEOMETRIC_REPRESENTATION_ITEM()
RATIONAL_B_SPLINE_SURFACE(((1.,1.),(1.,1.),(1.,1.),(1.,1.),(1.,1.),(1.,
1.)))
REPRESENTATION_ITEM('')
SURFACE()
);
#136=(
BOUNDED_SURFACE()
B_SPLINE_SURFACE(3,1,((#11684,#11685),(#11686,#11687),(#11688,#11689),(#11690,
#11691),(#11692,#11693),(#11694,#11695)),.UNSPECIFIED.,.F.,.F.,.F.)
B_SPLINE_SURFACE_WITH_KNOTS((4,1,1,4),(2,2),(2.,2.40837092276102,2.66552450102328,
3.),(0.,0.01),.UNSPECIFIED.)
GEOMETRIC_REPRESENTATION_ITEM()
RATIONAL_B_SPLINE_SURFACE(((1.,1.),(1.,1.),(1.,1.),(1.,1.),(1.,1.),(1.,
1.)))
REPRESENTATION_ITEM('')
SURFACE()
);
#137=(
BOUNDED_SURFACE()
B_SPLINE_SURFACE(2,2,((#11821,#11822,#11823,#11824,#11825,#11826,#11827,
#11828,#11829),(#11830,#11831,#11832,#11833,#11834,#11835,#11836,#11837,
#11838),(#11839,#11840,#11841,#11842,#11843,#11844,#11845,#11846,#11847)),
 .UNSPECIFIED.,.F.,.T.,.F.)
B_SPLINE_SURFACE_WITH_KNOTS((3,3),(3,2,2,2,3),(1.22542289529646,1.5262035419679),
(-3.14159265358979,-1.5707963267949,0.,1.5707963267949,3.14159265358979),
 .UNSPECIFIED.)
GEOMETRIC_REPRESENTATION_ITEM()
RATIONAL_B_SPLINE_SURFACE(((1.,0.707106781186548,1.,0.707106781186548,1.,
0.707106781186548,1.,0.707106781186548,1.),(0.988712673426414,0.699125436024898,
0.988712673426414,0.699125436024898,0.988712673426414,0.699125436024898,
0.988712673426414,0.699125436024898,0.988712673426414),(1.,0.707106781186548,
1.,0.707106781186548,1.,0.707106781186548,1.,0.707106781186548,1.)))
REPRESENTATION_ITEM('')
SURFACE()
);
#138=(
BOUNDED_SURFACE()
B_SPLINE_SURFACE(2,2,((#11976,#11977,#11978,#11979,#11980,#11981,#11982,
#11983,#11984),(#11985,#11986,#11987,#11988,#11989,#11990,#11991,#11992,
#11993),(#11994,#11995,#11996,#11997,#11998,#11999,#12000,#12001,#12002)),
 .UNSPECIFIED.,.F.,.T.,.F.)
B_SPLINE_SURFACE_WITH_KNOTS((3,3),(3,2,2,2,3),(1.22566695995969,1.52595948132517),
(-3.14159265358979,-1.5707963267949,0.,1.5707963267949,3.14159265358979),
 .UNSPECIFIED.)
GEOMETRIC_REPRESENTATION_ITEM()
RATIONAL_B_SPLINE_SURFACE(((1.,0.707106781186548,1.,0.707106781186548,1.,
0.707106781186548,1.,0.707106781186548,1.),(0.988749210436837,0.699151271592732,
0.988749210436837,0.699151271592732,0.988749210436837,0.699151271592732,
0.988749210436837,0.699151271592732,0.988749210436837),(1.,0.707106781186548,
1.,0.707106781186548,1.,0.707106781186548,1.,0.707106781186548,1.)))
REPRESENTATION_ITEM('')
SURFACE()
);
#139=(
BOUNDED_SURFACE()
B_SPLINE_SURFACE(2,2,((#12016,#12017,#12018,#12019,#12020,#12021,#12022,
#12023,#12024),(#12025,#12026,#12027,#12028,#12029,#12030,#12031,#12032,
#12033),(#12034,#12035,#12036,#12037,#12038,#12039,#12040,#12041,#12042)),
 .UNSPECIFIED.,.F.,.T.,.F.)
B_SPLINE_SURFACE_WITH_KNOTS((3,3),(3,2,2,2,3),(1.22542289529557,1.52620354196701),
(-3.14159265358979,-1.5707963267949,0.,1.5707963267949,3.14159265358979),
 .UNSPECIFIED.)
GEOMETRIC_REPRESENTATION_ITEM()
RATIONAL_B_SPLINE_SURFACE(((1.,0.707106781186548,1.,0.707106781186548,1.,
0.707106781186548,1.,0.707106781186548,1.),(0.988712673426399,0.699125436024887,
0.988712673426399,0.699125436024887,0.988712673426399,0.699125436024887,
0.988712673426399,0.699125436024887,0.988712673426399),(1.,0.707106781186548,
1.,0.707106781186548,1.,0.707106781186548,1.,0.707106781186548,1.)))
REPRESENTATION_ITEM('')
SURFACE()
);
#140=STYLED_ITEM('',(#12065),#174);
#141=STYLED_ITEM('',(#12065),#175);
#142=STYLED_ITEM('',(#12065),#176);
#143=STYLED_ITEM('',(#12065),#177);
#144=STYLED_ITEM('',(#12065),#178);
#145=STYLED_ITEM('',(#12065),#179);
#146=STYLED_ITEM('',(#12065),#180);
#147=STYLED_ITEM('',(#12065),#181);
#148=STYLED_ITEM('',(#12065),#182);
#149=STYLED_ITEM('',(#12065),#183);
#150=STYLED_ITEM('',(#12065),#184);
#151=STYLED_ITEM('',(#12065),#185);
#152=STYLED_ITEM('',(#12065),#186);
#153=STYLED_ITEM('',(#12065),#187);
#154=STYLED_ITEM('',(#12065),#188);
#155=STYLED_ITEM('',(#12065),#189);
#156=STYLED_ITEM('',(#12066),#190);
#157=STYLED_ITEM('',(#12066),#191);
#158=STYLED_ITEM('',(#12067),#192);
#159=STYLED_ITEM('',(#12067),#193);
#160=STYLED_ITEM('',(#12067),#194);
#161=STYLED_ITEM('',(#12067),#195);
#162=STYLED_ITEM('',(#12067),#196);
#163=STYLED_ITEM('',(#12067),#197);
#164=STYLED_ITEM('',(#12067),#198);
#165=STYLED_ITEM('',(#12067),#199);
#166=STYLED_ITEM('',(#12067),#200);
#167=STYLED_ITEM('',(#12067),#201);
#168=STYLED_ITEM('',(#12067),#202);
#169=STYLED_ITEM('',(#12067),#203);
#170=STYLED_ITEM('',(#12065),#204);
#171=STYLED_ITEM('',(#12065),#205);
#172=STYLED_ITEM('',(#12066),#206);
#173=STYLED_ITEM('',(#12067),#207);
#174=MANIFOLD_SOLID_BREP('687',#7008);
#175=MANIFOLD_SOLID_BREP('68B',#7009);
#176=MANIFOLD_SOLID_BREP('68F',#7010);
#177=MANIFOLD_SOLID_BREP('693',#7011);
#178=MANIFOLD_SOLID_BREP('697',#7012);
#179=MANIFOLD_SOLID_BREP('69B',#7013);
#180=MANIFOLD_SOLID_BREP('69F',#7014);
#181=MANIFOLD_SOLID_BREP('6A3',#7015);
#182=MANIFOLD_SOLID_BREP('6A7',#7016);
#183=MANIFOLD_SOLID_BREP('6AB',#7017);
#184=MANIFOLD_SOLID_BREP('6AF',#7018);
#185=MANIFOLD_SOLID_BREP('6B3',#7019);
#186=MANIFOLD_SOLID_BREP('6B7',#7020);
#187=MANIFOLD_SOLID_BREP('6BB',#7021);
#188=MANIFOLD_SOLID_BREP('6BF',#7022);
#189=MANIFOLD_SOLID_BREP('6C3',#7023);
#190=MANIFOLD_SOLID_BREP('F4D',#7024);
#191=MANIFOLD_SOLID_BREP('F53',#7025);
#192=MANIFOLD_SOLID_BREP('F56',#7026);
#193=MANIFOLD_SOLID_BREP('F5A',#7027);
#194=MANIFOLD_SOLID_BREP('F5E',#7028);
#195=MANIFOLD_SOLID_BREP('F61',#7029);
#196=MANIFOLD_SOLID_BREP('F64',#7030);
#197=MANIFOLD_SOLID_BREP('F68',#7031);
#198=MANIFOLD_SOLID_BREP('F6C',#7032);
#199=MANIFOLD_SOLID_BREP('F70',#7033);
#200=MANIFOLD_SOLID_BREP('F74',#7034);
#201=MANIFOLD_SOLID_BREP('F78',#7035);
#202=MANIFOLD_SOLID_BREP('F7C',#7036);
#203=MANIFOLD_SOLID_BREP('F80',#7037);
#204=MANIFOLD_SOLID_BREP('1419',#7038);
#205=MANIFOLD_SOLID_BREP('141D',#7039);
#206=MANIFOLD_SOLID_BREP('189B',#7040);
#207=MANIFOLD_SOLID_BREP('189E',#7041);
#208=CIRCLE('',#7046,0.450000000000016);
#209=CIRCLE('',#7047,0.450000000000016);
#210=CIRCLE('',#7050,0.199999999999967);
#211=CIRCLE('',#7051,0.199999999999967);
#212=CIRCLE('',#7055,0.449999999999987);
#213=CIRCLE('',#7056,0.449999999999987);
#214=CIRCLE('',#7059,0.199999999999965);
#215=CIRCLE('',#7060,0.199999999999965);
#216=CIRCLE('',#7068,0.199999999999965);
#217=CIRCLE('',#7069,0.199999999999965);
#218=CIRCLE('',#7072,0.449999999999987);
#219=CIRCLE('',#7073,0.449999999999987);
#220=CIRCLE('',#7077,0.199999999999967);
#221=CIRCLE('',#7078,0.199999999999967);
#222=CIRCLE('',#7081,0.450000000000016);
#223=CIRCLE('',#7082,0.450000000000016);
#224=CIRCLE('',#7090,0.450000000000016);
#225=CIRCLE('',#7091,0.450000000000016);
#226=CIRCLE('',#7094,0.199999999999967);
#227=CIRCLE('',#7095,0.199999999999967);
#228=CIRCLE('',#7099,0.449999999999987);
#229=CIRCLE('',#7100,0.449999999999987);
#230=CIRCLE('',#7103,0.199999999999965);
#231=CIRCLE('',#7104,0.199999999999965);
#232=CIRCLE('',#7112,0.199999999999965);
#233=CIRCLE('',#7113,0.199999999999965);
#234=CIRCLE('',#7116,0.449999999999987);
#235=CIRCLE('',#7117,0.449999999999987);
#236=CIRCLE('',#7121,0.199999999999967);
#237=CIRCLE('',#7122,0.199999999999967);
#238=CIRCLE('',#7125,0.450000000000016);
#239=CIRCLE('',#7126,0.450000000000016);
#240=CIRCLE('',#7134,0.450000000000016);
#241=CIRCLE('',#7135,0.450000000000016);
#242=CIRCLE('',#7138,0.199999999999967);
#243=CIRCLE('',#7139,0.199999999999967);
#244=CIRCLE('',#7143,0.449999999999987);
#245=CIRCLE('',#7144,0.449999999999987);
#246=CIRCLE('',#7147,0.199999999999965);
#247=CIRCLE('',#7148,0.199999999999965);
#248=CIRCLE('',#7156,0.199999999999965);
#249=CIRCLE('',#7157,0.199999999999965);
#250=CIRCLE('',#7160,0.449999999999987);
#251=CIRCLE('',#7161,0.449999999999987);
#252=CIRCLE('',#7165,0.199999999999967);
#253=CIRCLE('',#7166,0.199999999999967);
#254=CIRCLE('',#7169,0.450000000000016);
#255=CIRCLE('',#7170,0.450000000000016);
#256=CIRCLE('',#7178,0.450000000000016);
#257=CIRCLE('',#7179,0.450000000000016);
#258=CIRCLE('',#7182,0.199999999999967);
#259=CIRCLE('',#7183,0.199999999999967);
#260=CIRCLE('',#7187,0.449999999999987);
#261=CIRCLE('',#7188,0.449999999999987);
#262=CIRCLE('',#7191,0.199999999999965);
#263=CIRCLE('',#7192,0.199999999999965);
#264=CIRCLE('',#7200,0.199999999999965);
#265=CIRCLE('',#7201,0.199999999999965);
#266=CIRCLE('',#7204,0.449999999999987);
#267=CIRCLE('',#7205,0.449999999999987);
#268=CIRCLE('',#7209,0.199999999999967);
#269=CIRCLE('',#7210,0.199999999999967);
#270=CIRCLE('',#7213,0.450000000000016);
#271=CIRCLE('',#7214,0.450000000000016);
#272=CIRCLE('',#7222,0.450000000000016);
#273=CIRCLE('',#7223,0.450000000000016);
#274=CIRCLE('',#7226,0.199999999999967);
#275=CIRCLE('',#7227,0.199999999999967);
#276=CIRCLE('',#7231,0.449999999999987);
#277=CIRCLE('',#7232,0.449999999999987);
#278=CIRCLE('',#7235,0.199999999999965);
#279=CIRCLE('',#7236,0.199999999999965);
#280=CIRCLE('',#7244,0.199999999999965);
#281=CIRCLE('',#7245,0.199999999999965);
#282=CIRCLE('',#7248,0.449999999999987);
#283=CIRCLE('',#7249,0.449999999999987);
#284=CIRCLE('',#7253,0.199999999999967);
#285=CIRCLE('',#7254,0.199999999999967);
#286=CIRCLE('',#7257,0.450000000000016);
#287=CIRCLE('',#7258,0.450000000000016);
#288=CIRCLE('',#7266,0.450000000000016);
#289=CIRCLE('',#7267,0.450000000000016);
#290=CIRCLE('',#7270,0.199999999999967);
#291=CIRCLE('',#7271,0.199999999999967);
#292=CIRCLE('',#7275,0.449999999999987);
#293=CIRCLE('',#7276,0.449999999999987);
#294=CIRCLE('',#7279,0.199999999999965);
#295=CIRCLE('',#7280,0.199999999999965);
#296=CIRCLE('',#7288,0.199999999999965);
#297=CIRCLE('',#7289,0.199999999999965);
#298=CIRCLE('',#7292,0.449999999999987);
#299=CIRCLE('',#7293,0.449999999999987);
#300=CIRCLE('',#7297,0.199999999999967);
#301=CIRCLE('',#7298,0.199999999999967);
#302=CIRCLE('',#7301,0.450000000000016);
#303=CIRCLE('',#7302,0.450000000000016);
#304=CIRCLE('',#7310,0.450000000000016);
#305=CIRCLE('',#7311,0.450000000000016);
#306=CIRCLE('',#7314,0.199999999999967);
#307=CIRCLE('',#7315,0.199999999999967);
#308=CIRCLE('',#7319,0.449999999999987);
#309=CIRCLE('',#7320,0.449999999999987);
#310=CIRCLE('',#7323,0.199999999999965);
#311=CIRCLE('',#7324,0.199999999999965);
#312=CIRCLE('',#7332,0.199999999999965);
#313=CIRCLE('',#7333,0.199999999999965);
#314=CIRCLE('',#7336,0.449999999999987);
#315=CIRCLE('',#7337,0.449999999999987);
#316=CIRCLE('',#7341,0.199999999999967);
#317=CIRCLE('',#7342,0.199999999999967);
#318=CIRCLE('',#7345,0.450000000000016);
#319=CIRCLE('',#7346,0.450000000000016);
#320=CIRCLE('',#7354,0.450000000000016);
#321=CIRCLE('',#7355,0.450000000000016);
#322=CIRCLE('',#7358,0.199999999999967);
#323=CIRCLE('',#7359,0.199999999999967);
#324=CIRCLE('',#7363,0.449999999999987);
#325=CIRCLE('',#7364,0.449999999999987);
#326=CIRCLE('',#7367,0.199999999999965);
#327=CIRCLE('',#7368,0.199999999999965);
#328=CIRCLE('',#7376,0.199999999999965);
#329=CIRCLE('',#7377,0.199999999999965);
#330=CIRCLE('',#7380,0.449999999999987);
#331=CIRCLE('',#7381,0.449999999999987);
#332=CIRCLE('',#7385,0.199999999999967);
#333=CIRCLE('',#7386,0.199999999999967);
#334=CIRCLE('',#7389,0.450000000000016);
#335=CIRCLE('',#7390,0.450000000000016);
#336=CIRCLE('',#7421,1.2);
#337=CIRCLE('',#7430,1.18);
#338=CIRCLE('',#7431,1.2);
#339=CIRCLE('',#7489,0.0561330743850788);
#340=CIRCLE('',#7490,0.0561330743850788);
#341=CIRCLE('',#7495,0.0378420918141767);
#342=CIRCLE('',#7496,0.0378420918141767);
#343=CIRCLE('',#7530,0.0709953273650048);
#344=CIRCLE('',#7531,0.0709953273650048);
#345=CIRCLE('',#7535,0.143657181324303);
#346=CIRCLE('',#7536,0.143657181324303);
#347=CIRCLE('',#7552,0.400015691989357);
#348=CIRCLE('',#7553,0.400015691989357);
#349=CIRCLE('',#7554,0.400015691989357);
#350=CIRCLE('',#7583,0.400015691989285);
#351=CIRCLE('',#7584,0.400015691989285);
#352=CIRCLE('',#7586,0.400015691989288);
#353=CIRCLE('',#7587,0.400015691989288);
#354=CYLINDRICAL_SURFACE('',#7045,0.450000000000016);
#355=CYLINDRICAL_SURFACE('',#7049,0.199999999999967);
#356=CYLINDRICAL_SURFACE('',#7054,0.449999999999987);
#357=CYLINDRICAL_SURFACE('',#7058,0.199999999999965);
#358=CYLINDRICAL_SURFACE('',#7067,0.199999999999965);
#359=CYLINDRICAL_SURFACE('',#7071,0.449999999999987);
#360=CYLINDRICAL_SURFACE('',#7076,0.199999999999967);
#361=CYLINDRICAL_SURFACE('',#7080,0.450000000000016);
#362=CYLINDRICAL_SURFACE('',#7089,0.450000000000016);
#363=CYLINDRICAL_SURFACE('',#7093,0.199999999999967);
#364=CYLINDRICAL_SURFACE('',#7098,0.449999999999987);
#365=CYLINDRICAL_SURFACE('',#7102,0.199999999999965);
#366=CYLINDRICAL_SURFACE('',#7111,0.199999999999965);
#367=CYLINDRICAL_SURFACE('',#7115,0.449999999999987);
#368=CYLINDRICAL_SURFACE('',#7120,0.199999999999967);
#369=CYLINDRICAL_SURFACE('',#7124,0.450000000000016);
#370=CYLINDRICAL_SURFACE('',#7133,0.450000000000016);
#371=CYLINDRICAL_SURFACE('',#7137,0.199999999999967);
#372=CYLINDRICAL_SURFACE('',#7142,0.449999999999987);
#373=CYLINDRICAL_SURFACE('',#7146,0.199999999999965);
#374=CYLINDRICAL_SURFACE('',#7155,0.199999999999965);
#375=CYLINDRICAL_SURFACE('',#7159,0.449999999999987);
#376=CYLINDRICAL_SURFACE('',#7164,0.199999999999967);
#377=CYLINDRICAL_SURFACE('',#7168,0.450000000000016);
#378=CYLINDRICAL_SURFACE('',#7177,0.450000000000016);
#379=CYLINDRICAL_SURFACE('',#7181,0.199999999999967);
#380=CYLINDRICAL_SURFACE('',#7186,0.449999999999987);
#381=CYLINDRICAL_SURFACE('',#7190,0.199999999999965);
#382=CYLINDRICAL_SURFACE('',#7199,0.199999999999965);
#383=CYLINDRICAL_SURFACE('',#7203,0.449999999999987);
#384=CYLINDRICAL_SURFACE('',#7208,0.199999999999967);
#385=CYLINDRICAL_SURFACE('',#7212,0.450000000000016);
#386=CYLINDRICAL_SURFACE('',#7221,0.450000000000016);
#387=CYLINDRICAL_SURFACE('',#7225,0.199999999999967);
#388=CYLINDRICAL_SURFACE('',#7230,0.449999999999987);
#389=CYLINDRICAL_SURFACE('',#7234,0.199999999999965);
#390=CYLINDRICAL_SURFACE('',#7243,0.199999999999965);
#391=CYLINDRICAL_SURFACE('',#7247,0.449999999999987);
#392=CYLINDRICAL_SURFACE('',#7252,0.199999999999967);
#393=CYLINDRICAL_SURFACE('',#7256,0.450000000000016);
#394=CYLINDRICAL_SURFACE('',#7265,0.450000000000016);
#395=CYLINDRICAL_SURFACE('',#7269,0.199999999999967);
#396=CYLINDRICAL_SURFACE('',#7274,0.449999999999987);
#397=CYLINDRICAL_SURFACE('',#7278,0.199999999999965);
#398=CYLINDRICAL_SURFACE('',#7287,0.199999999999965);
#399=CYLINDRICAL_SURFACE('',#7291,0.449999999999987);
#400=CYLINDRICAL_SURFACE('',#7296,0.199999999999967);
#401=CYLINDRICAL_SURFACE('',#7300,0.450000000000016);
#402=CYLINDRICAL_SURFACE('',#7309,0.450000000000016);
#403=CYLINDRICAL_SURFACE('',#7313,0.199999999999967);
#404=CYLINDRICAL_SURFACE('',#7318,0.449999999999987);
#405=CYLINDRICAL_SURFACE('',#7322,0.199999999999965);
#406=CYLINDRICAL_SURFACE('',#7331,0.199999999999965);
#407=CYLINDRICAL_SURFACE('',#7335,0.449999999999987);
#408=CYLINDRICAL_SURFACE('',#7340,0.199999999999967);
#409=CYLINDRICAL_SURFACE('',#7344,0.450000000000016);
#410=CYLINDRICAL_SURFACE('',#7353,0.450000000000016);
#411=CYLINDRICAL_SURFACE('',#7357,0.199999999999967);
#412=CYLINDRICAL_SURFACE('',#7362,0.449999999999987);
#413=CYLINDRICAL_SURFACE('',#7366,0.199999999999965);
#414=CYLINDRICAL_SURFACE('',#7375,0.199999999999965);
#415=CYLINDRICAL_SURFACE('',#7379,0.449999999999987);
#416=CYLINDRICAL_SURFACE('',#7384,0.199999999999967);
#417=CYLINDRICAL_SURFACE('',#7388,0.450000000000016);
#418=CYLINDRICAL_SURFACE('',#7409,0.4);
#419=CYLINDRICAL_SURFACE('',#7412,0.4);
#420=CYLINDRICAL_SURFACE('',#7414,0.2);
#421=CYLINDRICAL_SURFACE('',#7417,0.4);
#422=CYLINDRICAL_SURFACE('',#7419,0.4);
#423=CYLINDRICAL_SURFACE('',#7423,0.2);
#424=CYLINDRICAL_SURFACE('',#7426,0.2);
#425=CYLINDRICAL_SURFACE('',#7433,1.2);
#426=CYLINDRICAL_SURFACE('',#7436,0.2);
#427=CYLINDRICAL_SURFACE('',#7488,0.0561330744154052);
#428=CYLINDRICAL_SURFACE('',#7494,0.0378420918267104);
#429=CYLINDRICAL_SURFACE('',#7529,0.0709953273650048);
#430=CYLINDRICAL_SURFACE('',#7534,0.143657181324303);
#431=CYLINDRICAL_SURFACE('',#7551,0.400015691989357);
#432=CYLINDRICAL_SURFACE('',#7555,0.4);
#433=CYLINDRICAL_SURFACE('',#7558,0.4);
#434=CYLINDRICAL_SURFACE('',#7561,0.4);
#435=CYLINDRICAL_SURFACE('',#7565,0.2);
#436=CYLINDRICAL_SURFACE('',#7568,0.2);
#437=CYLINDRICAL_SURFACE('',#7571,0.4);
#438=CYLINDRICAL_SURFACE('',#7575,0.4);
#439=CYLINDRICAL_SURFACE('',#7577,0.2);
#440=CYLINDRICAL_SURFACE('',#7579,0.2);
#441=CYLINDRICAL_SURFACE('',#7585,0.400015691989286);
#442=FACE_OUTER_BOUND('',#838,.T.);
#443=FACE_OUTER_BOUND('',#839,.T.);
#444=FACE_OUTER_BOUND('',#840,.T.);
#445=FACE_OUTER_BOUND('',#841,.T.);
#446=FACE_OUTER_BOUND('',#842,.T.);
#447=FACE_OUTER_BOUND('',#843,.T.);
#448=FACE_OUTER_BOUND('',#844,.T.);
#449=FACE_OUTER_BOUND('',#845,.T.);
#450=FACE_OUTER_BOUND('',#846,.T.);
#451=FACE_OUTER_BOUND('',#847,.T.);
#452=FACE_OUTER_BOUND('',#848,.T.);
#453=FACE_OUTER_BOUND('',#849,.T.);
#454=FACE_OUTER_BOUND('',#850,.T.);
#455=FACE_OUTER_BOUND('',#851,.T.);
#456=FACE_OUTER_BOUND('',#852,.T.);
#457=FACE_OUTER_BOUND('',#853,.T.);
#458=FACE_OUTER_BOUND('',#854,.T.);
#459=FACE_OUTER_BOUND('',#855,.T.);
#460=FACE_OUTER_BOUND('',#856,.T.);
#461=FACE_OUTER_BOUND('',#857,.T.);
#462=FACE_OUTER_BOUND('',#858,.T.);
#463=FACE_OUTER_BOUND('',#859,.T.);
#464=FACE_OUTER_BOUND('',#860,.T.);
#465=FACE_OUTER_BOUND('',#861,.T.);
#466=FACE_OUTER_BOUND('',#862,.T.);
#467=FACE_OUTER_BOUND('',#863,.T.);
#468=FACE_OUTER_BOUND('',#864,.T.);
#469=FACE_OUTER_BOUND('',#865,.T.);
#470=FACE_OUTER_BOUND('',#866,.T.);
#471=FACE_OUTER_BOUND('',#867,.T.);
#472=FACE_OUTER_BOUND('',#868,.T.);
#473=FACE_OUTER_BOUND('',#869,.T.);
#474=FACE_OUTER_BOUND('',#870,.T.);
#475=FACE_OUTER_BOUND('',#871,.T.);
#476=FACE_OUTER_BOUND('',#872,.T.);
#477=FACE_OUTER_BOUND('',#873,.T.);
#478=FACE_OUTER_BOUND('',#874,.T.);
#479=FACE_OUTER_BOUND('',#875,.T.);
#480=FACE_OUTER_BOUND('',#876,.T.);
#481=FACE_OUTER_BOUND('',#877,.T.);
#482=FACE_OUTER_BOUND('',#878,.T.);
#483=FACE_OUTER_BOUND('',#879,.T.);
#484=FACE_OUTER_BOUND('',#880,.T.);
#485=FACE_OUTER_BOUND('',#881,.T.);
#486=FACE_OUTER_BOUND('',#882,.T.);
#487=FACE_OUTER_BOUND('',#883,.T.);
#488=FACE_OUTER_BOUND('',#884,.T.);
#489=FACE_OUTER_BOUND('',#885,.T.);
#490=FACE_OUTER_BOUND('',#886,.T.);
#491=FACE_OUTER_BOUND('',#887,.T.);
#492=FACE_OUTER_BOUND('',#888,.T.);
#493=FACE_OUTER_BOUND('',#889,.T.);
#494=FACE_OUTER_BOUND('',#890,.T.);
#495=FACE_OUTER_BOUND('',#891,.T.);
#496=FACE_OUTER_BOUND('',#892,.T.);
#497=FACE_OUTER_BOUND('',#893,.T.);
#498=FACE_OUTER_BOUND('',#894,.T.);
#499=FACE_OUTER_BOUND('',#895,.T.);
#500=FACE_OUTER_BOUND('',#896,.T.);
#501=FACE_OUTER_BOUND('',#897,.T.);
#502=FACE_OUTER_BOUND('',#898,.T.);
#503=FACE_OUTER_BOUND('',#899,.T.);
#504=FACE_OUTER_BOUND('',#900,.T.);
#505=FACE_OUTER_BOUND('',#901,.T.);
#506=FACE_OUTER_BOUND('',#902,.T.);
#507=FACE_OUTER_BOUND('',#903,.T.);
#508=FACE_OUTER_BOUND('',#904,.T.);
#509=FACE_OUTER_BOUND('',#905,.T.);
#510=FACE_OUTER_BOUND('',#906,.T.);
#511=FACE_OUTER_BOUND('',#907,.T.);
#512=FACE_OUTER_BOUND('',#908,.T.);
#513=FACE_OUTER_BOUND('',#909,.T.);
#514=FACE_OUTER_BOUND('',#910,.T.);
#515=FACE_OUTER_BOUND('',#911,.T.);
#516=FACE_OUTER_BOUND('',#912,.T.);
#517=FACE_OUTER_BOUND('',#913,.T.);
#518=FACE_OUTER_BOUND('',#914,.T.);
#519=FACE_OUTER_BOUND('',#915,.T.);
#520=FACE_OUTER_BOUND('',#916,.T.);
#521=FACE_OUTER_BOUND('',#917,.T.);
#522=FACE_OUTER_BOUND('',#918,.T.);
#523=FACE_OUTER_BOUND('',#919,.T.);
#524=FACE_OUTER_BOUND('',#920,.T.);
#525=FACE_OUTER_BOUND('',#921,.T.);
#526=FACE_OUTER_BOUND('',#922,.T.);
#527=FACE_OUTER_BOUND('',#923,.T.);
#528=FACE_OUTER_BOUND('',#924,.T.);
#529=FACE_OUTER_BOUND('',#925,.T.);
#530=FACE_OUTER_BOUND('',#926,.T.);
#531=FACE_OUTER_BOUND('',#927,.T.);
#532=FACE_OUTER_BOUND('',#928,.T.);
#533=FACE_OUTER_BOUND('',#929,.T.);
#534=FACE_OUTER_BOUND('',#930,.T.);
#535=FACE_OUTER_BOUND('',#931,.T.);
#536=FACE_OUTER_BOUND('',#932,.T.);
#537=FACE_OUTER_BOUND('',#933,.T.);
#538=FACE_OUTER_BOUND('',#934,.T.);
#539=FACE_OUTER_BOUND('',#935,.T.);
#540=FACE_OUTER_BOUND('',#936,.T.);
#541=FACE_OUTER_BOUND('',#937,.T.);
#542=FACE_OUTER_BOUND('',#938,.T.);
#543=FACE_OUTER_BOUND('',#939,.T.);
#544=FACE_OUTER_BOUND('',#940,.T.);
#545=FACE_OUTER_BOUND('',#941,.T.);
#546=FACE_OUTER_BOUND('',#942,.T.);
#547=FACE_OUTER_BOUND('',#943,.T.);
#548=FACE_OUTER_BOUND('',#944,.T.);
#549=FACE_OUTER_BOUND('',#945,.T.);
#550=FACE_OUTER_BOUND('',#946,.T.);
#551=FACE_OUTER_BOUND('',#947,.T.);
#552=FACE_OUTER_BOUND('',#948,.T.);
#553=FACE_OUTER_BOUND('',#949,.T.);
#554=FACE_OUTER_BOUND('',#950,.T.);
#555=FACE_OUTER_BOUND('',#951,.T.);
#556=FACE_OUTER_BOUND('',#952,.T.);
#557=FACE_OUTER_BOUND('',#953,.T.);
#558=FACE_OUTER_BOUND('',#954,.T.);
#559=FACE_OUTER_BOUND('',#955,.T.);
#560=FACE_OUTER_BOUND('',#956,.T.);
#561=FACE_OUTER_BOUND('',#957,.T.);
#562=FACE_OUTER_BOUND('',#958,.T.);
#563=FACE_OUTER_BOUND('',#959,.T.);
#564=FACE_OUTER_BOUND('',#960,.T.);
#565=FACE_OUTER_BOUND('',#961,.T.);
#566=FACE_OUTER_BOUND('',#962,.T.);
#567=FACE_OUTER_BOUND('',#963,.T.);
#568=FACE_OUTER_BOUND('',#964,.T.);
#569=FACE_OUTER_BOUND('',#965,.T.);
#570=FACE_OUTER_BOUND('',#966,.T.);
#571=FACE_OUTER_BOUND('',#967,.T.);
#572=FACE_OUTER_BOUND('',#968,.T.);
#573=FACE_OUTER_BOUND('',#969,.T.);
#574=FACE_OUTER_BOUND('',#970,.T.);
#575=FACE_OUTER_BOUND('',#971,.T.);
#576=FACE_OUTER_BOUND('',#972,.T.);
#577=FACE_OUTER_BOUND('',#973,.T.);
#578=FACE_OUTER_BOUND('',#974,.T.);
#579=FACE_OUTER_BOUND('',#975,.T.);
#580=FACE_OUTER_BOUND('',#976,.T.);
#581=FACE_OUTER_BOUND('',#977,.T.);
#582=FACE_OUTER_BOUND('',#978,.T.);
#583=FACE_OUTER_BOUND('',#979,.T.);
#584=FACE_OUTER_BOUND('',#980,.T.);
#585=FACE_OUTER_BOUND('',#981,.T.);
#586=FACE_OUTER_BOUND('',#982,.T.);
#587=FACE_OUTER_BOUND('',#983,.T.);
#588=FACE_OUTER_BOUND('',#984,.T.);
#589=FACE_OUTER_BOUND('',#985,.T.);
#590=FACE_OUTER_BOUND('',#986,.T.);
#591=FACE_OUTER_BOUND('',#987,.T.);
#592=FACE_OUTER_BOUND('',#988,.T.);
#593=FACE_OUTER_BOUND('',#989,.T.);
#594=FACE_OUTER_BOUND('',#990,.T.);
#595=FACE_OUTER_BOUND('',#991,.T.);
#596=FACE_OUTER_BOUND('',#992,.T.);
#597=FACE_OUTER_BOUND('',#993,.T.);
#598=FACE_OUTER_BOUND('',#994,.T.);
#599=FACE_OUTER_BOUND('',#995,.T.);
#600=FACE_OUTER_BOUND('',#996,.T.);
#601=FACE_OUTER_BOUND('',#997,.T.);
#602=FACE_OUTER_BOUND('',#998,.T.);
#603=FACE_OUTER_BOUND('',#999,.T.);
#604=FACE_OUTER_BOUND('',#1000,.T.);
#605=FACE_OUTER_BOUND('',#1001,.T.);
#606=FACE_OUTER_BOUND('',#1002,.T.);
#607=FACE_OUTER_BOUND('',#1003,.T.);
#608=FACE_OUTER_BOUND('',#1004,.T.);
#609=FACE_OUTER_BOUND('',#1005,.T.);
#610=FACE_OUTER_BOUND('',#1006,.T.);
#611=FACE_OUTER_BOUND('',#1007,.T.);
#612=FACE_OUTER_BOUND('',#1008,.T.);
#613=FACE_OUTER_BOUND('',#1009,.T.);
#614=FACE_OUTER_BOUND('',#1010,.T.);
#615=FACE_OUTER_BOUND('',#1011,.T.);
#616=FACE_OUTER_BOUND('',#1012,.T.);
#617=FACE_OUTER_BOUND('',#1013,.T.);
#618=FACE_OUTER_BOUND('',#1014,.T.);
#619=FACE_OUTER_BOUND('',#1015,.T.);
#620=FACE_OUTER_BOUND('',#1016,.T.);
#621=FACE_OUTER_BOUND('',#1017,.T.);
#622=FACE_OUTER_BOUND('',#1018,.T.);
#623=FACE_OUTER_BOUND('',#1019,.T.);
#624=FACE_OUTER_BOUND('',#1020,.T.);
#625=FACE_OUTER_BOUND('',#1021,.T.);
#626=FACE_OUTER_BOUND('',#1022,.T.);
#627=FACE_OUTER_BOUND('',#1023,.T.);
#628=FACE_OUTER_BOUND('',#1024,.T.);
#629=FACE_OUTER_BOUND('',#1025,.T.);
#630=FACE_OUTER_BOUND('',#1026,.T.);
#631=FACE_OUTER_BOUND('',#1027,.T.);
#632=FACE_OUTER_BOUND('',#1028,.T.);
#633=FACE_OUTER_BOUND('',#1029,.T.);
#634=FACE_OUTER_BOUND('',#1030,.T.);
#635=FACE_OUTER_BOUND('',#1031,.T.);
#636=FACE_OUTER_BOUND('',#1032,.T.);
#637=FACE_OUTER_BOUND('',#1033,.T.);
#638=FACE_OUTER_BOUND('',#1034,.T.);
#639=FACE_OUTER_BOUND('',#1035,.T.);
#640=FACE_OUTER_BOUND('',#1036,.T.);
#641=FACE_OUTER_BOUND('',#1037,.T.);
#642=FACE_OUTER_BOUND('',#1038,.T.);
#643=FACE_OUTER_BOUND('',#1039,.T.);
#644=FACE_OUTER_BOUND('',#1040,.T.);
#645=FACE_OUTER_BOUND('',#1041,.T.);
#646=FACE_OUTER_BOUND('',#1042,.T.);
#647=FACE_OUTER_BOUND('',#1043,.T.);
#648=FACE_OUTER_BOUND('',#1044,.T.);
#649=FACE_OUTER_BOUND('',#1045,.T.);
#650=FACE_OUTER_BOUND('',#1046,.T.);
#651=FACE_OUTER_BOUND('',#1047,.T.);
#652=FACE_OUTER_BOUND('',#1048,.T.);
#653=FACE_OUTER_BOUND('',#1049,.T.);
#654=FACE_OUTER_BOUND('',#1050,.T.);
#655=FACE_OUTER_BOUND('',#1051,.T.);
#656=FACE_OUTER_BOUND('',#1052,.T.);
#657=FACE_OUTER_BOUND('',#1053,.T.);
#658=FACE_OUTER_BOUND('',#1054,.T.);
#659=FACE_OUTER_BOUND('',#1055,.T.);
#660=FACE_OUTER_BOUND('',#1056,.T.);
#661=FACE_OUTER_BOUND('',#1057,.T.);
#662=FACE_OUTER_BOUND('',#1058,.T.);
#663=FACE_OUTER_BOUND('',#1059,.T.);
#664=FACE_OUTER_BOUND('',#1060,.T.);
#665=FACE_OUTER_BOUND('',#1061,.T.);
#666=FACE_OUTER_BOUND('',#1062,.T.);
#667=FACE_OUTER_BOUND('',#1063,.T.);
#668=FACE_OUTER_BOUND('',#1064,.T.);
#669=FACE_OUTER_BOUND('',#1065,.T.);
#670=FACE_OUTER_BOUND('',#1066,.T.);
#671=FACE_OUTER_BOUND('',#1067,.T.);
#672=FACE_OUTER_BOUND('',#1068,.T.);
#673=FACE_OUTER_BOUND('',#1069,.T.);
#674=FACE_OUTER_BOUND('',#1070,.T.);
#675=FACE_OUTER_BOUND('',#1071,.T.);
#676=FACE_OUTER_BOUND('',#1072,.T.);
#677=FACE_OUTER_BOUND('',#1073,.T.);
#678=FACE_OUTER_BOUND('',#1074,.T.);
#679=FACE_OUTER_BOUND('',#1075,.T.);
#680=FACE_OUTER_BOUND('',#1076,.T.);
#681=FACE_OUTER_BOUND('',#1077,.T.);
#682=FACE_OUTER_BOUND('',#1078,.T.);
#683=FACE_OUTER_BOUND('',#1080,.T.);
#684=FACE_OUTER_BOUND('',#1081,.T.);
#685=FACE_OUTER_BOUND('',#1082,.T.);
#686=FACE_OUTER_BOUND('',#1083,.T.);
#687=FACE_OUTER_BOUND('',#1084,.T.);
#688=FACE_OUTER_BOUND('',#1085,.T.);
#689=FACE_OUTER_BOUND('',#1087,.T.);
#690=FACE_OUTER_BOUND('',#1088,.T.);
#691=FACE_OUTER_BOUND('',#1090,.T.);
#692=FACE_OUTER_BOUND('',#1091,.T.);
#693=FACE_OUTER_BOUND('',#1092,.T.);
#694=FACE_OUTER_BOUND('',#1093,.T.);
#695=FACE_OUTER_BOUND('',#1094,.T.);
#696=FACE_OUTER_BOUND('',#1095,.T.);
#697=FACE_OUTER_BOUND('',#1096,.T.);
#698=FACE_OUTER_BOUND('',#1097,.T.);
#699=FACE_OUTER_BOUND('',#1098,.T.);
#700=FACE_OUTER_BOUND('',#1099,.T.);
#701=FACE_OUTER_BOUND('',#1100,.T.);
#702=FACE_OUTER_BOUND('',#1101,.T.);
#703=FACE_OUTER_BOUND('',#1102,.T.);
#704=FACE_OUTER_BOUND('',#1103,.T.);
#705=FACE_OUTER_BOUND('',#1104,.T.);
#706=FACE_OUTER_BOUND('',#1105,.T.);
#707=FACE_OUTER_BOUND('',#1106,.T.);
#708=FACE_OUTER_BOUND('',#1107,.T.);
#709=FACE_OUTER_BOUND('',#1108,.T.);
#710=FACE_OUTER_BOUND('',#1109,.T.);
#711=FACE_OUTER_BOUND('',#1110,.T.);
#712=FACE_OUTER_BOUND('',#1111,.T.);
#713=FACE_OUTER_BOUND('',#1112,.T.);
#714=FACE_OUTER_BOUND('',#1113,.T.);
#715=FACE_OUTER_BOUND('',#1114,.T.);
#716=FACE_OUTER_BOUND('',#1115,.T.);
#717=FACE_OUTER_BOUND('',#1116,.T.);
#718=FACE_OUTER_BOUND('',#1117,.T.);
#719=FACE_OUTER_BOUND('',#1118,.T.);
#720=FACE_OUTER_BOUND('',#1119,.T.);
#721=FACE_OUTER_BOUND('',#1120,.T.);
#722=FACE_OUTER_BOUND('',#1121,.T.);
#723=FACE_OUTER_BOUND('',#1122,.T.);
#724=FACE_OUTER_BOUND('',#1123,.T.);
#725=FACE_OUTER_BOUND('',#1124,.T.);
#726=FACE_OUTER_BOUND('',#1126,.T.);
#727=FACE_OUTER_BOUND('',#1128,.T.);
#728=FACE_OUTER_BOUND('',#1129,.T.);
#729=FACE_OUTER_BOUND('',#1130,.T.);
#730=FACE_OUTER_BOUND('',#1131,.T.);
#731=FACE_OUTER_BOUND('',#1132,.T.);
#732=FACE_OUTER_BOUND('',#1133,.T.);
#733=FACE_OUTER_BOUND('',#1134,.T.);
#734=FACE_OUTER_BOUND('',#1135,.T.);
#735=FACE_OUTER_BOUND('',#1136,.T.);
#736=FACE_OUTER_BOUND('',#1137,.T.);
#737=FACE_OUTER_BOUND('',#1138,.T.);
#738=FACE_OUTER_BOUND('',#1139,.T.);
#739=FACE_OUTER_BOUND('',#1140,.T.);
#740=FACE_OUTER_BOUND('',#1142,.T.);
#741=FACE_OUTER_BOUND('',#1144,.T.);
#742=FACE_OUTER_BOUND('',#1145,.T.);
#743=FACE_OUTER_BOUND('',#1146,.T.);
#744=FACE_OUTER_BOUND('',#1147,.T.);
#745=FACE_OUTER_BOUND('',#1148,.T.);
#746=FACE_OUTER_BOUND('',#1149,.T.);
#747=FACE_OUTER_BOUND('',#1150,.T.);
#748=FACE_OUTER_BOUND('',#1151,.T.);
#749=FACE_OUTER_BOUND('',#1152,.T.);
#750=FACE_OUTER_BOUND('',#1153,.T.);
#751=FACE_OUTER_BOUND('',#1154,.T.);
#752=FACE_OUTER_BOUND('',#1155,.T.);
#753=FACE_OUTER_BOUND('',#1156,.T.);
#754=FACE_OUTER_BOUND('',#1157,.T.);
#755=FACE_OUTER_BOUND('',#1158,.T.);
#756=FACE_OUTER_BOUND('',#1159,.T.);
#757=FACE_OUTER_BOUND('',#1160,.T.);
#758=FACE_OUTER_BOUND('',#1161,.T.);
#759=FACE_OUTER_BOUND('',#1162,.T.);
#760=FACE_OUTER_BOUND('',#1163,.T.);
#761=FACE_OUTER_BOUND('',#1164,.T.);
#762=FACE_OUTER_BOUND('',#1165,.T.);
#763=FACE_OUTER_BOUND('',#1166,.T.);
#764=FACE_OUTER_BOUND('',#1167,.T.);
#765=FACE_OUTER_BOUND('',#1168,.T.);
#766=FACE_OUTER_BOUND('',#1169,.T.);
#767=FACE_OUTER_BOUND('',#1170,.T.);
#768=FACE_OUTER_BOUND('',#1171,.T.);
#769=FACE_OUTER_BOUND('',#1172,.T.);
#770=FACE_OUTER_BOUND('',#1173,.T.);
#771=FACE_OUTER_BOUND('',#1174,.T.);
#772=FACE_OUTER_BOUND('',#1175,.T.);
#773=FACE_OUTER_BOUND('',#1176,.T.);
#774=FACE_OUTER_BOUND('',#1177,.T.);
#775=FACE_OUTER_BOUND('',#1178,.T.);
#776=FACE_OUTER_BOUND('',#1179,.T.);
#777=FACE_OUTER_BOUND('',#1180,.T.);
#778=FACE_OUTER_BOUND('',#1181,.T.);
#779=FACE_OUTER_BOUND('',#1182,.T.);
#780=FACE_OUTER_BOUND('',#1183,.T.);
#781=FACE_OUTER_BOUND('',#1184,.T.);
#782=FACE_OUTER_BOUND('',#1185,.T.);
#783=FACE_OUTER_BOUND('',#1186,.T.);
#784=FACE_OUTER_BOUND('',#1187,.T.);
#785=FACE_OUTER_BOUND('',#1188,.T.);
#786=FACE_OUTER_BOUND('',#1189,.T.);
#787=FACE_OUTER_BOUND('',#1190,.T.);
#788=FACE_OUTER_BOUND('',#1191,.T.);
#789=FACE_OUTER_BOUND('',#1192,.T.);
#790=FACE_OUTER_BOUND('',#1193,.T.);
#791=FACE_OUTER_BOUND('',#1194,.T.);
#792=FACE_OUTER_BOUND('',#1195,.T.);
#793=FACE_OUTER_BOUND('',#1196,.T.);
#794=FACE_OUTER_BOUND('',#1197,.T.);
#795=FACE_OUTER_BOUND('',#1198,.T.);
#796=FACE_OUTER_BOUND('',#1199,.T.);
#797=FACE_OUTER_BOUND('',#1200,.T.);
#798=FACE_OUTER_BOUND('',#1201,.T.);
#799=FACE_OUTER_BOUND('',#1202,.T.);
#800=FACE_OUTER_BOUND('',#1204,.T.);
#801=FACE_OUTER_BOUND('',#1205,.T.);
#802=FACE_OUTER_BOUND('',#1206,.T.);
#803=FACE_OUTER_BOUND('',#1208,.T.);
#804=FACE_OUTER_BOUND('',#1209,.T.);
#805=FACE_OUTER_BOUND('',#1210,.T.);
#806=FACE_OUTER_BOUND('',#1211,.T.);
#807=FACE_OUTER_BOUND('',#1212,.T.);
#808=FACE_OUTER_BOUND('',#1213,.T.);
#809=FACE_OUTER_BOUND('',#1214,.T.);
#810=FACE_OUTER_BOUND('',#1215,.T.);
#811=FACE_OUTER_BOUND('',#1216,.T.);
#812=FACE_OUTER_BOUND('',#1217,.T.);
#813=FACE_OUTER_BOUND('',#1218,.T.);
#814=FACE_OUTER_BOUND('',#1219,.T.);
#815=FACE_OUTER_BOUND('',#1220,.T.);
#816=FACE_OUTER_BOUND('',#1221,.T.);
#817=FACE_OUTER_BOUND('',#1222,.T.);
#818=FACE_OUTER_BOUND('',#1224,.T.);
#819=FACE_OUTER_BOUND('',#1225,.T.);
#820=FACE_OUTER_BOUND('',#1226,.T.);
#821=FACE_OUTER_BOUND('',#1227,.T.);
#822=FACE_OUTER_BOUND('',#1228,.T.);
#823=FACE_OUTER_BOUND('',#1229,.T.);
#824=FACE_OUTER_BOUND('',#1230,.T.);
#825=FACE_OUTER_BOUND('',#1231,.T.);
#826=FACE_OUTER_BOUND('',#1232,.T.);
#827=FACE_OUTER_BOUND('',#1233,.T.);
#828=FACE_OUTER_BOUND('',#1234,.T.);
#829=FACE_OUTER_BOUND('',#1235,.T.);
#830=FACE_OUTER_BOUND('',#1236,.T.);
#831=FACE_OUTER_BOUND('',#1237,.T.);
#832=FACE_OUTER_BOUND('',#1238,.T.);
#833=FACE_OUTER_BOUND('',#1239,.T.);
#834=FACE_OUTER_BOUND('',#1240,.T.);
#835=FACE_OUTER_BOUND('',#1242,.T.);
#836=FACE_OUTER_BOUND('',#1243,.T.);
#837=FACE_OUTER_BOUND('',#1245,.T.);
#838=EDGE_LOOP('',(#4376,#4377,#4378,#4379));
#839=EDGE_LOOP('',(#4380,#4381,#4382,#4383));
#840=EDGE_LOOP('',(#4384,#4385,#4386,#4387));
#841=EDGE_LOOP('',(#4388,#4389,#4390,#4391));
#842=EDGE_LOOP('',(#4392,#4393,#4394,#4395));
#843=EDGE_LOOP('',(#4396,#4397,#4398,#4399));
#844=EDGE_LOOP('',(#4400,#4401,#4402,#4403));
#845=EDGE_LOOP('',(#4404,#4405,#4406,#4407));
#846=EDGE_LOOP('',(#4408,#4409,#4410,#4411));
#847=EDGE_LOOP('',(#4412,#4413,#4414,#4415));
#848=EDGE_LOOP('',(#4416,#4417,#4418,#4419));
#849=EDGE_LOOP('',(#4420,#4421,#4422,#4423));
#850=EDGE_LOOP('',(#4424,#4425,#4426,#4427,#4428,#4429,#4430,#4431,#4432,
#4433,#4434,#4435));
#851=EDGE_LOOP('',(#4436,#4437,#4438,#4439,#4440,#4441,#4442,#4443,#4444,
#4445,#4446,#4447));
#852=EDGE_LOOP('',(#4448,#4449,#4450,#4451));
#853=EDGE_LOOP('',(#4452,#4453,#4454,#4455));
#854=EDGE_LOOP('',(#4456,#4457,#4458,#4459));
#855=EDGE_LOOP('',(#4460,#4461,#4462,#4463));
#856=EDGE_LOOP('',(#4464,#4465,#4466,#4467));
#857=EDGE_LOOP('',(#4468,#4469,#4470,#4471));
#858=EDGE_LOOP('',(#4472,#4473,#4474,#4475));
#859=EDGE_LOOP('',(#4476,#4477,#4478,#4479));
#860=EDGE_LOOP('',(#4480,#4481,#4482,#4483));
#861=EDGE_LOOP('',(#4484,#4485,#4486,#4487));
#862=EDGE_LOOP('',(#4488,#4489,#4490,#4491));
#863=EDGE_LOOP('',(#4492,#4493,#4494,#4495));
#864=EDGE_LOOP('',(#4496,#4497,#4498,#4499,#4500,#4501,#4502,#4503,#4504,
#4505,#4506,#4507));
#865=EDGE_LOOP('',(#4508,#4509,#4510,#4511,#4512,#4513,#4514,#4515,#4516,
#4517,#4518,#4519));
#866=EDGE_LOOP('',(#4520,#4521,#4522,#4523));
#867=EDGE_LOOP('',(#4524,#4525,#4526,#4527));
#868=EDGE_LOOP('',(#4528,#4529,#4530,#4531));
#869=EDGE_LOOP('',(#4532,#4533,#4534,#4535));
#870=EDGE_LOOP('',(#4536,#4537,#4538,#4539));
#871=EDGE_LOOP('',(#4540,#4541,#4542,#4543));
#872=EDGE_LOOP('',(#4544,#4545,#4546,#4547));
#873=EDGE_LOOP('',(#4548,#4549,#4550,#4551));
#874=EDGE_LOOP('',(#4552,#4553,#4554,#4555));
#875=EDGE_LOOP('',(#4556,#4557,#4558,#4559));
#876=EDGE_LOOP('',(#4560,#4561,#4562,#4563));
#877=EDGE_LOOP('',(#4564,#4565,#4566,#4567));
#878=EDGE_LOOP('',(#4568,#4569,#4570,#4571,#4572,#4573,#4574,#4575,#4576,
#4577,#4578,#4579));
#879=EDGE_LOOP('',(#4580,#4581,#4582,#4583,#4584,#4585,#4586,#4587,#4588,
#4589,#4590,#4591));
#880=EDGE_LOOP('',(#4592,#4593,#4594,#4595));
#881=EDGE_LOOP('',(#4596,#4597,#4598,#4599));
#882=EDGE_LOOP('',(#4600,#4601,#4602,#4603));
#883=EDGE_LOOP('',(#4604,#4605,#4606,#4607));
#884=EDGE_LOOP('',(#4608,#4609,#4610,#4611));
#885=EDGE_LOOP('',(#4612,#4613,#4614,#4615));
#886=EDGE_LOOP('',(#4616,#4617,#4618,#4619));
#887=EDGE_LOOP('',(#4620,#4621,#4622,#4623));
#888=EDGE_LOOP('',(#4624,#4625,#4626,#4627));
#889=EDGE_LOOP('',(#4628,#4629,#4630,#4631));
#890=EDGE_LOOP('',(#4632,#4633,#4634,#4635));
#891=EDGE_LOOP('',(#4636,#4637,#4638,#4639));
#892=EDGE_LOOP('',(#4640,#4641,#4642,#4643,#4644,#4645,#4646,#4647,#4648,
#4649,#4650,#4651));
#893=EDGE_LOOP('',(#4652,#4653,#4654,#4655,#4656,#4657,#4658,#4659,#4660,
#4661,#4662,#4663));
#894=EDGE_LOOP('',(#4664,#4665,#4666,#4667));
#895=EDGE_LOOP('',(#4668,#4669,#4670,#4671));
#896=EDGE_LOOP('',(#4672,#4673,#4674,#4675));
#897=EDGE_LOOP('',(#4676,#4677,#4678,#4679));
#898=EDGE_LOOP('',(#4680,#4681,#4682,#4683));
#899=EDGE_LOOP('',(#4684,#4685,#4686,#4687));
#900=EDGE_LOOP('',(#4688,#4689,#4690,#4691));
#901=EDGE_LOOP('',(#4692,#4693,#4694,#4695));
#902=EDGE_LOOP('',(#4696,#4697,#4698,#4699));
#903=EDGE_LOOP('',(#4700,#4701,#4702,#4703));
#904=EDGE_LOOP('',(#4704,#4705,#4706,#4707));
#905=EDGE_LOOP('',(#4708,#4709,#4710,#4711));
#906=EDGE_LOOP('',(#4712,#4713,#4714,#4715,#4716,#4717,#4718,#4719,#4720,
#4721,#4722,#4723));
#907=EDGE_LOOP('',(#4724,#4725,#4726,#4727,#4728,#4729,#4730,#4731,#4732,
#4733,#4734,#4735));
#908=EDGE_LOOP('',(#4736,#4737,#4738,#4739));
#909=EDGE_LOOP('',(#4740,#4741,#4742,#4743));
#910=EDGE_LOOP('',(#4744,#4745,#4746,#4747));
#911=EDGE_LOOP('',(#4748,#4749,#4750,#4751));
#912=EDGE_LOOP('',(#4752,#4753,#4754,#4755));
#913=EDGE_LOOP('',(#4756,#4757,#4758,#4759));
#914=EDGE_LOOP('',(#4760,#4761,#4762,#4763));
#915=EDGE_LOOP('',(#4764,#4765,#4766,#4767));
#916=EDGE_LOOP('',(#4768,#4769,#4770,#4771));
#917=EDGE_LOOP('',(#4772,#4773,#4774,#4775));
#918=EDGE_LOOP('',(#4776,#4777,#4778,#4779));
#919=EDGE_LOOP('',(#4780,#4781,#4782,#4783));
#920=EDGE_LOOP('',(#4784,#4785,#4786,#4787,#4788,#4789,#4790,#4791,#4792,
#4793,#4794,#4795));
#921=EDGE_LOOP('',(#4796,#4797,#4798,#4799,#4800,#4801,#4802,#4803,#4804,
#4805,#4806,#4807));
#922=EDGE_LOOP('',(#4808,#4809,#4810,#4811));
#923=EDGE_LOOP('',(#4812,#4813,#4814,#4815));
#924=EDGE_LOOP('',(#4816,#4817,#4818,#4819));
#925=EDGE_LOOP('',(#4820,#4821,#4822,#4823));
#926=EDGE_LOOP('',(#4824,#4825,#4826,#4827));
#927=EDGE_LOOP('',(#4828,#4829,#4830,#4831));
#928=EDGE_LOOP('',(#4832,#4833,#4834,#4835));
#929=EDGE_LOOP('',(#4836,#4837,#4838,#4839));
#930=EDGE_LOOP('',(#4840,#4841,#4842,#4843));
#931=EDGE_LOOP('',(#4844,#4845,#4846,#4847));
#932=EDGE_LOOP('',(#4848,#4849,#4850,#4851));
#933=EDGE_LOOP('',(#4852,#4853,#4854,#4855));
#934=EDGE_LOOP('',(#4856,#4857,#4858,#4859,#4860,#4861,#4862,#4863,#4864,
#4865,#4866,#4867));
#935=EDGE_LOOP('',(#4868,#4869,#4870,#4871,#4872,#4873,#4874,#4875,#4876,
#4877,#4878,#4879));
#936=EDGE_LOOP('',(#4880,#4881,#4882,#4883));
#937=EDGE_LOOP('',(#4884,#4885,#4886,#4887));
#938=EDGE_LOOP('',(#4888,#4889,#4890,#4891));
#939=EDGE_LOOP('',(#4892,#4893,#4894,#4895));
#940=EDGE_LOOP('',(#4896,#4897,#4898,#4899));
#941=EDGE_LOOP('',(#4900,#4901,#4902,#4903));
#942=EDGE_LOOP('',(#4904,#4905,#4906,#4907));
#943=EDGE_LOOP('',(#4908,#4909,#4910,#4911));
#944=EDGE_LOOP('',(#4912,#4913,#4914,#4915));
#945=EDGE_LOOP('',(#4916,#4917,#4918,#4919));
#946=EDGE_LOOP('',(#4920,#4921,#4922,#4923));
#947=EDGE_LOOP('',(#4924,#4925,#4926,#4927));
#948=EDGE_LOOP('',(#4928,#4929,#4930,#4931,#4932,#4933,#4934,#4935,#4936,
#4937,#4938,#4939));
#949=EDGE_LOOP('',(#4940,#4941,#4942,#4943,#4944,#4945,#4946,#4947,#4948,
#4949,#4950,#4951));
#950=EDGE_LOOP('',(#4952,#4953,#4954,#4955));
#951=EDGE_LOOP('',(#4956,#4957,#4958,#4959));
#952=EDGE_LOOP('',(#4960,#4961,#4962,#4963));
#953=EDGE_LOOP('',(#4964,#4965,#4966,#4967));
#954=EDGE_LOOP('',(#4968,#4969,#4970,#4971));
#955=EDGE_LOOP('',(#4972,#4973,#4974,#4975));
#956=EDGE_LOOP('',(#4976,#4977,#4978,#4979));
#957=EDGE_LOOP('',(#4980,#4981,#4982,#4983));
#958=EDGE_LOOP('',(#4984,#4985,#4986,#4987));
#959=EDGE_LOOP('',(#4988,#4989,#4990,#4991));
#960=EDGE_LOOP('',(#4992,#4993,#4994,#4995));
#961=EDGE_LOOP('',(#4996,#4997,#4998,#4999));
#962=EDGE_LOOP('',(#5000,#5001,#5002,#5003,#5004,#5005,#5006,#5007,#5008,
#5009,#5010,#5011));
#963=EDGE_LOOP('',(#5012,#5013,#5014,#5015,#5016,#5017,#5018,#5019,#5020,
#5021,#5022,#5023));
#964=EDGE_LOOP('',(#5024,#5025,#5026,#5027));
#965=EDGE_LOOP('',(#5028,#5029,#5030,#5031));
#966=EDGE_LOOP('',(#5032,#5033,#5034,#5035));
#967=EDGE_LOOP('',(#5036,#5037,#5038,#5039));
#968=EDGE_LOOP('',(#5040,#5041,#5042,#5043));
#969=EDGE_LOOP('',(#5044,#5045,#5046,#5047));
#970=EDGE_LOOP('',(#5048,#5049,#5050,#5051));
#971=EDGE_LOOP('',(#5052,#5053,#5054,#5055));
#972=EDGE_LOOP('',(#5056,#5057,#5058,#5059));
#973=EDGE_LOOP('',(#5060,#5061,#5062,#5063));
#974=EDGE_LOOP('',(#5064,#5065,#5066,#5067));
#975=EDGE_LOOP('',(#5068,#5069,#5070,#5071));
#976=EDGE_LOOP('',(#5072,#5073,#5074,#5075,#5076,#5077,#5078,#5079,#5080,
#5081,#5082,#5083));
#977=EDGE_LOOP('',(#5084,#5085,#5086,#5087,#5088,#5089,#5090,#5091,#5092,
#5093,#5094,#5095));
#978=EDGE_LOOP('',(#5096,#5097,#5098,#5099));
#979=EDGE_LOOP('',(#5100,#5101,#5102,#5103));
#980=EDGE_LOOP('',(#5104,#5105,#5106,#5107));
#981=EDGE_LOOP('',(#5108,#5109,#5110,#5111));
#982=EDGE_LOOP('',(#5112,#5113,#5114,#5115));
#983=EDGE_LOOP('',(#5116,#5117,#5118,#5119));
#984=EDGE_LOOP('',(#5120,#5121,#5122,#5123));
#985=EDGE_LOOP('',(#5124,#5125,#5126,#5127));
#986=EDGE_LOOP('',(#5128,#5129,#5130,#5131));
#987=EDGE_LOOP('',(#5132,#5133,#5134,#5135));
#988=EDGE_LOOP('',(#5136,#5137,#5138,#5139));
#989=EDGE_LOOP('',(#5140,#5141,#5142,#5143));
#990=EDGE_LOOP('',(#5144,#5145,#5146,#5147,#5148,#5149,#5150,#5151,#5152,
#5153,#5154,#5155));
#991=EDGE_LOOP('',(#5156,#5157,#5158,#5159,#5160,#5161,#5162,#5163,#5164,
#5165,#5166,#5167));
#992=EDGE_LOOP('',(#5168,#5169,#5170,#5171));
#993=EDGE_LOOP('',(#5172,#5173,#5174,#5175));
#994=EDGE_LOOP('',(#5176,#5177,#5178,#5179));
#995=EDGE_LOOP('',(#5180,#5181,#5182,#5183));
#996=EDGE_LOOP('',(#5184,#5185,#5186,#5187));
#997=EDGE_LOOP('',(#5188,#5189,#5190,#5191));
#998=EDGE_LOOP('',(#5192,#5193,#5194,#5195));
#999=EDGE_LOOP('',(#5196,#5197,#5198,#5199));
#1000=EDGE_LOOP('',(#5200,#5201,#5202,#5203));
#1001=EDGE_LOOP('',(#5204,#5205,#5206,#5207));
#1002=EDGE_LOOP('',(#5208,#5209,#5210,#5211));
#1003=EDGE_LOOP('',(#5212,#5213,#5214,#5215));
#1004=EDGE_LOOP('',(#5216,#5217,#5218,#5219,#5220,#5221,#5222,#5223,#5224,
#5225,#5226,#5227));
#1005=EDGE_LOOP('',(#5228,#5229,#5230,#5231,#5232,#5233,#5234,#5235,#5236,
#5237,#5238,#5239));
#1006=EDGE_LOOP('',(#5240,#5241,#5242,#5243));
#1007=EDGE_LOOP('',(#5244,#5245,#5246,#5247));
#1008=EDGE_LOOP('',(#5248,#5249,#5250,#5251));
#1009=EDGE_LOOP('',(#5252,#5253,#5254,#5255));
#1010=EDGE_LOOP('',(#5256,#5257,#5258,#5259));
#1011=EDGE_LOOP('',(#5260,#5261,#5262,#5263));
#1012=EDGE_LOOP('',(#5264,#5265,#5266,#5267));
#1013=EDGE_LOOP('',(#5268,#5269,#5270,#5271));
#1014=EDGE_LOOP('',(#5272,#5273,#5274,#5275));
#1015=EDGE_LOOP('',(#5276,#5277,#5278,#5279));
#1016=EDGE_LOOP('',(#5280,#5281,#5282,#5283));
#1017=EDGE_LOOP('',(#5284,#5285,#5286,#5287));
#1018=EDGE_LOOP('',(#5288,#5289,#5290,#5291,#5292,#5293,#5294,#5295,#5296,
#5297,#5298,#5299));
#1019=EDGE_LOOP('',(#5300,#5301,#5302,#5303,#5304,#5305,#5306,#5307,#5308,
#5309,#5310,#5311));
#1020=EDGE_LOOP('',(#5312,#5313,#5314,#5315));
#1021=EDGE_LOOP('',(#5316,#5317,#5318,#5319));
#1022=EDGE_LOOP('',(#5320,#5321,#5322,#5323));
#1023=EDGE_LOOP('',(#5324,#5325,#5326,#5327));
#1024=EDGE_LOOP('',(#5328,#5329,#5330,#5331));
#1025=EDGE_LOOP('',(#5332,#5333,#5334,#5335));
#1026=EDGE_LOOP('',(#5336,#5337,#5338,#5339));
#1027=EDGE_LOOP('',(#5340,#5341,#5342,#5343));
#1028=EDGE_LOOP('',(#5344,#5345,#5346,#5347));
#1029=EDGE_LOOP('',(#5348,#5349,#5350,#5351));
#1030=EDGE_LOOP('',(#5352,#5353,#5354,#5355));
#1031=EDGE_LOOP('',(#5356,#5357,#5358,#5359));
#1032=EDGE_LOOP('',(#5360,#5361,#5362,#5363,#5364,#5365,#5366,#5367,#5368,
#5369,#5370,#5371));
#1033=EDGE_LOOP('',(#5372,#5373,#5374,#5375,#5376,#5377,#5378,#5379,#5380,
#5381,#5382,#5383));
#1034=EDGE_LOOP('',(#5384,#5385,#5386,#5387));
#1035=EDGE_LOOP('',(#5388,#5389,#5390,#5391));
#1036=EDGE_LOOP('',(#5392,#5393,#5394,#5395));
#1037=EDGE_LOOP('',(#5396,#5397,#5398,#5399));
#1038=EDGE_LOOP('',(#5400,#5401,#5402,#5403));
#1039=EDGE_LOOP('',(#5404,#5405,#5406,#5407));
#1040=EDGE_LOOP('',(#5408,#5409,#5410,#5411));
#1041=EDGE_LOOP('',(#5412,#5413,#5414,#5415));
#1042=EDGE_LOOP('',(#5416,#5417,#5418,#5419));
#1043=EDGE_LOOP('',(#5420,#5421,#5422,#5423));
#1044=EDGE_LOOP('',(#5424,#5425,#5426,#5427));
#1045=EDGE_LOOP('',(#5428,#5429,#5430,#5431));
#1046=EDGE_LOOP('',(#5432,#5433,#5434,#5435,#5436,#5437,#5438,#5439,#5440,
#5441,#5442,#5443));
#1047=EDGE_LOOP('',(#5444,#5445,#5446,#5447,#5448,#5449,#5450,#5451,#5452,
#5453,#5454,#5455));
#1048=EDGE_LOOP('',(#5456,#5457,#5458,#5459));
#1049=EDGE_LOOP('',(#5460,#5461,#5462,#5463));
#1050=EDGE_LOOP('',(#5464,#5465,#5466,#5467));
#1051=EDGE_LOOP('',(#5468,#5469,#5470,#5471));
#1052=EDGE_LOOP('',(#5472,#5473,#5474,#5475));
#1053=EDGE_LOOP('',(#5476,#5477,#5478,#5479));
#1054=EDGE_LOOP('',(#5480,#5481,#5482,#5483));
#1055=EDGE_LOOP('',(#5484,#5485,#5486,#5487));
#1056=EDGE_LOOP('',(#5488,#5489,#5490,#5491));
#1057=EDGE_LOOP('',(#5492,#5493,#5494,#5495));
#1058=EDGE_LOOP('',(#5496,#5497,#5498,#5499));
#1059=EDGE_LOOP('',(#5500,#5501,#5502,#5503));
#1060=EDGE_LOOP('',(#5504,#5505,#5506,#5507,#5508,#5509,#5510,#5511,#5512,
#5513,#5514,#5515));
#1061=EDGE_LOOP('',(#5516,#5517,#5518,#5519,#5520,#5521,#5522,#5523,#5524,
#5525,#5526,#5527));
#1062=EDGE_LOOP('',(#5528,#5529,#5530,#5531));
#1063=EDGE_LOOP('',(#5532,#5533,#5534,#5535,#5536,#5537,#5538,#5539));
#1064=EDGE_LOOP('',(#5540,#5541,#5542,#5543));
#1065=EDGE_LOOP('',(#5544,#5545,#5546,#5547));
#1066=EDGE_LOOP('',(#5548,#5549,#5550,#5551));
#1067=EDGE_LOOP('',(#5552,#5553,#5554,#5555));
#1068=EDGE_LOOP('',(#5556,#5557,#5558,#5559));
#1069=EDGE_LOOP('',(#5560,#5561,#5562,#5563));
#1070=EDGE_LOOP('',(#5564,#5565,#5566,#5567,#5568,#5569,#5570,#5571));
#1071=EDGE_LOOP('',(#5572,#5573,#5574,#5575));
#1072=EDGE_LOOP('',(#5576,#5577,#5578,#5579,#5580,#5581));
#1073=EDGE_LOOP('',(#5582,#5583,#5584,#5585,#5586,#5587));
#1074=EDGE_LOOP('',(#5588,#5589,#5590,#5591,#5592));
#1075=EDGE_LOOP('',(#5593,#5594,#5595,#5596));
#1076=EDGE_LOOP('',(#5597,#5598,#5599,#5600,#5601,#5602));
#1077=EDGE_LOOP('',(#5603,#5604,#5605,#5606,#5607,#5608));
#1078=EDGE_LOOP('',(#5609,#5610,#5611,#5612));
#1079=EDGE_LOOP('',(#5613));
#1080=EDGE_LOOP('',(#5614,#5615,#5616,#5617));
#1081=EDGE_LOOP('',(#5618,#5619,#5620,#5621,#5622));
#1082=EDGE_LOOP('',(#5623,#5624,#5625,#5626));
#1083=EDGE_LOOP('',(#5627,#5628,#5629,#5630,#5631));
#1084=EDGE_LOOP('',(#5632,#5633,#5634,#5635));
#1085=EDGE_LOOP('',(#5636));
#1086=EDGE_LOOP('',(#5637));
#1087=EDGE_LOOP('',(#5638));
#1088=EDGE_LOOP('',(#5639));
#1089=EDGE_LOOP('',(#5640));
#1090=EDGE_LOOP('',(#5641,#5642,#5643,#5644,#5645,#5646,#5647,#5648));
#1091=EDGE_LOOP('',(#5649,#5650,#5651,#5652,#5653));
#1092=EDGE_LOOP('',(#5654,#5655,#5656,#5657));
#1093=EDGE_LOOP('',(#5658,#5659,#5660,#5661));
#1094=EDGE_LOOP('',(#5662,#5663,#5664,#5665));
#1095=EDGE_LOOP('',(#5666,#5667,#5668,#5669));
#1096=EDGE_LOOP('',(#5670,#5671,#5672,#5673));
#1097=EDGE_LOOP('',(#5674,#5675,#5676,#5677));
#1098=EDGE_LOOP('',(#5678,#5679,#5680,#5681));
#1099=EDGE_LOOP('',(#5682,#5683,#5684,#5685));
#1100=EDGE_LOOP('',(#5686,#5687,#5688,#5689));
#1101=EDGE_LOOP('',(#5690,#5691,#5692,#5693));
#1102=EDGE_LOOP('',(#5694,#5695,#5696,#5697,#5698,#5699,#5700,#5701,#5702,
#5703));
#1103=EDGE_LOOP('',(#5704,#5705,#5706,#5707,#5708,#5709,#5710,#5711,#5712,
#5713));
#1104=EDGE_LOOP('',(#5714,#5715,#5716,#5717));
#1105=EDGE_LOOP('',(#5718,#5719,#5720,#5721));
#1106=EDGE_LOOP('',(#5722,#5723,#5724,#5725));
#1107=EDGE_LOOP('',(#5726,#5727,#5728,#5729));
#1108=EDGE_LOOP('',(#5730,#5731,#5732,#5733));
#1109=EDGE_LOOP('',(#5734,#5735,#5736,#5737));
#1110=EDGE_LOOP('',(#5738,#5739,#5740,#5741));
#1111=EDGE_LOOP('',(#5742,#5743,#5744,#5745));
#1112=EDGE_LOOP('',(#5746,#5747,#5748,#5749));
#1113=EDGE_LOOP('',(#5750,#5751,#5752,#5753));
#1114=EDGE_LOOP('',(#5754,#5755,#5756,#5757,#5758,#5759,#5760,#5761,#5762,
#5763));
#1115=EDGE_LOOP('',(#5764,#5765,#5766,#5767,#5768,#5769,#5770,#5771,#5772,
#5773));
#1116=EDGE_LOOP('',(#5774,#5775,#5776,#5777));
#1117=EDGE_LOOP('',(#5778,#5779,#5780,#5781));
#1118=EDGE_LOOP('',(#5782,#5783,#5784,#5785));
#1119=EDGE_LOOP('',(#5786,#5787,#5788,#5789));
#1120=EDGE_LOOP('',(#5790,#5791,#5792,#5793));
#1121=EDGE_LOOP('',(#5794,#5795,#5796,#5797));
#1122=EDGE_LOOP('',(#5798,#5799,#5800,#5801));
#1123=EDGE_LOOP('',(#5802,#5803,#5804,#5805));
#1124=EDGE_LOOP('',(#5806,#5807,#5808,#5809));
#1125=EDGE_LOOP('',(#5810,#5811,#5812,#5813));
#1126=EDGE_LOOP('',(#5814,#5815,#5816,#5817));
#1127=EDGE_LOOP('',(#5818,#5819,#5820,#5821));
#1128=EDGE_LOOP('',(#5822,#5823,#5824,#5825));
#1129=EDGE_LOOP('',(#5826,#5827,#5828,#5829));
#1130=EDGE_LOOP('',(#5830,#5831,#5832,#5833));
#1131=EDGE_LOOP('',(#5834,#5835,#5836,#5837));
#1132=EDGE_LOOP('',(#5838,#5839,#5840,#5841));
#1133=EDGE_LOOP('',(#5842,#5843,#5844,#5845));
#1134=EDGE_LOOP('',(#5846,#5847,#5848,#5849));
#1135=EDGE_LOOP('',(#5850,#5851,#5852,#5853));
#1136=EDGE_LOOP('',(#5854,#5855,#5856,#5857));
#1137=EDGE_LOOP('',(#5858,#5859,#5860,#5861));
#1138=EDGE_LOOP('',(#5862,#5863,#5864,#5865));
#1139=EDGE_LOOP('',(#5866,#5867,#5868,#5869));
#1140=EDGE_LOOP('',(#5870,#5871,#5872,#5873,#5874,#5875,#5876,#5877));
#1141=EDGE_LOOP('',(#5878,#5879,#5880,#5881));
#1142=EDGE_LOOP('',(#5882,#5883,#5884,#5885,#5886,#5887,#5888,#5889));
#1143=EDGE_LOOP('',(#5890,#5891,#5892,#5893));
#1144=EDGE_LOOP('',(#5894,#5895,#5896,#5897));
#1145=EDGE_LOOP('',(#5898,#5899,#5900,#5901));
#1146=EDGE_LOOP('',(#5902,#5903,#5904,#5905));
#1147=EDGE_LOOP('',(#5906,#5907,#5908,#5909));
#1148=EDGE_LOOP('',(#5910,#5911,#5912,#5913));
#1149=EDGE_LOOP('',(#5914,#5915,#5916,#5917));
#1150=EDGE_LOOP('',(#5918,#5919,#5920,#5921));
#1151=EDGE_LOOP('',(#5922,#5923,#5924,#5925));
#1152=EDGE_LOOP('',(#5926,#5927,#5928,#5929));
#1153=EDGE_LOOP('',(#5930,#5931,#5932,#5933));
#1154=EDGE_LOOP('',(#5934,#5935,#5936,#5937));
#1155=EDGE_LOOP('',(#5938,#5939,#5940,#5941));
#1156=EDGE_LOOP('',(#5942,#5943,#5944,#5945));
#1157=EDGE_LOOP('',(#5946,#5947,#5948,#5949));
#1158=EDGE_LOOP('',(#5950,#5951,#5952,#5953,#5954,#5955,#5956,#5957,#5958,
#5959,#5960,#5961,#5962,#5963));
#1159=EDGE_LOOP('',(#5964,#5965,#5966,#5967,#5968,#5969,#5970,#5971,#5972,
#5973,#5974,#5975,#5976,#5977));
#1160=EDGE_LOOP('',(#5978,#5979,#5980,#5981));
#1161=EDGE_LOOP('',(#5982,#5983,#5984,#5985));
#1162=EDGE_LOOP('',(#5986,#5987,#5988,#5989));
#1163=EDGE_LOOP('',(#5990,#5991,#5992,#5993));
#1164=EDGE_LOOP('',(#5994,#5995,#5996,#5997));
#1165=EDGE_LOOP('',(#5998,#5999,#6000,#6001));
#1166=EDGE_LOOP('',(#6002,#6003,#6004,#6005));
#1167=EDGE_LOOP('',(#6006,#6007,#6008,#6009));
#1168=EDGE_LOOP('',(#6010,#6011,#6012,#6013));
#1169=EDGE_LOOP('',(#6014,#6015,#6016,#6017));
#1170=EDGE_LOOP('',(#6018,#6019,#6020,#6021,#6022,#6023,#6024,#6025,#6026,
#6027));
#1171=EDGE_LOOP('',(#6028,#6029,#6030,#6031,#6032,#6033,#6034,#6035,#6036,
#6037));
#1172=EDGE_LOOP('',(#6038,#6039,#6040,#6041));
#1173=EDGE_LOOP('',(#6042,#6043,#6044,#6045));
#1174=EDGE_LOOP('',(#6046,#6047,#6048,#6049));
#1175=EDGE_LOOP('',(#6050,#6051,#6052,#6053));
#1176=EDGE_LOOP('',(#6054,#6055,#6056,#6057));
#1177=EDGE_LOOP('',(#6058,#6059,#6060,#6061));
#1178=EDGE_LOOP('',(#6062,#6063,#6064,#6065));
#1179=EDGE_LOOP('',(#6066,#6067,#6068,#6069));
#1180=EDGE_LOOP('',(#6070,#6071,#6072,#6073));
#1181=EDGE_LOOP('',(#6074,#6075,#6076,#6077));
#1182=EDGE_LOOP('',(#6078,#6079,#6080,#6081));
#1183=EDGE_LOOP('',(#6082,#6083,#6084,#6085));
#1184=EDGE_LOOP('',(#6086,#6087,#6088,#6089));
#1185=EDGE_LOOP('',(#6090,#6091,#6092,#6093));
#1186=EDGE_LOOP('',(#6094,#6095,#6096,#6097));
#1187=EDGE_LOOP('',(#6098,#6099,#6100,#6101));
#1188=EDGE_LOOP('',(#6102,#6103,#6104,#6105));
#1189=EDGE_LOOP('',(#6106,#6107,#6108,#6109));
#1190=EDGE_LOOP('',(#6110,#6111,#6112,#6113));
#1191=EDGE_LOOP('',(#6114,#6115,#6116,#6117));
#1192=EDGE_LOOP('',(#6118,#6119,#6120,#6121));
#1193=EDGE_LOOP('',(#6122,#6123,#6124,#6125));
#1194=EDGE_LOOP('',(#6126,#6127,#6128,#6129,#6130,#6131,#6132,#6133,#6134,
#6135));
#1195=EDGE_LOOP('',(#6136,#6137,#6138,#6139,#6140,#6141,#6142,#6143,#6144,
#6145));
#1196=EDGE_LOOP('',(#6146,#6147,#6148,#6149));
#1197=EDGE_LOOP('',(#6150,#6151,#6152,#6153));
#1198=EDGE_LOOP('',(#6154,#6155,#6156,#6157));
#1199=EDGE_LOOP('',(#6158,#6159,#6160,#6161));
#1200=EDGE_LOOP('',(#6162,#6163,#6164,#6165));
#1201=EDGE_LOOP('',(#6166,#6167,#6168,#6169));
#1202=EDGE_LOOP('',(#6170));
#1203=EDGE_LOOP('',(#6171));
#1204=EDGE_LOOP('',(#6172));
#1205=EDGE_LOOP('',(#6173));
#1206=EDGE_LOOP('',(#6174));
#1207=EDGE_LOOP('',(#6175));
#1208=EDGE_LOOP('',(#6176));
#1209=EDGE_LOOP('',(#6177));
#1210=EDGE_LOOP('',(#6178,#6179,#6180,#6181));
#1211=EDGE_LOOP('',(#6182,#6183,#6184,#6185));
#1212=EDGE_LOOP('',(#6186,#6187,#6188,#6189));
#1213=EDGE_LOOP('',(#6190,#6191,#6192,#6193));
#1214=EDGE_LOOP('',(#6194,#6195,#6196,#6197));
#1215=EDGE_LOOP('',(#6198,#6199,#6200,#6201));
#1216=EDGE_LOOP('',(#6202,#6203,#6204,#6205));
#1217=EDGE_LOOP('',(#6206,#6207,#6208,#6209));
#1218=EDGE_LOOP('',(#6210,#6211,#6212,#6213));
#1219=EDGE_LOOP('',(#6214,#6215,#6216,#6217));
#1220=EDGE_LOOP('',(#6218,#6219,#6220,#6221));
#1221=EDGE_LOOP('',(#6222,#6223,#6224,#6225));
#1222=EDGE_LOOP('',(#6226,#6227));
#1223=EDGE_LOOP('',(#6228));
#1224=EDGE_LOOP('',(#6229,#6230,#6231,#6232));
#1225=EDGE_LOOP('',(#6233,#6234,#6235,#6236,#6237,#6238));
#1226=EDGE_LOOP('',(#6239,#6240,#6241,#6242,#6243,#6244,#6245));
#1227=EDGE_LOOP('',(#6246,#6247,#6248,#6249,#6250,#6251,#6252));
#1228=EDGE_LOOP('',(#6253,#6254,#6255,#6256));
#1229=EDGE_LOOP('',(#6257,#6258,#6259,#6260,#6261));
#1230=EDGE_LOOP('',(#6262,#6263,#6264,#6265));
#1231=EDGE_LOOP('',(#6266,#6267,#6268,#6269,#6270));
#1232=EDGE_LOOP('',(#6271,#6272,#6273,#6274));
#1233=EDGE_LOOP('',(#6275,#6276,#6277,#6278));
#1234=EDGE_LOOP('',(#6279,#6280,#6281,#6282,#6283,#6284));
#1235=EDGE_LOOP('',(#6285,#6286,#6287,#6288));
#1236=EDGE_LOOP('',(#6289,#6290,#6291,#6292));
#1237=EDGE_LOOP('',(#6293,#6294,#6295,#6296,#6297,#6298));
#1238=EDGE_LOOP('',(#6299,#6300,#6301,#6302,#6303,#6304));
#1239=EDGE_LOOP('',(#6305,#6306,#6307,#6308,#6309,#6310,#6311,#6312));
#1240=EDGE_LOOP('',(#6313,#6314,#6315,#6316));
#1241=EDGE_LOOP('',(#6317));
#1242=EDGE_LOOP('',(#6318,#6319,#6320,#6321));
#1243=EDGE_LOOP('',(#6322,#6323));
#1244=EDGE_LOOP('',(#6324,#6325));
#1245=EDGE_LOOP('',(#6326,#6327,#6328,#6329));
#1246=LINE('',#9432,#1994);
#1247=LINE('',#9434,#1995);
#1248=LINE('',#9436,#1996);
#1249=LINE('',#9437,#1997);
#1250=LINE('',#9441,#1998);
#1251=LINE('',#9443,#1999);
#1252=LINE('',#9445,#2000);
#1253=LINE('',#9446,#2001);
#1254=LINE('',#9452,#2002);
#1255=LINE('',#9455,#2003);
#1256=LINE('',#9457,#2004);
#1257=LINE('',#9458,#2005);
#1258=LINE('',#9464,#2006);
#1259=LINE('',#9466,#2007);
#1260=LINE('',#9467,#2008);
#1261=LINE('',#9470,#2009);
#1262=LINE('',#9472,#2010);
#1263=LINE('',#9473,#2011);
#1264=LINE('',#9479,#2012);
#1265=LINE('',#9482,#2013);
#1266=LINE('',#9484,#2014);
#1267=LINE('',#9485,#2015);
#1268=LINE('',#9491,#2016);
#1269=LINE('',#9494,#2017);
#1270=LINE('',#9496,#2018);
#1271=LINE('',#9497,#2019);
#1272=LINE('',#9499,#2020);
#1273=LINE('',#9500,#2021);
#1274=LINE('',#9506,#2022);
#1275=LINE('',#9508,#2023);
#1276=LINE('',#9510,#2024);
#1277=LINE('',#9511,#2025);
#1278=LINE('',#9515,#2026);
#1279=LINE('',#9517,#2027);
#1280=LINE('',#9519,#2028);
#1281=LINE('',#9520,#2029);
#1282=LINE('',#9526,#2030);
#1283=LINE('',#9529,#2031);
#1284=LINE('',#9531,#2032);
#1285=LINE('',#9532,#2033);
#1286=LINE('',#9538,#2034);
#1287=LINE('',#9540,#2035);
#1288=LINE('',#9541,#2036);
#1289=LINE('',#9544,#2037);
#1290=LINE('',#9546,#2038);
#1291=LINE('',#9547,#2039);
#1292=LINE('',#9553,#2040);
#1293=LINE('',#9556,#2041);
#1294=LINE('',#9558,#2042);
#1295=LINE('',#9559,#2043);
#1296=LINE('',#9565,#2044);
#1297=LINE('',#9568,#2045);
#1298=LINE('',#9570,#2046);
#1299=LINE('',#9571,#2047);
#1300=LINE('',#9573,#2048);
#1301=LINE('',#9574,#2049);
#1302=LINE('',#9580,#2050);
#1303=LINE('',#9582,#2051);
#1304=LINE('',#9584,#2052);
#1305=LINE('',#9585,#2053);
#1306=LINE('',#9589,#2054);
#1307=LINE('',#9591,#2055);
#1308=LINE('',#9593,#2056);
#1309=LINE('',#9594,#2057);
#1310=LINE('',#9600,#2058);
#1311=LINE('',#9603,#2059);
#1312=LINE('',#9605,#2060);
#1313=LINE('',#9606,#2061);
#1314=LINE('',#9612,#2062);
#1315=LINE('',#9614,#2063);
#1316=LINE('',#9615,#2064);
#1317=LINE('',#9618,#2065);
#1318=LINE('',#9620,#2066);
#1319=LINE('',#9621,#2067);
#1320=LINE('',#9627,#2068);
#1321=LINE('',#9630,#2069);
#1322=LINE('',#9632,#2070);
#1323=LINE('',#9633,#2071);
#1324=LINE('',#9639,#2072);
#1325=LINE('',#9642,#2073);
#1326=LINE('',#9644,#2074);
#1327=LINE('',#9645,#2075);
#1328=LINE('',#9647,#2076);
#1329=LINE('',#9648,#2077);
#1330=LINE('',#9654,#2078);
#1331=LINE('',#9656,#2079);
#1332=LINE('',#9658,#2080);
#1333=LINE('',#9659,#2081);
#1334=LINE('',#9663,#2082);
#1335=LINE('',#9665,#2083);
#1336=LINE('',#9667,#2084);
#1337=LINE('',#9668,#2085);
#1338=LINE('',#9674,#2086);
#1339=LINE('',#9677,#2087);
#1340=LINE('',#9679,#2088);
#1341=LINE('',#9680,#2089);
#1342=LINE('',#9686,#2090);
#1343=LINE('',#9688,#2091);
#1344=LINE('',#9689,#2092);
#1345=LINE('',#9692,#2093);
#1346=LINE('',#9694,#2094);
#1347=LINE('',#9695,#2095);
#1348=LINE('',#9701,#2096);
#1349=LINE('',#9704,#2097);
#1350=LINE('',#9706,#2098);
#1351=LINE('',#9707,#2099);
#1352=LINE('',#9713,#2100);
#1353=LINE('',#9716,#2101);
#1354=LINE('',#9718,#2102);
#1355=LINE('',#9719,#2103);
#1356=LINE('',#9721,#2104);
#1357=LINE('',#9722,#2105);
#1358=LINE('',#9728,#2106);
#1359=LINE('',#9730,#2107);
#1360=LINE('',#9732,#2108);
#1361=LINE('',#9733,#2109);
#1362=LINE('',#9737,#2110);
#1363=LINE('',#9739,#2111);
#1364=LINE('',#9741,#2112);
#1365=LINE('',#9742,#2113);
#1366=LINE('',#9748,#2114);
#1367=LINE('',#9751,#2115);
#1368=LINE('',#9753,#2116);
#1369=LINE('',#9754,#2117);
#1370=LINE('',#9760,#2118);
#1371=LINE('',#9762,#2119);
#1372=LINE('',#9763,#2120);
#1373=LINE('',#9766,#2121);
#1374=LINE('',#9768,#2122);
#1375=LINE('',#9769,#2123);
#1376=LINE('',#9775,#2124);
#1377=LINE('',#9778,#2125);
#1378=LINE('',#9780,#2126);
#1379=LINE('',#9781,#2127);
#1380=LINE('',#9787,#2128);
#1381=LINE('',#9790,#2129);
#1382=LINE('',#9792,#2130);
#1383=LINE('',#9793,#2131);
#1384=LINE('',#9795,#2132);
#1385=LINE('',#9796,#2133);
#1386=LINE('',#9802,#2134);
#1387=LINE('',#9804,#2135);
#1388=LINE('',#9806,#2136);
#1389=LINE('',#9807,#2137);
#1390=LINE('',#9811,#2138);
#1391=LINE('',#9813,#2139);
#1392=LINE('',#9815,#2140);
#1393=LINE('',#9816,#2141);
#1394=LINE('',#9822,#2142);
#1395=LINE('',#9825,#2143);
#1396=LINE('',#9827,#2144);
#1397=LINE('',#9828,#2145);
#1398=LINE('',#9834,#2146);
#1399=LINE('',#9836,#2147);
#1400=LINE('',#9837,#2148);
#1401=LINE('',#9840,#2149);
#1402=LINE('',#9842,#2150);
#1403=LINE('',#9843,#2151);
#1404=LINE('',#9849,#2152);
#1405=LINE('',#9852,#2153);
#1406=LINE('',#9854,#2154);
#1407=LINE('',#9855,#2155);
#1408=LINE('',#9861,#2156);
#1409=LINE('',#9864,#2157);
#1410=LINE('',#9866,#2158);
#1411=LINE('',#9867,#2159);
#1412=LINE('',#9869,#2160);
#1413=LINE('',#9870,#2161);
#1414=LINE('',#9876,#2162);
#1415=LINE('',#9878,#2163);
#1416=LINE('',#9880,#2164);
#1417=LINE('',#9881,#2165);
#1418=LINE('',#9885,#2166);
#1419=LINE('',#9887,#2167);
#1420=LINE('',#9889,#2168);
#1421=LINE('',#9890,#2169);
#1422=LINE('',#9896,#2170);
#1423=LINE('',#9899,#2171);
#1424=LINE('',#9901,#2172);
#1425=LINE('',#9902,#2173);
#1426=LINE('',#9908,#2174);
#1427=LINE('',#9910,#2175);
#1428=LINE('',#9911,#2176);
#1429=LINE('',#9914,#2177);
#1430=LINE('',#9916,#2178);
#1431=LINE('',#9917,#2179);
#1432=LINE('',#9923,#2180);
#1433=LINE('',#9926,#2181);
#1434=LINE('',#9928,#2182);
#1435=LINE('',#9929,#2183);
#1436=LINE('',#9935,#2184);
#1437=LINE('',#9938,#2185);
#1438=LINE('',#9940,#2186);
#1439=LINE('',#9941,#2187);
#1440=LINE('',#9943,#2188);
#1441=LINE('',#9944,#2189);
#1442=LINE('',#9950,#2190);
#1443=LINE('',#9952,#2191);
#1444=LINE('',#9954,#2192);
#1445=LINE('',#9955,#2193);
#1446=LINE('',#9959,#2194);
#1447=LINE('',#9961,#2195);
#1448=LINE('',#9963,#2196);
#1449=LINE('',#9964,#2197);
#1450=LINE('',#9970,#2198);
#1451=LINE('',#9973,#2199);
#1452=LINE('',#9975,#2200);
#1453=LINE('',#9976,#2201);
#1454=LINE('',#9982,#2202);
#1455=LINE('',#9984,#2203);
#1456=LINE('',#9985,#2204);
#1457=LINE('',#9988,#2205);
#1458=LINE('',#9990,#2206);
#1459=LINE('',#9991,#2207);
#1460=LINE('',#9997,#2208);
#1461=LINE('',#10000,#2209);
#1462=LINE('',#10002,#2210);
#1463=LINE('',#10003,#2211);
#1464=LINE('',#10009,#2212);
#1465=LINE('',#10012,#2213);
#1466=LINE('',#10014,#2214);
#1467=LINE('',#10015,#2215);
#1468=LINE('',#10017,#2216);
#1469=LINE('',#10018,#2217);
#1470=LINE('',#10024,#2218);
#1471=LINE('',#10026,#2219);
#1472=LINE('',#10028,#2220);
#1473=LINE('',#10029,#2221);
#1474=LINE('',#10033,#2222);
#1475=LINE('',#10035,#2223);
#1476=LINE('',#10037,#2224);
#1477=LINE('',#10038,#2225);
#1478=LINE('',#10044,#2226);
#1479=LINE('',#10047,#2227);
#1480=LINE('',#10049,#2228);
#1481=LINE('',#10050,#2229);
#1482=LINE('',#10056,#2230);
#1483=LINE('',#10058,#2231);
#1484=LINE('',#10059,#2232);
#1485=LINE('',#10062,#2233);
#1486=LINE('',#10064,#2234);
#1487=LINE('',#10065,#2235);
#1488=LINE('',#10071,#2236);
#1489=LINE('',#10074,#2237);
#1490=LINE('',#10076,#2238);
#1491=LINE('',#10077,#2239);
#1492=LINE('',#10083,#2240);
#1493=LINE('',#10086,#2241);
#1494=LINE('',#10088,#2242);
#1495=LINE('',#10089,#2243);
#1496=LINE('',#10091,#2244);
#1497=LINE('',#10092,#2245);
#1498=LINE('',#10098,#2246);
#1499=LINE('',#10100,#2247);
#1500=LINE('',#10102,#2248);
#1501=LINE('',#10103,#2249);
#1502=LINE('',#10107,#2250);
#1503=LINE('',#10109,#2251);
#1504=LINE('',#10111,#2252);
#1505=LINE('',#10112,#2253);
#1506=LINE('',#10118,#2254);
#1507=LINE('',#10121,#2255);
#1508=LINE('',#10123,#2256);
#1509=LINE('',#10124,#2257);
#1510=LINE('',#10130,#2258);
#1511=LINE('',#10132,#2259);
#1512=LINE('',#10133,#2260);
#1513=LINE('',#10136,#2261);
#1514=LINE('',#10138,#2262);
#1515=LINE('',#10139,#2263);
#1516=LINE('',#10145,#2264);
#1517=LINE('',#10148,#2265);
#1518=LINE('',#10150,#2266);
#1519=LINE('',#10151,#2267);
#1520=LINE('',#10157,#2268);
#1521=LINE('',#10160,#2269);
#1522=LINE('',#10162,#2270);
#1523=LINE('',#10163,#2271);
#1524=LINE('',#10165,#2272);
#1525=LINE('',#10166,#2273);
#1526=LINE('',#10172,#2274);
#1527=LINE('',#10174,#2275);
#1528=LINE('',#10176,#2276);
#1529=LINE('',#10177,#2277);
#1530=LINE('',#10181,#2278);
#1531=LINE('',#10183,#2279);
#1532=LINE('',#10185,#2280);
#1533=LINE('',#10186,#2281);
#1534=LINE('',#10192,#2282);
#1535=LINE('',#10195,#2283);
#1536=LINE('',#10197,#2284);
#1537=LINE('',#10198,#2285);
#1538=LINE('',#10204,#2286);
#1539=LINE('',#10206,#2287);
#1540=LINE('',#10207,#2288);
#1541=LINE('',#10210,#2289);
#1542=LINE('',#10212,#2290);
#1543=LINE('',#10213,#2291);
#1544=LINE('',#10219,#2292);
#1545=LINE('',#10222,#2293);
#1546=LINE('',#10224,#2294);
#1547=LINE('',#10225,#2295);
#1548=LINE('',#10231,#2296);
#1549=LINE('',#10234,#2297);
#1550=LINE('',#10236,#2298);
#1551=LINE('',#10237,#2299);
#1552=LINE('',#10239,#2300);
#1553=LINE('',#10240,#2301);
#1554=LINE('',#10246,#2302);
#1555=LINE('',#10248,#2303);
#1556=LINE('',#10250,#2304);
#1557=LINE('',#10251,#2305);
#1558=LINE('',#10255,#2306);
#1559=LINE('',#10257,#2307);
#1560=LINE('',#10259,#2308);
#1561=LINE('',#10260,#2309);
#1562=LINE('',#10266,#2310);
#1563=LINE('',#10269,#2311);
#1564=LINE('',#10271,#2312);
#1565=LINE('',#10272,#2313);
#1566=LINE('',#10278,#2314);
#1567=LINE('',#10280,#2315);
#1568=LINE('',#10281,#2316);
#1569=LINE('',#10284,#2317);
#1570=LINE('',#10286,#2318);
#1571=LINE('',#10287,#2319);
#1572=LINE('',#10293,#2320);
#1573=LINE('',#10296,#2321);
#1574=LINE('',#10298,#2322);
#1575=LINE('',#10299,#2323);
#1576=LINE('',#10305,#2324);
#1577=LINE('',#10308,#2325);
#1578=LINE('',#10310,#2326);
#1579=LINE('',#10311,#2327);
#1580=LINE('',#10313,#2328);
#1581=LINE('',#10314,#2329);
#1582=LINE('',#10320,#2330);
#1583=LINE('',#10322,#2331);
#1584=LINE('',#10324,#2332);
#1585=LINE('',#10325,#2333);
#1586=LINE('',#10329,#2334);
#1587=LINE('',#10331,#2335);
#1588=LINE('',#10333,#2336);
#1589=LINE('',#10334,#2337);
#1590=LINE('',#10340,#2338);
#1591=LINE('',#10343,#2339);
#1592=LINE('',#10345,#2340);
#1593=LINE('',#10346,#2341);
#1594=LINE('',#10352,#2342);
#1595=LINE('',#10354,#2343);
#1596=LINE('',#10355,#2344);
#1597=LINE('',#10358,#2345);
#1598=LINE('',#10360,#2346);
#1599=LINE('',#10361,#2347);
#1600=LINE('',#10367,#2348);
#1601=LINE('',#10370,#2349);
#1602=LINE('',#10372,#2350);
#1603=LINE('',#10373,#2351);
#1604=LINE('',#10379,#2352);
#1605=LINE('',#10382,#2353);
#1606=LINE('',#10384,#2354);
#1607=LINE('',#10385,#2355);
#1608=LINE('',#10387,#2356);
#1609=LINE('',#10388,#2357);
#1610=LINE('',#10394,#2358);
#1611=LINE('',#10396,#2359);
#1612=LINE('',#10398,#2360);
#1613=LINE('',#10399,#2361);
#1614=LINE('',#10403,#2362);
#1615=LINE('',#10405,#2363);
#1616=LINE('',#10407,#2364);
#1617=LINE('',#10408,#2365);
#1618=LINE('',#10414,#2366);
#1619=LINE('',#10417,#2367);
#1620=LINE('',#10419,#2368);
#1621=LINE('',#10420,#2369);
#1622=LINE('',#10426,#2370);
#1623=LINE('',#10428,#2371);
#1624=LINE('',#10429,#2372);
#1625=LINE('',#10432,#2373);
#1626=LINE('',#10434,#2374);
#1627=LINE('',#10435,#2375);
#1628=LINE('',#10441,#2376);
#1629=LINE('',#10444,#2377);
#1630=LINE('',#10446,#2378);
#1631=LINE('',#10447,#2379);
#1632=LINE('',#10453,#2380);
#1633=LINE('',#10456,#2381);
#1634=LINE('',#10458,#2382);
#1635=LINE('',#10459,#2383);
#1636=LINE('',#10461,#2384);
#1637=LINE('',#10462,#2385);
#1638=LINE('',#10468,#2386);
#1639=LINE('',#10470,#2387);
#1640=LINE('',#10472,#2388);
#1641=LINE('',#10473,#2389);
#1642=LINE('',#10477,#2390);
#1643=LINE('',#10479,#2391);
#1644=LINE('',#10481,#2392);
#1645=LINE('',#10482,#2393);
#1646=LINE('',#10488,#2394);
#1647=LINE('',#10491,#2395);
#1648=LINE('',#10493,#2396);
#1649=LINE('',#10494,#2397);
#1650=LINE('',#10500,#2398);
#1651=LINE('',#10502,#2399);
#1652=LINE('',#10503,#2400);
#1653=LINE('',#10506,#2401);
#1654=LINE('',#10508,#2402);
#1655=LINE('',#10509,#2403);
#1656=LINE('',#10515,#2404);
#1657=LINE('',#10518,#2405);
#1658=LINE('',#10520,#2406);
#1659=LINE('',#10521,#2407);
#1660=LINE('',#10527,#2408);
#1661=LINE('',#10530,#2409);
#1662=LINE('',#10532,#2410);
#1663=LINE('',#10533,#2411);
#1664=LINE('',#10535,#2412);
#1665=LINE('',#10536,#2413);
#1666=LINE('',#10542,#2414);
#1667=LINE('',#10544,#2415);
#1668=LINE('',#10546,#2416);
#1669=LINE('',#10547,#2417);
#1670=LINE('',#10551,#2418);
#1671=LINE('',#10553,#2419);
#1672=LINE('',#10555,#2420);
#1673=LINE('',#10556,#2421);
#1674=LINE('',#10562,#2422);
#1675=LINE('',#10565,#2423);
#1676=LINE('',#10567,#2424);
#1677=LINE('',#10568,#2425);
#1678=LINE('',#10574,#2426);
#1679=LINE('',#10576,#2427);
#1680=LINE('',#10577,#2428);
#1681=LINE('',#10580,#2429);
#1682=LINE('',#10582,#2430);
#1683=LINE('',#10583,#2431);
#1684=LINE('',#10589,#2432);
#1685=LINE('',#10592,#2433);
#1686=LINE('',#10594,#2434);
#1687=LINE('',#10595,#2435);
#1688=LINE('',#10601,#2436);
#1689=LINE('',#10604,#2437);
#1690=LINE('',#10606,#2438);
#1691=LINE('',#10607,#2439);
#1692=LINE('',#10609,#2440);
#1693=LINE('',#10610,#2441);
#1694=LINE('',#10623,#2442);
#1695=LINE('',#10626,#2443);
#1696=LINE('',#10629,#2444);
#1697=LINE('',#10633,#2445);
#1698=LINE('',#10637,#2446);
#1699=LINE('',#10640,#2447);
#1700=LINE('',#10643,#2448);
#1701=LINE('',#10644,#2449);
#1702=LINE('',#10654,#2450);
#1703=LINE('',#10655,#2451);
#1704=LINE('',#10658,#2452);
#1705=LINE('',#10659,#2453);
#1706=LINE('',#10668,#2454);
#1707=LINE('',#10671,#2455);
#1708=LINE('',#10672,#2456);
#1709=LINE('',#10681,#2457);
#1710=LINE('',#10688,#2458);
#1711=LINE('',#10699,#2459);
#1712=LINE('',#10715,#2460);
#1713=LINE('',#10725,#2461);
#1714=LINE('',#10728,#2462);
#1715=LINE('',#10731,#2463);
#1716=LINE('',#10734,#2464);
#1717=LINE('',#10735,#2465);
#1718=LINE('',#10738,#2466);
#1719=LINE('',#10749,#2467);
#1720=LINE('',#10757,#2468);
#1721=LINE('',#10766,#2469);
#1722=LINE('',#10778,#2470);
#1723=LINE('',#10780,#2471);
#1724=LINE('',#10781,#2472);
#1725=LINE('',#10784,#2473);
#1726=LINE('',#10788,#2474);
#1727=LINE('',#10789,#2475);
#1728=LINE('',#10794,#2476);
#1729=LINE('',#10795,#2477);
#1730=LINE('',#10809,#2478);
#1731=LINE('',#10811,#2479);
#1732=LINE('',#10813,#2480);
#1733=LINE('',#10814,#2481);
#1734=LINE('',#10817,#2482);
#1735=LINE('',#10819,#2483);
#1736=LINE('',#10820,#2484);
#1737=LINE('',#10823,#2485);
#1738=LINE('',#10825,#2486);
#1739=LINE('',#10826,#2487);
#1740=LINE('',#10829,#2488);
#1741=LINE('',#10831,#2489);
#1742=LINE('',#10832,#2490);
#1743=LINE('',#10859,#2491);
#1744=LINE('',#10862,#2492);
#1745=LINE('',#10864,#2493);
#1746=LINE('',#10865,#2494);
#1747=LINE('',#10868,#2495);
#1748=LINE('',#10870,#2496);
#1749=LINE('',#10871,#2497);
#1750=LINE('',#10874,#2498);
#1751=LINE('',#10876,#2499);
#1752=LINE('',#10877,#2500);
#1753=LINE('',#10904,#2501);
#1754=LINE('',#10906,#2502);
#1755=LINE('',#10907,#2503);
#1756=LINE('',#10913,#2504);
#1757=LINE('',#10915,#2505);
#1758=LINE('',#10917,#2506);
#1759=LINE('',#10918,#2507);
#1760=LINE('',#10921,#2508);
#1761=LINE('',#10923,#2509);
#1762=LINE('',#10924,#2510);
#1763=LINE('',#10927,#2511);
#1764=LINE('',#10929,#2512);
#1765=LINE('',#10930,#2513);
#1766=LINE('',#10933,#2514);
#1767=LINE('',#10935,#2515);
#1768=LINE('',#10936,#2516);
#1769=LINE('',#10963,#2517);
#1770=LINE('',#10966,#2518);
#1771=LINE('',#10968,#2519);
#1772=LINE('',#10969,#2520);
#1773=LINE('',#10972,#2521);
#1774=LINE('',#10974,#2522);
#1775=LINE('',#10975,#2523);
#1776=LINE('',#10978,#2524);
#1777=LINE('',#10980,#2525);
#1778=LINE('',#10981,#2526);
#1779=LINE('',#11008,#2527);
#1780=LINE('',#11010,#2528);
#1781=LINE('',#11011,#2529);
#1782=LINE('',#11017,#2530);
#1783=LINE('',#11019,#2531);
#1784=LINE('',#11021,#2532);
#1785=LINE('',#11022,#2533);
#1786=LINE('',#11043,#2534);
#1787=LINE('',#11052,#2535);
#1788=LINE('',#11054,#2536);
#1789=LINE('',#11055,#2537);
#1790=LINE('',#11083,#2538);
#1791=LINE('',#11085,#2539);
#1792=LINE('',#11087,#2540);
#1793=LINE('',#11088,#2541);
#1794=LINE('',#11123,#2542);
#1795=LINE('',#11126,#2543);
#1796=LINE('',#11128,#2544);
#1797=LINE('',#11129,#2545);
#1798=LINE('',#11163,#2546);
#1799=LINE('',#11165,#2547);
#1800=LINE('',#11167,#2548);
#1801=LINE('',#11168,#2549);
#1802=LINE('',#11171,#2550);
#1803=LINE('',#11173,#2551);
#1804=LINE('',#11174,#2552);
#1805=LINE('',#11177,#2553);
#1806=LINE('',#11179,#2554);
#1807=LINE('',#11180,#2555);
#1808=LINE('',#11208,#2556);
#1809=LINE('',#11210,#2557);
#1810=LINE('',#11212,#2558);
#1811=LINE('',#11213,#2559);
#1812=LINE('',#11216,#2560);
#1813=LINE('',#11218,#2561);
#1814=LINE('',#11219,#2562);
#1815=LINE('',#11246,#2563);
#1816=LINE('',#11249,#2564);
#1817=LINE('',#11251,#2565);
#1818=LINE('',#11252,#2566);
#1819=LINE('',#11287,#2567);
#1820=LINE('',#11290,#2568);
#1821=LINE('',#11292,#2569);
#1822=LINE('',#11293,#2570);
#1823=LINE('',#11328,#2571);
#1824=LINE('',#11330,#2572);
#1825=LINE('',#11331,#2573);
#1826=LINE('',#11337,#2574);
#1827=LINE('',#11339,#2575);
#1828=LINE('',#11341,#2576);
#1829=LINE('',#11342,#2577);
#1830=LINE('',#11345,#2578);
#1831=LINE('',#11347,#2579);
#1832=LINE('',#11348,#2580);
#1833=LINE('',#11367,#2581);
#1834=LINE('',#11370,#2582);
#1835=LINE('',#11372,#2583);
#1836=LINE('',#11373,#2584);
#1837=LINE('',#11392,#2585);
#1838=LINE('',#11395,#2586);
#1839=LINE('',#11397,#2587);
#1840=LINE('',#11398,#2588);
#1841=LINE('',#11401,#2589);
#1842=LINE('',#11403,#2590);
#1843=LINE('',#11404,#2591);
#1844=LINE('',#11407,#2592);
#1845=LINE('',#11409,#2593);
#1846=LINE('',#11410,#2594);
#1847=LINE('',#11413,#2595);
#1848=LINE('',#11415,#2596);
#1849=LINE('',#11416,#2597);
#1850=LINE('',#11419,#2598);
#1851=LINE('',#11421,#2599);
#1852=LINE('',#11422,#2600);
#1853=LINE('',#11425,#2601);
#1854=LINE('',#11427,#2602);
#1855=LINE('',#11428,#2603);
#1856=LINE('',#11431,#2604);
#1857=LINE('',#11433,#2605);
#1858=LINE('',#11434,#2606);
#1859=LINE('',#11437,#2607);
#1860=LINE('',#11439,#2608);
#1861=LINE('',#11440,#2609);
#1862=LINE('',#11442,#2610);
#1863=LINE('',#11443,#2611);
#1864=LINE('',#11449,#2612);
#1865=LINE('',#11451,#2613);
#1866=LINE('',#11453,#2614);
#1867=LINE('',#11454,#2615);
#1868=LINE('',#11460,#2616);
#1869=LINE('',#11463,#2617);
#1870=LINE('',#11465,#2618);
#1871=LINE('',#11466,#2619);
#1872=LINE('',#11501,#2620);
#1873=LINE('',#11504,#2621);
#1874=LINE('',#11506,#2622);
#1875=LINE('',#11507,#2623);
#1876=LINE('',#11542,#2624);
#1877=LINE('',#11545,#2625);
#1878=LINE('',#11547,#2626);
#1879=LINE('',#11548,#2627);
#1880=LINE('',#11554,#2628);
#1881=LINE('',#11557,#2629);
#1882=LINE('',#11559,#2630);
#1883=LINE('',#11560,#2631);
#1884=LINE('',#11562,#2632);
#1885=LINE('',#11563,#2633);
#1886=LINE('',#11569,#2634);
#1887=LINE('',#11571,#2635);
#1888=LINE('',#11573,#2636);
#1889=LINE('',#11574,#2637);
#1890=LINE('',#11577,#2638);
#1891=LINE('',#11579,#2639);
#1892=LINE('',#11580,#2640);
#1893=LINE('',#11583,#2641);
#1894=LINE('',#11585,#2642);
#1895=LINE('',#11586,#2643);
#1896=LINE('',#11588,#2644);
#1897=LINE('',#11589,#2645);
#1898=LINE('',#11595,#2646);
#1899=LINE('',#11597,#2647);
#1900=LINE('',#11599,#2648);
#1901=LINE('',#11600,#2649);
#1902=LINE('',#11603,#2650);
#1903=LINE('',#11605,#2651);
#1904=LINE('',#11606,#2652);
#1905=LINE('',#11609,#2653);
#1906=LINE('',#11611,#2654);
#1907=LINE('',#11612,#2655);
#1908=LINE('',#11614,#2656);
#1909=LINE('',#11615,#2657);
#1910=LINE('',#11621,#2658);
#1911=LINE('',#11623,#2659);
#1912=LINE('',#11625,#2660);
#1913=LINE('',#11626,#2661);
#1914=LINE('',#11653,#2662);
#1915=LINE('',#11656,#2663);
#1916=LINE('',#11658,#2664);
#1917=LINE('',#11659,#2665);
#1918=LINE('',#11662,#2666);
#1919=LINE('',#11664,#2667);
#1920=LINE('',#11665,#2668);
#1921=LINE('',#11668,#2669);
#1922=LINE('',#11670,#2670);
#1923=LINE('',#11671,#2671);
#1924=LINE('',#11674,#2672);
#1925=LINE('',#11676,#2673);
#1926=LINE('',#11677,#2674);
#1927=LINE('',#11680,#2675);
#1928=LINE('',#11682,#2676);
#1929=LINE('',#11683,#2677);
#1930=LINE('',#11710,#2678);
#1931=LINE('',#11713,#2679);
#1932=LINE('',#11715,#2680);
#1933=LINE('',#11716,#2681);
#1934=LINE('',#11718,#2682);
#1935=LINE('',#11719,#2683);
#1936=LINE('',#11725,#2684);
#1937=LINE('',#11727,#2685);
#1938=LINE('',#11729,#2686);
#1939=LINE('',#11730,#2687);
#1940=LINE('',#11733,#2688);
#1941=LINE('',#11735,#2689);
#1942=LINE('',#11736,#2690);
#1943=LINE('',#11739,#2691);
#1944=LINE('',#11741,#2692);
#1945=LINE('',#11742,#2693);
#1946=LINE('',#11744,#2694);
#1947=LINE('',#11745,#2695);
#1948=LINE('',#11765,#2696);
#1949=LINE('',#11767,#2697);
#1950=LINE('',#11769,#2698);
#1951=LINE('',#11770,#2699);
#1952=LINE('',#11773,#2700);
#1953=LINE('',#11775,#2701);
#1954=LINE('',#11776,#2702);
#1955=LINE('',#11779,#2703);
#1956=LINE('',#11781,#2704);
#1957=LINE('',#11782,#2705);
#1958=LINE('',#11784,#2706);
#1959=LINE('',#11785,#2707);
#1960=LINE('',#11791,#2708);
#1961=LINE('',#11793,#2709);
#1962=LINE('',#11795,#2710);
#1963=LINE('',#11796,#2711);
#1964=LINE('',#11799,#2712);
#1965=LINE('',#11801,#2713);
#1966=LINE('',#11802,#2714);
#1967=LINE('',#11805,#2715);
#1968=LINE('',#11807,#2716);
#1969=LINE('',#11808,#2717);
#1970=LINE('',#11810,#2718);
#1971=LINE('',#11811,#2719);
#1972=LINE('',#11862,#2720);
#1973=LINE('',#11873,#2721);
#1974=LINE('',#11877,#2722);
#1975=LINE('',#11888,#2723);
#1976=LINE('',#11904,#2724);
#1977=LINE('',#11914,#2725);
#1978=LINE('',#11917,#2726);
#1979=LINE('',#11919,#2727);
#1980=LINE('',#11920,#2728);
#1981=LINE('',#11923,#2729);
#1982=LINE('',#11927,#2730);
#1983=LINE('',#11928,#2731);
#1984=LINE('',#11931,#2732);
#1985=LINE('',#11935,#2733);
#1986=LINE('',#11936,#2734);
#1987=LINE('',#11938,#2735);
#1988=LINE('',#11939,#2736);
#1989=LINE('',#11944,#2737);
#1990=LINE('',#11957,#2738);
#1991=LINE('',#11966,#2739);
#1992=LINE('',#11968,#2740);
#1993=LINE('',#11969,#2741);
#1994=VECTOR('',#7592,1.);
#1995=VECTOR('',#7593,1.);
#1996=VECTOR('',#7594,1.);
#1997=VECTOR('',#7595,1.);
#1998=VECTOR('',#7598,1.);
#1999=VECTOR('',#7599,1.);
#2000=VECTOR('',#7600,1.);
#2001=VECTOR('',#7601,1.);
#2002=VECTOR('',#7608,1.);
#2003=VECTOR('',#7611,1.);
#2004=VECTOR('',#7612,1.);
#2005=VECTOR('',#7613,1.);
#2006=VECTOR('',#7620,1.);
#2007=VECTOR('',#7623,1.);
#2008=VECTOR('',#7624,1.);
#2009=VECTOR('',#7627,1.);
#2010=VECTOR('',#7628,1.);
#2011=VECTOR('',#7629,1.);
#2012=VECTOR('',#7636,1.);
#2013=VECTOR('',#7639,1.);
#2014=VECTOR('',#7640,1.);
#2015=VECTOR('',#7641,1.);
#2016=VECTOR('',#7648,1.);
#2017=VECTOR('',#7651,1.);
#2018=VECTOR('',#7652,1.);
#2019=VECTOR('',#7653,1.);
#2020=VECTOR('',#7656,1.);
#2021=VECTOR('',#7657,1.);
#2022=VECTOR('',#7664,1.);
#2023=VECTOR('',#7665,1.);
#2024=VECTOR('',#7666,1.);
#2025=VECTOR('',#7667,1.);
#2026=VECTOR('',#7670,1.);
#2027=VECTOR('',#7671,1.);
#2028=VECTOR('',#7672,1.);
#2029=VECTOR('',#7673,1.);
#2030=VECTOR('',#7680,1.);
#2031=VECTOR('',#7683,1.);
#2032=VECTOR('',#7684,1.);
#2033=VECTOR('',#7685,1.);
#2034=VECTOR('',#7692,1.);
#2035=VECTOR('',#7695,1.);
#2036=VECTOR('',#7696,1.);
#2037=VECTOR('',#7699,1.);
#2038=VECTOR('',#7700,1.);
#2039=VECTOR('',#7701,1.);
#2040=VECTOR('',#7708,1.);
#2041=VECTOR('',#7711,1.);
#2042=VECTOR('',#7712,1.);
#2043=VECTOR('',#7713,1.);
#2044=VECTOR('',#7720,1.);
#2045=VECTOR('',#7723,1.);
#2046=VECTOR('',#7724,1.);
#2047=VECTOR('',#7725,1.);
#2048=VECTOR('',#7728,1.);
#2049=VECTOR('',#7729,1.);
#2050=VECTOR('',#7736,1.);
#2051=VECTOR('',#7737,1.);
#2052=VECTOR('',#7738,1.);
#2053=VECTOR('',#7739,1.);
#2054=VECTOR('',#7742,1.);
#2055=VECTOR('',#7743,1.);
#2056=VECTOR('',#7744,1.);
#2057=VECTOR('',#7745,1.);
#2058=VECTOR('',#7752,1.);
#2059=VECTOR('',#7755,1.);
#2060=VECTOR('',#7756,1.);
#2061=VECTOR('',#7757,1.);
#2062=VECTOR('',#7764,1.);
#2063=VECTOR('',#7767,1.);
#2064=VECTOR('',#7768,1.);
#2065=VECTOR('',#7771,1.);
#2066=VECTOR('',#7772,1.);
#2067=VECTOR('',#7773,1.);
#2068=VECTOR('',#7780,1.);
#2069=VECTOR('',#7783,1.);
#2070=VECTOR('',#7784,1.);
#2071=VECTOR('',#7785,1.);
#2072=VECTOR('',#7792,1.);
#2073=VECTOR('',#7795,1.);
#2074=VECTOR('',#7796,1.);
#2075=VECTOR('',#7797,1.);
#2076=VECTOR('',#7800,1.);
#2077=VECTOR('',#7801,1.);
#2078=VECTOR('',#7808,1.);
#2079=VECTOR('',#7809,1.);
#2080=VECTOR('',#7810,1.);
#2081=VECTOR('',#7811,1.);
#2082=VECTOR('',#7814,1.);
#2083=VECTOR('',#7815,1.);
#2084=VECTOR('',#7816,1.);
#2085=VECTOR('',#7817,1.);
#2086=VECTOR('',#7824,1.);
#2087=VECTOR('',#7827,1.);
#2088=VECTOR('',#7828,1.);
#2089=VECTOR('',#7829,1.);
#2090=VECTOR('',#7836,1.);
#2091=VECTOR('',#7839,1.);
#2092=VECTOR('',#7840,1.);
#2093=VECTOR('',#7843,1.);
#2094=VECTOR('',#7844,1.);
#2095=VECTOR('',#7845,1.);
#2096=VECTOR('',#7852,1.);
#2097=VECTOR('',#7855,1.);
#2098=VECTOR('',#7856,1.);
#2099=VECTOR('',#7857,1.);
#2100=VECTOR('',#7864,1.);
#2101=VECTOR('',#7867,1.);
#2102=VECTOR('',#7868,1.);
#2103=VECTOR('',#7869,1.);
#2104=VECTOR('',#7872,1.);
#2105=VECTOR('',#7873,1.);
#2106=VECTOR('',#7880,1.);
#2107=VECTOR('',#7881,1.);
#2108=VECTOR('',#7882,1.);
#2109=VECTOR('',#7883,1.);
#2110=VECTOR('',#7886,1.);
#2111=VECTOR('',#7887,1.);
#2112=VECTOR('',#7888,1.);
#2113=VECTOR('',#7889,1.);
#2114=VECTOR('',#7896,1.);
#2115=VECTOR('',#7899,1.);
#2116=VECTOR('',#7900,1.);
#2117=VECTOR('',#7901,1.);
#2118=VECTOR('',#7908,1.);
#2119=VECTOR('',#7911,1.);
#2120=VECTOR('',#7912,1.);
#2121=VECTOR('',#7915,1.);
#2122=VECTOR('',#7916,1.);
#2123=VECTOR('',#7917,1.);
#2124=VECTOR('',#7924,1.);
#2125=VECTOR('',#7927,1.);
#2126=VECTOR('',#7928,1.);
#2127=VECTOR('',#7929,1.);
#2128=VECTOR('',#7936,1.);
#2129=VECTOR('',#7939,1.);
#2130=VECTOR('',#7940,1.);
#2131=VECTOR('',#7941,1.);
#2132=VECTOR('',#7944,1.);
#2133=VECTOR('',#7945,1.);
#2134=VECTOR('',#7952,1.);
#2135=VECTOR('',#7953,1.);
#2136=VECTOR('',#7954,1.);
#2137=VECTOR('',#7955,1.);
#2138=VECTOR('',#7958,1.);
#2139=VECTOR('',#7959,1.);
#2140=VECTOR('',#7960,1.);
#2141=VECTOR('',#7961,1.);
#2142=VECTOR('',#7968,1.);
#2143=VECTOR('',#7971,1.);
#2144=VECTOR('',#7972,1.);
#2145=VECTOR('',#7973,1.);
#2146=VECTOR('',#7980,1.);
#2147=VECTOR('',#7983,1.);
#2148=VECTOR('',#7984,1.);
#2149=VECTOR('',#7987,1.);
#2150=VECTOR('',#7988,1.);
#2151=VECTOR('',#7989,1.);
#2152=VECTOR('',#7996,1.);
#2153=VECTOR('',#7999,1.);
#2154=VECTOR('',#8000,1.);
#2155=VECTOR('',#8001,1.);
#2156=VECTOR('',#8008,1.);
#2157=VECTOR('',#8011,1.);
#2158=VECTOR('',#8012,1.);
#2159=VECTOR('',#8013,1.);
#2160=VECTOR('',#8016,1.);
#2161=VECTOR('',#8017,1.);
#2162=VECTOR('',#8024,1.);
#2163=VECTOR('',#8025,1.);
#2164=VECTOR('',#8026,1.);
#2165=VECTOR('',#8027,1.);
#2166=VECTOR('',#8030,1.);
#2167=VECTOR('',#8031,1.);
#2168=VECTOR('',#8032,1.);
#2169=VECTOR('',#8033,1.);
#2170=VECTOR('',#8040,1.);
#2171=VECTOR('',#8043,1.);
#2172=VECTOR('',#8044,1.);
#2173=VECTOR('',#8045,1.);
#2174=VECTOR('',#8052,1.);
#2175=VECTOR('',#8055,1.);
#2176=VECTOR('',#8056,1.);
#2177=VECTOR('',#8059,1.);
#2178=VECTOR('',#8060,1.);
#2179=VECTOR('',#8061,1.);
#2180=VECTOR('',#8068,1.);
#2181=VECTOR('',#8071,1.);
#2182=VECTOR('',#8072,1.);
#2183=VECTOR('',#8073,1.);
#2184=VECTOR('',#8080,1.);
#2185=VECTOR('',#8083,1.);
#2186=VECTOR('',#8084,1.);
#2187=VECTOR('',#8085,1.);
#2188=VECTOR('',#8088,1.);
#2189=VECTOR('',#8089,1.);
#2190=VECTOR('',#8096,1.);
#2191=VECTOR('',#8097,1.);
#2192=VECTOR('',#8098,1.);
#2193=VECTOR('',#8099,1.);
#2194=VECTOR('',#8102,1.);
#2195=VECTOR('',#8103,1.);
#2196=VECTOR('',#8104,1.);
#2197=VECTOR('',#8105,1.);
#2198=VECTOR('',#8112,1.);
#2199=VECTOR('',#8115,1.);
#2200=VECTOR('',#8116,1.);
#2201=VECTOR('',#8117,1.);
#2202=VECTOR('',#8124,1.);
#2203=VECTOR('',#8127,1.);
#2204=VECTOR('',#8128,1.);
#2205=VECTOR('',#8131,1.);
#2206=VECTOR('',#8132,1.);
#2207=VECTOR('',#8133,1.);
#2208=VECTOR('',#8140,1.);
#2209=VECTOR('',#8143,1.);
#2210=VECTOR('',#8144,1.);
#2211=VECTOR('',#8145,1.);
#2212=VECTOR('',#8152,1.);
#2213=VECTOR('',#8155,1.);
#2214=VECTOR('',#8156,1.);
#2215=VECTOR('',#8157,1.);
#2216=VECTOR('',#8160,1.);
#2217=VECTOR('',#8161,1.);
#2218=VECTOR('',#8168,1.);
#2219=VECTOR('',#8169,1.);
#2220=VECTOR('',#8170,1.);
#2221=VECTOR('',#8171,1.);
#2222=VECTOR('',#8174,1.);
#2223=VECTOR('',#8175,1.);
#2224=VECTOR('',#8176,1.);
#2225=VECTOR('',#8177,1.);
#2226=VECTOR('',#8184,1.);
#2227=VECTOR('',#8187,1.);
#2228=VECTOR('',#8188,1.);
#2229=VECTOR('',#8189,1.);
#2230=VECTOR('',#8196,1.);
#2231=VECTOR('',#8199,1.);
#2232=VECTOR('',#8200,1.);
#2233=VECTOR('',#8203,1.);
#2234=VECTOR('',#8204,1.);
#2235=VECTOR('',#8205,1.);
#2236=VECTOR('',#8212,1.);
#2237=VECTOR('',#8215,1.);
#2238=VECTOR('',#8216,1.);
#2239=VECTOR('',#8217,1.);
#2240=VECTOR('',#8224,1.);
#2241=VECTOR('',#8227,1.);
#2242=VECTOR('',#8228,1.);
#2243=VECTOR('',#8229,1.);
#2244=VECTOR('',#8232,1.);
#2245=VECTOR('',#8233,1.);
#2246=VECTOR('',#8240,1.);
#2247=VECTOR('',#8241,1.);
#2248=VECTOR('',#8242,1.);
#2249=VECTOR('',#8243,1.);
#2250=VECTOR('',#8246,1.);
#2251=VECTOR('',#8247,1.);
#2252=VECTOR('',#8248,1.);
#2253=VECTOR('',#8249,1.);
#2254=VECTOR('',#8256,1.);
#2255=VECTOR('',#8259,1.);
#2256=VECTOR('',#8260,1.);
#2257=VECTOR('',#8261,1.);
#2258=VECTOR('',#8268,1.);
#2259=VECTOR('',#8271,1.);
#2260=VECTOR('',#8272,1.);
#2261=VECTOR('',#8275,1.);
#2262=VECTOR('',#8276,1.);
#2263=VECTOR('',#8277,1.);
#2264=VECTOR('',#8284,1.);
#2265=VECTOR('',#8287,1.);
#2266=VECTOR('',#8288,1.);
#2267=VECTOR('',#8289,1.);
#2268=VECTOR('',#8296,1.);
#2269=VECTOR('',#8299,1.);
#2270=VECTOR('',#8300,1.);
#2271=VECTOR('',#8301,1.);
#2272=VECTOR('',#8304,1.);
#2273=VECTOR('',#8305,1.);
#2274=VECTOR('',#8312,1.);
#2275=VECTOR('',#8313,1.);
#2276=VECTOR('',#8314,1.);
#2277=VECTOR('',#8315,1.);
#2278=VECTOR('',#8318,1.);
#2279=VECTOR('',#8319,1.);
#2280=VECTOR('',#8320,1.);
#2281=VECTOR('',#8321,1.);
#2282=VECTOR('',#8328,1.);
#2283=VECTOR('',#8331,1.);
#2284=VECTOR('',#8332,1.);
#2285=VECTOR('',#8333,1.);
#2286=VECTOR('',#8340,1.);
#2287=VECTOR('',#8343,1.);
#2288=VECTOR('',#8344,1.);
#2289=VECTOR('',#8347,1.);
#2290=VECTOR('',#8348,1.);
#2291=VECTOR('',#8349,1.);
#2292=VECTOR('',#8356,1.);
#2293=VECTOR('',#8359,1.);
#2294=VECTOR('',#8360,1.);
#2295=VECTOR('',#8361,1.);
#2296=VECTOR('',#8368,1.);
#2297=VECTOR('',#8371,1.);
#2298=VECTOR('',#8372,1.);
#2299=VECTOR('',#8373,1.);
#2300=VECTOR('',#8376,1.);
#2301=VECTOR('',#8377,1.);
#2302=VECTOR('',#8384,1.);
#2303=VECTOR('',#8385,1.);
#2304=VECTOR('',#8386,1.);
#2305=VECTOR('',#8387,1.);
#2306=VECTOR('',#8390,1.);
#2307=VECTOR('',#8391,1.);
#2308=VECTOR('',#8392,1.);
#2309=VECTOR('',#8393,1.);
#2310=VECTOR('',#8400,1.);
#2311=VECTOR('',#8403,1.);
#2312=VECTOR('',#8404,1.);
#2313=VECTOR('',#8405,1.);
#2314=VECTOR('',#8412,1.);
#2315=VECTOR('',#8415,1.);
#2316=VECTOR('',#8416,1.);
#2317=VECTOR('',#8419,1.);
#2318=VECTOR('',#8420,1.);
#2319=VECTOR('',#8421,1.);
#2320=VECTOR('',#8428,1.);
#2321=VECTOR('',#8431,1.);
#2322=VECTOR('',#8432,1.);
#2323=VECTOR('',#8433,1.);
#2324=VECTOR('',#8440,1.);
#2325=VECTOR('',#8443,1.);
#2326=VECTOR('',#8444,1.);
#2327=VECTOR('',#8445,1.);
#2328=VECTOR('',#8448,1.);
#2329=VECTOR('',#8449,1.);
#2330=VECTOR('',#8456,1.);
#2331=VECTOR('',#8457,1.);
#2332=VECTOR('',#8458,1.);
#2333=VECTOR('',#8459,1.);
#2334=VECTOR('',#8462,1.);
#2335=VECTOR('',#8463,1.);
#2336=VECTOR('',#8464,1.);
#2337=VECTOR('',#8465,1.);
#2338=VECTOR('',#8472,1.);
#2339=VECTOR('',#8475,1.);
#2340=VECTOR('',#8476,1.);
#2341=VECTOR('',#8477,1.);
#2342=VECTOR('',#8484,1.);
#2343=VECTOR('',#8487,1.);
#2344=VECTOR('',#8488,1.);
#2345=VECTOR('',#8491,1.);
#2346=VECTOR('',#8492,1.);
#2347=VECTOR('',#8493,1.);
#2348=VECTOR('',#8500,1.);
#2349=VECTOR('',#8503,1.);
#2350=VECTOR('',#8504,1.);
#2351=VECTOR('',#8505,1.);
#2352=VECTOR('',#8512,1.);
#2353=VECTOR('',#8515,1.);
#2354=VECTOR('',#8516,1.);
#2355=VECTOR('',#8517,1.);
#2356=VECTOR('',#8520,1.);
#2357=VECTOR('',#8521,1.);
#2358=VECTOR('',#8528,1.);
#2359=VECTOR('',#8529,1.);
#2360=VECTOR('',#8530,1.);
#2361=VECTOR('',#8531,1.);
#2362=VECTOR('',#8534,1.);
#2363=VECTOR('',#8535,1.);
#2364=VECTOR('',#8536,1.);
#2365=VECTOR('',#8537,1.);
#2366=VECTOR('',#8544,1.);
#2367=VECTOR('',#8547,1.);
#2368=VECTOR('',#8548,1.);
#2369=VECTOR('',#8549,1.);
#2370=VECTOR('',#8556,1.);
#2371=VECTOR('',#8559,1.);
#2372=VECTOR('',#8560,1.);
#2373=VECTOR('',#8563,1.);
#2374=VECTOR('',#8564,1.);
#2375=VECTOR('',#8565,1.);
#2376=VECTOR('',#8572,1.);
#2377=VECTOR('',#8575,1.);
#2378=VECTOR('',#8576,1.);
#2379=VECTOR('',#8577,1.);
#2380=VECTOR('',#8584,1.);
#2381=VECTOR('',#8587,1.);
#2382=VECTOR('',#8588,1.);
#2383=VECTOR('',#8589,1.);
#2384=VECTOR('',#8592,1.);
#2385=VECTOR('',#8593,1.);
#2386=VECTOR('',#8600,1.);
#2387=VECTOR('',#8601,1.);
#2388=VECTOR('',#8602,1.);
#2389=VECTOR('',#8603,1.);
#2390=VECTOR('',#8606,1.);
#2391=VECTOR('',#8607,1.);
#2392=VECTOR('',#8608,1.);
#2393=VECTOR('',#8609,1.);
#2394=VECTOR('',#8616,1.);
#2395=VECTOR('',#8619,1.);
#2396=VECTOR('',#8620,1.);
#2397=VECTOR('',#8621,1.);
#2398=VECTOR('',#8628,1.);
#2399=VECTOR('',#8631,1.);
#2400=VECTOR('',#8632,1.);
#2401=VECTOR('',#8635,1.);
#2402=VECTOR('',#8636,1.);
#2403=VECTOR('',#8637,1.);
#2404=VECTOR('',#8644,1.);
#2405=VECTOR('',#8647,1.);
#2406=VECTOR('',#8648,1.);
#2407=VECTOR('',#8649,1.);
#2408=VECTOR('',#8656,1.);
#2409=VECTOR('',#8659,1.);
#2410=VECTOR('',#8660,1.);
#2411=VECTOR('',#8661,1.);
#2412=VECTOR('',#8664,1.);
#2413=VECTOR('',#8665,1.);
#2414=VECTOR('',#8672,1.);
#2415=VECTOR('',#8673,1.);
#2416=VECTOR('',#8674,1.);
#2417=VECTOR('',#8675,1.);
#2418=VECTOR('',#8678,1.);
#2419=VECTOR('',#8679,1.);
#2420=VECTOR('',#8680,1.);
#2421=VECTOR('',#8681,1.);
#2422=VECTOR('',#8688,1.);
#2423=VECTOR('',#8691,1.);
#2424=VECTOR('',#8692,1.);
#2425=VECTOR('',#8693,1.);
#2426=VECTOR('',#8700,1.);
#2427=VECTOR('',#8703,1.);
#2428=VECTOR('',#8704,1.);
#2429=VECTOR('',#8707,1.);
#2430=VECTOR('',#8708,1.);
#2431=VECTOR('',#8709,1.);
#2432=VECTOR('',#8716,1.);
#2433=VECTOR('',#8719,1.);
#2434=VECTOR('',#8720,1.);
#2435=VECTOR('',#8721,1.);
#2436=VECTOR('',#8728,1.);
#2437=VECTOR('',#8731,1.);
#2438=VECTOR('',#8732,1.);
#2439=VECTOR('',#8733,1.);
#2440=VECTOR('',#8736,1.);
#2441=VECTOR('',#8737,1.);
#2442=VECTOR('',#8744,1.);
#2443=VECTOR('',#8747,1.);
#2444=VECTOR('',#8750,1.);
#2445=VECTOR('',#8753,1.);
#2446=VECTOR('',#8756,1.);
#2447=VECTOR('',#8759,1.);
#2448=VECTOR('',#8762,1.);
#2449=VECTOR('',#8763,1.);
#2450=VECTOR('',#8766,1.);
#2451=VECTOR('',#8767,1.);
#2452=VECTOR('',#8770,1.);
#2453=VECTOR('',#8771,1.);
#2454=VECTOR('',#8774,1.);
#2455=VECTOR('',#8777,1.);
#2456=VECTOR('',#8778,1.);
#2457=VECTOR('',#8783,1.);
#2458=VECTOR('',#8790,1.);
#2459=VECTOR('',#8793,1.);
#2460=VECTOR('',#8796,1.);
#2461=VECTOR('',#8799,1.);
#2462=VECTOR('',#8802,1.);
#2463=VECTOR('',#8805,1.);
#2464=VECTOR('',#8808,1.);
#2465=VECTOR('',#8809,1.);
#2466=VECTOR('',#8812,1.);
#2467=VECTOR('',#8815,1.);
#2468=VECTOR('',#8818,1.);
#2469=VECTOR('',#8819,1.);
#2470=VECTOR('',#8826,1.);
#2471=VECTOR('',#8827,1.);
#2472=VECTOR('',#8828,1.);
#2473=VECTOR('',#8831,0.2);
#2474=VECTOR('',#8836,1.);
#2475=VECTOR('',#8837,1.);
#2476=VECTOR('',#8844,1.);
#2477=VECTOR('',#8845,1.);
#2478=VECTOR('',#8864,1.);
#2479=VECTOR('',#8865,1.);
#2480=VECTOR('',#8866,1.);
#2481=VECTOR('',#8867,1.);
#2482=VECTOR('',#8870,1.);
#2483=VECTOR('',#8871,1.);
#2484=VECTOR('',#8872,1.);
#2485=VECTOR('',#8875,1.);
#2486=VECTOR('',#8876,1.);
#2487=VECTOR('',#8877,1.);
#2488=VECTOR('',#8880,1.);
#2489=VECTOR('',#8881,1.);
#2490=VECTOR('',#8882,1.);
#2491=VECTOR('',#8883,1.);
#2492=VECTOR('',#8886,1.);
#2493=VECTOR('',#8887,1.);
#2494=VECTOR('',#8888,1.);
#2495=VECTOR('',#8891,1.);
#2496=VECTOR('',#8892,1.);
#2497=VECTOR('',#8893,1.);
#2498=VECTOR('',#8896,1.);
#2499=VECTOR('',#8897,1.);
#2500=VECTOR('',#8898,1.);
#2501=VECTOR('',#8899,1.);
#2502=VECTOR('',#8902,1.);
#2503=VECTOR('',#8903,1.);
#2504=VECTOR('',#8910,1.);
#2505=VECTOR('',#8911,1.);
#2506=VECTOR('',#8912,1.);
#2507=VECTOR('',#8913,1.);
#2508=VECTOR('',#8916,1.);
#2509=VECTOR('',#8917,1.);
#2510=VECTOR('',#8918,1.);
#2511=VECTOR('',#8921,1.);
#2512=VECTOR('',#8922,1.);
#2513=VECTOR('',#8923,1.);
#2514=VECTOR('',#8926,1.);
#2515=VECTOR('',#8927,1.);
#2516=VECTOR('',#8928,1.);
#2517=VECTOR('',#8929,1.);
#2518=VECTOR('',#8932,1.);
#2519=VECTOR('',#8933,1.);
#2520=VECTOR('',#8934,1.);
#2521=VECTOR('',#8937,1.);
#2522=VECTOR('',#8938,1.);
#2523=VECTOR('',#8939,1.);
#2524=VECTOR('',#8942,1.);
#2525=VECTOR('',#8943,1.);
#2526=VECTOR('',#8944,1.);
#2527=VECTOR('',#8945,1.);
#2528=VECTOR('',#8948,1.);
#2529=VECTOR('',#8949,1.);
#2530=VECTOR('',#8956,1.);
#2531=VECTOR('',#8957,1.);
#2532=VECTOR('',#8958,1.);
#2533=VECTOR('',#8959,1.);
#2534=VECTOR('',#8960,1.);
#2535=VECTOR('',#8963,1.);
#2536=VECTOR('',#8964,1.);
#2537=VECTOR('',#8965,1.);
#2538=VECTOR('',#8968,1.);
#2539=VECTOR('',#8969,1.);
#2540=VECTOR('',#8970,1.);
#2541=VECTOR('',#8971,1.);
#2542=VECTOR('',#8972,1.);
#2543=VECTOR('',#8975,1.);
#2544=VECTOR('',#8976,1.);
#2545=VECTOR('',#8977,1.);
#2546=VECTOR('',#8984,1.);
#2547=VECTOR('',#8985,1.);
#2548=VECTOR('',#8986,1.);
#2549=VECTOR('',#8987,1.);
#2550=VECTOR('',#8990,1.);
#2551=VECTOR('',#8991,1.);
#2552=VECTOR('',#8992,1.);
#2553=VECTOR('',#8995,1.);
#2554=VECTOR('',#8996,1.);
#2555=VECTOR('',#8997,1.);
#2556=VECTOR('',#9000,1.);
#2557=VECTOR('',#9001,1.);
#2558=VECTOR('',#9002,1.);
#2559=VECTOR('',#9003,1.);
#2560=VECTOR('',#9006,1.);
#2561=VECTOR('',#9007,1.);
#2562=VECTOR('',#9008,1.);
#2563=VECTOR('',#9009,1.);
#2564=VECTOR('',#9012,1.);
#2565=VECTOR('',#9013,1.);
#2566=VECTOR('',#9014,1.);
#2567=VECTOR('',#9015,1.);
#2568=VECTOR('',#9018,1.);
#2569=VECTOR('',#9019,1.);
#2570=VECTOR('',#9020,1.);
#2571=VECTOR('',#9021,1.);
#2572=VECTOR('',#9024,1.);
#2573=VECTOR('',#9025,1.);
#2574=VECTOR('',#9032,1.);
#2575=VECTOR('',#9033,1.);
#2576=VECTOR('',#9034,1.);
#2577=VECTOR('',#9035,1.);
#2578=VECTOR('',#9038,1.);
#2579=VECTOR('',#9039,1.);
#2580=VECTOR('',#9040,1.);
#2581=VECTOR('',#9041,1.);
#2582=VECTOR('',#9044,1.);
#2583=VECTOR('',#9045,1.);
#2584=VECTOR('',#9046,1.);
#2585=VECTOR('',#9047,1.);
#2586=VECTOR('',#9050,1.);
#2587=VECTOR('',#9051,1.);
#2588=VECTOR('',#9052,1.);
#2589=VECTOR('',#9055,1.);
#2590=VECTOR('',#9056,1.);
#2591=VECTOR('',#9057,1.);
#2592=VECTOR('',#9060,1.);
#2593=VECTOR('',#9061,1.);
#2594=VECTOR('',#9062,1.);
#2595=VECTOR('',#9065,1.);
#2596=VECTOR('',#9066,1.);
#2597=VECTOR('',#9067,1.);
#2598=VECTOR('',#9070,1.);
#2599=VECTOR('',#9071,1.);
#2600=VECTOR('',#9072,1.);
#2601=VECTOR('',#9075,1.);
#2602=VECTOR('',#9076,1.);
#2603=VECTOR('',#9077,1.);
#2604=VECTOR('',#9080,1.);
#2605=VECTOR('',#9081,1.);
#2606=VECTOR('',#9082,1.);
#2607=VECTOR('',#9085,1.);
#2608=VECTOR('',#9086,1.);
#2609=VECTOR('',#9087,1.);
#2610=VECTOR('',#9090,1.);
#2611=VECTOR('',#9091,1.);
#2612=VECTOR('',#9098,1.);
#2613=VECTOR('',#9099,1.);
#2614=VECTOR('',#9100,1.);
#2615=VECTOR('',#9101,1.);
#2616=VECTOR('',#9108,1.);
#2617=VECTOR('',#9111,1.);
#2618=VECTOR('',#9112,1.);
#2619=VECTOR('',#9113,1.);
#2620=VECTOR('',#9114,1.);
#2621=VECTOR('',#9117,1.);
#2622=VECTOR('',#9118,1.);
#2623=VECTOR('',#9119,1.);
#2624=VECTOR('',#9120,1.);
#2625=VECTOR('',#9123,1.);
#2626=VECTOR('',#9124,1.);
#2627=VECTOR('',#9125,1.);
#2628=VECTOR('',#9132,1.);
#2629=VECTOR('',#9135,1.);
#2630=VECTOR('',#9136,1.);
#2631=VECTOR('',#9137,1.);
#2632=VECTOR('',#9140,1.);
#2633=VECTOR('',#9141,1.);
#2634=VECTOR('',#9148,1.);
#2635=VECTOR('',#9149,1.);
#2636=VECTOR('',#9150,1.);
#2637=VECTOR('',#9151,1.);
#2638=VECTOR('',#9154,1.);
#2639=VECTOR('',#9155,1.);
#2640=VECTOR('',#9156,1.);
#2641=VECTOR('',#9159,1.);
#2642=VECTOR('',#9160,1.);
#2643=VECTOR('',#9161,1.);
#2644=VECTOR('',#9164,1.);
#2645=VECTOR('',#9165,1.);
#2646=VECTOR('',#9172,1.);
#2647=VECTOR('',#9173,1.);
#2648=VECTOR('',#9174,1.);
#2649=VECTOR('',#9175,1.);
#2650=VECTOR('',#9178,1.);
#2651=VECTOR('',#9179,1.);
#2652=VECTOR('',#9180,1.);
#2653=VECTOR('',#9183,1.);
#2654=VECTOR('',#9184,1.);
#2655=VECTOR('',#9185,1.);
#2656=VECTOR('',#9188,1.);
#2657=VECTOR('',#9189,1.);
#2658=VECTOR('',#9196,1.);
#2659=VECTOR('',#9197,1.);
#2660=VECTOR('',#9198,1.);
#2661=VECTOR('',#9199,1.);
#2662=VECTOR('',#9200,1.);
#2663=VECTOR('',#9203,1.);
#2664=VECTOR('',#9204,1.);
#2665=VECTOR('',#9205,1.);
#2666=VECTOR('',#9208,1.);
#2667=VECTOR('',#9209,1.);
#2668=VECTOR('',#9210,1.);
#2669=VECTOR('',#9213,1.);
#2670=VECTOR('',#9214,1.);
#2671=VECTOR('',#9215,1.);
#2672=VECTOR('',#9218,1.);
#2673=VECTOR('',#9219,1.);
#2674=VECTOR('',#9220,1.);
#2675=VECTOR('',#9223,1.);
#2676=VECTOR('',#9224,1.);
#2677=VECTOR('',#9225,1.);
#2678=VECTOR('',#9226,1.);
#2679=VECTOR('',#9229,1.);
#2680=VECTOR('',#9230,1.);
#2681=VECTOR('',#9231,1.);
#2682=VECTOR('',#9234,1.);
#2683=VECTOR('',#9235,1.);
#2684=VECTOR('',#9242,1.);
#2685=VECTOR('',#9243,1.);
#2686=VECTOR('',#9244,1.);
#2687=VECTOR('',#9245,1.);
#2688=VECTOR('',#9248,1.);
#2689=VECTOR('',#9249,1.);
#2690=VECTOR('',#9250,1.);
#2691=VECTOR('',#9253,1.);
#2692=VECTOR('',#9254,1.);
#2693=VECTOR('',#9255,1.);
#2694=VECTOR('',#9258,1.);
#2695=VECTOR('',#9259,1.);
#2696=VECTOR('',#9286,1.);
#2697=VECTOR('',#9287,1.);
#2698=VECTOR('',#9288,1.);
#2699=VECTOR('',#9289,1.);
#2700=VECTOR('',#9292,1.);
#2701=VECTOR('',#9293,1.);
#2702=VECTOR('',#9294,1.);
#2703=VECTOR('',#9297,1.);
#2704=VECTOR('',#9298,1.);
#2705=VECTOR('',#9299,1.);
#2706=VECTOR('',#9302,1.);
#2707=VECTOR('',#9303,1.);
#2708=VECTOR('',#9310,1.);
#2709=VECTOR('',#9311,1.);
#2710=VECTOR('',#9312,1.);
#2711=VECTOR('',#9313,1.);
#2712=VECTOR('',#9316,1.);
#2713=VECTOR('',#9317,1.);
#2714=VECTOR('',#9318,1.);
#2715=VECTOR('',#9321,1.);
#2716=VECTOR('',#9322,1.);
#2717=VECTOR('',#9323,1.);
#2718=VECTOR('',#9326,1.);
#2719=VECTOR('',#9327,1.);
#2720=VECTOR('',#9342,1.);
#2721=VECTOR('',#9345,1.);
#2722=VECTOR('',#9350,1.);
#2723=VECTOR('',#9355,1.);
#2724=VECTOR('',#9358,1.);
#2725=VECTOR('',#9363,1.);
#2726=VECTOR('',#9366,1.);
#2727=VECTOR('',#9367,1.);
#2728=VECTOR('',#9368,1.);
#2729=VECTOR('',#9371,1.);
#2730=VECTOR('',#9376,1.);
#2731=VECTOR('',#9377,1.);
#2732=VECTOR('',#9380,1.);
#2733=VECTOR('',#9385,1.);
#2734=VECTOR('',#9386,1.);
#2735=VECTOR('',#9389,1.);
#2736=VECTOR('',#9390,1.);
#2737=VECTOR('',#9395,1.);
#2738=VECTOR('',#9400,1.);
#2739=VECTOR('',#9403,1.);
#2740=VECTOR('',#9404,1.);
#2741=VECTOR('',#9405,1.);
#2742=VERTEX_POINT('',#9430);
#2743=VERTEX_POINT('',#9431);
#2744=VERTEX_POINT('',#9433);
#2745=VERTEX_POINT('',#9435);
#2746=VERTEX_POINT('',#9439);
#2747=VERTEX_POINT('',#9440);
#2748=VERTEX_POINT('',#9442);
#2749=VERTEX_POINT('',#9444);
#2750=VERTEX_POINT('',#9448);
#2751=VERTEX_POINT('',#9450);
#2752=VERTEX_POINT('',#9454);
#2753=VERTEX_POINT('',#9456);
#2754=VERTEX_POINT('',#9460);
#2755=VERTEX_POINT('',#9462);
#2756=VERTEX_POINT('',#9469);
#2757=VERTEX_POINT('',#9471);
#2758=VERTEX_POINT('',#9475);
#2759=VERTEX_POINT('',#9477);
#2760=VERTEX_POINT('',#9481);
#2761=VERTEX_POINT('',#9483);
#2762=VERTEX_POINT('',#9487);
#2763=VERTEX_POINT('',#9489);
#2764=VERTEX_POINT('',#9493);
#2765=VERTEX_POINT('',#9495);
#2766=VERTEX_POINT('',#9504);
#2767=VERTEX_POINT('',#9505);
#2768=VERTEX_POINT('',#9507);
#2769=VERTEX_POINT('',#9509);
#2770=VERTEX_POINT('',#9513);
#2771=VERTEX_POINT('',#9514);
#2772=VERTEX_POINT('',#9516);
#2773=VERTEX_POINT('',#9518);
#2774=VERTEX_POINT('',#9522);
#2775=VERTEX_POINT('',#9524);
#2776=VERTEX_POINT('',#9528);
#2777=VERTEX_POINT('',#9530);
#2778=VERTEX_POINT('',#9534);
#2779=VERTEX_POINT('',#9536);
#2780=VERTEX_POINT('',#9543);
#2781=VERTEX_POINT('',#9545);
#2782=VERTEX_POINT('',#9549);
#2783=VERTEX_POINT('',#9551);
#2784=VERTEX_POINT('',#9555);
#2785=VERTEX_POINT('',#9557);
#2786=VERTEX_POINT('',#9561);
#2787=VERTEX_POINT('',#9563);
#2788=VERTEX_POINT('',#9567);
#2789=VERTEX_POINT('',#9569);
#2790=VERTEX_POINT('',#9578);
#2791=VERTEX_POINT('',#9579);
#2792=VERTEX_POINT('',#9581);
#2793=VERTEX_POINT('',#9583);
#2794=VERTEX_POINT('',#9587);
#2795=VERTEX_POINT('',#9588);
#2796=VERTEX_POINT('',#9590);
#2797=VERTEX_POINT('',#9592);
#2798=VERTEX_POINT('',#9596);
#2799=VERTEX_POINT('',#9598);
#2800=VERTEX_POINT('',#9602);
#2801=VERTEX_POINT('',#9604);
#2802=VERTEX_POINT('',#9608);
#2803=VERTEX_POINT('',#9610);
#2804=VERTEX_POINT('',#9617);
#2805=VERTEX_POINT('',#9619);
#2806=VERTEX_POINT('',#9623);
#2807=VERTEX_POINT('',#9625);
#2808=VERTEX_POINT('',#9629);
#2809=VERTEX_POINT('',#9631);
#2810=VERTEX_POINT('',#9635);
#2811=VERTEX_POINT('',#9637);
#2812=VERTEX_POINT('',#9641);
#2813=VERTEX_POINT('',#9643);
#2814=VERTEX_POINT('',#9652);
#2815=VERTEX_POINT('',#9653);
#2816=VERTEX_POINT('',#9655);
#2817=VERTEX_POINT('',#9657);
#2818=VERTEX_POINT('',#9661);
#2819=VERTEX_POINT('',#9662);
#2820=VERTEX_POINT('',#9664);
#2821=VERTEX_POINT('',#9666);
#2822=VERTEX_POINT('',#9670);
#2823=VERTEX_POINT('',#9672);
#2824=VERTEX_POINT('',#9676);
#2825=VERTEX_POINT('',#9678);
#2826=VERTEX_POINT('',#9682);
#2827=VERTEX_POINT('',#9684);
#2828=VERTEX_POINT('',#9691);
#2829=VERTEX_POINT('',#9693);
#2830=VERTEX_POINT('',#9697);
#2831=VERTEX_POINT('',#9699);
#2832=VERTEX_POINT('',#9703);
#2833=VERTEX_POINT('',#9705);
#2834=VERTEX_POINT('',#9709);
#2835=VERTEX_POINT('',#9711);
#2836=VERTEX_POINT('',#9715);
#2837=VERTEX_POINT('',#9717);
#2838=VERTEX_POINT('',#9726);
#2839=VERTEX_POINT('',#9727);
#2840=VERTEX_POINT('',#9729);
#2841=VERTEX_POINT('',#9731);
#2842=VERTEX_POINT('',#9735);
#2843=VERTEX_POINT('',#9736);
#2844=VERTEX_POINT('',#9738);
#2845=VERTEX_POINT('',#9740);
#2846=VERTEX_POINT('',#9744);
#2847=VERTEX_POINT('',#9746);
#2848=VERTEX_POINT('',#9750);
#2849=VERTEX_POINT('',#9752);
#2850=VERTEX_POINT('',#9756);
#2851=VERTEX_POINT('',#9758);
#2852=VERTEX_POINT('',#9765);
#2853=VERTEX_POINT('',#9767);
#2854=VERTEX_POINT('',#9771);
#2855=VERTEX_POINT('',#9773);
#2856=VERTEX_POINT('',#9777);
#2857=VERTEX_POINT('',#9779);
#2858=VERTEX_POINT('',#9783);
#2859=VERTEX_POINT('',#9785);
#2860=VERTEX_POINT('',#9789);
#2861=VERTEX_POINT('',#9791);
#2862=VERTEX_POINT('',#9800);
#2863=VERTEX_POINT('',#9801);
#2864=VERTEX_POINT('',#9803);
#2865=VERTEX_POINT('',#9805);
#2866=VERTEX_POINT('',#9809);
#2867=VERTEX_POINT('',#9810);
#2868=VERTEX_POINT('',#9812);
#2869=VERTEX_POINT('',#9814);
#2870=VERTEX_POINT('',#9818);
#2871=VERTEX_POINT('',#9820);
#2872=VERTEX_POINT('',#9824);
#2873=VERTEX_POINT('',#9826);
#2874=VERTEX_POINT('',#9830);
#2875=VERTEX_POINT('',#9832);
#2876=VERTEX_POINT('',#9839);
#2877=VERTEX_POINT('',#9841);
#2878=VERTEX_POINT('',#9845);
#2879=VERTEX_POINT('',#9847);
#2880=VERTEX_POINT('',#9851);
#2881=VERTEX_POINT('',#9853);
#2882=VERTEX_POINT('',#9857);
#2883=VERTEX_POINT('',#9859);
#2884=VERTEX_POINT('',#9863);
#2885=VERTEX_POINT('',#9865);
#2886=VERTEX_POINT('',#9874);
#2887=VERTEX_POINT('',#9875);
#2888=VERTEX_POINT('',#9877);
#2889=VERTEX_POINT('',#9879);
#2890=VERTEX_POINT('',#9883);
#2891=VERTEX_POINT('',#9884);
#2892=VERTEX_POINT('',#9886);
#2893=VERTEX_POINT('',#9888);
#2894=VERTEX_POINT('',#9892);
#2895=VERTEX_POINT('',#9894);
#2896=VERTEX_POINT('',#9898);
#2897=VERTEX_POINT('',#9900);
#2898=VERTEX_POINT('',#9904);
#2899=VERTEX_POINT('',#9906);
#2900=VERTEX_POINT('',#9913);
#2901=VERTEX_POINT('',#9915);
#2902=VERTEX_POINT('',#9919);
#2903=VERTEX_POINT('',#9921);
#2904=VERTEX_POINT('',#9925);
#2905=VERTEX_POINT('',#9927);
#2906=VERTEX_POINT('',#9931);
#2907=VERTEX_POINT('',#9933);
#2908=VERTEX_POINT('',#9937);
#2909=VERTEX_POINT('',#9939);
#2910=VERTEX_POINT('',#9948);
#2911=VERTEX_POINT('',#9949);
#2912=VERTEX_POINT('',#9951);
#2913=VERTEX_POINT('',#9953);
#2914=VERTEX_POINT('',#9957);
#2915=VERTEX_POINT('',#9958);
#2916=VERTEX_POINT('',#9960);
#2917=VERTEX_POINT('',#9962);
#2918=VERTEX_POINT('',#9966);
#2919=VERTEX_POINT('',#9968);
#2920=VERTEX_POINT('',#9972);
#2921=VERTEX_POINT('',#9974);
#2922=VERTEX_POINT('',#9978);
#2923=VERTEX_POINT('',#9980);
#2924=VERTEX_POINT('',#9987);
#2925=VERTEX_POINT('',#9989);
#2926=VERTEX_POINT('',#9993);
#2927=VERTEX_POINT('',#9995);
#2928=VERTEX_POINT('',#9999);
#2929=VERTEX_POINT('',#10001);
#2930=VERTEX_POINT('',#10005);
#2931=VERTEX_POINT('',#10007);
#2932=VERTEX_POINT('',#10011);
#2933=VERTEX_POINT('',#10013);
#2934=VERTEX_POINT('',#10022);
#2935=VERTEX_POINT('',#10023);
#2936=VERTEX_POINT('',#10025);
#2937=VERTEX_POINT('',#10027);
#2938=VERTEX_POINT('',#10031);
#2939=VERTEX_POINT('',#10032);
#2940=VERTEX_POINT('',#10034);
#2941=VERTEX_POINT('',#10036);
#2942=VERTEX_POINT('',#10040);
#2943=VERTEX_POINT('',#10042);
#2944=VERTEX_POINT('',#10046);
#2945=VERTEX_POINT('',#10048);
#2946=VERTEX_POINT('',#10052);
#2947=VERTEX_POINT('',#10054);
#2948=VERTEX_POINT('',#10061);
#2949=VERTEX_POINT('',#10063);
#2950=VERTEX_POINT('',#10067);
#2951=VERTEX_POINT('',#10069);
#2952=VERTEX_POINT('',#10073);
#2953=VERTEX_POINT('',#10075);
#2954=VERTEX_POINT('',#10079);
#2955=VERTEX_POINT('',#10081);
#2956=VERTEX_POINT('',#10085);
#2957=VERTEX_POINT('',#10087);
#2958=VERTEX_POINT('',#10096);
#2959=VERTEX_POINT('',#10097);
#2960=VERTEX_POINT('',#10099);
#2961=VERTEX_POINT('',#10101);
#2962=VERTEX_POINT('',#10105);
#2963=VERTEX_POINT('',#10106);
#2964=VERTEX_POINT('',#10108);
#2965=VERTEX_POINT('',#10110);
#2966=VERTEX_POINT('',#10114);
#2967=VERTEX_POINT('',#10116);
#2968=VERTEX_POINT('',#10120);
#2969=VERTEX_POINT('',#10122);
#2970=VERTEX_POINT('',#10126);
#2971=VERTEX_POINT('',#10128);
#2972=VERTEX_POINT('',#10135);
#2973=VERTEX_POINT('',#10137);
#2974=VERTEX_POINT('',#10141);
#2975=VERTEX_POINT('',#10143);
#2976=VERTEX_POINT('',#10147);
#2977=VERTEX_POINT('',#10149);
#2978=VERTEX_POINT('',#10153);
#2979=VERTEX_POINT('',#10155);
#2980=VERTEX_POINT('',#10159);
#2981=VERTEX_POINT('',#10161);
#2982=VERTEX_POINT('',#10170);
#2983=VERTEX_POINT('',#10171);
#2984=VERTEX_POINT('',#10173);
#2985=VERTEX_POINT('',#10175);
#2986=VERTEX_POINT('',#10179);
#2987=VERTEX_POINT('',#10180);
#2988=VERTEX_POINT('',#10182);
#2989=VERTEX_POINT('',#10184);
#2990=VERTEX_POINT('',#10188);
#2991=VERTEX_POINT('',#10190);
#2992=VERTEX_POINT('',#10194);
#2993=VERTEX_POINT('',#10196);
#2994=VERTEX_POINT('',#10200);
#2995=VERTEX_POINT('',#10202);
#2996=VERTEX_POINT('',#10209);
#2997=VERTEX_POINT('',#10211);
#2998=VERTEX_POINT('',#10215);
#2999=VERTEX_POINT('',#10217);
#3000=VERTEX_POINT('',#10221);
#3001=VERTEX_POINT('',#10223);
#3002=VERTEX_POINT('',#10227);
#3003=VERTEX_POINT('',#10229);
#3004=VERTEX_POINT('',#10233);
#3005=VERTEX_POINT('',#10235);
#3006=VERTEX_POINT('',#10244);
#3007=VERTEX_POINT('',#10245);
#3008=VERTEX_POINT('',#10247);
#3009=VERTEX_POINT('',#10249);
#3010=VERTEX_POINT('',#10253);
#3011=VERTEX_POINT('',#10254);
#3012=VERTEX_POINT('',#10256);
#3013=VERTEX_POINT('',#10258);
#3014=VERTEX_POINT('',#10262);
#3015=VERTEX_POINT('',#10264);
#3016=VERTEX_POINT('',#10268);
#3017=VERTEX_POINT('',#10270);
#3018=VERTEX_POINT('',#10274);
#3019=VERTEX_POINT('',#10276);
#3020=VERTEX_POINT('',#10283);
#3021=VERTEX_POINT('',#10285);
#3022=VERTEX_POINT('',#10289);
#3023=VERTEX_POINT('',#10291);
#3024=VERTEX_POINT('',#10295);
#3025=VERTEX_POINT('',#10297);
#3026=VERTEX_POINT('',#10301);
#3027=VERTEX_POINT('',#10303);
#3028=VERTEX_POINT('',#10307);
#3029=VERTEX_POINT('',#10309);
#3030=VERTEX_POINT('',#10318);
#3031=VERTEX_POINT('',#10319);
#3032=VERTEX_POINT('',#10321);
#3033=VERTEX_POINT('',#10323);
#3034=VERTEX_POINT('',#10327);
#3035=VERTEX_POINT('',#10328);
#3036=VERTEX_POINT('',#10330);
#3037=VERTEX_POINT('',#10332);
#3038=VERTEX_POINT('',#10336);
#3039=VERTEX_POINT('',#10338);
#3040=VERTEX_POINT('',#10342);
#3041=VERTEX_POINT('',#10344);
#3042=VERTEX_POINT('',#10348);
#3043=VERTEX_POINT('',#10350);
#3044=VERTEX_POINT('',#10357);
#3045=VERTEX_POINT('',#10359);
#3046=VERTEX_POINT('',#10363);
#3047=VERTEX_POINT('',#10365);
#3048=VERTEX_POINT('',#10369);
#3049=VERTEX_POINT('',#10371);
#3050=VERTEX_POINT('',#10375);
#3051=VERTEX_POINT('',#10377);
#3052=VERTEX_POINT('',#10381);
#3053=VERTEX_POINT('',#10383);
#3054=VERTEX_POINT('',#10392);
#3055=VERTEX_POINT('',#10393);
#3056=VERTEX_POINT('',#10395);
#3057=VERTEX_POINT('',#10397);
#3058=VERTEX_POINT('',#10401);
#3059=VERTEX_POINT('',#10402);
#3060=VERTEX_POINT('',#10404);
#3061=VERTEX_POINT('',#10406);
#3062=VERTEX_POINT('',#10410);
#3063=VERTEX_POINT('',#10412);
#3064=VERTEX_POINT('',#10416);
#3065=VERTEX_POINT('',#10418);
#3066=VERTEX_POINT('',#10422);
#3067=VERTEX_POINT('',#10424);
#3068=VERTEX_POINT('',#10431);
#3069=VERTEX_POINT('',#10433);
#3070=VERTEX_POINT('',#10437);
#3071=VERTEX_POINT('',#10439);
#3072=VERTEX_POINT('',#10443);
#3073=VERTEX_POINT('',#10445);
#3074=VERTEX_POINT('',#10449);
#3075=VERTEX_POINT('',#10451);
#3076=VERTEX_POINT('',#10455);
#3077=VERTEX_POINT('',#10457);
#3078=VERTEX_POINT('',#10466);
#3079=VERTEX_POINT('',#10467);
#3080=VERTEX_POINT('',#10469);
#3081=VERTEX_POINT('',#10471);
#3082=VERTEX_POINT('',#10475);
#3083=VERTEX_POINT('',#10476);
#3084=VERTEX_POINT('',#10478);
#3085=VERTEX_POINT('',#10480);
#3086=VERTEX_POINT('',#10484);
#3087=VERTEX_POINT('',#10486);
#3088=VERTEX_POINT('',#10490);
#3089=VERTEX_POINT('',#10492);
#3090=VERTEX_POINT('',#10496);
#3091=VERTEX_POINT('',#10498);
#3092=VERTEX_POINT('',#10505);
#3093=VERTEX_POINT('',#10507);
#3094=VERTEX_POINT('',#10511);
#3095=VERTEX_POINT('',#10513);
#3096=VERTEX_POINT('',#10517);
#3097=VERTEX_POINT('',#10519);
#3098=VERTEX_POINT('',#10523);
#3099=VERTEX_POINT('',#10525);
#3100=VERTEX_POINT('',#10529);
#3101=VERTEX_POINT('',#10531);
#3102=VERTEX_POINT('',#10540);
#3103=VERTEX_POINT('',#10541);
#3104=VERTEX_POINT('',#10543);
#3105=VERTEX_POINT('',#10545);
#3106=VERTEX_POINT('',#10549);
#3107=VERTEX_POINT('',#10550);
#3108=VERTEX_POINT('',#10552);
#3109=VERTEX_POINT('',#10554);
#3110=VERTEX_POINT('',#10558);
#3111=VERTEX_POINT('',#10560);
#3112=VERTEX_POINT('',#10564);
#3113=VERTEX_POINT('',#10566);
#3114=VERTEX_POINT('',#10570);
#3115=VERTEX_POINT('',#10572);
#3116=VERTEX_POINT('',#10579);
#3117=VERTEX_POINT('',#10581);
#3118=VERTEX_POINT('',#10585);
#3119=VERTEX_POINT('',#10587);
#3120=VERTEX_POINT('',#10591);
#3121=VERTEX_POINT('',#10593);
#3122=VERTEX_POINT('',#10597);
#3123=VERTEX_POINT('',#10599);
#3124=VERTEX_POINT('',#10603);
#3125=VERTEX_POINT('',#10605);
#3126=VERTEX_POINT('',#10619);
#3127=VERTEX_POINT('',#10620);
#3128=VERTEX_POINT('',#10622);
#3129=VERTEX_POINT('',#10624);
#3130=VERTEX_POINT('',#10628);
#3131=VERTEX_POINT('',#10630);
#3132=VERTEX_POINT('',#10632);
#3133=VERTEX_POINT('',#10634);
#3134=VERTEX_POINT('',#10636);
#3135=VERTEX_POINT('',#10638);
#3136=VERTEX_POINT('',#10642);
#3137=VERTEX_POINT('',#10651);
#3138=VERTEX_POINT('',#10652);
#3139=VERTEX_POINT('',#10657);
#3140=VERTEX_POINT('',#10666);
#3141=VERTEX_POINT('',#10670);
#3142=VERTEX_POINT('',#10684);
#3143=VERTEX_POINT('',#10685);
#3144=VERTEX_POINT('',#10687);
#3145=VERTEX_POINT('',#10689);
#3146=VERTEX_POINT('',#10691);
#3147=VERTEX_POINT('',#10698);
#3148=VERTEX_POINT('',#10707);
#3149=VERTEX_POINT('',#10714);
#3150=VERTEX_POINT('',#10716);
#3151=VERTEX_POINT('',#10723);
#3152=VERTEX_POINT('',#10727);
#3153=VERTEX_POINT('',#10729);
#3154=VERTEX_POINT('',#10733);
#3155=VERTEX_POINT('',#10737);
#3156=VERTEX_POINT('',#10739);
#3157=VERTEX_POINT('',#10741);
#3158=VERTEX_POINT('',#10748);
#3159=VERTEX_POINT('',#10758);
#3160=VERTEX_POINT('',#10765);
#3161=VERTEX_POINT('',#10774);
#3162=VERTEX_POINT('',#10777);
#3163=VERTEX_POINT('',#10779);
#3164=VERTEX_POINT('',#10783);
#3165=VERTEX_POINT('',#10787);
#3166=VERTEX_POINT('',#10793);
#3167=VERTEX_POINT('',#10797);
#3168=VERTEX_POINT('',#10799);
#3169=VERTEX_POINT('',#10807);
#3170=VERTEX_POINT('',#10808);
#3171=VERTEX_POINT('',#10810);
#3172=VERTEX_POINT('',#10812);
#3173=VERTEX_POINT('',#10816);
#3174=VERTEX_POINT('',#10818);
#3175=VERTEX_POINT('',#10822);
#3176=VERTEX_POINT('',#10824);
#3177=VERTEX_POINT('',#10828);
#3178=VERTEX_POINT('',#10830);
#3179=VERTEX_POINT('',#10845);
#3180=VERTEX_POINT('',#10852);
#3181=VERTEX_POINT('',#10861);
#3182=VERTEX_POINT('',#10863);
#3183=VERTEX_POINT('',#10867);
#3184=VERTEX_POINT('',#10869);
#3185=VERTEX_POINT('',#10873);
#3186=VERTEX_POINT('',#10875);
#3187=VERTEX_POINT('',#10890);
#3188=VERTEX_POINT('',#10897);
#3189=VERTEX_POINT('',#10911);
#3190=VERTEX_POINT('',#10912);
#3191=VERTEX_POINT('',#10914);
#3192=VERTEX_POINT('',#10916);
#3193=VERTEX_POINT('',#10920);
#3194=VERTEX_POINT('',#10922);
#3195=VERTEX_POINT('',#10926);
#3196=VERTEX_POINT('',#10928);
#3197=VERTEX_POINT('',#10932);
#3198=VERTEX_POINT('',#10934);
#3199=VERTEX_POINT('',#10949);
#3200=VERTEX_POINT('',#10956);
#3201=VERTEX_POINT('',#10965);
#3202=VERTEX_POINT('',#10967);
#3203=VERTEX_POINT('',#10971);
#3204=VERTEX_POINT('',#10973);
#3205=VERTEX_POINT('',#10977);
#3206=VERTEX_POINT('',#10979);
#3207=VERTEX_POINT('',#10994);
#3208=VERTEX_POINT('',#11001);
#3209=VERTEX_POINT('',#11015);
#3210=VERTEX_POINT('',#11016);
#3211=VERTEX_POINT('',#11018);
#3212=VERTEX_POINT('',#11020);
#3213=VERTEX_POINT('',#11035);
#3214=VERTEX_POINT('',#11042);
#3215=VERTEX_POINT('',#11051);
#3216=VERTEX_POINT('',#11053);
#3217=VERTEX_POINT('',#11081);
#3218=VERTEX_POINT('',#11082);
#3219=VERTEX_POINT('',#11084);
#3220=VERTEX_POINT('',#11086);
#3221=VERTEX_POINT('',#11105);
#3222=VERTEX_POINT('',#11114);
#3223=VERTEX_POINT('',#11125);
#3224=VERTEX_POINT('',#11127);
#3225=VERTEX_POINT('',#11161);
#3226=VERTEX_POINT('',#11162);
#3227=VERTEX_POINT('',#11164);
#3228=VERTEX_POINT('',#11166);
#3229=VERTEX_POINT('',#11170);
#3230=VERTEX_POINT('',#11172);
#3231=VERTEX_POINT('',#11176);
#3232=VERTEX_POINT('',#11178);
#3233=VERTEX_POINT('',#11206);
#3234=VERTEX_POINT('',#11207);
#3235=VERTEX_POINT('',#11209);
#3236=VERTEX_POINT('',#11211);
#3237=VERTEX_POINT('',#11215);
#3238=VERTEX_POINT('',#11217);
#3239=VERTEX_POINT('',#11232);
#3240=VERTEX_POINT('',#11239);
#3241=VERTEX_POINT('',#11248);
#3242=VERTEX_POINT('',#11250);
#3243=VERTEX_POINT('',#11269);
#3244=VERTEX_POINT('',#11278);
#3245=VERTEX_POINT('',#11289);
#3246=VERTEX_POINT('',#11291);
#3247=VERTEX_POINT('',#11310);
#3248=VERTEX_POINT('',#11319);
#3249=VERTEX_POINT('',#11335);
#3250=VERTEX_POINT('',#11336);
#3251=VERTEX_POINT('',#11338);
#3252=VERTEX_POINT('',#11340);
#3253=VERTEX_POINT('',#11344);
#3254=VERTEX_POINT('',#11346);
#3255=VERTEX_POINT('',#11357);
#3256=VERTEX_POINT('',#11362);
#3257=VERTEX_POINT('',#11369);
#3258=VERTEX_POINT('',#11371);
#3259=VERTEX_POINT('',#11382);
#3260=VERTEX_POINT('',#11387);
#3261=VERTEX_POINT('',#11394);
#3262=VERTEX_POINT('',#11396);
#3263=VERTEX_POINT('',#11400);
#3264=VERTEX_POINT('',#11402);
#3265=VERTEX_POINT('',#11406);
#3266=VERTEX_POINT('',#11408);
#3267=VERTEX_POINT('',#11412);
#3268=VERTEX_POINT('',#11414);
#3269=VERTEX_POINT('',#11418);
#3270=VERTEX_POINT('',#11420);
#3271=VERTEX_POINT('',#11424);
#3272=VERTEX_POINT('',#11426);
#3273=VERTEX_POINT('',#11430);
#3274=VERTEX_POINT('',#11432);
#3275=VERTEX_POINT('',#11436);
#3276=VERTEX_POINT('',#11438);
#3277=VERTEX_POINT('',#11447);
#3278=VERTEX_POINT('',#11448);
#3279=VERTEX_POINT('',#11450);
#3280=VERTEX_POINT('',#11452);
#3281=VERTEX_POINT('',#11456);
#3282=VERTEX_POINT('',#11458);
#3283=VERTEX_POINT('',#11462);
#3284=VERTEX_POINT('',#11464);
#3285=VERTEX_POINT('',#11483);
#3286=VERTEX_POINT('',#11492);
#3287=VERTEX_POINT('',#11503);
#3288=VERTEX_POINT('',#11505);
#3289=VERTEX_POINT('',#11524);
#3290=VERTEX_POINT('',#11533);
#3291=VERTEX_POINT('',#11544);
#3292=VERTEX_POINT('',#11546);
#3293=VERTEX_POINT('',#11550);
#3294=VERTEX_POINT('',#11552);
#3295=VERTEX_POINT('',#11556);
#3296=VERTEX_POINT('',#11558);
#3297=VERTEX_POINT('',#11567);
#3298=VERTEX_POINT('',#11568);
#3299=VERTEX_POINT('',#11570);
#3300=VERTEX_POINT('',#11572);
#3301=VERTEX_POINT('',#11576);
#3302=VERTEX_POINT('',#11578);
#3303=VERTEX_POINT('',#11582);
#3304=VERTEX_POINT('',#11584);
#3305=VERTEX_POINT('',#11593);
#3306=VERTEX_POINT('',#11594);
#3307=VERTEX_POINT('',#11596);
#3308=VERTEX_POINT('',#11598);
#3309=VERTEX_POINT('',#11602);
#3310=VERTEX_POINT('',#11604);
#3311=VERTEX_POINT('',#11608);
#3312=VERTEX_POINT('',#11610);
#3313=VERTEX_POINT('',#11619);
#3314=VERTEX_POINT('',#11620);
#3315=VERTEX_POINT('',#11622);
#3316=VERTEX_POINT('',#11624);
#3317=VERTEX_POINT('',#11639);
#3318=VERTEX_POINT('',#11646);
#3319=VERTEX_POINT('',#11655);
#3320=VERTEX_POINT('',#11657);
#3321=VERTEX_POINT('',#11661);
#3322=VERTEX_POINT('',#11663);
#3323=VERTEX_POINT('',#11667);
#3324=VERTEX_POINT('',#11669);
#3325=VERTEX_POINT('',#11673);
#3326=VERTEX_POINT('',#11675);
#3327=VERTEX_POINT('',#11679);
#3328=VERTEX_POINT('',#11681);
#3329=VERTEX_POINT('',#11696);
#3330=VERTEX_POINT('',#11703);
#3331=VERTEX_POINT('',#11712);
#3332=VERTEX_POINT('',#11714);
#3333=VERTEX_POINT('',#11723);
#3334=VERTEX_POINT('',#11724);
#3335=VERTEX_POINT('',#11726);
#3336=VERTEX_POINT('',#11728);
#3337=VERTEX_POINT('',#11732);
#3338=VERTEX_POINT('',#11734);
#3339=VERTEX_POINT('',#11738);
#3340=VERTEX_POINT('',#11740);
#3341=VERTEX_POINT('',#11749);
#3342=VERTEX_POINT('',#11751);
#3343=VERTEX_POINT('',#11756);
#3344=VERTEX_POINT('',#11758);
#3345=VERTEX_POINT('',#11763);
#3346=VERTEX_POINT('',#11764);
#3347=VERTEX_POINT('',#11766);
#3348=VERTEX_POINT('',#11768);
#3349=VERTEX_POINT('',#11772);
#3350=VERTEX_POINT('',#11774);
#3351=VERTEX_POINT('',#11778);
#3352=VERTEX_POINT('',#11780);
#3353=VERTEX_POINT('',#11789);
#3354=VERTEX_POINT('',#11790);
#3355=VERTEX_POINT('',#11792);
#3356=VERTEX_POINT('',#11794);
#3357=VERTEX_POINT('',#11798);
#3358=VERTEX_POINT('',#11800);
#3359=VERTEX_POINT('',#11804);
#3360=VERTEX_POINT('',#11806);
#3361=VERTEX_POINT('',#11815);
#3362=VERTEX_POINT('',#11816);
#3363=VERTEX_POINT('',#11819);
#3364=VERTEX_POINT('',#11848);
#3365=VERTEX_POINT('',#11853);
#3366=VERTEX_POINT('',#11854);
#3367=VERTEX_POINT('',#11861);
#3368=VERTEX_POINT('',#11863);
#3369=VERTEX_POINT('',#11870);
#3370=VERTEX_POINT('',#11872);
#3371=VERTEX_POINT('',#11876);
#3372=VERTEX_POINT('',#11878);
#3373=VERTEX_POINT('',#11880);
#3374=VERTEX_POINT('',#11882);
#3375=VERTEX_POINT('',#11887);
#3376=VERTEX_POINT('',#11896);
#3377=VERTEX_POINT('',#11903);
#3378=VERTEX_POINT('',#11905);
#3379=VERTEX_POINT('',#11910);
#3380=VERTEX_POINT('',#11912);
#3381=VERTEX_POINT('',#11916);
#3382=VERTEX_POINT('',#11918);
#3383=VERTEX_POINT('',#11922);
#3384=VERTEX_POINT('',#11926);
#3385=VERTEX_POINT('',#11930);
#3386=VERTEX_POINT('',#11934);
#3387=VERTEX_POINT('',#11941);
#3388=VERTEX_POINT('',#11943);
#3389=VERTEX_POINT('',#11947);
#3390=VERTEX_POINT('',#11956);
#3391=VERTEX_POINT('',#11965);
#3392=VERTEX_POINT('',#11967);
#3393=VERTEX_POINT('',#12003);
#3394=VERTEX_POINT('',#12004);
#3395=VERTEX_POINT('',#12008);
#3396=VERTEX_POINT('',#12012);
#3397=VERTEX_POINT('',#12013);
#3398=VERTEX_POINT('',#12043);
#3399=EDGE_CURVE('',#2742,#2743,#1246,.T.);
#3400=EDGE_CURVE('',#2743,#2744,#1247,.T.);
#3401=EDGE_CURVE('',#2744,#2745,#1248,.T.);
#3402=EDGE_CURVE('',#2745,#2742,#1249,.T.);
#3403=EDGE_CURVE('',#2746,#2747,#1250,.T.);
#3404=EDGE_CURVE('',#2747,#2748,#1251,.T.);
#3405=EDGE_CURVE('',#2749,#2748,#1252,.T.);
#3406=EDGE_CURVE('',#2746,#2749,#1253,.T.);
#3407=EDGE_CURVE('',#2750,#2746,#208,.T.);
#3408=EDGE_CURVE('',#2751,#2749,#209,.T.);
#3409=EDGE_CURVE('',#2750,#2751,#1254,.T.);
#3410=EDGE_CURVE('',#2752,#2750,#1255,.T.);
#3411=EDGE_CURVE('',#2753,#2751,#1256,.T.);
#3412=EDGE_CURVE('',#2752,#2753,#1257,.T.);
#3413=EDGE_CURVE('',#2754,#2752,#210,.T.);
#3414=EDGE_CURVE('',#2755,#2753,#211,.T.);
#3415=EDGE_CURVE('',#2754,#2755,#1258,.T.);
#3416=EDGE_CURVE('',#2754,#2744,#1259,.T.);
#3417=EDGE_CURVE('',#2755,#2745,#1260,.T.);
#3418=EDGE_CURVE('',#2756,#2743,#1261,.T.);
#3419=EDGE_CURVE('',#2757,#2742,#1262,.T.);
#3420=EDGE_CURVE('',#2756,#2757,#1263,.T.);
#3421=EDGE_CURVE('',#2758,#2756,#212,.T.);
#3422=EDGE_CURVE('',#2759,#2757,#213,.T.);
#3423=EDGE_CURVE('',#2758,#2759,#1264,.T.);
#3424=EDGE_CURVE('',#2760,#2758,#1265,.T.);
#3425=EDGE_CURVE('',#2761,#2759,#1266,.T.);
#3426=EDGE_CURVE('',#2760,#2761,#1267,.T.);
#3427=EDGE_CURVE('',#2762,#2760,#214,.T.);
#3428=EDGE_CURVE('',#2763,#2761,#215,.T.);
#3429=EDGE_CURVE('',#2762,#2763,#1268,.T.);
#3430=EDGE_CURVE('',#2764,#2762,#1269,.T.);
#3431=EDGE_CURVE('',#2765,#2763,#1270,.T.);
#3432=EDGE_CURVE('',#2764,#2765,#1271,.T.);
#3433=EDGE_CURVE('',#2747,#2764,#1272,.T.);
#3434=EDGE_CURVE('',#2748,#2765,#1273,.T.);
#3435=EDGE_CURVE('',#2766,#2767,#1274,.T.);
#3436=EDGE_CURVE('',#2767,#2768,#1275,.T.);
#3437=EDGE_CURVE('',#2768,#2769,#1276,.T.);
#3438=EDGE_CURVE('',#2769,#2766,#1277,.T.);
#3439=EDGE_CURVE('',#2770,#2771,#1278,.T.);
#3440=EDGE_CURVE('',#2770,#2772,#1279,.T.);
#3441=EDGE_CURVE('',#2773,#2772,#1280,.T.);
#3442=EDGE_CURVE('',#2771,#2773,#1281,.T.);
#3443=EDGE_CURVE('',#2771,#2774,#216,.T.);
#3444=EDGE_CURVE('',#2775,#2773,#217,.T.);
#3445=EDGE_CURVE('',#2774,#2775,#1282,.T.);
#3446=EDGE_CURVE('',#2774,#2776,#1283,.T.);
#3447=EDGE_CURVE('',#2777,#2775,#1284,.T.);
#3448=EDGE_CURVE('',#2776,#2777,#1285,.T.);
#3449=EDGE_CURVE('',#2776,#2778,#218,.T.);
#3450=EDGE_CURVE('',#2779,#2777,#219,.T.);
#3451=EDGE_CURVE('',#2778,#2779,#1286,.T.);
#3452=EDGE_CURVE('',#2778,#2766,#1287,.T.);
#3453=EDGE_CURVE('',#2779,#2767,#1288,.T.);
#3454=EDGE_CURVE('',#2769,#2780,#1289,.T.);
#3455=EDGE_CURVE('',#2781,#2768,#1290,.T.);
#3456=EDGE_CURVE('',#2780,#2781,#1291,.T.);
#3457=EDGE_CURVE('',#2780,#2782,#220,.T.);
#3458=EDGE_CURVE('',#2783,#2781,#221,.T.);
#3459=EDGE_CURVE('',#2782,#2783,#1292,.T.);
#3460=EDGE_CURVE('',#2782,#2784,#1293,.T.);
#3461=EDGE_CURVE('',#2785,#2783,#1294,.T.);
#3462=EDGE_CURVE('',#2784,#2785,#1295,.T.);
#3463=EDGE_CURVE('',#2784,#2786,#222,.T.);
#3464=EDGE_CURVE('',#2787,#2785,#223,.T.);
#3465=EDGE_CURVE('',#2786,#2787,#1296,.T.);
#3466=EDGE_CURVE('',#2786,#2788,#1297,.T.);
#3467=EDGE_CURVE('',#2789,#2787,#1298,.T.);
#3468=EDGE_CURVE('',#2788,#2789,#1299,.T.);
#3469=EDGE_CURVE('',#2788,#2770,#1300,.T.);
#3470=EDGE_CURVE('',#2772,#2789,#1301,.T.);
#3471=EDGE_CURVE('',#2790,#2791,#1302,.T.);
#3472=EDGE_CURVE('',#2791,#2792,#1303,.T.);
#3473=EDGE_CURVE('',#2792,#2793,#1304,.T.);
#3474=EDGE_CURVE('',#2793,#2790,#1305,.T.);
#3475=EDGE_CURVE('',#2794,#2795,#1306,.T.);
#3476=EDGE_CURVE('',#2795,#2796,#1307,.T.);
#3477=EDGE_CURVE('',#2797,#2796,#1308,.T.);
#3478=EDGE_CURVE('',#2794,#2797,#1309,.T.);
#3479=EDGE_CURVE('',#2798,#2794,#224,.T.);
#3480=EDGE_CURVE('',#2799,#2797,#225,.T.);
#3481=EDGE_CURVE('',#2798,#2799,#1310,.T.);
#3482=EDGE_CURVE('',#2800,#2798,#1311,.T.);
#3483=EDGE_CURVE('',#2801,#2799,#1312,.T.);
#3484=EDGE_CURVE('',#2800,#2801,#1313,.T.);
#3485=EDGE_CURVE('',#2802,#2800,#226,.T.);
#3486=EDGE_CURVE('',#2803,#2801,#227,.T.);
#3487=EDGE_CURVE('',#2802,#2803,#1314,.T.);
#3488=EDGE_CURVE('',#2802,#2792,#1315,.T.);
#3489=EDGE_CURVE('',#2803,#2793,#1316,.T.);
#3490=EDGE_CURVE('',#2804,#2791,#1317,.T.);
#3491=EDGE_CURVE('',#2805,#2790,#1318,.T.);
#3492=EDGE_CURVE('',#2804,#2805,#1319,.T.);
#3493=EDGE_CURVE('',#2806,#2804,#228,.T.);
#3494=EDGE_CURVE('',#2807,#2805,#229,.T.);
#3495=EDGE_CURVE('',#2806,#2807,#1320,.T.);
#3496=EDGE_CURVE('',#2808,#2806,#1321,.T.);
#3497=EDGE_CURVE('',#2809,#2807,#1322,.T.);
#3498=EDGE_CURVE('',#2808,#2809,#1323,.T.);
#3499=EDGE_CURVE('',#2810,#2808,#230,.T.);
#3500=EDGE_CURVE('',#2811,#2809,#231,.T.);
#3501=EDGE_CURVE('',#2810,#2811,#1324,.T.);
#3502=EDGE_CURVE('',#2812,#2810,#1325,.T.);
#3503=EDGE_CURVE('',#2813,#2811,#1326,.T.);
#3504=EDGE_CURVE('',#2812,#2813,#1327,.T.);
#3505=EDGE_CURVE('',#2795,#2812,#1328,.T.);
#3506=EDGE_CURVE('',#2796,#2813,#1329,.T.);
#3507=EDGE_CURVE('',#2814,#2815,#1330,.T.);
#3508=EDGE_CURVE('',#2815,#2816,#1331,.T.);
#3509=EDGE_CURVE('',#2816,#2817,#1332,.T.);
#3510=EDGE_CURVE('',#2817,#2814,#1333,.T.);
#3511=EDGE_CURVE('',#2818,#2819,#1334,.T.);
#3512=EDGE_CURVE('',#2818,#2820,#1335,.T.);
#3513=EDGE_CURVE('',#2821,#2820,#1336,.T.);
#3514=EDGE_CURVE('',#2819,#2821,#1337,.T.);
#3515=EDGE_CURVE('',#2819,#2822,#232,.T.);
#3516=EDGE_CURVE('',#2823,#2821,#233,.T.);
#3517=EDGE_CURVE('',#2822,#2823,#1338,.T.);
#3518=EDGE_CURVE('',#2822,#2824,#1339,.T.);
#3519=EDGE_CURVE('',#2825,#2823,#1340,.T.);
#3520=EDGE_CURVE('',#2824,#2825,#1341,.T.);
#3521=EDGE_CURVE('',#2824,#2826,#234,.T.);
#3522=EDGE_CURVE('',#2827,#2825,#235,.T.);
#3523=EDGE_CURVE('',#2826,#2827,#1342,.T.);
#3524=EDGE_CURVE('',#2826,#2817,#1343,.T.);
#3525=EDGE_CURVE('',#2827,#2814,#1344,.T.);
#3526=EDGE_CURVE('',#2816,#2828,#1345,.T.);
#3527=EDGE_CURVE('',#2829,#2815,#1346,.T.);
#3528=EDGE_CURVE('',#2828,#2829,#1347,.T.);
#3529=EDGE_CURVE('',#2828,#2830,#236,.T.);
#3530=EDGE_CURVE('',#2831,#2829,#237,.T.);
#3531=EDGE_CURVE('',#2830,#2831,#1348,.T.);
#3532=EDGE_CURVE('',#2830,#2832,#1349,.T.);
#3533=EDGE_CURVE('',#2833,#2831,#1350,.T.);
#3534=EDGE_CURVE('',#2832,#2833,#1351,.T.);
#3535=EDGE_CURVE('',#2832,#2834,#238,.T.);
#3536=EDGE_CURVE('',#2835,#2833,#239,.T.);
#3537=EDGE_CURVE('',#2834,#2835,#1352,.T.);
#3538=EDGE_CURVE('',#2834,#2836,#1353,.T.);
#3539=EDGE_CURVE('',#2837,#2835,#1354,.T.);
#3540=EDGE_CURVE('',#2836,#2837,#1355,.T.);
#3541=EDGE_CURVE('',#2836,#2818,#1356,.T.);
#3542=EDGE_CURVE('',#2820,#2837,#1357,.T.);
#3543=EDGE_CURVE('',#2838,#2839,#1358,.T.);
#3544=EDGE_CURVE('',#2839,#2840,#1359,.T.);
#3545=EDGE_CURVE('',#2840,#2841,#1360,.T.);
#3546=EDGE_CURVE('',#2841,#2838,#1361,.T.);
#3547=EDGE_CURVE('',#2842,#2843,#1362,.T.);
#3548=EDGE_CURVE('',#2843,#2844,#1363,.T.);
#3549=EDGE_CURVE('',#2845,#2844,#1364,.T.);
#3550=EDGE_CURVE('',#2842,#2845,#1365,.T.);
#3551=EDGE_CURVE('',#2846,#2842,#240,.T.);
#3552=EDGE_CURVE('',#2847,#2845,#241,.T.);
#3553=EDGE_CURVE('',#2846,#2847,#1366,.T.);
#3554=EDGE_CURVE('',#2848,#2846,#1367,.T.);
#3555=EDGE_CURVE('',#2849,#2847,#1368,.T.);
#3556=EDGE_CURVE('',#2848,#2849,#1369,.T.);
#3557=EDGE_CURVE('',#2850,#2848,#242,.T.);
#3558=EDGE_CURVE('',#2851,#2849,#243,.T.);
#3559=EDGE_CURVE('',#2850,#2851,#1370,.T.);
#3560=EDGE_CURVE('',#2850,#2840,#1371,.T.);
#3561=EDGE_CURVE('',#2851,#2841,#1372,.T.);
#3562=EDGE_CURVE('',#2852,#2839,#1373,.T.);
#3563=EDGE_CURVE('',#2853,#2838,#1374,.T.);
#3564=EDGE_CURVE('',#2852,#2853,#1375,.T.);
#3565=EDGE_CURVE('',#2854,#2852,#244,.T.);
#3566=EDGE_CURVE('',#2855,#2853,#245,.T.);
#3567=EDGE_CURVE('',#2854,#2855,#1376,.T.);
#3568=EDGE_CURVE('',#2856,#2854,#1377,.T.);
#3569=EDGE_CURVE('',#2857,#2855,#1378,.T.);
#3570=EDGE_CURVE('',#2856,#2857,#1379,.T.);
#3571=EDGE_CURVE('',#2858,#2856,#246,.T.);
#3572=EDGE_CURVE('',#2859,#2857,#247,.T.);
#3573=EDGE_CURVE('',#2858,#2859,#1380,.T.);
#3574=EDGE_CURVE('',#2860,#2858,#1381,.T.);
#3575=EDGE_CURVE('',#2861,#2859,#1382,.T.);
#3576=EDGE_CURVE('',#2860,#2861,#1383,.T.);
#3577=EDGE_CURVE('',#2843,#2860,#1384,.T.);
#3578=EDGE_CURVE('',#2844,#2861,#1385,.T.);
#3579=EDGE_CURVE('',#2862,#2863,#1386,.T.);
#3580=EDGE_CURVE('',#2863,#2864,#1387,.T.);
#3581=EDGE_CURVE('',#2864,#2865,#1388,.T.);
#3582=EDGE_CURVE('',#2865,#2862,#1389,.T.);
#3583=EDGE_CURVE('',#2866,#2867,#1390,.T.);
#3584=EDGE_CURVE('',#2866,#2868,#1391,.T.);
#3585=EDGE_CURVE('',#2869,#2868,#1392,.T.);
#3586=EDGE_CURVE('',#2867,#2869,#1393,.T.);
#3587=EDGE_CURVE('',#2867,#2870,#248,.T.);
#3588=EDGE_CURVE('',#2871,#2869,#249,.T.);
#3589=EDGE_CURVE('',#2870,#2871,#1394,.T.);
#3590=EDGE_CURVE('',#2870,#2872,#1395,.T.);
#3591=EDGE_CURVE('',#2873,#2871,#1396,.T.);
#3592=EDGE_CURVE('',#2872,#2873,#1397,.T.);
#3593=EDGE_CURVE('',#2872,#2874,#250,.T.);
#3594=EDGE_CURVE('',#2875,#2873,#251,.T.);
#3595=EDGE_CURVE('',#2874,#2875,#1398,.T.);
#3596=EDGE_CURVE('',#2874,#2862,#1399,.T.);
#3597=EDGE_CURVE('',#2875,#2863,#1400,.T.);
#3598=EDGE_CURVE('',#2865,#2876,#1401,.T.);
#3599=EDGE_CURVE('',#2877,#2864,#1402,.T.);
#3600=EDGE_CURVE('',#2876,#2877,#1403,.T.);
#3601=EDGE_CURVE('',#2876,#2878,#252,.T.);
#3602=EDGE_CURVE('',#2879,#2877,#253,.T.);
#3603=EDGE_CURVE('',#2878,#2879,#1404,.T.);
#3604=EDGE_CURVE('',#2878,#2880,#1405,.T.);
#3605=EDGE_CURVE('',#2881,#2879,#1406,.T.);
#3606=EDGE_CURVE('',#2880,#2881,#1407,.T.);
#3607=EDGE_CURVE('',#2880,#2882,#254,.T.);
#3608=EDGE_CURVE('',#2883,#2881,#255,.T.);
#3609=EDGE_CURVE('',#2882,#2883,#1408,.T.);
#3610=EDGE_CURVE('',#2882,#2884,#1409,.T.);
#3611=EDGE_CURVE('',#2885,#2883,#1410,.T.);
#3612=EDGE_CURVE('',#2884,#2885,#1411,.T.);
#3613=EDGE_CURVE('',#2884,#2866,#1412,.T.);
#3614=EDGE_CURVE('',#2868,#2885,#1413,.T.);
#3615=EDGE_CURVE('',#2886,#2887,#1414,.T.);
#3616=EDGE_CURVE('',#2887,#2888,#1415,.T.);
#3617=EDGE_CURVE('',#2888,#2889,#1416,.T.);
#3618=EDGE_CURVE('',#2889,#2886,#1417,.T.);
#3619=EDGE_CURVE('',#2890,#2891,#1418,.T.);
#3620=EDGE_CURVE('',#2891,#2892,#1419,.T.);
#3621=EDGE_CURVE('',#2893,#2892,#1420,.T.);
#3622=EDGE_CURVE('',#2890,#2893,#1421,.T.);
#3623=EDGE_CURVE('',#2894,#2890,#256,.T.);
#3624=EDGE_CURVE('',#2895,#2893,#257,.T.);
#3625=EDGE_CURVE('',#2894,#2895,#1422,.T.);
#3626=EDGE_CURVE('',#2896,#2894,#1423,.T.);
#3627=EDGE_CURVE('',#2897,#2895,#1424,.T.);
#3628=EDGE_CURVE('',#2896,#2897,#1425,.T.);
#3629=EDGE_CURVE('',#2898,#2896,#258,.T.);
#3630=EDGE_CURVE('',#2899,#2897,#259,.T.);
#3631=EDGE_CURVE('',#2898,#2899,#1426,.T.);
#3632=EDGE_CURVE('',#2898,#2888,#1427,.T.);
#3633=EDGE_CURVE('',#2899,#2889,#1428,.T.);
#3634=EDGE_CURVE('',#2900,#2887,#1429,.T.);
#3635=EDGE_CURVE('',#2901,#2886,#1430,.T.);
#3636=EDGE_CURVE('',#2900,#2901,#1431,.T.);
#3637=EDGE_CURVE('',#2902,#2900,#260,.T.);
#3638=EDGE_CURVE('',#2903,#2901,#261,.T.);
#3639=EDGE_CURVE('',#2902,#2903,#1432,.T.);
#3640=EDGE_CURVE('',#2904,#2902,#1433,.T.);
#3641=EDGE_CURVE('',#2905,#2903,#1434,.T.);
#3642=EDGE_CURVE('',#2904,#2905,#1435,.T.);
#3643=EDGE_CURVE('',#2906,#2904,#262,.T.);
#3644=EDGE_CURVE('',#2907,#2905,#263,.T.);
#3645=EDGE_CURVE('',#2906,#2907,#1436,.T.);
#3646=EDGE_CURVE('',#2908,#2906,#1437,.T.);
#3647=EDGE_CURVE('',#2909,#2907,#1438,.T.);
#3648=EDGE_CURVE('',#2908,#2909,#1439,.T.);
#3649=EDGE_CURVE('',#2891,#2908,#1440,.T.);
#3650=EDGE_CURVE('',#2892,#2909,#1441,.T.);
#3651=EDGE_CURVE('',#2910,#2911,#1442,.T.);
#3652=EDGE_CURVE('',#2911,#2912,#1443,.T.);
#3653=EDGE_CURVE('',#2912,#2913,#1444,.T.);
#3654=EDGE_CURVE('',#2913,#2910,#1445,.T.);
#3655=EDGE_CURVE('',#2914,#2915,#1446,.T.);
#3656=EDGE_CURVE('',#2914,#2916,#1447,.T.);
#3657=EDGE_CURVE('',#2917,#2916,#1448,.T.);
#3658=EDGE_CURVE('',#2915,#2917,#1449,.T.);
#3659=EDGE_CURVE('',#2915,#2918,#264,.T.);
#3660=EDGE_CURVE('',#2919,#2917,#265,.T.);
#3661=EDGE_CURVE('',#2918,#2919,#1450,.T.);
#3662=EDGE_CURVE('',#2918,#2920,#1451,.T.);
#3663=EDGE_CURVE('',#2921,#2919,#1452,.T.);
#3664=EDGE_CURVE('',#2920,#2921,#1453,.T.);
#3665=EDGE_CURVE('',#2920,#2922,#266,.T.);
#3666=EDGE_CURVE('',#2923,#2921,#267,.T.);
#3667=EDGE_CURVE('',#2922,#2923,#1454,.T.);
#3668=EDGE_CURVE('',#2922,#2910,#1455,.T.);
#3669=EDGE_CURVE('',#2923,#2911,#1456,.T.);
#3670=EDGE_CURVE('',#2913,#2924,#1457,.T.);
#3671=EDGE_CURVE('',#2925,#2912,#1458,.T.);
#3672=EDGE_CURVE('',#2924,#2925,#1459,.T.);
#3673=EDGE_CURVE('',#2924,#2926,#268,.T.);
#3674=EDGE_CURVE('',#2927,#2925,#269,.T.);
#3675=EDGE_CURVE('',#2926,#2927,#1460,.T.);
#3676=EDGE_CURVE('',#2926,#2928,#1461,.T.);
#3677=EDGE_CURVE('',#2929,#2927,#1462,.T.);
#3678=EDGE_CURVE('',#2928,#2929,#1463,.T.);
#3679=EDGE_CURVE('',#2928,#2930,#270,.T.);
#3680=EDGE_CURVE('',#2931,#2929,#271,.T.);
#3681=EDGE_CURVE('',#2930,#2931,#1464,.T.);
#3682=EDGE_CURVE('',#2930,#2932,#1465,.T.);
#3683=EDGE_CURVE('',#2933,#2931,#1466,.T.);
#3684=EDGE_CURVE('',#2932,#2933,#1467,.T.);
#3685=EDGE_CURVE('',#2932,#2914,#1468,.T.);
#3686=EDGE_CURVE('',#2916,#2933,#1469,.T.);
#3687=EDGE_CURVE('',#2934,#2935,#1470,.T.);
#3688=EDGE_CURVE('',#2935,#2936,#1471,.T.);
#3689=EDGE_CURVE('',#2936,#2937,#1472,.T.);
#3690=EDGE_CURVE('',#2937,#2934,#1473,.T.);
#3691=EDGE_CURVE('',#2938,#2939,#1474,.T.);
#3692=EDGE_CURVE('',#2939,#2940,#1475,.T.);
#3693=EDGE_CURVE('',#2941,#2940,#1476,.T.);
#3694=EDGE_CURVE('',#2938,#2941,#1477,.T.);
#3695=EDGE_CURVE('',#2942,#2938,#272,.T.);
#3696=EDGE_CURVE('',#2943,#2941,#273,.T.);
#3697=EDGE_CURVE('',#2942,#2943,#1478,.T.);
#3698=EDGE_CURVE('',#2944,#2942,#1479,.T.);
#3699=EDGE_CURVE('',#2945,#2943,#1480,.T.);
#3700=EDGE_CURVE('',#2944,#2945,#1481,.T.);
#3701=EDGE_CURVE('',#2946,#2944,#274,.T.);
#3702=EDGE_CURVE('',#2947,#2945,#275,.T.);
#3703=EDGE_CURVE('',#2946,#2947,#1482,.T.);
#3704=EDGE_CURVE('',#2946,#2936,#1483,.T.);
#3705=EDGE_CURVE('',#2947,#2937,#1484,.T.);
#3706=EDGE_CURVE('',#2948,#2935,#1485,.T.);
#3707=EDGE_CURVE('',#2949,#2934,#1486,.T.);
#3708=EDGE_CURVE('',#2948,#2949,#1487,.T.);
#3709=EDGE_CURVE('',#2950,#2948,#276,.T.);
#3710=EDGE_CURVE('',#2951,#2949,#277,.T.);
#3711=EDGE_CURVE('',#2950,#2951,#1488,.T.);
#3712=EDGE_CURVE('',#2952,#2950,#1489,.T.);
#3713=EDGE_CURVE('',#2953,#2951,#1490,.T.);
#3714=EDGE_CURVE('',#2952,#2953,#1491,.T.);
#3715=EDGE_CURVE('',#2954,#2952,#278,.T.);
#3716=EDGE_CURVE('',#2955,#2953,#279,.T.);
#3717=EDGE_CURVE('',#2954,#2955,#1492,.T.);
#3718=EDGE_CURVE('',#2956,#2954,#1493,.T.);
#3719=EDGE_CURVE('',#2957,#2955,#1494,.T.);
#3720=EDGE_CURVE('',#2956,#2957,#1495,.T.);
#3721=EDGE_CURVE('',#2939,#2956,#1496,.T.);
#3722=EDGE_CURVE('',#2940,#2957,#1497,.T.);
#3723=EDGE_CURVE('',#2958,#2959,#1498,.T.);
#3724=EDGE_CURVE('',#2959,#2960,#1499,.T.);
#3725=EDGE_CURVE('',#2960,#2961,#1500,.T.);
#3726=EDGE_CURVE('',#2961,#2958,#1501,.T.);
#3727=EDGE_CURVE('',#2962,#2963,#1502,.T.);
#3728=EDGE_CURVE('',#2962,#2964,#1503,.T.);
#3729=EDGE_CURVE('',#2965,#2964,#1504,.T.);
#3730=EDGE_CURVE('',#2963,#2965,#1505,.T.);
#3731=EDGE_CURVE('',#2963,#2966,#280,.T.);
#3732=EDGE_CURVE('',#2967,#2965,#281,.T.);
#3733=EDGE_CURVE('',#2966,#2967,#1506,.T.);
#3734=EDGE_CURVE('',#2966,#2968,#1507,.T.);
#3735=EDGE_CURVE('',#2969,#2967,#1508,.T.);
#3736=EDGE_CURVE('',#2968,#2969,#1509,.T.);
#3737=EDGE_CURVE('',#2968,#2970,#282,.T.);
#3738=EDGE_CURVE('',#2971,#2969,#283,.T.);
#3739=EDGE_CURVE('',#2970,#2971,#1510,.T.);
#3740=EDGE_CURVE('',#2970,#2958,#1511,.T.);
#3741=EDGE_CURVE('',#2971,#2959,#1512,.T.);
#3742=EDGE_CURVE('',#2961,#2972,#1513,.T.);
#3743=EDGE_CURVE('',#2973,#2960,#1514,.T.);
#3744=EDGE_CURVE('',#2972,#2973,#1515,.T.);
#3745=EDGE_CURVE('',#2972,#2974,#284,.T.);
#3746=EDGE_CURVE('',#2975,#2973,#285,.T.);
#3747=EDGE_CURVE('',#2974,#2975,#1516,.T.);
#3748=EDGE_CURVE('',#2974,#2976,#1517,.T.);
#3749=EDGE_CURVE('',#2977,#2975,#1518,.T.);
#3750=EDGE_CURVE('',#2976,#2977,#1519,.T.);
#3751=EDGE_CURVE('',#2976,#2978,#286,.T.);
#3752=EDGE_CURVE('',#2979,#2977,#287,.T.);
#3753=EDGE_CURVE('',#2978,#2979,#1520,.T.);
#3754=EDGE_CURVE('',#2978,#2980,#1521,.T.);
#3755=EDGE_CURVE('',#2981,#2979,#1522,.T.);
#3756=EDGE_CURVE('',#2980,#2981,#1523,.T.);
#3757=EDGE_CURVE('',#2980,#2962,#1524,.T.);
#3758=EDGE_CURVE('',#2964,#2981,#1525,.T.);
#3759=EDGE_CURVE('',#2982,#2983,#1526,.T.);
#3760=EDGE_CURVE('',#2983,#2984,#1527,.T.);
#3761=EDGE_CURVE('',#2984,#2985,#1528,.T.);
#3762=EDGE_CURVE('',#2985,#2982,#1529,.T.);
#3763=EDGE_CURVE('',#2986,#2987,#1530,.T.);
#3764=EDGE_CURVE('',#2987,#2988,#1531,.T.);
#3765=EDGE_CURVE('',#2989,#2988,#1532,.T.);
#3766=EDGE_CURVE('',#2986,#2989,#1533,.T.);
#3767=EDGE_CURVE('',#2990,#2986,#288,.T.);
#3768=EDGE_CURVE('',#2991,#2989,#289,.T.);
#3769=EDGE_CURVE('',#2990,#2991,#1534,.T.);
#3770=EDGE_CURVE('',#2992,#2990,#1535,.T.);
#3771=EDGE_CURVE('',#2993,#2991,#1536,.T.);
#3772=EDGE_CURVE('',#2992,#2993,#1537,.T.);
#3773=EDGE_CURVE('',#2994,#2992,#290,.T.);
#3774=EDGE_CURVE('',#2995,#2993,#291,.T.);
#3775=EDGE_CURVE('',#2994,#2995,#1538,.T.);
#3776=EDGE_CURVE('',#2994,#2984,#1539,.T.);
#3777=EDGE_CURVE('',#2995,#2985,#1540,.T.);
#3778=EDGE_CURVE('',#2996,#2983,#1541,.T.);
#3779=EDGE_CURVE('',#2997,#2982,#1542,.T.);
#3780=EDGE_CURVE('',#2996,#2997,#1543,.T.);
#3781=EDGE_CURVE('',#2998,#2996,#292,.T.);
#3782=EDGE_CURVE('',#2999,#2997,#293,.T.);
#3783=EDGE_CURVE('',#2998,#2999,#1544,.T.);
#3784=EDGE_CURVE('',#3000,#2998,#1545,.T.);
#3785=EDGE_CURVE('',#3001,#2999,#1546,.T.);
#3786=EDGE_CURVE('',#3000,#3001,#1547,.T.);
#3787=EDGE_CURVE('',#3002,#3000,#294,.T.);
#3788=EDGE_CURVE('',#3003,#3001,#295,.T.);
#3789=EDGE_CURVE('',#3002,#3003,#1548,.T.);
#3790=EDGE_CURVE('',#3004,#3002,#1549,.T.);
#3791=EDGE_CURVE('',#3005,#3003,#1550,.T.);
#3792=EDGE_CURVE('',#3004,#3005,#1551,.T.);
#3793=EDGE_CURVE('',#2987,#3004,#1552,.T.);
#3794=EDGE_CURVE('',#2988,#3005,#1553,.T.);
#3795=EDGE_CURVE('',#3006,#3007,#1554,.T.);
#3796=EDGE_CURVE('',#3007,#3008,#1555,.T.);
#3797=EDGE_CURVE('',#3008,#3009,#1556,.T.);
#3798=EDGE_CURVE('',#3009,#3006,#1557,.T.);
#3799=EDGE_CURVE('',#3010,#3011,#1558,.T.);
#3800=EDGE_CURVE('',#3010,#3012,#1559,.T.);
#3801=EDGE_CURVE('',#3013,#3012,#1560,.T.);
#3802=EDGE_CURVE('',#3011,#3013,#1561,.T.);
#3803=EDGE_CURVE('',#3011,#3014,#296,.T.);
#3804=EDGE_CURVE('',#3015,#3013,#297,.T.);
#3805=EDGE_CURVE('',#3014,#3015,#1562,.T.);
#3806=EDGE_CURVE('',#3014,#3016,#1563,.T.);
#3807=EDGE_CURVE('',#3017,#3015,#1564,.T.);
#3808=EDGE_CURVE('',#3016,#3017,#1565,.T.);
#3809=EDGE_CURVE('',#3016,#3018,#298,.T.);
#3810=EDGE_CURVE('',#3019,#3017,#299,.T.);
#3811=EDGE_CURVE('',#3018,#3019,#1566,.T.);
#3812=EDGE_CURVE('',#3018,#3006,#1567,.T.);
#3813=EDGE_CURVE('',#3019,#3007,#1568,.T.);
#3814=EDGE_CURVE('',#3009,#3020,#1569,.T.);
#3815=EDGE_CURVE('',#3021,#3008,#1570,.T.);
#3816=EDGE_CURVE('',#3020,#3021,#1571,.T.);
#3817=EDGE_CURVE('',#3020,#3022,#300,.T.);
#3818=EDGE_CURVE('',#3023,#3021,#301,.T.);
#3819=EDGE_CURVE('',#3022,#3023,#1572,.T.);
#3820=EDGE_CURVE('',#3022,#3024,#1573,.T.);
#3821=EDGE_CURVE('',#3025,#3023,#1574,.T.);
#3822=EDGE_CURVE('',#3024,#3025,#1575,.T.);
#3823=EDGE_CURVE('',#3024,#3026,#302,.T.);
#3824=EDGE_CURVE('',#3027,#3025,#303,.T.);
#3825=EDGE_CURVE('',#3026,#3027,#1576,.T.);
#3826=EDGE_CURVE('',#3026,#3028,#1577,.T.);
#3827=EDGE_CURVE('',#3029,#3027,#1578,.T.);
#3828=EDGE_CURVE('',#3028,#3029,#1579,.T.);
#3829=EDGE_CURVE('',#3028,#3010,#1580,.T.);
#3830=EDGE_CURVE('',#3012,#3029,#1581,.T.);
#3831=EDGE_CURVE('',#3030,#3031,#1582,.T.);
#3832=EDGE_CURVE('',#3031,#3032,#1583,.T.);
#3833=EDGE_CURVE('',#3032,#3033,#1584,.T.);
#3834=EDGE_CURVE('',#3033,#3030,#1585,.T.);
#3835=EDGE_CURVE('',#3034,#3035,#1586,.T.);
#3836=EDGE_CURVE('',#3035,#3036,#1587,.T.);
#3837=EDGE_CURVE('',#3037,#3036,#1588,.T.);
#3838=EDGE_CURVE('',#3034,#3037,#1589,.T.);
#3839=EDGE_CURVE('',#3038,#3034,#304,.T.);
#3840=EDGE_CURVE('',#3039,#3037,#305,.T.);
#3841=EDGE_CURVE('',#3038,#3039,#1590,.T.);
#3842=EDGE_CURVE('',#3040,#3038,#1591,.T.);
#3843=EDGE_CURVE('',#3041,#3039,#1592,.T.);
#3844=EDGE_CURVE('',#3040,#3041,#1593,.T.);
#3845=EDGE_CURVE('',#3042,#3040,#306,.T.);
#3846=EDGE_CURVE('',#3043,#3041,#307,.T.);
#3847=EDGE_CURVE('',#3042,#3043,#1594,.T.);
#3848=EDGE_CURVE('',#3042,#3032,#1595,.T.);
#3849=EDGE_CURVE('',#3043,#3033,#1596,.T.);
#3850=EDGE_CURVE('',#3044,#3031,#1597,.T.);
#3851=EDGE_CURVE('',#3045,#3030,#1598,.T.);
#3852=EDGE_CURVE('',#3044,#3045,#1599,.T.);
#3853=EDGE_CURVE('',#3046,#3044,#308,.T.);
#3854=EDGE_CURVE('',#3047,#3045,#309,.T.);
#3855=EDGE_CURVE('',#3046,#3047,#1600,.T.);
#3856=EDGE_CURVE('',#3048,#3046,#1601,.T.);
#3857=EDGE_CURVE('',#3049,#3047,#1602,.T.);
#3858=EDGE_CURVE('',#3048,#3049,#1603,.T.);
#3859=EDGE_CURVE('',#3050,#3048,#310,.T.);
#3860=EDGE_CURVE('',#3051,#3049,#311,.T.);
#3861=EDGE_CURVE('',#3050,#3051,#1604,.T.);
#3862=EDGE_CURVE('',#3052,#3050,#1605,.T.);
#3863=EDGE_CURVE('',#3053,#3051,#1606,.T.);
#3864=EDGE_CURVE('',#3052,#3053,#1607,.T.);
#3865=EDGE_CURVE('',#3035,#3052,#1608,.T.);
#3866=EDGE_CURVE('',#3036,#3053,#1609,.T.);
#3867=EDGE_CURVE('',#3054,#3055,#1610,.T.);
#3868=EDGE_CURVE('',#3055,#3056,#1611,.T.);
#3869=EDGE_CURVE('',#3056,#3057,#1612,.T.);
#3870=EDGE_CURVE('',#3057,#3054,#1613,.T.);
#3871=EDGE_CURVE('',#3058,#3059,#1614,.T.);
#3872=EDGE_CURVE('',#3058,#3060,#1615,.T.);
#3873=EDGE_CURVE('',#3061,#3060,#1616,.T.);
#3874=EDGE_CURVE('',#3059,#3061,#1617,.T.);
#3875=EDGE_CURVE('',#3059,#3062,#312,.T.);
#3876=EDGE_CURVE('',#3063,#3061,#313,.T.);
#3877=EDGE_CURVE('',#3062,#3063,#1618,.T.);
#3878=EDGE_CURVE('',#3062,#3064,#1619,.T.);
#3879=EDGE_CURVE('',#3065,#3063,#1620,.T.);
#3880=EDGE_CURVE('',#3064,#3065,#1621,.T.);
#3881=EDGE_CURVE('',#3064,#3066,#314,.T.);
#3882=EDGE_CURVE('',#3067,#3065,#315,.T.);
#3883=EDGE_CURVE('',#3066,#3067,#1622,.T.);
#3884=EDGE_CURVE('',#3066,#3054,#1623,.T.);
#3885=EDGE_CURVE('',#3067,#3055,#1624,.T.);
#3886=EDGE_CURVE('',#3057,#3068,#1625,.T.);
#3887=EDGE_CURVE('',#3069,#3056,#1626,.T.);
#3888=EDGE_CURVE('',#3068,#3069,#1627,.T.);
#3889=EDGE_CURVE('',#3068,#3070,#316,.T.);
#3890=EDGE_CURVE('',#3071,#3069,#317,.T.);
#3891=EDGE_CURVE('',#3070,#3071,#1628,.T.);
#3892=EDGE_CURVE('',#3070,#3072,#1629,.T.);
#3893=EDGE_CURVE('',#3073,#3071,#1630,.T.);
#3894=EDGE_CURVE('',#3072,#3073,#1631,.T.);
#3895=EDGE_CURVE('',#3072,#3074,#318,.T.);
#3896=EDGE_CURVE('',#3075,#3073,#319,.T.);
#3897=EDGE_CURVE('',#3074,#3075,#1632,.T.);
#3898=EDGE_CURVE('',#3074,#3076,#1633,.T.);
#3899=EDGE_CURVE('',#3077,#3075,#1634,.T.);
#3900=EDGE_CURVE('',#3076,#3077,#1635,.T.);
#3901=EDGE_CURVE('',#3076,#3058,#1636,.T.);
#3902=EDGE_CURVE('',#3060,#3077,#1637,.T.);
#3903=EDGE_CURVE('',#3078,#3079,#1638,.T.);
#3904=EDGE_CURVE('',#3079,#3080,#1639,.T.);
#3905=EDGE_CURVE('',#3080,#3081,#1640,.T.);
#3906=EDGE_CURVE('',#3081,#3078,#1641,.T.);
#3907=EDGE_CURVE('',#3082,#3083,#1642,.T.);
#3908=EDGE_CURVE('',#3083,#3084,#1643,.T.);
#3909=EDGE_CURVE('',#3085,#3084,#1644,.T.);
#3910=EDGE_CURVE('',#3082,#3085,#1645,.T.);
#3911=EDGE_CURVE('',#3086,#3082,#320,.T.);
#3912=EDGE_CURVE('',#3087,#3085,#321,.T.);
#3913=EDGE_CURVE('',#3086,#3087,#1646,.T.);
#3914=EDGE_CURVE('',#3088,#3086,#1647,.T.);
#3915=EDGE_CURVE('',#3089,#3087,#1648,.T.);
#3916=EDGE_CURVE('',#3088,#3089,#1649,.T.);
#3917=EDGE_CURVE('',#3090,#3088,#322,.T.);
#3918=EDGE_CURVE('',#3091,#3089,#323,.T.);
#3919=EDGE_CURVE('',#3090,#3091,#1650,.T.);
#3920=EDGE_CURVE('',#3090,#3080,#1651,.T.);
#3921=EDGE_CURVE('',#3091,#3081,#1652,.T.);
#3922=EDGE_CURVE('',#3092,#3079,#1653,.T.);
#3923=EDGE_CURVE('',#3093,#3078,#1654,.T.);
#3924=EDGE_CURVE('',#3092,#3093,#1655,.T.);
#3925=EDGE_CURVE('',#3094,#3092,#324,.T.);
#3926=EDGE_CURVE('',#3095,#3093,#325,.T.);
#3927=EDGE_CURVE('',#3094,#3095,#1656,.T.);
#3928=EDGE_CURVE('',#3096,#3094,#1657,.T.);
#3929=EDGE_CURVE('',#3097,#3095,#1658,.T.);
#3930=EDGE_CURVE('',#3096,#3097,#1659,.T.);
#3931=EDGE_CURVE('',#3098,#3096,#326,.T.);
#3932=EDGE_CURVE('',#3099,#3097,#327,.T.);
#3933=EDGE_CURVE('',#3098,#3099,#1660,.T.);
#3934=EDGE_CURVE('',#3100,#3098,#1661,.T.);
#3935=EDGE_CURVE('',#3101,#3099,#1662,.T.);
#3936=EDGE_CURVE('',#3100,#3101,#1663,.T.);
#3937=EDGE_CURVE('',#3083,#3100,#1664,.T.);
#3938=EDGE_CURVE('',#3084,#3101,#1665,.T.);
#3939=EDGE_CURVE('',#3102,#3103,#1666,.T.);
#3940=EDGE_CURVE('',#3103,#3104,#1667,.T.);
#3941=EDGE_CURVE('',#3104,#3105,#1668,.T.);
#3942=EDGE_CURVE('',#3105,#3102,#1669,.T.);
#3943=EDGE_CURVE('',#3106,#3107,#1670,.T.);
#3944=EDGE_CURVE('',#3106,#3108,#1671,.T.);
#3945=EDGE_CURVE('',#3109,#3108,#1672,.T.);
#3946=EDGE_CURVE('',#3107,#3109,#1673,.T.);
#3947=EDGE_CURVE('',#3107,#3110,#328,.T.);
#3948=EDGE_CURVE('',#3111,#3109,#329,.T.);
#3949=EDGE_CURVE('',#3110,#3111,#1674,.T.);
#3950=EDGE_CURVE('',#3110,#3112,#1675,.T.);
#3951=EDGE_CURVE('',#3113,#3111,#1676,.T.);
#3952=EDGE_CURVE('',#3112,#3113,#1677,.T.);
#3953=EDGE_CURVE('',#3112,#3114,#330,.T.);
#3954=EDGE_CURVE('',#3115,#3113,#331,.T.);
#3955=EDGE_CURVE('',#3114,#3115,#1678,.T.);
#3956=EDGE_CURVE('',#3114,#3102,#1679,.T.);
#3957=EDGE_CURVE('',#3115,#3103,#1680,.T.);
#3958=EDGE_CURVE('',#3105,#3116,#1681,.T.);
#3959=EDGE_CURVE('',#3117,#3104,#1682,.T.);
#3960=EDGE_CURVE('',#3116,#3117,#1683,.T.);
#3961=EDGE_CURVE('',#3116,#3118,#332,.T.);
#3962=EDGE_CURVE('',#3119,#3117,#333,.T.);
#3963=EDGE_CURVE('',#3118,#3119,#1684,.T.);
#3964=EDGE_CURVE('',#3118,#3120,#1685,.T.);
#3965=EDGE_CURVE('',#3121,#3119,#1686,.T.);
#3966=EDGE_CURVE('',#3120,#3121,#1687,.T.);
#3967=EDGE_CURVE('',#3120,#3122,#334,.T.);
#3968=EDGE_CURVE('',#3123,#3121,#335,.T.);
#3969=EDGE_CURVE('',#3122,#3123,#1688,.T.);
#3970=EDGE_CURVE('',#3122,#3124,#1689,.T.);
#3971=EDGE_CURVE('',#3125,#3123,#1690,.T.);
#3972=EDGE_CURVE('',#3124,#3125,#1691,.T.);
#3973=EDGE_CURVE('',#3124,#3106,#1692,.T.);
#3974=EDGE_CURVE('',#3108,#3125,#1693,.T.);
#3975=EDGE_CURVE('',#3126,#3127,#87,.T.);
#3976=EDGE_CURVE('',#3126,#3128,#1694,.T.);
#3977=EDGE_CURVE('',#3129,#3128,#88,.T.);
#3978=EDGE_CURVE('',#3127,#3129,#1695,.T.);
#3979=EDGE_CURVE('',#3128,#3130,#1696,.T.);
#3980=EDGE_CURVE('',#3130,#3131,#89,.T.);
#3981=EDGE_CURVE('',#3131,#3132,#1697,.T.);
#3982=EDGE_CURVE('',#3132,#3133,#90,.T.);
#3983=EDGE_CURVE('',#3133,#3134,#1698,.T.);
#3984=EDGE_CURVE('',#3134,#3135,#91,.T.);
#3985=EDGE_CURVE('',#3135,#3129,#1699,.T.);
#3986=EDGE_CURVE('',#3136,#3126,#1700,.T.);
#3987=EDGE_CURVE('',#3136,#3130,#1701,.T.);
#3988=EDGE_CURVE('',#3137,#3138,#92,.T.);
#3989=EDGE_CURVE('',#3137,#3135,#1702,.T.);
#3990=EDGE_CURVE('',#3138,#3134,#1703,.T.);
#3991=EDGE_CURVE('',#3139,#3133,#1704,.T.);
#3992=EDGE_CURVE('',#3138,#3139,#1705,.T.);
#3993=EDGE_CURVE('',#3140,#3136,#93,.T.);
#3994=EDGE_CURVE('',#3140,#3131,#1706,.T.);
#3995=EDGE_CURVE('',#3141,#3140,#1707,.T.);
#3996=EDGE_CURVE('',#3141,#3132,#1708,.T.);
#3997=EDGE_CURVE('',#3139,#3141,#94,.T.);
#3998=EDGE_CURVE('',#3127,#3137,#1709,.T.);
#3999=EDGE_CURVE('',#3142,#3143,#95,.T.);
#4000=EDGE_CURVE('',#3143,#3144,#1710,.T.);
#4001=EDGE_CURVE('',#3144,#3145,#96,.T.);
#4002=EDGE_CURVE('',#3145,#3146,#71,.T.);
#4003=EDGE_CURVE('',#3146,#3147,#1711,.T.);
#4004=EDGE_CURVE('',#3147,#3142,#72,.T.);
#4005=EDGE_CURVE('',#3142,#3148,#73,.T.);
#4006=EDGE_CURVE('',#3148,#3149,#1712,.T.);
#4007=EDGE_CURVE('',#3149,#3150,#74,.T.);
#4008=EDGE_CURVE('',#3151,#3150,#97,.T.);
#4009=EDGE_CURVE('',#3151,#3143,#1713,.T.);
#4010=EDGE_CURVE('',#3147,#3152,#1714,.T.);
#4011=EDGE_CURVE('',#3152,#3153,#98,.T.);
#4012=EDGE_CURVE('',#3153,#3148,#1715,.T.);
#4013=EDGE_CURVE('',#3154,#3146,#1716,.T.);
#4014=EDGE_CURVE('',#3154,#3152,#1717,.T.);
#4015=EDGE_CURVE('',#3144,#3155,#1718,.T.);
#4016=EDGE_CURVE('',#3155,#3156,#99,.T.);
#4017=EDGE_CURVE('',#3156,#3157,#75,.T.);
#4018=EDGE_CURVE('',#3157,#3158,#1719,.T.);
#4019=EDGE_CURVE('',#3158,#3145,#76,.T.);
#4020=EDGE_CURVE('',#3155,#3151,#1720,.T.);
#4021=EDGE_CURVE('',#3150,#3159,#77,.T.);
#4022=EDGE_CURVE('',#3159,#3160,#1721,.T.);
#4023=EDGE_CURVE('',#3160,#3156,#78,.T.);
#4024=EDGE_CURVE('',#3161,#3161,#336,.T.);
#4025=EDGE_CURVE('',#3162,#3157,#1722,.T.);
#4026=EDGE_CURVE('',#3162,#3163,#1723,.T.);
#4027=EDGE_CURVE('',#3158,#3163,#1724,.T.);
#4028=EDGE_CURVE('',#3164,#3160,#1725,.T.);
#4029=EDGE_CURVE('',#3164,#3162,#100,.T.);
#4030=EDGE_CURVE('',#3165,#3159,#1726,.T.);
#4031=EDGE_CURVE('',#3165,#3164,#1727,.T.);
#4032=EDGE_CURVE('',#3163,#3154,#101,.T.);
#4033=EDGE_CURVE('',#3153,#3166,#1728,.T.);
#4034=EDGE_CURVE('',#3149,#3166,#1729,.T.);
#4035=EDGE_CURVE('',#3167,#3167,#337,.T.);
#4036=EDGE_CURVE('',#3168,#3168,#338,.T.);
#4037=EDGE_CURVE('',#3166,#3165,#102,.T.);
#4038=EDGE_CURVE('',#3169,#3170,#1730,.T.);
#4039=EDGE_CURVE('',#3170,#3171,#1731,.T.);
#4040=EDGE_CURVE('',#3172,#3171,#1732,.T.);
#4041=EDGE_CURVE('',#3169,#3172,#1733,.T.);
#4042=EDGE_CURVE('',#3173,#3169,#1734,.T.);
#4043=EDGE_CURVE('',#3174,#3172,#1735,.T.);
#4044=EDGE_CURVE('',#3173,#3174,#1736,.T.);
#4045=EDGE_CURVE('',#3175,#3173,#1737,.T.);
#4046=EDGE_CURVE('',#3176,#3174,#1738,.T.);
#4047=EDGE_CURVE('',#3175,#3176,#1739,.T.);
#4048=EDGE_CURVE('',#3177,#3175,#1740,.T.);
#4049=EDGE_CURVE('',#3178,#3176,#1741,.T.);
#4050=EDGE_CURVE('',#3177,#3178,#1742,.T.);
#4051=EDGE_CURVE('',#3179,#3177,#19,.T.);
#4052=EDGE_CURVE('',#3180,#3178,#20,.T.);
#4053=EDGE_CURVE('',#3179,#3180,#1743,.T.);
#4054=EDGE_CURVE('',#3181,#3179,#1744,.T.);
#4055=EDGE_CURVE('',#3182,#3180,#1745,.T.);
#4056=EDGE_CURVE('',#3181,#3182,#1746,.T.);
#4057=EDGE_CURVE('',#3183,#3181,#1747,.T.);
#4058=EDGE_CURVE('',#3184,#3182,#1748,.T.);
#4059=EDGE_CURVE('',#3183,#3184,#1749,.T.);
#4060=EDGE_CURVE('',#3185,#3183,#1750,.T.);
#4061=EDGE_CURVE('',#3186,#3184,#1751,.T.);
#4062=EDGE_CURVE('',#3185,#3186,#1752,.T.);
#4063=EDGE_CURVE('',#3187,#3185,#21,.T.);
#4064=EDGE_CURVE('',#3188,#3186,#22,.T.);
#4065=EDGE_CURVE('',#3187,#3188,#1753,.T.);
#4066=EDGE_CURVE('',#3170,#3187,#1754,.T.);
#4067=EDGE_CURVE('',#3171,#3188,#1755,.T.);
#4068=EDGE_CURVE('',#3189,#3190,#1756,.T.);
#4069=EDGE_CURVE('',#3190,#3191,#1757,.T.);
#4070=EDGE_CURVE('',#3192,#3191,#1758,.T.);
#4071=EDGE_CURVE('',#3189,#3192,#1759,.T.);
#4072=EDGE_CURVE('',#3193,#3189,#1760,.T.);
#4073=EDGE_CURVE('',#3194,#3192,#1761,.T.);
#4074=EDGE_CURVE('',#3193,#3194,#1762,.T.);
#4075=EDGE_CURVE('',#3195,#3193,#1763,.T.);
#4076=EDGE_CURVE('',#3196,#3194,#1764,.T.);
#4077=EDGE_CURVE('',#3195,#3196,#1765,.T.);
#4078=EDGE_CURVE('',#3197,#3195,#1766,.T.);
#4079=EDGE_CURVE('',#3198,#3196,#1767,.T.);
#4080=EDGE_CURVE('',#3197,#3198,#1768,.T.);
#4081=EDGE_CURVE('',#3199,#3197,#23,.T.);
#4082=EDGE_CURVE('',#3200,#3198,#24,.T.);
#4083=EDGE_CURVE('',#3199,#3200,#1769,.T.);
#4084=EDGE_CURVE('',#3201,#3199,#1770,.T.);
#4085=EDGE_CURVE('',#3202,#3200,#1771,.T.);
#4086=EDGE_CURVE('',#3201,#3202,#1772,.T.);
#4087=EDGE_CURVE('',#3203,#3201,#1773,.T.);
#4088=EDGE_CURVE('',#3204,#3202,#1774,.T.);
#4089=EDGE_CURVE('',#3203,#3204,#1775,.T.);
#4090=EDGE_CURVE('',#3205,#3203,#1776,.T.);
#4091=EDGE_CURVE('',#3206,#3204,#1777,.T.);
#4092=EDGE_CURVE('',#3205,#3206,#1778,.T.);
#4093=EDGE_CURVE('',#3207,#3205,#25,.T.);
#4094=EDGE_CURVE('',#3208,#3206,#26,.T.);
#4095=EDGE_CURVE('',#3207,#3208,#1779,.T.);
#4096=EDGE_CURVE('',#3190,#3207,#1780,.T.);
#4097=EDGE_CURVE('',#3191,#3208,#1781,.T.);
#4098=EDGE_CURVE('',#3209,#3210,#1782,.T.);
#4099=EDGE_CURVE('',#3209,#3211,#1783,.T.);
#4100=EDGE_CURVE('',#3212,#3211,#1784,.T.);
#4101=EDGE_CURVE('',#3210,#3212,#1785,.T.);
#4102=EDGE_CURVE('',#3213,#3209,#27,.T.);
#4103=EDGE_CURVE('',#3213,#3214,#1786,.T.);
#4104=EDGE_CURVE('',#3211,#3214,#28,.T.);
#4105=EDGE_CURVE('',#3215,#3213,#1787,.T.);
#4106=EDGE_CURVE('',#3215,#3216,#1788,.T.);
#4107=EDGE_CURVE('',#3214,#3216,#1789,.T.);
#4108=EDGE_CURVE('',#3210,#3215,#29,.T.);
#4109=EDGE_CURVE('',#3216,#3212,#30,.T.);
#4110=EDGE_CURVE('',#3217,#3218,#1790,.T.);
#4111=EDGE_CURVE('',#3218,#3219,#1791,.T.);
#4112=EDGE_CURVE('',#3220,#3219,#1792,.T.);
#4113=EDGE_CURVE('',#3217,#3220,#1793,.T.);
#4114=EDGE_CURVE('',#3221,#3217,#31,.T.);
#4115=EDGE_CURVE('',#3222,#3220,#32,.T.);
#4116=EDGE_CURVE('',#3221,#3222,#1794,.T.);
#4117=EDGE_CURVE('',#3223,#3221,#1795,.T.);
#4118=EDGE_CURVE('',#3224,#3222,#1796,.T.);
#4119=EDGE_CURVE('',#3223,#3224,#1797,.T.);
#4120=EDGE_CURVE('',#3218,#3223,#33,.T.);
#4121=EDGE_CURVE('',#3219,#3224,#34,.T.);
#4122=EDGE_CURVE('',#3225,#3226,#1798,.T.);
#4123=EDGE_CURVE('',#3225,#3227,#1799,.T.);
#4124=EDGE_CURVE('',#3228,#3227,#1800,.T.);
#4125=EDGE_CURVE('',#3226,#3228,#1801,.T.);
#4126=EDGE_CURVE('',#3229,#3225,#1802,.T.);
#4127=EDGE_CURVE('',#3229,#3230,#1803,.T.);
#4128=EDGE_CURVE('',#3227,#3230,#1804,.T.);
#4129=EDGE_CURVE('',#3231,#3229,#1805,.T.);
#4130=EDGE_CURVE('',#3231,#3232,#1806,.T.);
#4131=EDGE_CURVE('',#3230,#3232,#1807,.T.);
#4132=EDGE_CURVE('',#3226,#3231,#35,.T.);
#4133=EDGE_CURVE('',#3232,#3228,#36,.T.);
#4134=EDGE_CURVE('',#3233,#3234,#1808,.T.);
#4135=EDGE_CURVE('',#3234,#3235,#1809,.T.);
#4136=EDGE_CURVE('',#3236,#3235,#1810,.T.);
#4137=EDGE_CURVE('',#3233,#3236,#1811,.T.);
#4138=EDGE_CURVE('',#3237,#3233,#1812,.T.);
#4139=EDGE_CURVE('',#3238,#3236,#1813,.T.);
#4140=EDGE_CURVE('',#3237,#3238,#1814,.T.);
#4141=EDGE_CURVE('',#3239,#3237,#37,.T.);
#4142=EDGE_CURVE('',#3240,#3238,#38,.T.);
#4143=EDGE_CURVE('',#3239,#3240,#1815,.T.);
#4144=EDGE_CURVE('',#3241,#3239,#1816,.T.);
#4145=EDGE_CURVE('',#3242,#3240,#1817,.T.);
#4146=EDGE_CURVE('',#3241,#3242,#1818,.T.);
#4147=EDGE_CURVE('',#3243,#3241,#39,.T.);
#4148=EDGE_CURVE('',#3244,#3242,#40,.T.);
#4149=EDGE_CURVE('',#3243,#3244,#1819,.T.);
#4150=EDGE_CURVE('',#3245,#3243,#1820,.T.);
#4151=EDGE_CURVE('',#3246,#3244,#1821,.T.);
#4152=EDGE_CURVE('',#3245,#3246,#1822,.T.);
#4153=EDGE_CURVE('',#3247,#3245,#41,.T.);
#4154=EDGE_CURVE('',#3248,#3246,#42,.T.);
#4155=EDGE_CURVE('',#3247,#3248,#1823,.T.);
#4156=EDGE_CURVE('',#3234,#3247,#1824,.T.);
#4157=EDGE_CURVE('',#3235,#3248,#1825,.T.);
#4158=EDGE_CURVE('',#3249,#3250,#1826,.T.);
#4159=EDGE_CURVE('',#3250,#3251,#1827,.T.);
#4160=EDGE_CURVE('',#3252,#3251,#1828,.T.);
#4161=EDGE_CURVE('',#3249,#3252,#1829,.T.);
#4162=EDGE_CURVE('',#3253,#3249,#1830,.T.);
#4163=EDGE_CURVE('',#3254,#3252,#1831,.T.);
#4164=EDGE_CURVE('',#3253,#3254,#1832,.T.);
#4165=EDGE_CURVE('',#3255,#3253,#43,.T.);
#4166=EDGE_CURVE('',#3256,#3254,#44,.T.);
#4167=EDGE_CURVE('',#3255,#3256,#1833,.T.);
#4168=EDGE_CURVE('',#3257,#3255,#1834,.T.);
#4169=EDGE_CURVE('',#3258,#3256,#1835,.T.);
#4170=EDGE_CURVE('',#3257,#3258,#1836,.T.);
#4171=EDGE_CURVE('',#3259,#3257,#45,.T.);
#4172=EDGE_CURVE('',#3260,#3258,#46,.T.);
#4173=EDGE_CURVE('',#3259,#3260,#1837,.T.);
#4174=EDGE_CURVE('',#3261,#3259,#1838,.T.);
#4175=EDGE_CURVE('',#3262,#3260,#1839,.T.);
#4176=EDGE_CURVE('',#3261,#3262,#1840,.T.);
#4177=EDGE_CURVE('',#3263,#3261,#1841,.T.);
#4178=EDGE_CURVE('',#3264,#3262,#1842,.T.);
#4179=EDGE_CURVE('',#3263,#3264,#1843,.T.);
#4180=EDGE_CURVE('',#3265,#3263,#1844,.T.);
#4181=EDGE_CURVE('',#3266,#3264,#1845,.T.);
#4182=EDGE_CURVE('',#3265,#3266,#1846,.T.);
#4183=EDGE_CURVE('',#3267,#3265,#1847,.T.);
#4184=EDGE_CURVE('',#3268,#3266,#1848,.T.);
#4185=EDGE_CURVE('',#3267,#3268,#1849,.T.);
#4186=EDGE_CURVE('',#3269,#3267,#1850,.T.);
#4187=EDGE_CURVE('',#3270,#3268,#1851,.T.);
#4188=EDGE_CURVE('',#3269,#3270,#1852,.T.);
#4189=EDGE_CURVE('',#3271,#3269,#1853,.T.);
#4190=EDGE_CURVE('',#3272,#3270,#1854,.T.);
#4191=EDGE_CURVE('',#3271,#3272,#1855,.T.);
#4192=EDGE_CURVE('',#3273,#3271,#1856,.T.);
#4193=EDGE_CURVE('',#3274,#3272,#1857,.T.);
#4194=EDGE_CURVE('',#3273,#3274,#1858,.T.);
#4195=EDGE_CURVE('',#3275,#3273,#1859,.T.);
#4196=EDGE_CURVE('',#3276,#3274,#1860,.T.);
#4197=EDGE_CURVE('',#3275,#3276,#1861,.T.);
#4198=EDGE_CURVE('',#3250,#3275,#1862,.T.);
#4199=EDGE_CURVE('',#3251,#3276,#1863,.T.);
#4200=EDGE_CURVE('',#3277,#3278,#1864,.T.);
#4201=EDGE_CURVE('',#3278,#3279,#1865,.T.);
#4202=EDGE_CURVE('',#3280,#3279,#1866,.T.);
#4203=EDGE_CURVE('',#3277,#3280,#1867,.T.);
#4204=EDGE_CURVE('',#3281,#3277,#339,.T.);
#4205=EDGE_CURVE('',#3282,#3280,#340,.T.);
#4206=EDGE_CURVE('',#3281,#3282,#1868,.T.);
#4207=EDGE_CURVE('',#3283,#3281,#1869,.T.);
#4208=EDGE_CURVE('',#3284,#3282,#1870,.T.);
#4209=EDGE_CURVE('',#3283,#3284,#1871,.T.);
#4210=EDGE_CURVE('',#3285,#3283,#47,.T.);
#4211=EDGE_CURVE('',#3286,#3284,#48,.T.);
#4212=EDGE_CURVE('',#3285,#3286,#1872,.T.);
#4213=EDGE_CURVE('',#3287,#3285,#1873,.T.);
#4214=EDGE_CURVE('',#3288,#3286,#1874,.T.);
#4215=EDGE_CURVE('',#3287,#3288,#1875,.T.);
#4216=EDGE_CURVE('',#3289,#3287,#49,.T.);
#4217=EDGE_CURVE('',#3290,#3288,#50,.T.);
#4218=EDGE_CURVE('',#3289,#3290,#1876,.T.);
#4219=EDGE_CURVE('',#3291,#3289,#1877,.T.);
#4220=EDGE_CURVE('',#3292,#3290,#1878,.T.);
#4221=EDGE_CURVE('',#3291,#3292,#1879,.T.);
#4222=EDGE_CURVE('',#3293,#3291,#341,.T.);
#4223=EDGE_CURVE('',#3294,#3292,#342,.T.);
#4224=EDGE_CURVE('',#3293,#3294,#1880,.T.);
#4225=EDGE_CURVE('',#3295,#3293,#1881,.T.);
#4226=EDGE_CURVE('',#3296,#3294,#1882,.T.);
#4227=EDGE_CURVE('',#3295,#3296,#1883,.T.);
#4228=EDGE_CURVE('',#3278,#3295,#1884,.T.);
#4229=EDGE_CURVE('',#3279,#3296,#1885,.T.);
#4230=EDGE_CURVE('',#3297,#3298,#1886,.T.);
#4231=EDGE_CURVE('',#3298,#3299,#1887,.T.);
#4232=EDGE_CURVE('',#3300,#3299,#1888,.T.);
#4233=EDGE_CURVE('',#3297,#3300,#1889,.T.);
#4234=EDGE_CURVE('',#3301,#3297,#1890,.T.);
#4235=EDGE_CURVE('',#3302,#3300,#1891,.T.);
#4236=EDGE_CURVE('',#3301,#3302,#1892,.T.);
#4237=EDGE_CURVE('',#3303,#3301,#1893,.T.);
#4238=EDGE_CURVE('',#3304,#3302,#1894,.T.);
#4239=EDGE_CURVE('',#3303,#3304,#1895,.T.);
#4240=EDGE_CURVE('',#3298,#3303,#1896,.T.);
#4241=EDGE_CURVE('',#3299,#3304,#1897,.T.);
#4242=EDGE_CURVE('',#3305,#3306,#1898,.T.);
#4243=EDGE_CURVE('',#3306,#3307,#1899,.T.);
#4244=EDGE_CURVE('',#3308,#3307,#1900,.T.);
#4245=EDGE_CURVE('',#3305,#3308,#1901,.T.);
#4246=EDGE_CURVE('',#3309,#3305,#1902,.T.);
#4247=EDGE_CURVE('',#3310,#3308,#1903,.T.);
#4248=EDGE_CURVE('',#3309,#3310,#1904,.T.);
#4249=EDGE_CURVE('',#3311,#3309,#1905,.T.);
#4250=EDGE_CURVE('',#3312,#3310,#1906,.T.);
#4251=EDGE_CURVE('',#3311,#3312,#1907,.T.);
#4252=EDGE_CURVE('',#3306,#3311,#1908,.T.);
#4253=EDGE_CURVE('',#3307,#3312,#1909,.T.);
#4254=EDGE_CURVE('',#3313,#3314,#1910,.T.);
#4255=EDGE_CURVE('',#3314,#3315,#1911,.T.);
#4256=EDGE_CURVE('',#3316,#3315,#1912,.T.);
#4257=EDGE_CURVE('',#3313,#3316,#1913,.T.);
#4258=EDGE_CURVE('',#3317,#3313,#51,.T.);
#4259=EDGE_CURVE('',#3318,#3316,#52,.T.);
#4260=EDGE_CURVE('',#3317,#3318,#1914,.T.);
#4261=EDGE_CURVE('',#3319,#3317,#1915,.T.);
#4262=EDGE_CURVE('',#3320,#3318,#1916,.T.);
#4263=EDGE_CURVE('',#3319,#3320,#1917,.T.);
#4264=EDGE_CURVE('',#3321,#3319,#1918,.T.);
#4265=EDGE_CURVE('',#3322,#3320,#1919,.T.);
#4266=EDGE_CURVE('',#3321,#3322,#1920,.T.);
#4267=EDGE_CURVE('',#3323,#3321,#1921,.T.);
#4268=EDGE_CURVE('',#3324,#3322,#1922,.T.);
#4269=EDGE_CURVE('',#3323,#3324,#1923,.T.);
#4270=EDGE_CURVE('',#3325,#3323,#1924,.T.);
#4271=EDGE_CURVE('',#3326,#3324,#1925,.T.);
#4272=EDGE_CURVE('',#3325,#3326,#1926,.T.);
#4273=EDGE_CURVE('',#3327,#3325,#1927,.T.);
#4274=EDGE_CURVE('',#3328,#3326,#1928,.T.);
#4275=EDGE_CURVE('',#3327,#3328,#1929,.T.);
#4276=EDGE_CURVE('',#3329,#3327,#53,.T.);
#4277=EDGE_CURVE('',#3330,#3328,#54,.T.);
#4278=EDGE_CURVE('',#3329,#3330,#1930,.T.);
#4279=EDGE_CURVE('',#3331,#3329,#1931,.T.);
#4280=EDGE_CURVE('',#3332,#3330,#1932,.T.);
#4281=EDGE_CURVE('',#3331,#3332,#1933,.T.);
#4282=EDGE_CURVE('',#3314,#3331,#1934,.T.);
#4283=EDGE_CURVE('',#3315,#3332,#1935,.T.);
#4284=EDGE_CURVE('',#3333,#3334,#1936,.T.);
#4285=EDGE_CURVE('',#3334,#3335,#1937,.T.);
#4286=EDGE_CURVE('',#3336,#3335,#1938,.T.);
#4287=EDGE_CURVE('',#3333,#3336,#1939,.T.);
#4288=EDGE_CURVE('',#3337,#3333,#1940,.T.);
#4289=EDGE_CURVE('',#3338,#3336,#1941,.T.);
#4290=EDGE_CURVE('',#3337,#3338,#1942,.T.);
#4291=EDGE_CURVE('',#3339,#3337,#1943,.T.);
#4292=EDGE_CURVE('',#3340,#3338,#1944,.T.);
#4293=EDGE_CURVE('',#3339,#3340,#1945,.T.);
#4294=EDGE_CURVE('',#3334,#3339,#1946,.T.);
#4295=EDGE_CURVE('',#3335,#3340,#1947,.T.);
#4296=EDGE_CURVE('',#3341,#3341,#343,.T.);
#4297=EDGE_CURVE('',#3342,#3342,#344,.T.);
#4298=EDGE_CURVE('',#3343,#3343,#345,.T.);
#4299=EDGE_CURVE('',#3344,#3344,#346,.T.);
#4300=EDGE_CURVE('',#3345,#3346,#1948,.T.);
#4301=EDGE_CURVE('',#3346,#3347,#1949,.T.);
#4302=EDGE_CURVE('',#3348,#3347,#1950,.T.);
#4303=EDGE_CURVE('',#3345,#3348,#1951,.T.);
#4304=EDGE_CURVE('',#3349,#3345,#1952,.T.);
#4305=EDGE_CURVE('',#3350,#3348,#1953,.T.);
#4306=EDGE_CURVE('',#3349,#3350,#1954,.T.);
#4307=EDGE_CURVE('',#3351,#3349,#1955,.T.);
#4308=EDGE_CURVE('',#3352,#3350,#1956,.T.);
#4309=EDGE_CURVE('',#3351,#3352,#1957,.T.);
#4310=EDGE_CURVE('',#3346,#3351,#1958,.T.);
#4311=EDGE_CURVE('',#3347,#3352,#1959,.T.);
#4312=EDGE_CURVE('',#3353,#3354,#1960,.T.);
#4313=EDGE_CURVE('',#3353,#3355,#1961,.T.);
#4314=EDGE_CURVE('',#3355,#3356,#1962,.T.);
#4315=EDGE_CURVE('',#3354,#3356,#1963,.T.);
#4316=EDGE_CURVE('',#3357,#3353,#1964,.T.);
#4317=EDGE_CURVE('',#3357,#3358,#1965,.T.);
#4318=EDGE_CURVE('',#3358,#3355,#1966,.T.);
#4319=EDGE_CURVE('',#3359,#3357,#1967,.T.);
#4320=EDGE_CURVE('',#3359,#3360,#1968,.T.);
#4321=EDGE_CURVE('',#3360,#3358,#1969,.T.);
#4322=EDGE_CURVE('',#3354,#3359,#1970,.T.);
#4323=EDGE_CURVE('',#3356,#3360,#1971,.T.);
#4324=EDGE_CURVE('',#3361,#3362,#347,.T.);
#4325=EDGE_CURVE('',#3362,#3361,#348,.T.);
#4326=EDGE_CURVE('',#3363,#3363,#349,.T.);
#4327=EDGE_CURVE('',#3362,#3364,#55,.T.);
#4328=EDGE_CURVE('',#3365,#3366,#79,.T.);
#4329=EDGE_CURVE('',#3366,#3367,#1972,.T.);
#4330=EDGE_CURVE('',#3367,#3368,#80,.T.);
#4331=EDGE_CURVE('',#3368,#3369,#103,.T.);
#4332=EDGE_CURVE('',#3369,#3370,#1973,.T.);
#4333=EDGE_CURVE('',#3370,#3365,#104,.T.);
#4334=EDGE_CURVE('',#3370,#3371,#1974,.T.);
#4335=EDGE_CURVE('',#3371,#3372,#105,.T.);
#4336=EDGE_CURVE('',#3372,#3373,#106,.T.);
#4337=EDGE_CURVE('',#3373,#3374,#81,.T.);
#4338=EDGE_CURVE('',#3374,#3375,#1975,.T.);
#4339=EDGE_CURVE('',#3375,#3365,#82,.T.);
#4340=EDGE_CURVE('',#3368,#3376,#83,.T.);
#4341=EDGE_CURVE('',#3376,#3377,#1976,.T.);
#4342=EDGE_CURVE('',#3377,#3378,#84,.T.);
#4343=EDGE_CURVE('',#3378,#3379,#107,.T.);
#4344=EDGE_CURVE('',#3379,#3380,#108,.T.);
#4345=EDGE_CURVE('',#3380,#3369,#1977,.T.);
#4346=EDGE_CURVE('',#3381,#3376,#1978,.T.);
#4347=EDGE_CURVE('',#3382,#3381,#1979,.T.);
#4348=EDGE_CURVE('',#3377,#3382,#1980,.T.);
#4349=EDGE_CURVE('',#3367,#3383,#1981,.T.);
#4350=EDGE_CURVE('',#3383,#3381,#109,.T.);
#4351=EDGE_CURVE('',#3384,#3366,#1982,.T.);
#4352=EDGE_CURVE('',#3383,#3384,#1983,.T.);
#4353=EDGE_CURVE('',#3375,#3385,#1984,.T.);
#4354=EDGE_CURVE('',#3385,#3384,#110,.T.);
#4355=EDGE_CURVE('',#3386,#3374,#1985,.T.);
#4356=EDGE_CURVE('',#3385,#3386,#1986,.T.);
#4357=EDGE_CURVE('',#3379,#3372,#1987,.T.);
#4358=EDGE_CURVE('',#3371,#3380,#1988,.T.);
#4359=EDGE_CURVE('',#3387,#3378,#111,.T.);
#4360=EDGE_CURVE('',#3388,#3387,#1989,.T.);
#4361=EDGE_CURVE('',#3373,#3388,#112,.T.);
#4362=EDGE_CURVE('',#3387,#3389,#85,.T.);
#4363=EDGE_CURVE('',#3389,#3390,#1990,.T.);
#4364=EDGE_CURVE('',#3390,#3388,#86,.T.);
#4365=EDGE_CURVE('',#3391,#3389,#1991,.T.);
#4366=EDGE_CURVE('',#3392,#3391,#1992,.T.);
#4367=EDGE_CURVE('',#3390,#3392,#1993,.T.);
#4368=EDGE_CURVE('',#3382,#3391,#113,.T.);
#4369=EDGE_CURVE('',#3392,#3386,#114,.T.);
#4370=EDGE_CURVE('',#3393,#3394,#56,.T.);
#4371=EDGE_CURVE('',#3395,#3394,#350,.T.);
#4372=EDGE_CURVE('',#3394,#3395,#351,.T.);
#4373=EDGE_CURVE('',#3396,#3397,#352,.T.);
#4374=EDGE_CURVE('',#3397,#3396,#353,.T.);
#4375=EDGE_CURVE('',#3398,#3397,#57,.T.);
#4376=ORIENTED_EDGE('',*,*,#3399,.T.);
#4377=ORIENTED_EDGE('',*,*,#3400,.T.);
#4378=ORIENTED_EDGE('',*,*,#3401,.T.);
#4379=ORIENTED_EDGE('',*,*,#3402,.T.);
#4380=ORIENTED_EDGE('',*,*,#3403,.T.);
#4381=ORIENTED_EDGE('',*,*,#3404,.T.);
#4382=ORIENTED_EDGE('',*,*,#3405,.F.);
#4383=ORIENTED_EDGE('',*,*,#3406,.F.);
#4384=ORIENTED_EDGE('',*,*,#3407,.T.);
#4385=ORIENTED_EDGE('',*,*,#3406,.T.);
#4386=ORIENTED_EDGE('',*,*,#3408,.F.);
#4387=ORIENTED_EDGE('',*,*,#3409,.F.);
#4388=ORIENTED_EDGE('',*,*,#3410,.T.);
#4389=ORIENTED_EDGE('',*,*,#3409,.T.);
#4390=ORIENTED_EDGE('',*,*,#3411,.F.);
#4391=ORIENTED_EDGE('',*,*,#3412,.F.);
#4392=ORIENTED_EDGE('',*,*,#3413,.T.);
#4393=ORIENTED_EDGE('',*,*,#3412,.T.);
#4394=ORIENTED_EDGE('',*,*,#3414,.F.);
#4395=ORIENTED_EDGE('',*,*,#3415,.F.);
#4396=ORIENTED_EDGE('',*,*,#3416,.F.);
#4397=ORIENTED_EDGE('',*,*,#3415,.T.);
#4398=ORIENTED_EDGE('',*,*,#3417,.T.);
#4399=ORIENTED_EDGE('',*,*,#3401,.F.);
#4400=ORIENTED_EDGE('',*,*,#3418,.T.);
#4401=ORIENTED_EDGE('',*,*,#3399,.F.);
#4402=ORIENTED_EDGE('',*,*,#3419,.F.);
#4403=ORIENTED_EDGE('',*,*,#3420,.F.);
#4404=ORIENTED_EDGE('',*,*,#3421,.T.);
#4405=ORIENTED_EDGE('',*,*,#3420,.T.);
#4406=ORIENTED_EDGE('',*,*,#3422,.F.);
#4407=ORIENTED_EDGE('',*,*,#3423,.F.);
#4408=ORIENTED_EDGE('',*,*,#3424,.T.);
#4409=ORIENTED_EDGE('',*,*,#3423,.T.);
#4410=ORIENTED_EDGE('',*,*,#3425,.F.);
#4411=ORIENTED_EDGE('',*,*,#3426,.F.);
#4412=ORIENTED_EDGE('',*,*,#3427,.T.);
#4413=ORIENTED_EDGE('',*,*,#3426,.T.);
#4414=ORIENTED_EDGE('',*,*,#3428,.F.);
#4415=ORIENTED_EDGE('',*,*,#3429,.F.);
#4416=ORIENTED_EDGE('',*,*,#3430,.T.);
#4417=ORIENTED_EDGE('',*,*,#3429,.T.);
#4418=ORIENTED_EDGE('',*,*,#3431,.F.);
#4419=ORIENTED_EDGE('',*,*,#3432,.F.);
#4420=ORIENTED_EDGE('',*,*,#3433,.T.);
#4421=ORIENTED_EDGE('',*,*,#3432,.T.);
#4422=ORIENTED_EDGE('',*,*,#3434,.F.);
#4423=ORIENTED_EDGE('',*,*,#3404,.F.);
#4424=ORIENTED_EDGE('',*,*,#3434,.T.);
#4425=ORIENTED_EDGE('',*,*,#3431,.T.);
#4426=ORIENTED_EDGE('',*,*,#3428,.T.);
#4427=ORIENTED_EDGE('',*,*,#3425,.T.);
#4428=ORIENTED_EDGE('',*,*,#3422,.T.);
#4429=ORIENTED_EDGE('',*,*,#3419,.T.);
#4430=ORIENTED_EDGE('',*,*,#3402,.F.);
#4431=ORIENTED_EDGE('',*,*,#3417,.F.);
#4432=ORIENTED_EDGE('',*,*,#3414,.T.);
#4433=ORIENTED_EDGE('',*,*,#3411,.T.);
#4434=ORIENTED_EDGE('',*,*,#3408,.T.);
#4435=ORIENTED_EDGE('',*,*,#3405,.T.);
#4436=ORIENTED_EDGE('',*,*,#3433,.F.);
#4437=ORIENTED_EDGE('',*,*,#3403,.F.);
#4438=ORIENTED_EDGE('',*,*,#3407,.F.);
#4439=ORIENTED_EDGE('',*,*,#3410,.F.);
#4440=ORIENTED_EDGE('',*,*,#3413,.F.);
#4441=ORIENTED_EDGE('',*,*,#3416,.T.);
#4442=ORIENTED_EDGE('',*,*,#3400,.F.);
#4443=ORIENTED_EDGE('',*,*,#3418,.F.);
#4444=ORIENTED_EDGE('',*,*,#3421,.F.);
#4445=ORIENTED_EDGE('',*,*,#3424,.F.);
#4446=ORIENTED_EDGE('',*,*,#3427,.F.);
#4447=ORIENTED_EDGE('',*,*,#3430,.F.);
#4448=ORIENTED_EDGE('',*,*,#3435,.T.);
#4449=ORIENTED_EDGE('',*,*,#3436,.T.);
#4450=ORIENTED_EDGE('',*,*,#3437,.T.);
#4451=ORIENTED_EDGE('',*,*,#3438,.T.);
#4452=ORIENTED_EDGE('',*,*,#3439,.F.);
#4453=ORIENTED_EDGE('',*,*,#3440,.T.);
#4454=ORIENTED_EDGE('',*,*,#3441,.F.);
#4455=ORIENTED_EDGE('',*,*,#3442,.F.);
#4456=ORIENTED_EDGE('',*,*,#3443,.F.);
#4457=ORIENTED_EDGE('',*,*,#3442,.T.);
#4458=ORIENTED_EDGE('',*,*,#3444,.F.);
#4459=ORIENTED_EDGE('',*,*,#3445,.F.);
#4460=ORIENTED_EDGE('',*,*,#3446,.F.);
#4461=ORIENTED_EDGE('',*,*,#3445,.T.);
#4462=ORIENTED_EDGE('',*,*,#3447,.F.);
#4463=ORIENTED_EDGE('',*,*,#3448,.F.);
#4464=ORIENTED_EDGE('',*,*,#3449,.F.);
#4465=ORIENTED_EDGE('',*,*,#3448,.T.);
#4466=ORIENTED_EDGE('',*,*,#3450,.F.);
#4467=ORIENTED_EDGE('',*,*,#3451,.F.);
#4468=ORIENTED_EDGE('',*,*,#3452,.F.);
#4469=ORIENTED_EDGE('',*,*,#3451,.T.);
#4470=ORIENTED_EDGE('',*,*,#3453,.T.);
#4471=ORIENTED_EDGE('',*,*,#3435,.F.);
#4472=ORIENTED_EDGE('',*,*,#3454,.F.);
#4473=ORIENTED_EDGE('',*,*,#3437,.F.);
#4474=ORIENTED_EDGE('',*,*,#3455,.F.);
#4475=ORIENTED_EDGE('',*,*,#3456,.F.);
#4476=ORIENTED_EDGE('',*,*,#3457,.F.);
#4477=ORIENTED_EDGE('',*,*,#3456,.T.);
#4478=ORIENTED_EDGE('',*,*,#3458,.F.);
#4479=ORIENTED_EDGE('',*,*,#3459,.F.);
#4480=ORIENTED_EDGE('',*,*,#3460,.F.);
#4481=ORIENTED_EDGE('',*,*,#3459,.T.);
#4482=ORIENTED_EDGE('',*,*,#3461,.F.);
#4483=ORIENTED_EDGE('',*,*,#3462,.F.);
#4484=ORIENTED_EDGE('',*,*,#3463,.F.);
#4485=ORIENTED_EDGE('',*,*,#3462,.T.);
#4486=ORIENTED_EDGE('',*,*,#3464,.F.);
#4487=ORIENTED_EDGE('',*,*,#3465,.F.);
#4488=ORIENTED_EDGE('',*,*,#3466,.F.);
#4489=ORIENTED_EDGE('',*,*,#3465,.T.);
#4490=ORIENTED_EDGE('',*,*,#3467,.F.);
#4491=ORIENTED_EDGE('',*,*,#3468,.F.);
#4492=ORIENTED_EDGE('',*,*,#3469,.F.);
#4493=ORIENTED_EDGE('',*,*,#3468,.T.);
#4494=ORIENTED_EDGE('',*,*,#3470,.F.);
#4495=ORIENTED_EDGE('',*,*,#3440,.F.);
#4496=ORIENTED_EDGE('',*,*,#3469,.T.);
#4497=ORIENTED_EDGE('',*,*,#3439,.T.);
#4498=ORIENTED_EDGE('',*,*,#3443,.T.);
#4499=ORIENTED_EDGE('',*,*,#3446,.T.);
#4500=ORIENTED_EDGE('',*,*,#3449,.T.);
#4501=ORIENTED_EDGE('',*,*,#3452,.T.);
#4502=ORIENTED_EDGE('',*,*,#3438,.F.);
#4503=ORIENTED_EDGE('',*,*,#3454,.T.);
#4504=ORIENTED_EDGE('',*,*,#3457,.T.);
#4505=ORIENTED_EDGE('',*,*,#3460,.T.);
#4506=ORIENTED_EDGE('',*,*,#3463,.T.);
#4507=ORIENTED_EDGE('',*,*,#3466,.T.);
#4508=ORIENTED_EDGE('',*,*,#3470,.T.);
#4509=ORIENTED_EDGE('',*,*,#3467,.T.);
#4510=ORIENTED_EDGE('',*,*,#3464,.T.);
#4511=ORIENTED_EDGE('',*,*,#3461,.T.);
#4512=ORIENTED_EDGE('',*,*,#3458,.T.);
#4513=ORIENTED_EDGE('',*,*,#3455,.T.);
#4514=ORIENTED_EDGE('',*,*,#3436,.F.);
#4515=ORIENTED_EDGE('',*,*,#3453,.F.);
#4516=ORIENTED_EDGE('',*,*,#3450,.T.);
#4517=ORIENTED_EDGE('',*,*,#3447,.T.);
#4518=ORIENTED_EDGE('',*,*,#3444,.T.);
#4519=ORIENTED_EDGE('',*,*,#3441,.T.);
#4520=ORIENTED_EDGE('',*,*,#3471,.T.);
#4521=ORIENTED_EDGE('',*,*,#3472,.T.);
#4522=ORIENTED_EDGE('',*,*,#3473,.T.);
#4523=ORIENTED_EDGE('',*,*,#3474,.T.);
#4524=ORIENTED_EDGE('',*,*,#3475,.T.);
#4525=ORIENTED_EDGE('',*,*,#3476,.T.);
#4526=ORIENTED_EDGE('',*,*,#3477,.F.);
#4527=ORIENTED_EDGE('',*,*,#3478,.F.);
#4528=ORIENTED_EDGE('',*,*,#3479,.T.);
#4529=ORIENTED_EDGE('',*,*,#3478,.T.);
#4530=ORIENTED_EDGE('',*,*,#3480,.F.);
#4531=ORIENTED_EDGE('',*,*,#3481,.F.);
#4532=ORIENTED_EDGE('',*,*,#3482,.T.);
#4533=ORIENTED_EDGE('',*,*,#3481,.T.);
#4534=ORIENTED_EDGE('',*,*,#3483,.F.);
#4535=ORIENTED_EDGE('',*,*,#3484,.F.);
#4536=ORIENTED_EDGE('',*,*,#3485,.T.);
#4537=ORIENTED_EDGE('',*,*,#3484,.T.);
#4538=ORIENTED_EDGE('',*,*,#3486,.F.);
#4539=ORIENTED_EDGE('',*,*,#3487,.F.);
#4540=ORIENTED_EDGE('',*,*,#3488,.F.);
#4541=ORIENTED_EDGE('',*,*,#3487,.T.);
#4542=ORIENTED_EDGE('',*,*,#3489,.T.);
#4543=ORIENTED_EDGE('',*,*,#3473,.F.);
#4544=ORIENTED_EDGE('',*,*,#3490,.T.);
#4545=ORIENTED_EDGE('',*,*,#3471,.F.);
#4546=ORIENTED_EDGE('',*,*,#3491,.F.);
#4547=ORIENTED_EDGE('',*,*,#3492,.F.);
#4548=ORIENTED_EDGE('',*,*,#3493,.T.);
#4549=ORIENTED_EDGE('',*,*,#3492,.T.);
#4550=ORIENTED_EDGE('',*,*,#3494,.F.);
#4551=ORIENTED_EDGE('',*,*,#3495,.F.);
#4552=ORIENTED_EDGE('',*,*,#3496,.T.);
#4553=ORIENTED_EDGE('',*,*,#3495,.T.);
#4554=ORIENTED_EDGE('',*,*,#3497,.F.);
#4555=ORIENTED_EDGE('',*,*,#3498,.F.);
#4556=ORIENTED_EDGE('',*,*,#3499,.T.);
#4557=ORIENTED_EDGE('',*,*,#3498,.T.);
#4558=ORIENTED_EDGE('',*,*,#3500,.F.);
#4559=ORIENTED_EDGE('',*,*,#3501,.F.);
#4560=ORIENTED_EDGE('',*,*,#3502,.T.);
#4561=ORIENTED_EDGE('',*,*,#3501,.T.);
#4562=ORIENTED_EDGE('',*,*,#3503,.F.);
#4563=ORIENTED_EDGE('',*,*,#3504,.F.);
#4564=ORIENTED_EDGE('',*,*,#3505,.T.);
#4565=ORIENTED_EDGE('',*,*,#3504,.T.);
#4566=ORIENTED_EDGE('',*,*,#3506,.F.);
#4567=ORIENTED_EDGE('',*,*,#3476,.F.);
#4568=ORIENTED_EDGE('',*,*,#3506,.T.);
#4569=ORIENTED_EDGE('',*,*,#3503,.T.);
#4570=ORIENTED_EDGE('',*,*,#3500,.T.);
#4571=ORIENTED_EDGE('',*,*,#3497,.T.);
#4572=ORIENTED_EDGE('',*,*,#3494,.T.);
#4573=ORIENTED_EDGE('',*,*,#3491,.T.);
#4574=ORIENTED_EDGE('',*,*,#3474,.F.);
#4575=ORIENTED_EDGE('',*,*,#3489,.F.);
#4576=ORIENTED_EDGE('',*,*,#3486,.T.);
#4577=ORIENTED_EDGE('',*,*,#3483,.T.);
#4578=ORIENTED_EDGE('',*,*,#3480,.T.);
#4579=ORIENTED_EDGE('',*,*,#3477,.T.);
#4580=ORIENTED_EDGE('',*,*,#3505,.F.);
#4581=ORIENTED_EDGE('',*,*,#3475,.F.);
#4582=ORIENTED_EDGE('',*,*,#3479,.F.);
#4583=ORIENTED_EDGE('',*,*,#3482,.F.);
#4584=ORIENTED_EDGE('',*,*,#3485,.F.);
#4585=ORIENTED_EDGE('',*,*,#3488,.T.);
#4586=ORIENTED_EDGE('',*,*,#3472,.F.);
#4587=ORIENTED_EDGE('',*,*,#3490,.F.);
#4588=ORIENTED_EDGE('',*,*,#3493,.F.);
#4589=ORIENTED_EDGE('',*,*,#3496,.F.);
#4590=ORIENTED_EDGE('',*,*,#3499,.F.);
#4591=ORIENTED_EDGE('',*,*,#3502,.F.);
#4592=ORIENTED_EDGE('',*,*,#3507,.T.);
#4593=ORIENTED_EDGE('',*,*,#3508,.T.);
#4594=ORIENTED_EDGE('',*,*,#3509,.T.);
#4595=ORIENTED_EDGE('',*,*,#3510,.T.);
#4596=ORIENTED_EDGE('',*,*,#3511,.F.);
#4597=ORIENTED_EDGE('',*,*,#3512,.T.);
#4598=ORIENTED_EDGE('',*,*,#3513,.F.);
#4599=ORIENTED_EDGE('',*,*,#3514,.F.);
#4600=ORIENTED_EDGE('',*,*,#3515,.F.);
#4601=ORIENTED_EDGE('',*,*,#3514,.T.);
#4602=ORIENTED_EDGE('',*,*,#3516,.F.);
#4603=ORIENTED_EDGE('',*,*,#3517,.F.);
#4604=ORIENTED_EDGE('',*,*,#3518,.F.);
#4605=ORIENTED_EDGE('',*,*,#3517,.T.);
#4606=ORIENTED_EDGE('',*,*,#3519,.F.);
#4607=ORIENTED_EDGE('',*,*,#3520,.F.);
#4608=ORIENTED_EDGE('',*,*,#3521,.F.);
#4609=ORIENTED_EDGE('',*,*,#3520,.T.);
#4610=ORIENTED_EDGE('',*,*,#3522,.F.);
#4611=ORIENTED_EDGE('',*,*,#3523,.F.);
#4612=ORIENTED_EDGE('',*,*,#3524,.F.);
#4613=ORIENTED_EDGE('',*,*,#3523,.T.);
#4614=ORIENTED_EDGE('',*,*,#3525,.T.);
#4615=ORIENTED_EDGE('',*,*,#3510,.F.);
#4616=ORIENTED_EDGE('',*,*,#3526,.F.);
#4617=ORIENTED_EDGE('',*,*,#3508,.F.);
#4618=ORIENTED_EDGE('',*,*,#3527,.F.);
#4619=ORIENTED_EDGE('',*,*,#3528,.F.);
#4620=ORIENTED_EDGE('',*,*,#3529,.F.);
#4621=ORIENTED_EDGE('',*,*,#3528,.T.);
#4622=ORIENTED_EDGE('',*,*,#3530,.F.);
#4623=ORIENTED_EDGE('',*,*,#3531,.F.);
#4624=ORIENTED_EDGE('',*,*,#3532,.F.);
#4625=ORIENTED_EDGE('',*,*,#3531,.T.);
#4626=ORIENTED_EDGE('',*,*,#3533,.F.);
#4627=ORIENTED_EDGE('',*,*,#3534,.F.);
#4628=ORIENTED_EDGE('',*,*,#3535,.F.);
#4629=ORIENTED_EDGE('',*,*,#3534,.T.);
#4630=ORIENTED_EDGE('',*,*,#3536,.F.);
#4631=ORIENTED_EDGE('',*,*,#3537,.F.);
#4632=ORIENTED_EDGE('',*,*,#3538,.F.);
#4633=ORIENTED_EDGE('',*,*,#3537,.T.);
#4634=ORIENTED_EDGE('',*,*,#3539,.F.);
#4635=ORIENTED_EDGE('',*,*,#3540,.F.);
#4636=ORIENTED_EDGE('',*,*,#3541,.F.);
#4637=ORIENTED_EDGE('',*,*,#3540,.T.);
#4638=ORIENTED_EDGE('',*,*,#3542,.F.);
#4639=ORIENTED_EDGE('',*,*,#3512,.F.);
#4640=ORIENTED_EDGE('',*,*,#3541,.T.);
#4641=ORIENTED_EDGE('',*,*,#3511,.T.);
#4642=ORIENTED_EDGE('',*,*,#3515,.T.);
#4643=ORIENTED_EDGE('',*,*,#3518,.T.);
#4644=ORIENTED_EDGE('',*,*,#3521,.T.);
#4645=ORIENTED_EDGE('',*,*,#3524,.T.);
#4646=ORIENTED_EDGE('',*,*,#3509,.F.);
#4647=ORIENTED_EDGE('',*,*,#3526,.T.);
#4648=ORIENTED_EDGE('',*,*,#3529,.T.);
#4649=ORIENTED_EDGE('',*,*,#3532,.T.);
#4650=ORIENTED_EDGE('',*,*,#3535,.T.);
#4651=ORIENTED_EDGE('',*,*,#3538,.T.);
#4652=ORIENTED_EDGE('',*,*,#3542,.T.);
#4653=ORIENTED_EDGE('',*,*,#3539,.T.);
#4654=ORIENTED_EDGE('',*,*,#3536,.T.);
#4655=ORIENTED_EDGE('',*,*,#3533,.T.);
#4656=ORIENTED_EDGE('',*,*,#3530,.T.);
#4657=ORIENTED_EDGE('',*,*,#3527,.T.);
#4658=ORIENTED_EDGE('',*,*,#3507,.F.);
#4659=ORIENTED_EDGE('',*,*,#3525,.F.);
#4660=ORIENTED_EDGE('',*,*,#3522,.T.);
#4661=ORIENTED_EDGE('',*,*,#3519,.T.);
#4662=ORIENTED_EDGE('',*,*,#3516,.T.);
#4663=ORIENTED_EDGE('',*,*,#3513,.T.);
#4664=ORIENTED_EDGE('',*,*,#3543,.T.);
#4665=ORIENTED_EDGE('',*,*,#3544,.T.);
#4666=ORIENTED_EDGE('',*,*,#3545,.T.);
#4667=ORIENTED_EDGE('',*,*,#3546,.T.);
#4668=ORIENTED_EDGE('',*,*,#3547,.T.);
#4669=ORIENTED_EDGE('',*,*,#3548,.T.);
#4670=ORIENTED_EDGE('',*,*,#3549,.F.);
#4671=ORIENTED_EDGE('',*,*,#3550,.F.);
#4672=ORIENTED_EDGE('',*,*,#3551,.T.);
#4673=ORIENTED_EDGE('',*,*,#3550,.T.);
#4674=ORIENTED_EDGE('',*,*,#3552,.F.);
#4675=ORIENTED_EDGE('',*,*,#3553,.F.);
#4676=ORIENTED_EDGE('',*,*,#3554,.T.);
#4677=ORIENTED_EDGE('',*,*,#3553,.T.);
#4678=ORIENTED_EDGE('',*,*,#3555,.F.);
#4679=ORIENTED_EDGE('',*,*,#3556,.F.);
#4680=ORIENTED_EDGE('',*,*,#3557,.T.);
#4681=ORIENTED_EDGE('',*,*,#3556,.T.);
#4682=ORIENTED_EDGE('',*,*,#3558,.F.);
#4683=ORIENTED_EDGE('',*,*,#3559,.F.);
#4684=ORIENTED_EDGE('',*,*,#3560,.F.);
#4685=ORIENTED_EDGE('',*,*,#3559,.T.);
#4686=ORIENTED_EDGE('',*,*,#3561,.T.);
#4687=ORIENTED_EDGE('',*,*,#3545,.F.);
#4688=ORIENTED_EDGE('',*,*,#3562,.T.);
#4689=ORIENTED_EDGE('',*,*,#3543,.F.);
#4690=ORIENTED_EDGE('',*,*,#3563,.F.);
#4691=ORIENTED_EDGE('',*,*,#3564,.F.);
#4692=ORIENTED_EDGE('',*,*,#3565,.T.);
#4693=ORIENTED_EDGE('',*,*,#3564,.T.);
#4694=ORIENTED_EDGE('',*,*,#3566,.F.);
#4695=ORIENTED_EDGE('',*,*,#3567,.F.);
#4696=ORIENTED_EDGE('',*,*,#3568,.T.);
#4697=ORIENTED_EDGE('',*,*,#3567,.T.);
#4698=ORIENTED_EDGE('',*,*,#3569,.F.);
#4699=ORIENTED_EDGE('',*,*,#3570,.F.);
#4700=ORIENTED_EDGE('',*,*,#3571,.T.);
#4701=ORIENTED_EDGE('',*,*,#3570,.T.);
#4702=ORIENTED_EDGE('',*,*,#3572,.F.);
#4703=ORIENTED_EDGE('',*,*,#3573,.F.);
#4704=ORIENTED_EDGE('',*,*,#3574,.T.);
#4705=ORIENTED_EDGE('',*,*,#3573,.T.);
#4706=ORIENTED_EDGE('',*,*,#3575,.F.);
#4707=ORIENTED_EDGE('',*,*,#3576,.F.);
#4708=ORIENTED_EDGE('',*,*,#3577,.T.);
#4709=ORIENTED_EDGE('',*,*,#3576,.T.);
#4710=ORIENTED_EDGE('',*,*,#3578,.F.);
#4711=ORIENTED_EDGE('',*,*,#3548,.F.);
#4712=ORIENTED_EDGE('',*,*,#3578,.T.);
#4713=ORIENTED_EDGE('',*,*,#3575,.T.);
#4714=ORIENTED_EDGE('',*,*,#3572,.T.);
#4715=ORIENTED_EDGE('',*,*,#3569,.T.);
#4716=ORIENTED_EDGE('',*,*,#3566,.T.);
#4717=ORIENTED_EDGE('',*,*,#3563,.T.);
#4718=ORIENTED_EDGE('',*,*,#3546,.F.);
#4719=ORIENTED_EDGE('',*,*,#3561,.F.);
#4720=ORIENTED_EDGE('',*,*,#3558,.T.);
#4721=ORIENTED_EDGE('',*,*,#3555,.T.);
#4722=ORIENTED_EDGE('',*,*,#3552,.T.);
#4723=ORIENTED_EDGE('',*,*,#3549,.T.);
#4724=ORIENTED_EDGE('',*,*,#3577,.F.);
#4725=ORIENTED_EDGE('',*,*,#3547,.F.);
#4726=ORIENTED_EDGE('',*,*,#3551,.F.);
#4727=ORIENTED_EDGE('',*,*,#3554,.F.);
#4728=ORIENTED_EDGE('',*,*,#3557,.F.);
#4729=ORIENTED_EDGE('',*,*,#3560,.T.);
#4730=ORIENTED_EDGE('',*,*,#3544,.F.);
#4731=ORIENTED_EDGE('',*,*,#3562,.F.);
#4732=ORIENTED_EDGE('',*,*,#3565,.F.);
#4733=ORIENTED_EDGE('',*,*,#3568,.F.);
#4734=ORIENTED_EDGE('',*,*,#3571,.F.);
#4735=ORIENTED_EDGE('',*,*,#3574,.F.);
#4736=ORIENTED_EDGE('',*,*,#3579,.T.);
#4737=ORIENTED_EDGE('',*,*,#3580,.T.);
#4738=ORIENTED_EDGE('',*,*,#3581,.T.);
#4739=ORIENTED_EDGE('',*,*,#3582,.T.);
#4740=ORIENTED_EDGE('',*,*,#3583,.F.);
#4741=ORIENTED_EDGE('',*,*,#3584,.T.);
#4742=ORIENTED_EDGE('',*,*,#3585,.F.);
#4743=ORIENTED_EDGE('',*,*,#3586,.F.);
#4744=ORIENTED_EDGE('',*,*,#3587,.F.);
#4745=ORIENTED_EDGE('',*,*,#3586,.T.);
#4746=ORIENTED_EDGE('',*,*,#3588,.F.);
#4747=ORIENTED_EDGE('',*,*,#3589,.F.);
#4748=ORIENTED_EDGE('',*,*,#3590,.F.);
#4749=ORIENTED_EDGE('',*,*,#3589,.T.);
#4750=ORIENTED_EDGE('',*,*,#3591,.F.);
#4751=ORIENTED_EDGE('',*,*,#3592,.F.);
#4752=ORIENTED_EDGE('',*,*,#3593,.F.);
#4753=ORIENTED_EDGE('',*,*,#3592,.T.);
#4754=ORIENTED_EDGE('',*,*,#3594,.F.);
#4755=ORIENTED_EDGE('',*,*,#3595,.F.);
#4756=ORIENTED_EDGE('',*,*,#3596,.F.);
#4757=ORIENTED_EDGE('',*,*,#3595,.T.);
#4758=ORIENTED_EDGE('',*,*,#3597,.T.);
#4759=ORIENTED_EDGE('',*,*,#3579,.F.);
#4760=ORIENTED_EDGE('',*,*,#3598,.F.);
#4761=ORIENTED_EDGE('',*,*,#3581,.F.);
#4762=ORIENTED_EDGE('',*,*,#3599,.F.);
#4763=ORIENTED_EDGE('',*,*,#3600,.F.);
#4764=ORIENTED_EDGE('',*,*,#3601,.F.);
#4765=ORIENTED_EDGE('',*,*,#3600,.T.);
#4766=ORIENTED_EDGE('',*,*,#3602,.F.);
#4767=ORIENTED_EDGE('',*,*,#3603,.F.);
#4768=ORIENTED_EDGE('',*,*,#3604,.F.);
#4769=ORIENTED_EDGE('',*,*,#3603,.T.);
#4770=ORIENTED_EDGE('',*,*,#3605,.F.);
#4771=ORIENTED_EDGE('',*,*,#3606,.F.);
#4772=ORIENTED_EDGE('',*,*,#3607,.F.);
#4773=ORIENTED_EDGE('',*,*,#3606,.T.);
#4774=ORIENTED_EDGE('',*,*,#3608,.F.);
#4775=ORIENTED_EDGE('',*,*,#3609,.F.);
#4776=ORIENTED_EDGE('',*,*,#3610,.F.);
#4777=ORIENTED_EDGE('',*,*,#3609,.T.);
#4778=ORIENTED_EDGE('',*,*,#3611,.F.);
#4779=ORIENTED_EDGE('',*,*,#3612,.F.);
#4780=ORIENTED_EDGE('',*,*,#3613,.F.);
#4781=ORIENTED_EDGE('',*,*,#3612,.T.);
#4782=ORIENTED_EDGE('',*,*,#3614,.F.);
#4783=ORIENTED_EDGE('',*,*,#3584,.F.);
#4784=ORIENTED_EDGE('',*,*,#3613,.T.);
#4785=ORIENTED_EDGE('',*,*,#3583,.T.);
#4786=ORIENTED_EDGE('',*,*,#3587,.T.);
#4787=ORIENTED_EDGE('',*,*,#3590,.T.);
#4788=ORIENTED_EDGE('',*,*,#3593,.T.);
#4789=ORIENTED_EDGE('',*,*,#3596,.T.);
#4790=ORIENTED_EDGE('',*,*,#3582,.F.);
#4791=ORIENTED_EDGE('',*,*,#3598,.T.);
#4792=ORIENTED_EDGE('',*,*,#3601,.T.);
#4793=ORIENTED_EDGE('',*,*,#3604,.T.);
#4794=ORIENTED_EDGE('',*,*,#3607,.T.);
#4795=ORIENTED_EDGE('',*,*,#3610,.T.);
#4796=ORIENTED_EDGE('',*,*,#3614,.T.);
#4797=ORIENTED_EDGE('',*,*,#3611,.T.);
#4798=ORIENTED_EDGE('',*,*,#3608,.T.);
#4799=ORIENTED_EDGE('',*,*,#3605,.T.);
#4800=ORIENTED_EDGE('',*,*,#3602,.T.);
#4801=ORIENTED_EDGE('',*,*,#3599,.T.);
#4802=ORIENTED_EDGE('',*,*,#3580,.F.);
#4803=ORIENTED_EDGE('',*,*,#3597,.F.);
#4804=ORIENTED_EDGE('',*,*,#3594,.T.);
#4805=ORIENTED_EDGE('',*,*,#3591,.T.);
#4806=ORIENTED_EDGE('',*,*,#3588,.T.);
#4807=ORIENTED_EDGE('',*,*,#3585,.T.);
#4808=ORIENTED_EDGE('',*,*,#3615,.T.);
#4809=ORIENTED_EDGE('',*,*,#3616,.T.);
#4810=ORIENTED_EDGE('',*,*,#3617,.T.);
#4811=ORIENTED_EDGE('',*,*,#3618,.T.);
#4812=ORIENTED_EDGE('',*,*,#3619,.T.);
#4813=ORIENTED_EDGE('',*,*,#3620,.T.);
#4814=ORIENTED_EDGE('',*,*,#3621,.F.);
#4815=ORIENTED_EDGE('',*,*,#3622,.F.);
#4816=ORIENTED_EDGE('',*,*,#3623,.T.);
#4817=ORIENTED_EDGE('',*,*,#3622,.T.);
#4818=ORIENTED_EDGE('',*,*,#3624,.F.);
#4819=ORIENTED_EDGE('',*,*,#3625,.F.);
#4820=ORIENTED_EDGE('',*,*,#3626,.T.);
#4821=ORIENTED_EDGE('',*,*,#3625,.T.);
#4822=ORIENTED_EDGE('',*,*,#3627,.F.);
#4823=ORIENTED_EDGE('',*,*,#3628,.F.);
#4824=ORIENTED_EDGE('',*,*,#3629,.T.);
#4825=ORIENTED_EDGE('',*,*,#3628,.T.);
#4826=ORIENTED_EDGE('',*,*,#3630,.F.);
#4827=ORIENTED_EDGE('',*,*,#3631,.F.);
#4828=ORIENTED_EDGE('',*,*,#3632,.F.);
#4829=ORIENTED_EDGE('',*,*,#3631,.T.);
#4830=ORIENTED_EDGE('',*,*,#3633,.T.);
#4831=ORIENTED_EDGE('',*,*,#3617,.F.);
#4832=ORIENTED_EDGE('',*,*,#3634,.T.);
#4833=ORIENTED_EDGE('',*,*,#3615,.F.);
#4834=ORIENTED_EDGE('',*,*,#3635,.F.);
#4835=ORIENTED_EDGE('',*,*,#3636,.F.);
#4836=ORIENTED_EDGE('',*,*,#3637,.T.);
#4837=ORIENTED_EDGE('',*,*,#3636,.T.);
#4838=ORIENTED_EDGE('',*,*,#3638,.F.);
#4839=ORIENTED_EDGE('',*,*,#3639,.F.);
#4840=ORIENTED_EDGE('',*,*,#3640,.T.);
#4841=ORIENTED_EDGE('',*,*,#3639,.T.);
#4842=ORIENTED_EDGE('',*,*,#3641,.F.);
#4843=ORIENTED_EDGE('',*,*,#3642,.F.);
#4844=ORIENTED_EDGE('',*,*,#3643,.T.);
#4845=ORIENTED_EDGE('',*,*,#3642,.T.);
#4846=ORIENTED_EDGE('',*,*,#3644,.F.);
#4847=ORIENTED_EDGE('',*,*,#3645,.F.);
#4848=ORIENTED_EDGE('',*,*,#3646,.T.);
#4849=ORIENTED_EDGE('',*,*,#3645,.T.);
#4850=ORIENTED_EDGE('',*,*,#3647,.F.);
#4851=ORIENTED_EDGE('',*,*,#3648,.F.);
#4852=ORIENTED_EDGE('',*,*,#3649,.T.);
#4853=ORIENTED_EDGE('',*,*,#3648,.T.);
#4854=ORIENTED_EDGE('',*,*,#3650,.F.);
#4855=ORIENTED_EDGE('',*,*,#3620,.F.);
#4856=ORIENTED_EDGE('',*,*,#3650,.T.);
#4857=ORIENTED_EDGE('',*,*,#3647,.T.);
#4858=ORIENTED_EDGE('',*,*,#3644,.T.);
#4859=ORIENTED_EDGE('',*,*,#3641,.T.);
#4860=ORIENTED_EDGE('',*,*,#3638,.T.);
#4861=ORIENTED_EDGE('',*,*,#3635,.T.);
#4862=ORIENTED_EDGE('',*,*,#3618,.F.);
#4863=ORIENTED_EDGE('',*,*,#3633,.F.);
#4864=ORIENTED_EDGE('',*,*,#3630,.T.);
#4865=ORIENTED_EDGE('',*,*,#3627,.T.);
#4866=ORIENTED_EDGE('',*,*,#3624,.T.);
#4867=ORIENTED_EDGE('',*,*,#3621,.T.);
#4868=ORIENTED_EDGE('',*,*,#3649,.F.);
#4869=ORIENTED_EDGE('',*,*,#3619,.F.);
#4870=ORIENTED_EDGE('',*,*,#3623,.F.);
#4871=ORIENTED_EDGE('',*,*,#3626,.F.);
#4872=ORIENTED_EDGE('',*,*,#3629,.F.);
#4873=ORIENTED_EDGE('',*,*,#3632,.T.);
#4874=ORIENTED_EDGE('',*,*,#3616,.F.);
#4875=ORIENTED_EDGE('',*,*,#3634,.F.);
#4876=ORIENTED_EDGE('',*,*,#3637,.F.);
#4877=ORIENTED_EDGE('',*,*,#3640,.F.);
#4878=ORIENTED_EDGE('',*,*,#3643,.F.);
#4879=ORIENTED_EDGE('',*,*,#3646,.F.);
#4880=ORIENTED_EDGE('',*,*,#3651,.T.);
#4881=ORIENTED_EDGE('',*,*,#3652,.T.);
#4882=ORIENTED_EDGE('',*,*,#3653,.T.);
#4883=ORIENTED_EDGE('',*,*,#3654,.T.);
#4884=ORIENTED_EDGE('',*,*,#3655,.F.);
#4885=ORIENTED_EDGE('',*,*,#3656,.T.);
#4886=ORIENTED_EDGE('',*,*,#3657,.F.);
#4887=ORIENTED_EDGE('',*,*,#3658,.F.);
#4888=ORIENTED_EDGE('',*,*,#3659,.F.);
#4889=ORIENTED_EDGE('',*,*,#3658,.T.);
#4890=ORIENTED_EDGE('',*,*,#3660,.F.);
#4891=ORIENTED_EDGE('',*,*,#3661,.F.);
#4892=ORIENTED_EDGE('',*,*,#3662,.F.);
#4893=ORIENTED_EDGE('',*,*,#3661,.T.);
#4894=ORIENTED_EDGE('',*,*,#3663,.F.);
#4895=ORIENTED_EDGE('',*,*,#3664,.F.);
#4896=ORIENTED_EDGE('',*,*,#3665,.F.);
#4897=ORIENTED_EDGE('',*,*,#3664,.T.);
#4898=ORIENTED_EDGE('',*,*,#3666,.F.);
#4899=ORIENTED_EDGE('',*,*,#3667,.F.);
#4900=ORIENTED_EDGE('',*,*,#3668,.F.);
#4901=ORIENTED_EDGE('',*,*,#3667,.T.);
#4902=ORIENTED_EDGE('',*,*,#3669,.T.);
#4903=ORIENTED_EDGE('',*,*,#3651,.F.);
#4904=ORIENTED_EDGE('',*,*,#3670,.F.);
#4905=ORIENTED_EDGE('',*,*,#3653,.F.);
#4906=ORIENTED_EDGE('',*,*,#3671,.F.);
#4907=ORIENTED_EDGE('',*,*,#3672,.F.);
#4908=ORIENTED_EDGE('',*,*,#3673,.F.);
#4909=ORIENTED_EDGE('',*,*,#3672,.T.);
#4910=ORIENTED_EDGE('',*,*,#3674,.F.);
#4911=ORIENTED_EDGE('',*,*,#3675,.F.);
#4912=ORIENTED_EDGE('',*,*,#3676,.F.);
#4913=ORIENTED_EDGE('',*,*,#3675,.T.);
#4914=ORIENTED_EDGE('',*,*,#3677,.F.);
#4915=ORIENTED_EDGE('',*,*,#3678,.F.);
#4916=ORIENTED_EDGE('',*,*,#3679,.F.);
#4917=ORIENTED_EDGE('',*,*,#3678,.T.);
#4918=ORIENTED_EDGE('',*,*,#3680,.F.);
#4919=ORIENTED_EDGE('',*,*,#3681,.F.);
#4920=ORIENTED_EDGE('',*,*,#3682,.F.);
#4921=ORIENTED_EDGE('',*,*,#3681,.T.);
#4922=ORIENTED_EDGE('',*,*,#3683,.F.);
#4923=ORIENTED_EDGE('',*,*,#3684,.F.);
#4924=ORIENTED_EDGE('',*,*,#3685,.F.);
#4925=ORIENTED_EDGE('',*,*,#3684,.T.);
#4926=ORIENTED_EDGE('',*,*,#3686,.F.);
#4927=ORIENTED_EDGE('',*,*,#3656,.F.);
#4928=ORIENTED_EDGE('',*,*,#3685,.T.);
#4929=ORIENTED_EDGE('',*,*,#3655,.T.);
#4930=ORIENTED_EDGE('',*,*,#3659,.T.);
#4931=ORIENTED_EDGE('',*,*,#3662,.T.);
#4932=ORIENTED_EDGE('',*,*,#3665,.T.);
#4933=ORIENTED_EDGE('',*,*,#3668,.T.);
#4934=ORIENTED_EDGE('',*,*,#3654,.F.);
#4935=ORIENTED_EDGE('',*,*,#3670,.T.);
#4936=ORIENTED_EDGE('',*,*,#3673,.T.);
#4937=ORIENTED_EDGE('',*,*,#3676,.T.);
#4938=ORIENTED_EDGE('',*,*,#3679,.T.);
#4939=ORIENTED_EDGE('',*,*,#3682,.T.);
#4940=ORIENTED_EDGE('',*,*,#3686,.T.);
#4941=ORIENTED_EDGE('',*,*,#3683,.T.);
#4942=ORIENTED_EDGE('',*,*,#3680,.T.);
#4943=ORIENTED_EDGE('',*,*,#3677,.T.);
#4944=ORIENTED_EDGE('',*,*,#3674,.T.);
#4945=ORIENTED_EDGE('',*,*,#3671,.T.);
#4946=ORIENTED_EDGE('',*,*,#3652,.F.);
#4947=ORIENTED_EDGE('',*,*,#3669,.F.);
#4948=ORIENTED_EDGE('',*,*,#3666,.T.);
#4949=ORIENTED_EDGE('',*,*,#3663,.T.);
#4950=ORIENTED_EDGE('',*,*,#3660,.T.);
#4951=ORIENTED_EDGE('',*,*,#3657,.T.);
#4952=ORIENTED_EDGE('',*,*,#3687,.T.);
#4953=ORIENTED_EDGE('',*,*,#3688,.T.);
#4954=ORIENTED_EDGE('',*,*,#3689,.T.);
#4955=ORIENTED_EDGE('',*,*,#3690,.T.);
#4956=ORIENTED_EDGE('',*,*,#3691,.T.);
#4957=ORIENTED_EDGE('',*,*,#3692,.T.);
#4958=ORIENTED_EDGE('',*,*,#3693,.F.);
#4959=ORIENTED_EDGE('',*,*,#3694,.F.);
#4960=ORIENTED_EDGE('',*,*,#3695,.T.);
#4961=ORIENTED_EDGE('',*,*,#3694,.T.);
#4962=ORIENTED_EDGE('',*,*,#3696,.F.);
#4963=ORIENTED_EDGE('',*,*,#3697,.F.);
#4964=ORIENTED_EDGE('',*,*,#3698,.T.);
#4965=ORIENTED_EDGE('',*,*,#3697,.T.);
#4966=ORIENTED_EDGE('',*,*,#3699,.F.);
#4967=ORIENTED_EDGE('',*,*,#3700,.F.);
#4968=ORIENTED_EDGE('',*,*,#3701,.T.);
#4969=ORIENTED_EDGE('',*,*,#3700,.T.);
#4970=ORIENTED_EDGE('',*,*,#3702,.F.);
#4971=ORIENTED_EDGE('',*,*,#3703,.F.);
#4972=ORIENTED_EDGE('',*,*,#3704,.F.);
#4973=ORIENTED_EDGE('',*,*,#3703,.T.);
#4974=ORIENTED_EDGE('',*,*,#3705,.T.);
#4975=ORIENTED_EDGE('',*,*,#3689,.F.);
#4976=ORIENTED_EDGE('',*,*,#3706,.T.);
#4977=ORIENTED_EDGE('',*,*,#3687,.F.);
#4978=ORIENTED_EDGE('',*,*,#3707,.F.);
#4979=ORIENTED_EDGE('',*,*,#3708,.F.);
#4980=ORIENTED_EDGE('',*,*,#3709,.T.);
#4981=ORIENTED_EDGE('',*,*,#3708,.T.);
#4982=ORIENTED_EDGE('',*,*,#3710,.F.);
#4983=ORIENTED_EDGE('',*,*,#3711,.F.);
#4984=ORIENTED_EDGE('',*,*,#3712,.T.);
#4985=ORIENTED_EDGE('',*,*,#3711,.T.);
#4986=ORIENTED_EDGE('',*,*,#3713,.F.);
#4987=ORIENTED_EDGE('',*,*,#3714,.F.);
#4988=ORIENTED_EDGE('',*,*,#3715,.T.);
#4989=ORIENTED_EDGE('',*,*,#3714,.T.);
#4990=ORIENTED_EDGE('',*,*,#3716,.F.);
#4991=ORIENTED_EDGE('',*,*,#3717,.F.);
#4992=ORIENTED_EDGE('',*,*,#3718,.T.);
#4993=ORIENTED_EDGE('',*,*,#3717,.T.);
#4994=ORIENTED_EDGE('',*,*,#3719,.F.);
#4995=ORIENTED_EDGE('',*,*,#3720,.F.);
#4996=ORIENTED_EDGE('',*,*,#3721,.T.);
#4997=ORIENTED_EDGE('',*,*,#3720,.T.);
#4998=ORIENTED_EDGE('',*,*,#3722,.F.);
#4999=ORIENTED_EDGE('',*,*,#3692,.F.);
#5000=ORIENTED_EDGE('',*,*,#3722,.T.);
#5001=ORIENTED_EDGE('',*,*,#3719,.T.);
#5002=ORIENTED_EDGE('',*,*,#3716,.T.);
#5003=ORIENTED_EDGE('',*,*,#3713,.T.);
#5004=ORIENTED_EDGE('',*,*,#3710,.T.);
#5005=ORIENTED_EDGE('',*,*,#3707,.T.);
#5006=ORIENTED_EDGE('',*,*,#3690,.F.);
#5007=ORIENTED_EDGE('',*,*,#3705,.F.);
#5008=ORIENTED_EDGE('',*,*,#3702,.T.);
#5009=ORIENTED_EDGE('',*,*,#3699,.T.);
#5010=ORIENTED_EDGE('',*,*,#3696,.T.);
#5011=ORIENTED_EDGE('',*,*,#3693,.T.);
#5012=ORIENTED_EDGE('',*,*,#3721,.F.);
#5013=ORIENTED_EDGE('',*,*,#3691,.F.);
#5014=ORIENTED_EDGE('',*,*,#3695,.F.);
#5015=ORIENTED_EDGE('',*,*,#3698,.F.);
#5016=ORIENTED_EDGE('',*,*,#3701,.F.);
#5017=ORIENTED_EDGE('',*,*,#3704,.T.);
#5018=ORIENTED_EDGE('',*,*,#3688,.F.);
#5019=ORIENTED_EDGE('',*,*,#3706,.F.);
#5020=ORIENTED_EDGE('',*,*,#3709,.F.);
#5021=ORIENTED_EDGE('',*,*,#3712,.F.);
#5022=ORIENTED_EDGE('',*,*,#3715,.F.);
#5023=ORIENTED_EDGE('',*,*,#3718,.F.);
#5024=ORIENTED_EDGE('',*,*,#3723,.T.);
#5025=ORIENTED_EDGE('',*,*,#3724,.T.);
#5026=ORIENTED_EDGE('',*,*,#3725,.T.);
#5027=ORIENTED_EDGE('',*,*,#3726,.T.);
#5028=ORIENTED_EDGE('',*,*,#3727,.F.);
#5029=ORIENTED_EDGE('',*,*,#3728,.T.);
#5030=ORIENTED_EDGE('',*,*,#3729,.F.);
#5031=ORIENTED_EDGE('',*,*,#3730,.F.);
#5032=ORIENTED_EDGE('',*,*,#3731,.F.);
#5033=ORIENTED_EDGE('',*,*,#3730,.T.);
#5034=ORIENTED_EDGE('',*,*,#3732,.F.);
#5035=ORIENTED_EDGE('',*,*,#3733,.F.);
#5036=ORIENTED_EDGE('',*,*,#3734,.F.);
#5037=ORIENTED_EDGE('',*,*,#3733,.T.);
#5038=ORIENTED_EDGE('',*,*,#3735,.F.);
#5039=ORIENTED_EDGE('',*,*,#3736,.F.);
#5040=ORIENTED_EDGE('',*,*,#3737,.F.);
#5041=ORIENTED_EDGE('',*,*,#3736,.T.);
#5042=ORIENTED_EDGE('',*,*,#3738,.F.);
#5043=ORIENTED_EDGE('',*,*,#3739,.F.);
#5044=ORIENTED_EDGE('',*,*,#3740,.F.);
#5045=ORIENTED_EDGE('',*,*,#3739,.T.);
#5046=ORIENTED_EDGE('',*,*,#3741,.T.);
#5047=ORIENTED_EDGE('',*,*,#3723,.F.);
#5048=ORIENTED_EDGE('',*,*,#3742,.F.);
#5049=ORIENTED_EDGE('',*,*,#3725,.F.);
#5050=ORIENTED_EDGE('',*,*,#3743,.F.);
#5051=ORIENTED_EDGE('',*,*,#3744,.F.);
#5052=ORIENTED_EDGE('',*,*,#3745,.F.);
#5053=ORIENTED_EDGE('',*,*,#3744,.T.);
#5054=ORIENTED_EDGE('',*,*,#3746,.F.);
#5055=ORIENTED_EDGE('',*,*,#3747,.F.);
#5056=ORIENTED_EDGE('',*,*,#3748,.F.);
#5057=ORIENTED_EDGE('',*,*,#3747,.T.);
#5058=ORIENTED_EDGE('',*,*,#3749,.F.);
#5059=ORIENTED_EDGE('',*,*,#3750,.F.);
#5060=ORIENTED_EDGE('',*,*,#3751,.F.);
#5061=ORIENTED_EDGE('',*,*,#3750,.T.);
#5062=ORIENTED_EDGE('',*,*,#3752,.F.);
#5063=ORIENTED_EDGE('',*,*,#3753,.F.);
#5064=ORIENTED_EDGE('',*,*,#3754,.F.);
#5065=ORIENTED_EDGE('',*,*,#3753,.T.);
#5066=ORIENTED_EDGE('',*,*,#3755,.F.);
#5067=ORIENTED_EDGE('',*,*,#3756,.F.);
#5068=ORIENTED_EDGE('',*,*,#3757,.F.);
#5069=ORIENTED_EDGE('',*,*,#3756,.T.);
#5070=ORIENTED_EDGE('',*,*,#3758,.F.);
#5071=ORIENTED_EDGE('',*,*,#3728,.F.);
#5072=ORIENTED_EDGE('',*,*,#3757,.T.);
#5073=ORIENTED_EDGE('',*,*,#3727,.T.);
#5074=ORIENTED_EDGE('',*,*,#3731,.T.);
#5075=ORIENTED_EDGE('',*,*,#3734,.T.);
#5076=ORIENTED_EDGE('',*,*,#3737,.T.);
#5077=ORIENTED_EDGE('',*,*,#3740,.T.);
#5078=ORIENTED_EDGE('',*,*,#3726,.F.);
#5079=ORIENTED_EDGE('',*,*,#3742,.T.);
#5080=ORIENTED_EDGE('',*,*,#3745,.T.);
#5081=ORIENTED_EDGE('',*,*,#3748,.T.);
#5082=ORIENTED_EDGE('',*,*,#3751,.T.);
#5083=ORIENTED_EDGE('',*,*,#3754,.T.);
#5084=ORIENTED_EDGE('',*,*,#3758,.T.);
#5085=ORIENTED_EDGE('',*,*,#3755,.T.);
#5086=ORIENTED_EDGE('',*,*,#3752,.T.);
#5087=ORIENTED_EDGE('',*,*,#3749,.T.);
#5088=ORIENTED_EDGE('',*,*,#3746,.T.);
#5089=ORIENTED_EDGE('',*,*,#3743,.T.);
#5090=ORIENTED_EDGE('',*,*,#3724,.F.);
#5091=ORIENTED_EDGE('',*,*,#3741,.F.);
#5092=ORIENTED_EDGE('',*,*,#3738,.T.);
#5093=ORIENTED_EDGE('',*,*,#3735,.T.);
#5094=ORIENTED_EDGE('',*,*,#3732,.T.);
#5095=ORIENTED_EDGE('',*,*,#3729,.T.);
#5096=ORIENTED_EDGE('',*,*,#3759,.T.);
#5097=ORIENTED_EDGE('',*,*,#3760,.T.);
#5098=ORIENTED_EDGE('',*,*,#3761,.T.);
#5099=ORIENTED_EDGE('',*,*,#3762,.T.);
#5100=ORIENTED_EDGE('',*,*,#3763,.T.);
#5101=ORIENTED_EDGE('',*,*,#3764,.T.);
#5102=ORIENTED_EDGE('',*,*,#3765,.F.);
#5103=ORIENTED_EDGE('',*,*,#3766,.F.);
#5104=ORIENTED_EDGE('',*,*,#3767,.T.);
#5105=ORIENTED_EDGE('',*,*,#3766,.T.);
#5106=ORIENTED_EDGE('',*,*,#3768,.F.);
#5107=ORIENTED_EDGE('',*,*,#3769,.F.);
#5108=ORIENTED_EDGE('',*,*,#3770,.T.);
#5109=ORIENTED_EDGE('',*,*,#3769,.T.);
#5110=ORIENTED_EDGE('',*,*,#3771,.F.);
#5111=ORIENTED_EDGE('',*,*,#3772,.F.);
#5112=ORIENTED_EDGE('',*,*,#3773,.T.);
#5113=ORIENTED_EDGE('',*,*,#3772,.T.);
#5114=ORIENTED_EDGE('',*,*,#3774,.F.);
#5115=ORIENTED_EDGE('',*,*,#3775,.F.);
#5116=ORIENTED_EDGE('',*,*,#3776,.F.);
#5117=ORIENTED_EDGE('',*,*,#3775,.T.);
#5118=ORIENTED_EDGE('',*,*,#3777,.T.);
#5119=ORIENTED_EDGE('',*,*,#3761,.F.);
#5120=ORIENTED_EDGE('',*,*,#3778,.T.);
#5121=ORIENTED_EDGE('',*,*,#3759,.F.);
#5122=ORIENTED_EDGE('',*,*,#3779,.F.);
#5123=ORIENTED_EDGE('',*,*,#3780,.F.);
#5124=ORIENTED_EDGE('',*,*,#3781,.T.);
#5125=ORIENTED_EDGE('',*,*,#3780,.T.);
#5126=ORIENTED_EDGE('',*,*,#3782,.F.);
#5127=ORIENTED_EDGE('',*,*,#3783,.F.);
#5128=ORIENTED_EDGE('',*,*,#3784,.T.);
#5129=ORIENTED_EDGE('',*,*,#3783,.T.);
#5130=ORIENTED_EDGE('',*,*,#3785,.F.);
#5131=ORIENTED_EDGE('',*,*,#3786,.F.);
#5132=ORIENTED_EDGE('',*,*,#3787,.T.);
#5133=ORIENTED_EDGE('',*,*,#3786,.T.);
#5134=ORIENTED_EDGE('',*,*,#3788,.F.);
#5135=ORIENTED_EDGE('',*,*,#3789,.F.);
#5136=ORIENTED_EDGE('',*,*,#3790,.T.);
#5137=ORIENTED_EDGE('',*,*,#3789,.T.);
#5138=ORIENTED_EDGE('',*,*,#3791,.F.);
#5139=ORIENTED_EDGE('',*,*,#3792,.F.);
#5140=ORIENTED_EDGE('',*,*,#3793,.T.);
#5141=ORIENTED_EDGE('',*,*,#3792,.T.);
#5142=ORIENTED_EDGE('',*,*,#3794,.F.);
#5143=ORIENTED_EDGE('',*,*,#3764,.F.);
#5144=ORIENTED_EDGE('',*,*,#3794,.T.);
#5145=ORIENTED_EDGE('',*,*,#3791,.T.);
#5146=ORIENTED_EDGE('',*,*,#3788,.T.);
#5147=ORIENTED_EDGE('',*,*,#3785,.T.);
#5148=ORIENTED_EDGE('',*,*,#3782,.T.);
#5149=ORIENTED_EDGE('',*,*,#3779,.T.);
#5150=ORIENTED_EDGE('',*,*,#3762,.F.);
#5151=ORIENTED_EDGE('',*,*,#3777,.F.);
#5152=ORIENTED_EDGE('',*,*,#3774,.T.);
#5153=ORIENTED_EDGE('',*,*,#3771,.T.);
#5154=ORIENTED_EDGE('',*,*,#3768,.T.);
#5155=ORIENTED_EDGE('',*,*,#3765,.T.);
#5156=ORIENTED_EDGE('',*,*,#3793,.F.);
#5157=ORIENTED_EDGE('',*,*,#3763,.F.);
#5158=ORIENTED_EDGE('',*,*,#3767,.F.);
#5159=ORIENTED_EDGE('',*,*,#3770,.F.);
#5160=ORIENTED_EDGE('',*,*,#3773,.F.);
#5161=ORIENTED_EDGE('',*,*,#3776,.T.);
#5162=ORIENTED_EDGE('',*,*,#3760,.F.);
#5163=ORIENTED_EDGE('',*,*,#3778,.F.);
#5164=ORIENTED_EDGE('',*,*,#3781,.F.);
#5165=ORIENTED_EDGE('',*,*,#3784,.F.);
#5166=ORIENTED_EDGE('',*,*,#3787,.F.);
#5167=ORIENTED_EDGE('',*,*,#3790,.F.);
#5168=ORIENTED_EDGE('',*,*,#3795,.T.);
#5169=ORIENTED_EDGE('',*,*,#3796,.T.);
#5170=ORIENTED_EDGE('',*,*,#3797,.T.);
#5171=ORIENTED_EDGE('',*,*,#3798,.T.);
#5172=ORIENTED_EDGE('',*,*,#3799,.F.);
#5173=ORIENTED_EDGE('',*,*,#3800,.T.);
#5174=ORIENTED_EDGE('',*,*,#3801,.F.);
#5175=ORIENTED_EDGE('',*,*,#3802,.F.);
#5176=ORIENTED_EDGE('',*,*,#3803,.F.);
#5177=ORIENTED_EDGE('',*,*,#3802,.T.);
#5178=ORIENTED_EDGE('',*,*,#3804,.F.);
#5179=ORIENTED_EDGE('',*,*,#3805,.F.);
#5180=ORIENTED_EDGE('',*,*,#3806,.F.);
#5181=ORIENTED_EDGE('',*,*,#3805,.T.);
#5182=ORIENTED_EDGE('',*,*,#3807,.F.);
#5183=ORIENTED_EDGE('',*,*,#3808,.F.);
#5184=ORIENTED_EDGE('',*,*,#3809,.F.);
#5185=ORIENTED_EDGE('',*,*,#3808,.T.);
#5186=ORIENTED_EDGE('',*,*,#3810,.F.);
#5187=ORIENTED_EDGE('',*,*,#3811,.F.);
#5188=ORIENTED_EDGE('',*,*,#3812,.F.);
#5189=ORIENTED_EDGE('',*,*,#3811,.T.);
#5190=ORIENTED_EDGE('',*,*,#3813,.T.);
#5191=ORIENTED_EDGE('',*,*,#3795,.F.);
#5192=ORIENTED_EDGE('',*,*,#3814,.F.);
#5193=ORIENTED_EDGE('',*,*,#3797,.F.);
#5194=ORIENTED_EDGE('',*,*,#3815,.F.);
#5195=ORIENTED_EDGE('',*,*,#3816,.F.);
#5196=ORIENTED_EDGE('',*,*,#3817,.F.);
#5197=ORIENTED_EDGE('',*,*,#3816,.T.);
#5198=ORIENTED_EDGE('',*,*,#3818,.F.);
#5199=ORIENTED_EDGE('',*,*,#3819,.F.);
#5200=ORIENTED_EDGE('',*,*,#3820,.F.);
#5201=ORIENTED_EDGE('',*,*,#3819,.T.);
#5202=ORIENTED_EDGE('',*,*,#3821,.F.);
#5203=ORIENTED_EDGE('',*,*,#3822,.F.);
#5204=ORIENTED_EDGE('',*,*,#3823,.F.);
#5205=ORIENTED_EDGE('',*,*,#3822,.T.);
#5206=ORIENTED_EDGE('',*,*,#3824,.F.);
#5207=ORIENTED_EDGE('',*,*,#3825,.F.);
#5208=ORIENTED_EDGE('',*,*,#3826,.F.);
#5209=ORIENTED_EDGE('',*,*,#3825,.T.);
#5210=ORIENTED_EDGE('',*,*,#3827,.F.);
#5211=ORIENTED_EDGE('',*,*,#3828,.F.);
#5212=ORIENTED_EDGE('',*,*,#3829,.F.);
#5213=ORIENTED_EDGE('',*,*,#3828,.T.);
#5214=ORIENTED_EDGE('',*,*,#3830,.F.);
#5215=ORIENTED_EDGE('',*,*,#3800,.F.);
#5216=ORIENTED_EDGE('',*,*,#3829,.T.);
#5217=ORIENTED_EDGE('',*,*,#3799,.T.);
#5218=ORIENTED_EDGE('',*,*,#3803,.T.);
#5219=ORIENTED_EDGE('',*,*,#3806,.T.);
#5220=ORIENTED_EDGE('',*,*,#3809,.T.);
#5221=ORIENTED_EDGE('',*,*,#3812,.T.);
#5222=ORIENTED_EDGE('',*,*,#3798,.F.);
#5223=ORIENTED_EDGE('',*,*,#3814,.T.);
#5224=ORIENTED_EDGE('',*,*,#3817,.T.);
#5225=ORIENTED_EDGE('',*,*,#3820,.T.);
#5226=ORIENTED_EDGE('',*,*,#3823,.T.);
#5227=ORIENTED_EDGE('',*,*,#3826,.T.);
#5228=ORIENTED_EDGE('',*,*,#3830,.T.);
#5229=ORIENTED_EDGE('',*,*,#3827,.T.);
#5230=ORIENTED_EDGE('',*,*,#3824,.T.);
#5231=ORIENTED_EDGE('',*,*,#3821,.T.);
#5232=ORIENTED_EDGE('',*,*,#3818,.T.);
#5233=ORIENTED_EDGE('',*,*,#3815,.T.);
#5234=ORIENTED_EDGE('',*,*,#3796,.F.);
#5235=ORIENTED_EDGE('',*,*,#3813,.F.);
#5236=ORIENTED_EDGE('',*,*,#3810,.T.);
#5237=ORIENTED_EDGE('',*,*,#3807,.T.);
#5238=ORIENTED_EDGE('',*,*,#3804,.T.);
#5239=ORIENTED_EDGE('',*,*,#3801,.T.);
#5240=ORIENTED_EDGE('',*,*,#3831,.T.);
#5241=ORIENTED_EDGE('',*,*,#3832,.T.);
#5242=ORIENTED_EDGE('',*,*,#3833,.T.);
#5243=ORIENTED_EDGE('',*,*,#3834,.T.);
#5244=ORIENTED_EDGE('',*,*,#3835,.T.);
#5245=ORIENTED_EDGE('',*,*,#3836,.T.);
#5246=ORIENTED_EDGE('',*,*,#3837,.F.);
#5247=ORIENTED_EDGE('',*,*,#3838,.F.);
#5248=ORIENTED_EDGE('',*,*,#3839,.T.);
#5249=ORIENTED_EDGE('',*,*,#3838,.T.);
#5250=ORIENTED_EDGE('',*,*,#3840,.F.);
#5251=ORIENTED_EDGE('',*,*,#3841,.F.);
#5252=ORIENTED_EDGE('',*,*,#3842,.T.);
#5253=ORIENTED_EDGE('',*,*,#3841,.T.);
#5254=ORIENTED_EDGE('',*,*,#3843,.F.);
#5255=ORIENTED_EDGE('',*,*,#3844,.F.);
#5256=ORIENTED_EDGE('',*,*,#3845,.T.);
#5257=ORIENTED_EDGE('',*,*,#3844,.T.);
#5258=ORIENTED_EDGE('',*,*,#3846,.F.);
#5259=ORIENTED_EDGE('',*,*,#3847,.F.);
#5260=ORIENTED_EDGE('',*,*,#3848,.F.);
#5261=ORIENTED_EDGE('',*,*,#3847,.T.);
#5262=ORIENTED_EDGE('',*,*,#3849,.T.);
#5263=ORIENTED_EDGE('',*,*,#3833,.F.);
#5264=ORIENTED_EDGE('',*,*,#3850,.T.);
#5265=ORIENTED_EDGE('',*,*,#3831,.F.);
#5266=ORIENTED_EDGE('',*,*,#3851,.F.);
#5267=ORIENTED_EDGE('',*,*,#3852,.F.);
#5268=ORIENTED_EDGE('',*,*,#3853,.T.);
#5269=ORIENTED_EDGE('',*,*,#3852,.T.);
#5270=ORIENTED_EDGE('',*,*,#3854,.F.);
#5271=ORIENTED_EDGE('',*,*,#3855,.F.);
#5272=ORIENTED_EDGE('',*,*,#3856,.T.);
#5273=ORIENTED_EDGE('',*,*,#3855,.T.);
#5274=ORIENTED_EDGE('',*,*,#3857,.F.);
#5275=ORIENTED_EDGE('',*,*,#3858,.F.);
#5276=ORIENTED_EDGE('',*,*,#3859,.T.);
#5277=ORIENTED_EDGE('',*,*,#3858,.T.);
#5278=ORIENTED_EDGE('',*,*,#3860,.F.);
#5279=ORIENTED_EDGE('',*,*,#3861,.F.);
#5280=ORIENTED_EDGE('',*,*,#3862,.T.);
#5281=ORIENTED_EDGE('',*,*,#3861,.T.);
#5282=ORIENTED_EDGE('',*,*,#3863,.F.);
#5283=ORIENTED_EDGE('',*,*,#3864,.F.);
#5284=ORIENTED_EDGE('',*,*,#3865,.T.);
#5285=ORIENTED_EDGE('',*,*,#3864,.T.);
#5286=ORIENTED_EDGE('',*,*,#3866,.F.);
#5287=ORIENTED_EDGE('',*,*,#3836,.F.);
#5288=ORIENTED_EDGE('',*,*,#3866,.T.);
#5289=ORIENTED_EDGE('',*,*,#3863,.T.);
#5290=ORIENTED_EDGE('',*,*,#3860,.T.);
#5291=ORIENTED_EDGE('',*,*,#3857,.T.);
#5292=ORIENTED_EDGE('',*,*,#3854,.T.);
#5293=ORIENTED_EDGE('',*,*,#3851,.T.);
#5294=ORIENTED_EDGE('',*,*,#3834,.F.);
#5295=ORIENTED_EDGE('',*,*,#3849,.F.);
#5296=ORIENTED_EDGE('',*,*,#3846,.T.);
#5297=ORIENTED_EDGE('',*,*,#3843,.T.);
#5298=ORIENTED_EDGE('',*,*,#3840,.T.);
#5299=ORIENTED_EDGE('',*,*,#3837,.T.);
#5300=ORIENTED_EDGE('',*,*,#3865,.F.);
#5301=ORIENTED_EDGE('',*,*,#3835,.F.);
#5302=ORIENTED_EDGE('',*,*,#3839,.F.);
#5303=ORIENTED_EDGE('',*,*,#3842,.F.);
#5304=ORIENTED_EDGE('',*,*,#3845,.F.);
#5305=ORIENTED_EDGE('',*,*,#3848,.T.);
#5306=ORIENTED_EDGE('',*,*,#3832,.F.);
#5307=ORIENTED_EDGE('',*,*,#3850,.F.);
#5308=ORIENTED_EDGE('',*,*,#3853,.F.);
#5309=ORIENTED_EDGE('',*,*,#3856,.F.);
#5310=ORIENTED_EDGE('',*,*,#3859,.F.);
#5311=ORIENTED_EDGE('',*,*,#3862,.F.);
#5312=ORIENTED_EDGE('',*,*,#3867,.T.);
#5313=ORIENTED_EDGE('',*,*,#3868,.T.);
#5314=ORIENTED_EDGE('',*,*,#3869,.T.);
#5315=ORIENTED_EDGE('',*,*,#3870,.T.);
#5316=ORIENTED_EDGE('',*,*,#3871,.F.);
#5317=ORIENTED_EDGE('',*,*,#3872,.T.);
#5318=ORIENTED_EDGE('',*,*,#3873,.F.);
#5319=ORIENTED_EDGE('',*,*,#3874,.F.);
#5320=ORIENTED_EDGE('',*,*,#3875,.F.);
#5321=ORIENTED_EDGE('',*,*,#3874,.T.);
#5322=ORIENTED_EDGE('',*,*,#3876,.F.);
#5323=ORIENTED_EDGE('',*,*,#3877,.F.);
#5324=ORIENTED_EDGE('',*,*,#3878,.F.);
#5325=ORIENTED_EDGE('',*,*,#3877,.T.);
#5326=ORIENTED_EDGE('',*,*,#3879,.F.);
#5327=ORIENTED_EDGE('',*,*,#3880,.F.);
#5328=ORIENTED_EDGE('',*,*,#3881,.F.);
#5329=ORIENTED_EDGE('',*,*,#3880,.T.);
#5330=ORIENTED_EDGE('',*,*,#3882,.F.);
#5331=ORIENTED_EDGE('',*,*,#3883,.F.);
#5332=ORIENTED_EDGE('',*,*,#3884,.F.);
#5333=ORIENTED_EDGE('',*,*,#3883,.T.);
#5334=ORIENTED_EDGE('',*,*,#3885,.T.);
#5335=ORIENTED_EDGE('',*,*,#3867,.F.);
#5336=ORIENTED_EDGE('',*,*,#3886,.F.);
#5337=ORIENTED_EDGE('',*,*,#3869,.F.);
#5338=ORIENTED_EDGE('',*,*,#3887,.F.);
#5339=ORIENTED_EDGE('',*,*,#3888,.F.);
#5340=ORIENTED_EDGE('',*,*,#3889,.F.);
#5341=ORIENTED_EDGE('',*,*,#3888,.T.);
#5342=ORIENTED_EDGE('',*,*,#3890,.F.);
#5343=ORIENTED_EDGE('',*,*,#3891,.F.);
#5344=ORIENTED_EDGE('',*,*,#3892,.F.);
#5345=ORIENTED_EDGE('',*,*,#3891,.T.);
#5346=ORIENTED_EDGE('',*,*,#3893,.F.);
#5347=ORIENTED_EDGE('',*,*,#3894,.F.);
#5348=ORIENTED_EDGE('',*,*,#3895,.F.);
#5349=ORIENTED_EDGE('',*,*,#3894,.T.);
#5350=ORIENTED_EDGE('',*,*,#3896,.F.);
#5351=ORIENTED_EDGE('',*,*,#3897,.F.);
#5352=ORIENTED_EDGE('',*,*,#3898,.F.);
#5353=ORIENTED_EDGE('',*,*,#3897,.T.);
#5354=ORIENTED_EDGE('',*,*,#3899,.F.);
#5355=ORIENTED_EDGE('',*,*,#3900,.F.);
#5356=ORIENTED_EDGE('',*,*,#3901,.F.);
#5357=ORIENTED_EDGE('',*,*,#3900,.T.);
#5358=ORIENTED_EDGE('',*,*,#3902,.F.);
#5359=ORIENTED_EDGE('',*,*,#3872,.F.);
#5360=ORIENTED_EDGE('',*,*,#3901,.T.);
#5361=ORIENTED_EDGE('',*,*,#3871,.T.);
#5362=ORIENTED_EDGE('',*,*,#3875,.T.);
#5363=ORIENTED_EDGE('',*,*,#3878,.T.);
#5364=ORIENTED_EDGE('',*,*,#3881,.T.);
#5365=ORIENTED_EDGE('',*,*,#3884,.T.);
#5366=ORIENTED_EDGE('',*,*,#3870,.F.);
#5367=ORIENTED_EDGE('',*,*,#3886,.T.);
#5368=ORIENTED_EDGE('',*,*,#3889,.T.);
#5369=ORIENTED_EDGE('',*,*,#3892,.T.);
#5370=ORIENTED_EDGE('',*,*,#3895,.T.);
#5371=ORIENTED_EDGE('',*,*,#3898,.T.);
#5372=ORIENTED_EDGE('',*,*,#3902,.T.);
#5373=ORIENTED_EDGE('',*,*,#3899,.T.);
#5374=ORIENTED_EDGE('',*,*,#3896,.T.);
#5375=ORIENTED_EDGE('',*,*,#3893,.T.);
#5376=ORIENTED_EDGE('',*,*,#3890,.T.);
#5377=ORIENTED_EDGE('',*,*,#3887,.T.);
#5378=ORIENTED_EDGE('',*,*,#3868,.F.);
#5379=ORIENTED_EDGE('',*,*,#3885,.F.);
#5380=ORIENTED_EDGE('',*,*,#3882,.T.);
#5381=ORIENTED_EDGE('',*,*,#3879,.T.);
#5382=ORIENTED_EDGE('',*,*,#3876,.T.);
#5383=ORIENTED_EDGE('',*,*,#3873,.T.);
#5384=ORIENTED_EDGE('',*,*,#3903,.T.);
#5385=ORIENTED_EDGE('',*,*,#3904,.T.);
#5386=ORIENTED_EDGE('',*,*,#3905,.T.);
#5387=ORIENTED_EDGE('',*,*,#3906,.T.);
#5388=ORIENTED_EDGE('',*,*,#3907,.T.);
#5389=ORIENTED_EDGE('',*,*,#3908,.T.);
#5390=ORIENTED_EDGE('',*,*,#3909,.F.);
#5391=ORIENTED_EDGE('',*,*,#3910,.F.);
#5392=ORIENTED_EDGE('',*,*,#3911,.T.);
#5393=ORIENTED_EDGE('',*,*,#3910,.T.);
#5394=ORIENTED_EDGE('',*,*,#3912,.F.);
#5395=ORIENTED_EDGE('',*,*,#3913,.F.);
#5396=ORIENTED_EDGE('',*,*,#3914,.T.);
#5397=ORIENTED_EDGE('',*,*,#3913,.T.);
#5398=ORIENTED_EDGE('',*,*,#3915,.F.);
#5399=ORIENTED_EDGE('',*,*,#3916,.F.);
#5400=ORIENTED_EDGE('',*,*,#3917,.T.);
#5401=ORIENTED_EDGE('',*,*,#3916,.T.);
#5402=ORIENTED_EDGE('',*,*,#3918,.F.);
#5403=ORIENTED_EDGE('',*,*,#3919,.F.);
#5404=ORIENTED_EDGE('',*,*,#3920,.F.);
#5405=ORIENTED_EDGE('',*,*,#3919,.T.);
#5406=ORIENTED_EDGE('',*,*,#3921,.T.);
#5407=ORIENTED_EDGE('',*,*,#3905,.F.);
#5408=ORIENTED_EDGE('',*,*,#3922,.T.);
#5409=ORIENTED_EDGE('',*,*,#3903,.F.);
#5410=ORIENTED_EDGE('',*,*,#3923,.F.);
#5411=ORIENTED_EDGE('',*,*,#3924,.F.);
#5412=ORIENTED_EDGE('',*,*,#3925,.T.);
#5413=ORIENTED_EDGE('',*,*,#3924,.T.);
#5414=ORIENTED_EDGE('',*,*,#3926,.F.);
#5415=ORIENTED_EDGE('',*,*,#3927,.F.);
#5416=ORIENTED_EDGE('',*,*,#3928,.T.);
#5417=ORIENTED_EDGE('',*,*,#3927,.T.);
#5418=ORIENTED_EDGE('',*,*,#3929,.F.);
#5419=ORIENTED_EDGE('',*,*,#3930,.F.);
#5420=ORIENTED_EDGE('',*,*,#3931,.T.);
#5421=ORIENTED_EDGE('',*,*,#3930,.T.);
#5422=ORIENTED_EDGE('',*,*,#3932,.F.);
#5423=ORIENTED_EDGE('',*,*,#3933,.F.);
#5424=ORIENTED_EDGE('',*,*,#3934,.T.);
#5425=ORIENTED_EDGE('',*,*,#3933,.T.);
#5426=ORIENTED_EDGE('',*,*,#3935,.F.);
#5427=ORIENTED_EDGE('',*,*,#3936,.F.);
#5428=ORIENTED_EDGE('',*,*,#3937,.T.);
#5429=ORIENTED_EDGE('',*,*,#3936,.T.);
#5430=ORIENTED_EDGE('',*,*,#3938,.F.);
#5431=ORIENTED_EDGE('',*,*,#3908,.F.);
#5432=ORIENTED_EDGE('',*,*,#3938,.T.);
#5433=ORIENTED_EDGE('',*,*,#3935,.T.);
#5434=ORIENTED_EDGE('',*,*,#3932,.T.);
#5435=ORIENTED_EDGE('',*,*,#3929,.T.);
#5436=ORIENTED_EDGE('',*,*,#3926,.T.);
#5437=ORIENTED_EDGE('',*,*,#3923,.T.);
#5438=ORIENTED_EDGE('',*,*,#3906,.F.);
#5439=ORIENTED_EDGE('',*,*,#3921,.F.);
#5440=ORIENTED_EDGE('',*,*,#3918,.T.);
#5441=ORIENTED_EDGE('',*,*,#3915,.T.);
#5442=ORIENTED_EDGE('',*,*,#3912,.T.);
#5443=ORIENTED_EDGE('',*,*,#3909,.T.);
#5444=ORIENTED_EDGE('',*,*,#3937,.F.);
#5445=ORIENTED_EDGE('',*,*,#3907,.F.);
#5446=ORIENTED_EDGE('',*,*,#3911,.F.);
#5447=ORIENTED_EDGE('',*,*,#3914,.F.);
#5448=ORIENTED_EDGE('',*,*,#3917,.F.);
#5449=ORIENTED_EDGE('',*,*,#3920,.T.);
#5450=ORIENTED_EDGE('',*,*,#3904,.F.);
#5451=ORIENTED_EDGE('',*,*,#3922,.F.);
#5452=ORIENTED_EDGE('',*,*,#3925,.F.);
#5453=ORIENTED_EDGE('',*,*,#3928,.F.);
#5454=ORIENTED_EDGE('',*,*,#3931,.F.);
#5455=ORIENTED_EDGE('',*,*,#3934,.F.);
#5456=ORIENTED_EDGE('',*,*,#3939,.T.);
#5457=ORIENTED_EDGE('',*,*,#3940,.T.);
#5458=ORIENTED_EDGE('',*,*,#3941,.T.);
#5459=ORIENTED_EDGE('',*,*,#3942,.T.);
#5460=ORIENTED_EDGE('',*,*,#3943,.F.);
#5461=ORIENTED_EDGE('',*,*,#3944,.T.);
#5462=ORIENTED_EDGE('',*,*,#3945,.F.);
#5463=ORIENTED_EDGE('',*,*,#3946,.F.);
#5464=ORIENTED_EDGE('',*,*,#3947,.F.);
#5465=ORIENTED_EDGE('',*,*,#3946,.T.);
#5466=ORIENTED_EDGE('',*,*,#3948,.F.);
#5467=ORIENTED_EDGE('',*,*,#3949,.F.);
#5468=ORIENTED_EDGE('',*,*,#3950,.F.);
#5469=ORIENTED_EDGE('',*,*,#3949,.T.);
#5470=ORIENTED_EDGE('',*,*,#3951,.F.);
#5471=ORIENTED_EDGE('',*,*,#3952,.F.);
#5472=ORIENTED_EDGE('',*,*,#3953,.F.);
#5473=ORIENTED_EDGE('',*,*,#3952,.T.);
#5474=ORIENTED_EDGE('',*,*,#3954,.F.);
#5475=ORIENTED_EDGE('',*,*,#3955,.F.);
#5476=ORIENTED_EDGE('',*,*,#3956,.F.);
#5477=ORIENTED_EDGE('',*,*,#3955,.T.);
#5478=ORIENTED_EDGE('',*,*,#3957,.T.);
#5479=ORIENTED_EDGE('',*,*,#3939,.F.);
#5480=ORIENTED_EDGE('',*,*,#3958,.F.);
#5481=ORIENTED_EDGE('',*,*,#3941,.F.);
#5482=ORIENTED_EDGE('',*,*,#3959,.F.);
#5483=ORIENTED_EDGE('',*,*,#3960,.F.);
#5484=ORIENTED_EDGE('',*,*,#3961,.F.);
#5485=ORIENTED_EDGE('',*,*,#3960,.T.);
#5486=ORIENTED_EDGE('',*,*,#3962,.F.);
#5487=ORIENTED_EDGE('',*,*,#3963,.F.);
#5488=ORIENTED_EDGE('',*,*,#3964,.F.);
#5489=ORIENTED_EDGE('',*,*,#3963,.T.);
#5490=ORIENTED_EDGE('',*,*,#3965,.F.);
#5491=ORIENTED_EDGE('',*,*,#3966,.F.);
#5492=ORIENTED_EDGE('',*,*,#3967,.F.);
#5493=ORIENTED_EDGE('',*,*,#3966,.T.);
#5494=ORIENTED_EDGE('',*,*,#3968,.F.);
#5495=ORIENTED_EDGE('',*,*,#3969,.F.);
#5496=ORIENTED_EDGE('',*,*,#3970,.F.);
#5497=ORIENTED_EDGE('',*,*,#3969,.T.);
#5498=ORIENTED_EDGE('',*,*,#3971,.F.);
#5499=ORIENTED_EDGE('',*,*,#3972,.F.);
#5500=ORIENTED_EDGE('',*,*,#3973,.F.);
#5501=ORIENTED_EDGE('',*,*,#3972,.T.);
#5502=ORIENTED_EDGE('',*,*,#3974,.F.);
#5503=ORIENTED_EDGE('',*,*,#3944,.F.);
#5504=ORIENTED_EDGE('',*,*,#3973,.T.);
#5505=ORIENTED_EDGE('',*,*,#3943,.T.);
#5506=ORIENTED_EDGE('',*,*,#3947,.T.);
#5507=ORIENTED_EDGE('',*,*,#3950,.T.);
#5508=ORIENTED_EDGE('',*,*,#3953,.T.);
#5509=ORIENTED_EDGE('',*,*,#3956,.T.);
#5510=ORIENTED_EDGE('',*,*,#3942,.F.);
#5511=ORIENTED_EDGE('',*,*,#3958,.T.);
#5512=ORIENTED_EDGE('',*,*,#3961,.T.);
#5513=ORIENTED_EDGE('',*,*,#3964,.T.);
#5514=ORIENTED_EDGE('',*,*,#3967,.T.);
#5515=ORIENTED_EDGE('',*,*,#3970,.T.);
#5516=ORIENTED_EDGE('',*,*,#3974,.T.);
#5517=ORIENTED_EDGE('',*,*,#3971,.T.);
#5518=ORIENTED_EDGE('',*,*,#3968,.T.);
#5519=ORIENTED_EDGE('',*,*,#3965,.T.);
#5520=ORIENTED_EDGE('',*,*,#3962,.T.);
#5521=ORIENTED_EDGE('',*,*,#3959,.T.);
#5522=ORIENTED_EDGE('',*,*,#3940,.F.);
#5523=ORIENTED_EDGE('',*,*,#3957,.F.);
#5524=ORIENTED_EDGE('',*,*,#3954,.T.);
#5525=ORIENTED_EDGE('',*,*,#3951,.T.);
#5526=ORIENTED_EDGE('',*,*,#3948,.T.);
#5527=ORIENTED_EDGE('',*,*,#3945,.T.);
#5528=ORIENTED_EDGE('',*,*,#3975,.F.);
#5529=ORIENTED_EDGE('',*,*,#3976,.T.);
#5530=ORIENTED_EDGE('',*,*,#3977,.F.);
#5531=ORIENTED_EDGE('',*,*,#3978,.F.);
#5532=ORIENTED_EDGE('',*,*,#3977,.T.);
#5533=ORIENTED_EDGE('',*,*,#3979,.T.);
#5534=ORIENTED_EDGE('',*,*,#3980,.T.);
#5535=ORIENTED_EDGE('',*,*,#3981,.T.);
#5536=ORIENTED_EDGE('',*,*,#3982,.T.);
#5537=ORIENTED_EDGE('',*,*,#3983,.T.);
#5538=ORIENTED_EDGE('',*,*,#3984,.T.);
#5539=ORIENTED_EDGE('',*,*,#3985,.T.);
#5540=ORIENTED_EDGE('',*,*,#3976,.F.);
#5541=ORIENTED_EDGE('',*,*,#3986,.F.);
#5542=ORIENTED_EDGE('',*,*,#3987,.T.);
#5543=ORIENTED_EDGE('',*,*,#3979,.F.);
#5544=ORIENTED_EDGE('',*,*,#3988,.F.);
#5545=ORIENTED_EDGE('',*,*,#3989,.T.);
#5546=ORIENTED_EDGE('',*,*,#3984,.F.);
#5547=ORIENTED_EDGE('',*,*,#3990,.F.);
#5548=ORIENTED_EDGE('',*,*,#3990,.T.);
#5549=ORIENTED_EDGE('',*,*,#3983,.F.);
#5550=ORIENTED_EDGE('',*,*,#3991,.F.);
#5551=ORIENTED_EDGE('',*,*,#3992,.F.);
#5552=ORIENTED_EDGE('',*,*,#3993,.F.);
#5553=ORIENTED_EDGE('',*,*,#3994,.T.);
#5554=ORIENTED_EDGE('',*,*,#3980,.F.);
#5555=ORIENTED_EDGE('',*,*,#3987,.F.);
#5556=ORIENTED_EDGE('',*,*,#3994,.F.);
#5557=ORIENTED_EDGE('',*,*,#3995,.F.);
#5558=ORIENTED_EDGE('',*,*,#3996,.T.);
#5559=ORIENTED_EDGE('',*,*,#3981,.F.);
#5560=ORIENTED_EDGE('',*,*,#3997,.F.);
#5561=ORIENTED_EDGE('',*,*,#3991,.T.);
#5562=ORIENTED_EDGE('',*,*,#3982,.F.);
#5563=ORIENTED_EDGE('',*,*,#3996,.F.);
#5564=ORIENTED_EDGE('',*,*,#3975,.T.);
#5565=ORIENTED_EDGE('',*,*,#3998,.T.);
#5566=ORIENTED_EDGE('',*,*,#3988,.T.);
#5567=ORIENTED_EDGE('',*,*,#3992,.T.);
#5568=ORIENTED_EDGE('',*,*,#3997,.T.);
#5569=ORIENTED_EDGE('',*,*,#3995,.T.);
#5570=ORIENTED_EDGE('',*,*,#3993,.T.);
#5571=ORIENTED_EDGE('',*,*,#3986,.T.);
#5572=ORIENTED_EDGE('',*,*,#3978,.T.);
#5573=ORIENTED_EDGE('',*,*,#3985,.F.);
#5574=ORIENTED_EDGE('',*,*,#3989,.F.);
#5575=ORIENTED_EDGE('',*,*,#3998,.F.);
#5576=ORIENTED_EDGE('',*,*,#3999,.T.);
#5577=ORIENTED_EDGE('',*,*,#4000,.T.);
#5578=ORIENTED_EDGE('',*,*,#4001,.T.);
#5579=ORIENTED_EDGE('',*,*,#4002,.T.);
#5580=ORIENTED_EDGE('',*,*,#4003,.T.);
#5581=ORIENTED_EDGE('',*,*,#4004,.T.);
#5582=ORIENTED_EDGE('',*,*,#3999,.F.);
#5583=ORIENTED_EDGE('',*,*,#4005,.T.);
#5584=ORIENTED_EDGE('',*,*,#4006,.T.);
#5585=ORIENTED_EDGE('',*,*,#4007,.T.);
#5586=ORIENTED_EDGE('',*,*,#4008,.F.);
#5587=ORIENTED_EDGE('',*,*,#4009,.T.);
#5588=ORIENTED_EDGE('',*,*,#4004,.F.);
#5589=ORIENTED_EDGE('',*,*,#4010,.T.);
#5590=ORIENTED_EDGE('',*,*,#4011,.T.);
#5591=ORIENTED_EDGE('',*,*,#4012,.T.);
#5592=ORIENTED_EDGE('',*,*,#4005,.F.);
#5593=ORIENTED_EDGE('',*,*,#4003,.F.);
#5594=ORIENTED_EDGE('',*,*,#4013,.F.);
#5595=ORIENTED_EDGE('',*,*,#4014,.T.);
#5596=ORIENTED_EDGE('',*,*,#4010,.F.);
#5597=ORIENTED_EDGE('',*,*,#4001,.F.);
#5598=ORIENTED_EDGE('',*,*,#4015,.T.);
#5599=ORIENTED_EDGE('',*,*,#4016,.T.);
#5600=ORIENTED_EDGE('',*,*,#4017,.T.);
#5601=ORIENTED_EDGE('',*,*,#4018,.T.);
#5602=ORIENTED_EDGE('',*,*,#4019,.T.);
#5603=ORIENTED_EDGE('',*,*,#4016,.F.);
#5604=ORIENTED_EDGE('',*,*,#4020,.T.);
#5605=ORIENTED_EDGE('',*,*,#4008,.T.);
#5606=ORIENTED_EDGE('',*,*,#4021,.T.);
#5607=ORIENTED_EDGE('',*,*,#4022,.T.);
#5608=ORIENTED_EDGE('',*,*,#4023,.T.);
#5609=ORIENTED_EDGE('',*,*,#4000,.F.);
#5610=ORIENTED_EDGE('',*,*,#4009,.F.);
#5611=ORIENTED_EDGE('',*,*,#4020,.F.);
#5612=ORIENTED_EDGE('',*,*,#4015,.F.);
#5613=ORIENTED_EDGE('',*,*,#4024,.T.);
#5614=ORIENTED_EDGE('',*,*,#4018,.F.);
#5615=ORIENTED_EDGE('',*,*,#4025,.F.);
#5616=ORIENTED_EDGE('',*,*,#4026,.T.);
#5617=ORIENTED_EDGE('',*,*,#4027,.F.);
#5618=ORIENTED_EDGE('',*,*,#4017,.F.);
#5619=ORIENTED_EDGE('',*,*,#4023,.F.);
#5620=ORIENTED_EDGE('',*,*,#4028,.F.);
#5621=ORIENTED_EDGE('',*,*,#4029,.T.);
#5622=ORIENTED_EDGE('',*,*,#4025,.T.);
#5623=ORIENTED_EDGE('',*,*,#4022,.F.);
#5624=ORIENTED_EDGE('',*,*,#4030,.F.);
#5625=ORIENTED_EDGE('',*,*,#4031,.T.);
#5626=ORIENTED_EDGE('',*,*,#4028,.T.);
#5627=ORIENTED_EDGE('',*,*,#4002,.F.);
#5628=ORIENTED_EDGE('',*,*,#4019,.F.);
#5629=ORIENTED_EDGE('',*,*,#4027,.T.);
#5630=ORIENTED_EDGE('',*,*,#4032,.T.);
#5631=ORIENTED_EDGE('',*,*,#4013,.T.);
#5632=ORIENTED_EDGE('',*,*,#4006,.F.);
#5633=ORIENTED_EDGE('',*,*,#4012,.F.);
#5634=ORIENTED_EDGE('',*,*,#4033,.T.);
#5635=ORIENTED_EDGE('',*,*,#4034,.F.);
#5636=ORIENTED_EDGE('',*,*,#4035,.T.);
#5637=ORIENTED_EDGE('',*,*,#4036,.T.);
#5638=ORIENTED_EDGE('',*,*,#4035,.F.);
#5639=ORIENTED_EDGE('',*,*,#4024,.F.);
#5640=ORIENTED_EDGE('',*,*,#4036,.F.);
#5641=ORIENTED_EDGE('',*,*,#4011,.F.);
#5642=ORIENTED_EDGE('',*,*,#4014,.F.);
#5643=ORIENTED_EDGE('',*,*,#4032,.F.);
#5644=ORIENTED_EDGE('',*,*,#4026,.F.);
#5645=ORIENTED_EDGE('',*,*,#4029,.F.);
#5646=ORIENTED_EDGE('',*,*,#4031,.F.);
#5647=ORIENTED_EDGE('',*,*,#4037,.F.);
#5648=ORIENTED_EDGE('',*,*,#4033,.F.);
#5649=ORIENTED_EDGE('',*,*,#4021,.F.);
#5650=ORIENTED_EDGE('',*,*,#4007,.F.);
#5651=ORIENTED_EDGE('',*,*,#4034,.T.);
#5652=ORIENTED_EDGE('',*,*,#4037,.T.);
#5653=ORIENTED_EDGE('',*,*,#4030,.T.);
#5654=ORIENTED_EDGE('',*,*,#4038,.T.);
#5655=ORIENTED_EDGE('',*,*,#4039,.T.);
#5656=ORIENTED_EDGE('',*,*,#4040,.F.);
#5657=ORIENTED_EDGE('',*,*,#4041,.F.);
#5658=ORIENTED_EDGE('',*,*,#4042,.T.);
#5659=ORIENTED_EDGE('',*,*,#4041,.T.);
#5660=ORIENTED_EDGE('',*,*,#4043,.F.);
#5661=ORIENTED_EDGE('',*,*,#4044,.F.);
#5662=ORIENTED_EDGE('',*,*,#4045,.T.);
#5663=ORIENTED_EDGE('',*,*,#4044,.T.);
#5664=ORIENTED_EDGE('',*,*,#4046,.F.);
#5665=ORIENTED_EDGE('',*,*,#4047,.F.);
#5666=ORIENTED_EDGE('',*,*,#4048,.T.);
#5667=ORIENTED_EDGE('',*,*,#4047,.T.);
#5668=ORIENTED_EDGE('',*,*,#4049,.F.);
#5669=ORIENTED_EDGE('',*,*,#4050,.F.);
#5670=ORIENTED_EDGE('',*,*,#4051,.T.);
#5671=ORIENTED_EDGE('',*,*,#4050,.T.);
#5672=ORIENTED_EDGE('',*,*,#4052,.F.);
#5673=ORIENTED_EDGE('',*,*,#4053,.F.);
#5674=ORIENTED_EDGE('',*,*,#4054,.T.);
#5675=ORIENTED_EDGE('',*,*,#4053,.T.);
#5676=ORIENTED_EDGE('',*,*,#4055,.F.);
#5677=ORIENTED_EDGE('',*,*,#4056,.F.);
#5678=ORIENTED_EDGE('',*,*,#4057,.T.);
#5679=ORIENTED_EDGE('',*,*,#4056,.T.);
#5680=ORIENTED_EDGE('',*,*,#4058,.F.);
#5681=ORIENTED_EDGE('',*,*,#4059,.F.);
#5682=ORIENTED_EDGE('',*,*,#4060,.T.);
#5683=ORIENTED_EDGE('',*,*,#4059,.T.);
#5684=ORIENTED_EDGE('',*,*,#4061,.F.);
#5685=ORIENTED_EDGE('',*,*,#4062,.F.);
#5686=ORIENTED_EDGE('',*,*,#4063,.T.);
#5687=ORIENTED_EDGE('',*,*,#4062,.T.);
#5688=ORIENTED_EDGE('',*,*,#4064,.F.);
#5689=ORIENTED_EDGE('',*,*,#4065,.F.);
#5690=ORIENTED_EDGE('',*,*,#4066,.T.);
#5691=ORIENTED_EDGE('',*,*,#4065,.T.);
#5692=ORIENTED_EDGE('',*,*,#4067,.F.);
#5693=ORIENTED_EDGE('',*,*,#4039,.F.);
#5694=ORIENTED_EDGE('',*,*,#4067,.T.);
#5695=ORIENTED_EDGE('',*,*,#4064,.T.);
#5696=ORIENTED_EDGE('',*,*,#4061,.T.);
#5697=ORIENTED_EDGE('',*,*,#4058,.T.);
#5698=ORIENTED_EDGE('',*,*,#4055,.T.);
#5699=ORIENTED_EDGE('',*,*,#4052,.T.);
#5700=ORIENTED_EDGE('',*,*,#4049,.T.);
#5701=ORIENTED_EDGE('',*,*,#4046,.T.);
#5702=ORIENTED_EDGE('',*,*,#4043,.T.);
#5703=ORIENTED_EDGE('',*,*,#4040,.T.);
#5704=ORIENTED_EDGE('',*,*,#4066,.F.);
#5705=ORIENTED_EDGE('',*,*,#4038,.F.);
#5706=ORIENTED_EDGE('',*,*,#4042,.F.);
#5707=ORIENTED_EDGE('',*,*,#4045,.F.);
#5708=ORIENTED_EDGE('',*,*,#4048,.F.);
#5709=ORIENTED_EDGE('',*,*,#4051,.F.);
#5710=ORIENTED_EDGE('',*,*,#4054,.F.);
#5711=ORIENTED_EDGE('',*,*,#4057,.F.);
#5712=ORIENTED_EDGE('',*,*,#4060,.F.);
#5713=ORIENTED_EDGE('',*,*,#4063,.F.);
#5714=ORIENTED_EDGE('',*,*,#4068,.T.);
#5715=ORIENTED_EDGE('',*,*,#4069,.T.);
#5716=ORIENTED_EDGE('',*,*,#4070,.F.);
#5717=ORIENTED_EDGE('',*,*,#4071,.F.);
#5718=ORIENTED_EDGE('',*,*,#4072,.T.);
#5719=ORIENTED_EDGE('',*,*,#4071,.T.);
#5720=ORIENTED_EDGE('',*,*,#4073,.F.);
#5721=ORIENTED_EDGE('',*,*,#4074,.F.);
#5722=ORIENTED_EDGE('',*,*,#4075,.T.);
#5723=ORIENTED_EDGE('',*,*,#4074,.T.);
#5724=ORIENTED_EDGE('',*,*,#4076,.F.);
#5725=ORIENTED_EDGE('',*,*,#4077,.F.);
#5726=ORIENTED_EDGE('',*,*,#4078,.T.);
#5727=ORIENTED_EDGE('',*,*,#4077,.T.);
#5728=ORIENTED_EDGE('',*,*,#4079,.F.);
#5729=ORIENTED_EDGE('',*,*,#4080,.F.);
#5730=ORIENTED_EDGE('',*,*,#4081,.T.);
#5731=ORIENTED_EDGE('',*,*,#4080,.T.);
#5732=ORIENTED_EDGE('',*,*,#4082,.F.);
#5733=ORIENTED_EDGE('',*,*,#4083,.F.);
#5734=ORIENTED_EDGE('',*,*,#4084,.T.);
#5735=ORIENTED_EDGE('',*,*,#4083,.T.);
#5736=ORIENTED_EDGE('',*,*,#4085,.F.);
#5737=ORIENTED_EDGE('',*,*,#4086,.F.);
#5738=ORIENTED_EDGE('',*,*,#4087,.T.);
#5739=ORIENTED_EDGE('',*,*,#4086,.T.);
#5740=ORIENTED_EDGE('',*,*,#4088,.F.);
#5741=ORIENTED_EDGE('',*,*,#4089,.F.);
#5742=ORIENTED_EDGE('',*,*,#4090,.T.);
#5743=ORIENTED_EDGE('',*,*,#4089,.T.);
#5744=ORIENTED_EDGE('',*,*,#4091,.F.);
#5745=ORIENTED_EDGE('',*,*,#4092,.F.);
#5746=ORIENTED_EDGE('',*,*,#4093,.T.);
#5747=ORIENTED_EDGE('',*,*,#4092,.T.);
#5748=ORIENTED_EDGE('',*,*,#4094,.F.);
#5749=ORIENTED_EDGE('',*,*,#4095,.F.);
#5750=ORIENTED_EDGE('',*,*,#4096,.T.);
#5751=ORIENTED_EDGE('',*,*,#4095,.T.);
#5752=ORIENTED_EDGE('',*,*,#4097,.F.);
#5753=ORIENTED_EDGE('',*,*,#4069,.F.);
#5754=ORIENTED_EDGE('',*,*,#4097,.T.);
#5755=ORIENTED_EDGE('',*,*,#4094,.T.);
#5756=ORIENTED_EDGE('',*,*,#4091,.T.);
#5757=ORIENTED_EDGE('',*,*,#4088,.T.);
#5758=ORIENTED_EDGE('',*,*,#4085,.T.);
#5759=ORIENTED_EDGE('',*,*,#4082,.T.);
#5760=ORIENTED_EDGE('',*,*,#4079,.T.);
#5761=ORIENTED_EDGE('',*,*,#4076,.T.);
#5762=ORIENTED_EDGE('',*,*,#4073,.T.);
#5763=ORIENTED_EDGE('',*,*,#4070,.T.);
#5764=ORIENTED_EDGE('',*,*,#4096,.F.);
#5765=ORIENTED_EDGE('',*,*,#4068,.F.);
#5766=ORIENTED_EDGE('',*,*,#4072,.F.);
#5767=ORIENTED_EDGE('',*,*,#4075,.F.);
#5768=ORIENTED_EDGE('',*,*,#4078,.F.);
#5769=ORIENTED_EDGE('',*,*,#4081,.F.);
#5770=ORIENTED_EDGE('',*,*,#4084,.F.);
#5771=ORIENTED_EDGE('',*,*,#4087,.F.);
#5772=ORIENTED_EDGE('',*,*,#4090,.F.);
#5773=ORIENTED_EDGE('',*,*,#4093,.F.);
#5774=ORIENTED_EDGE('',*,*,#4098,.F.);
#5775=ORIENTED_EDGE('',*,*,#4099,.T.);
#5776=ORIENTED_EDGE('',*,*,#4100,.F.);
#5777=ORIENTED_EDGE('',*,*,#4101,.F.);
#5778=ORIENTED_EDGE('',*,*,#4102,.F.);
#5779=ORIENTED_EDGE('',*,*,#4103,.T.);
#5780=ORIENTED_EDGE('',*,*,#4104,.F.);
#5781=ORIENTED_EDGE('',*,*,#4099,.F.);
#5782=ORIENTED_EDGE('',*,*,#4105,.F.);
#5783=ORIENTED_EDGE('',*,*,#4106,.T.);
#5784=ORIENTED_EDGE('',*,*,#4107,.F.);
#5785=ORIENTED_EDGE('',*,*,#4103,.F.);
#5786=ORIENTED_EDGE('',*,*,#4108,.F.);
#5787=ORIENTED_EDGE('',*,*,#4101,.T.);
#5788=ORIENTED_EDGE('',*,*,#4109,.F.);
#5789=ORIENTED_EDGE('',*,*,#4106,.F.);
#5790=ORIENTED_EDGE('',*,*,#4110,.T.);
#5791=ORIENTED_EDGE('',*,*,#4111,.T.);
#5792=ORIENTED_EDGE('',*,*,#4112,.F.);
#5793=ORIENTED_EDGE('',*,*,#4113,.F.);
#5794=ORIENTED_EDGE('',*,*,#4114,.T.);
#5795=ORIENTED_EDGE('',*,*,#4113,.T.);
#5796=ORIENTED_EDGE('',*,*,#4115,.F.);
#5797=ORIENTED_EDGE('',*,*,#4116,.F.);
#5798=ORIENTED_EDGE('',*,*,#4117,.T.);
#5799=ORIENTED_EDGE('',*,*,#4116,.T.);
#5800=ORIENTED_EDGE('',*,*,#4118,.F.);
#5801=ORIENTED_EDGE('',*,*,#4119,.F.);
#5802=ORIENTED_EDGE('',*,*,#4120,.T.);
#5803=ORIENTED_EDGE('',*,*,#4119,.T.);
#5804=ORIENTED_EDGE('',*,*,#4121,.F.);
#5805=ORIENTED_EDGE('',*,*,#4111,.F.);
#5806=ORIENTED_EDGE('',*,*,#4121,.T.);
#5807=ORIENTED_EDGE('',*,*,#4118,.T.);
#5808=ORIENTED_EDGE('',*,*,#4115,.T.);
#5809=ORIENTED_EDGE('',*,*,#4112,.T.);
#5810=ORIENTED_EDGE('',*,*,#4100,.T.);
#5811=ORIENTED_EDGE('',*,*,#4104,.T.);
#5812=ORIENTED_EDGE('',*,*,#4107,.T.);
#5813=ORIENTED_EDGE('',*,*,#4109,.T.);
#5814=ORIENTED_EDGE('',*,*,#4120,.F.);
#5815=ORIENTED_EDGE('',*,*,#4110,.F.);
#5816=ORIENTED_EDGE('',*,*,#4114,.F.);
#5817=ORIENTED_EDGE('',*,*,#4117,.F.);
#5818=ORIENTED_EDGE('',*,*,#4098,.T.);
#5819=ORIENTED_EDGE('',*,*,#4108,.T.);
#5820=ORIENTED_EDGE('',*,*,#4105,.T.);
#5821=ORIENTED_EDGE('',*,*,#4102,.T.);
#5822=ORIENTED_EDGE('',*,*,#4122,.F.);
#5823=ORIENTED_EDGE('',*,*,#4123,.T.);
#5824=ORIENTED_EDGE('',*,*,#4124,.F.);
#5825=ORIENTED_EDGE('',*,*,#4125,.F.);
#5826=ORIENTED_EDGE('',*,*,#4126,.F.);
#5827=ORIENTED_EDGE('',*,*,#4127,.T.);
#5828=ORIENTED_EDGE('',*,*,#4128,.F.);
#5829=ORIENTED_EDGE('',*,*,#4123,.F.);
#5830=ORIENTED_EDGE('',*,*,#4129,.F.);
#5831=ORIENTED_EDGE('',*,*,#4130,.T.);
#5832=ORIENTED_EDGE('',*,*,#4131,.F.);
#5833=ORIENTED_EDGE('',*,*,#4127,.F.);
#5834=ORIENTED_EDGE('',*,*,#4132,.F.);
#5835=ORIENTED_EDGE('',*,*,#4125,.T.);
#5836=ORIENTED_EDGE('',*,*,#4133,.F.);
#5837=ORIENTED_EDGE('',*,*,#4130,.F.);
#5838=ORIENTED_EDGE('',*,*,#4134,.T.);
#5839=ORIENTED_EDGE('',*,*,#4135,.T.);
#5840=ORIENTED_EDGE('',*,*,#4136,.F.);
#5841=ORIENTED_EDGE('',*,*,#4137,.F.);
#5842=ORIENTED_EDGE('',*,*,#4138,.T.);
#5843=ORIENTED_EDGE('',*,*,#4137,.T.);
#5844=ORIENTED_EDGE('',*,*,#4139,.F.);
#5845=ORIENTED_EDGE('',*,*,#4140,.F.);
#5846=ORIENTED_EDGE('',*,*,#4141,.T.);
#5847=ORIENTED_EDGE('',*,*,#4140,.T.);
#5848=ORIENTED_EDGE('',*,*,#4142,.F.);
#5849=ORIENTED_EDGE('',*,*,#4143,.F.);
#5850=ORIENTED_EDGE('',*,*,#4144,.T.);
#5851=ORIENTED_EDGE('',*,*,#4143,.T.);
#5852=ORIENTED_EDGE('',*,*,#4145,.F.);
#5853=ORIENTED_EDGE('',*,*,#4146,.F.);
#5854=ORIENTED_EDGE('',*,*,#4147,.T.);
#5855=ORIENTED_EDGE('',*,*,#4146,.T.);
#5856=ORIENTED_EDGE('',*,*,#4148,.F.);
#5857=ORIENTED_EDGE('',*,*,#4149,.F.);
#5858=ORIENTED_EDGE('',*,*,#4150,.T.);
#5859=ORIENTED_EDGE('',*,*,#4149,.T.);
#5860=ORIENTED_EDGE('',*,*,#4151,.F.);
#5861=ORIENTED_EDGE('',*,*,#4152,.F.);
#5862=ORIENTED_EDGE('',*,*,#4153,.T.);
#5863=ORIENTED_EDGE('',*,*,#4152,.T.);
#5864=ORIENTED_EDGE('',*,*,#4154,.F.);
#5865=ORIENTED_EDGE('',*,*,#4155,.F.);
#5866=ORIENTED_EDGE('',*,*,#4156,.T.);
#5867=ORIENTED_EDGE('',*,*,#4155,.T.);
#5868=ORIENTED_EDGE('',*,*,#4157,.F.);
#5869=ORIENTED_EDGE('',*,*,#4135,.F.);
#5870=ORIENTED_EDGE('',*,*,#4157,.T.);
#5871=ORIENTED_EDGE('',*,*,#4154,.T.);
#5872=ORIENTED_EDGE('',*,*,#4151,.T.);
#5873=ORIENTED_EDGE('',*,*,#4148,.T.);
#5874=ORIENTED_EDGE('',*,*,#4145,.T.);
#5875=ORIENTED_EDGE('',*,*,#4142,.T.);
#5876=ORIENTED_EDGE('',*,*,#4139,.T.);
#5877=ORIENTED_EDGE('',*,*,#4136,.T.);
#5878=ORIENTED_EDGE('',*,*,#4124,.T.);
#5879=ORIENTED_EDGE('',*,*,#4128,.T.);
#5880=ORIENTED_EDGE('',*,*,#4131,.T.);
#5881=ORIENTED_EDGE('',*,*,#4133,.T.);
#5882=ORIENTED_EDGE('',*,*,#4156,.F.);
#5883=ORIENTED_EDGE('',*,*,#4134,.F.);
#5884=ORIENTED_EDGE('',*,*,#4138,.F.);
#5885=ORIENTED_EDGE('',*,*,#4141,.F.);
#5886=ORIENTED_EDGE('',*,*,#4144,.F.);
#5887=ORIENTED_EDGE('',*,*,#4147,.F.);
#5888=ORIENTED_EDGE('',*,*,#4150,.F.);
#5889=ORIENTED_EDGE('',*,*,#4153,.F.);
#5890=ORIENTED_EDGE('',*,*,#4122,.T.);
#5891=ORIENTED_EDGE('',*,*,#4132,.T.);
#5892=ORIENTED_EDGE('',*,*,#4129,.T.);
#5893=ORIENTED_EDGE('',*,*,#4126,.T.);
#5894=ORIENTED_EDGE('',*,*,#4158,.T.);
#5895=ORIENTED_EDGE('',*,*,#4159,.T.);
#5896=ORIENTED_EDGE('',*,*,#4160,.F.);
#5897=ORIENTED_EDGE('',*,*,#4161,.F.);
#5898=ORIENTED_EDGE('',*,*,#4162,.T.);
#5899=ORIENTED_EDGE('',*,*,#4161,.T.);
#5900=ORIENTED_EDGE('',*,*,#4163,.F.);
#5901=ORIENTED_EDGE('',*,*,#4164,.F.);
#5902=ORIENTED_EDGE('',*,*,#4165,.T.);
#5903=ORIENTED_EDGE('',*,*,#4164,.T.);
#5904=ORIENTED_EDGE('',*,*,#4166,.F.);
#5905=ORIENTED_EDGE('',*,*,#4167,.F.);
#5906=ORIENTED_EDGE('',*,*,#4168,.T.);
#5907=ORIENTED_EDGE('',*,*,#4167,.T.);
#5908=ORIENTED_EDGE('',*,*,#4169,.F.);
#5909=ORIENTED_EDGE('',*,*,#4170,.F.);
#5910=ORIENTED_EDGE('',*,*,#4171,.T.);
#5911=ORIENTED_EDGE('',*,*,#4170,.T.);
#5912=ORIENTED_EDGE('',*,*,#4172,.F.);
#5913=ORIENTED_EDGE('',*,*,#4173,.F.);
#5914=ORIENTED_EDGE('',*,*,#4174,.T.);
#5915=ORIENTED_EDGE('',*,*,#4173,.T.);
#5916=ORIENTED_EDGE('',*,*,#4175,.F.);
#5917=ORIENTED_EDGE('',*,*,#4176,.F.);
#5918=ORIENTED_EDGE('',*,*,#4177,.T.);
#5919=ORIENTED_EDGE('',*,*,#4176,.T.);
#5920=ORIENTED_EDGE('',*,*,#4178,.F.);
#5921=ORIENTED_EDGE('',*,*,#4179,.F.);
#5922=ORIENTED_EDGE('',*,*,#4180,.T.);
#5923=ORIENTED_EDGE('',*,*,#4179,.T.);
#5924=ORIENTED_EDGE('',*,*,#4181,.F.);
#5925=ORIENTED_EDGE('',*,*,#4182,.F.);
#5926=ORIENTED_EDGE('',*,*,#4183,.T.);
#5927=ORIENTED_EDGE('',*,*,#4182,.T.);
#5928=ORIENTED_EDGE('',*,*,#4184,.F.);
#5929=ORIENTED_EDGE('',*,*,#4185,.F.);
#5930=ORIENTED_EDGE('',*,*,#4186,.T.);
#5931=ORIENTED_EDGE('',*,*,#4185,.T.);
#5932=ORIENTED_EDGE('',*,*,#4187,.F.);
#5933=ORIENTED_EDGE('',*,*,#4188,.F.);
#5934=ORIENTED_EDGE('',*,*,#4189,.T.);
#5935=ORIENTED_EDGE('',*,*,#4188,.T.);
#5936=ORIENTED_EDGE('',*,*,#4190,.F.);
#5937=ORIENTED_EDGE('',*,*,#4191,.F.);
#5938=ORIENTED_EDGE('',*,*,#4192,.T.);
#5939=ORIENTED_EDGE('',*,*,#4191,.T.);
#5940=ORIENTED_EDGE('',*,*,#4193,.F.);
#5941=ORIENTED_EDGE('',*,*,#4194,.F.);
#5942=ORIENTED_EDGE('',*,*,#4195,.T.);
#5943=ORIENTED_EDGE('',*,*,#4194,.T.);
#5944=ORIENTED_EDGE('',*,*,#4196,.F.);
#5945=ORIENTED_EDGE('',*,*,#4197,.F.);
#5946=ORIENTED_EDGE('',*,*,#4198,.T.);
#5947=ORIENTED_EDGE('',*,*,#4197,.T.);
#5948=ORIENTED_EDGE('',*,*,#4199,.F.);
#5949=ORIENTED_EDGE('',*,*,#4159,.F.);
#5950=ORIENTED_EDGE('',*,*,#4199,.T.);
#5951=ORIENTED_EDGE('',*,*,#4196,.T.);
#5952=ORIENTED_EDGE('',*,*,#4193,.T.);
#5953=ORIENTED_EDGE('',*,*,#4190,.T.);
#5954=ORIENTED_EDGE('',*,*,#4187,.T.);
#5955=ORIENTED_EDGE('',*,*,#4184,.T.);
#5956=ORIENTED_EDGE('',*,*,#4181,.T.);
#5957=ORIENTED_EDGE('',*,*,#4178,.T.);
#5958=ORIENTED_EDGE('',*,*,#4175,.T.);
#5959=ORIENTED_EDGE('',*,*,#4172,.T.);
#5960=ORIENTED_EDGE('',*,*,#4169,.T.);
#5961=ORIENTED_EDGE('',*,*,#4166,.T.);
#5962=ORIENTED_EDGE('',*,*,#4163,.T.);
#5963=ORIENTED_EDGE('',*,*,#4160,.T.);
#5964=ORIENTED_EDGE('',*,*,#4198,.F.);
#5965=ORIENTED_EDGE('',*,*,#4158,.F.);
#5966=ORIENTED_EDGE('',*,*,#4162,.F.);
#5967=ORIENTED_EDGE('',*,*,#4165,.F.);
#5968=ORIENTED_EDGE('',*,*,#4168,.F.);
#5969=ORIENTED_EDGE('',*,*,#4171,.F.);
#5970=ORIENTED_EDGE('',*,*,#4174,.F.);
#5971=ORIENTED_EDGE('',*,*,#4177,.F.);
#5972=ORIENTED_EDGE('',*,*,#4180,.F.);
#5973=ORIENTED_EDGE('',*,*,#4183,.F.);
#5974=ORIENTED_EDGE('',*,*,#4186,.F.);
#5975=ORIENTED_EDGE('',*,*,#4189,.F.);
#5976=ORIENTED_EDGE('',*,*,#4192,.F.);
#5977=ORIENTED_EDGE('',*,*,#4195,.F.);
#5978=ORIENTED_EDGE('',*,*,#4200,.T.);
#5979=ORIENTED_EDGE('',*,*,#4201,.T.);
#5980=ORIENTED_EDGE('',*,*,#4202,.F.);
#5981=ORIENTED_EDGE('',*,*,#4203,.F.);
#5982=ORIENTED_EDGE('',*,*,#4204,.T.);
#5983=ORIENTED_EDGE('',*,*,#4203,.T.);
#5984=ORIENTED_EDGE('',*,*,#4205,.F.);
#5985=ORIENTED_EDGE('',*,*,#4206,.F.);
#5986=ORIENTED_EDGE('',*,*,#4207,.T.);
#5987=ORIENTED_EDGE('',*,*,#4206,.T.);
#5988=ORIENTED_EDGE('',*,*,#4208,.F.);
#5989=ORIENTED_EDGE('',*,*,#4209,.F.);
#5990=ORIENTED_EDGE('',*,*,#4210,.T.);
#5991=ORIENTED_EDGE('',*,*,#4209,.T.);
#5992=ORIENTED_EDGE('',*,*,#4211,.F.);
#5993=ORIENTED_EDGE('',*,*,#4212,.F.);
#5994=ORIENTED_EDGE('',*,*,#4213,.T.);
#5995=ORIENTED_EDGE('',*,*,#4212,.T.);
#5996=ORIENTED_EDGE('',*,*,#4214,.F.);
#5997=ORIENTED_EDGE('',*,*,#4215,.F.);
#5998=ORIENTED_EDGE('',*,*,#4216,.T.);
#5999=ORIENTED_EDGE('',*,*,#4215,.T.);
#6000=ORIENTED_EDGE('',*,*,#4217,.F.);
#6001=ORIENTED_EDGE('',*,*,#4218,.F.);
#6002=ORIENTED_EDGE('',*,*,#4219,.T.);
#6003=ORIENTED_EDGE('',*,*,#4218,.T.);
#6004=ORIENTED_EDGE('',*,*,#4220,.F.);
#6005=ORIENTED_EDGE('',*,*,#4221,.F.);
#6006=ORIENTED_EDGE('',*,*,#4222,.T.);
#6007=ORIENTED_EDGE('',*,*,#4221,.T.);
#6008=ORIENTED_EDGE('',*,*,#4223,.F.);
#6009=ORIENTED_EDGE('',*,*,#4224,.F.);
#6010=ORIENTED_EDGE('',*,*,#4225,.T.);
#6011=ORIENTED_EDGE('',*,*,#4224,.T.);
#6012=ORIENTED_EDGE('',*,*,#4226,.F.);
#6013=ORIENTED_EDGE('',*,*,#4227,.F.);
#6014=ORIENTED_EDGE('',*,*,#4228,.T.);
#6015=ORIENTED_EDGE('',*,*,#4227,.T.);
#6016=ORIENTED_EDGE('',*,*,#4229,.F.);
#6017=ORIENTED_EDGE('',*,*,#4201,.F.);
#6018=ORIENTED_EDGE('',*,*,#4229,.T.);
#6019=ORIENTED_EDGE('',*,*,#4226,.T.);
#6020=ORIENTED_EDGE('',*,*,#4223,.T.);
#6021=ORIENTED_EDGE('',*,*,#4220,.T.);
#6022=ORIENTED_EDGE('',*,*,#4217,.T.);
#6023=ORIENTED_EDGE('',*,*,#4214,.T.);
#6024=ORIENTED_EDGE('',*,*,#4211,.T.);
#6025=ORIENTED_EDGE('',*,*,#4208,.T.);
#6026=ORIENTED_EDGE('',*,*,#4205,.T.);
#6027=ORIENTED_EDGE('',*,*,#4202,.T.);
#6028=ORIENTED_EDGE('',*,*,#4228,.F.);
#6029=ORIENTED_EDGE('',*,*,#4200,.F.);
#6030=ORIENTED_EDGE('',*,*,#4204,.F.);
#6031=ORIENTED_EDGE('',*,*,#4207,.F.);
#6032=ORIENTED_EDGE('',*,*,#4210,.F.);
#6033=ORIENTED_EDGE('',*,*,#4213,.F.);
#6034=ORIENTED_EDGE('',*,*,#4216,.F.);
#6035=ORIENTED_EDGE('',*,*,#4219,.F.);
#6036=ORIENTED_EDGE('',*,*,#4222,.F.);
#6037=ORIENTED_EDGE('',*,*,#4225,.F.);
#6038=ORIENTED_EDGE('',*,*,#4230,.T.);
#6039=ORIENTED_EDGE('',*,*,#4231,.T.);
#6040=ORIENTED_EDGE('',*,*,#4232,.F.);
#6041=ORIENTED_EDGE('',*,*,#4233,.F.);
#6042=ORIENTED_EDGE('',*,*,#4234,.T.);
#6043=ORIENTED_EDGE('',*,*,#4233,.T.);
#6044=ORIENTED_EDGE('',*,*,#4235,.F.);
#6045=ORIENTED_EDGE('',*,*,#4236,.F.);
#6046=ORIENTED_EDGE('',*,*,#4237,.T.);
#6047=ORIENTED_EDGE('',*,*,#4236,.T.);
#6048=ORIENTED_EDGE('',*,*,#4238,.F.);
#6049=ORIENTED_EDGE('',*,*,#4239,.F.);
#6050=ORIENTED_EDGE('',*,*,#4240,.T.);
#6051=ORIENTED_EDGE('',*,*,#4239,.T.);
#6052=ORIENTED_EDGE('',*,*,#4241,.F.);
#6053=ORIENTED_EDGE('',*,*,#4231,.F.);
#6054=ORIENTED_EDGE('',*,*,#4241,.T.);
#6055=ORIENTED_EDGE('',*,*,#4238,.T.);
#6056=ORIENTED_EDGE('',*,*,#4235,.T.);
#6057=ORIENTED_EDGE('',*,*,#4232,.T.);
#6058=ORIENTED_EDGE('',*,*,#4240,.F.);
#6059=ORIENTED_EDGE('',*,*,#4230,.F.);
#6060=ORIENTED_EDGE('',*,*,#4234,.F.);
#6061=ORIENTED_EDGE('',*,*,#4237,.F.);
#6062=ORIENTED_EDGE('',*,*,#4242,.T.);
#6063=ORIENTED_EDGE('',*,*,#4243,.T.);
#6064=ORIENTED_EDGE('',*,*,#4244,.F.);
#6065=ORIENTED_EDGE('',*,*,#4245,.F.);
#6066=ORIENTED_EDGE('',*,*,#4246,.T.);
#6067=ORIENTED_EDGE('',*,*,#4245,.T.);
#6068=ORIENTED_EDGE('',*,*,#4247,.F.);
#6069=ORIENTED_EDGE('',*,*,#4248,.F.);
#6070=ORIENTED_EDGE('',*,*,#4249,.T.);
#6071=ORIENTED_EDGE('',*,*,#4248,.T.);
#6072=ORIENTED_EDGE('',*,*,#4250,.F.);
#6073=ORIENTED_EDGE('',*,*,#4251,.F.);
#6074=ORIENTED_EDGE('',*,*,#4252,.T.);
#6075=ORIENTED_EDGE('',*,*,#4251,.T.);
#6076=ORIENTED_EDGE('',*,*,#4253,.F.);
#6077=ORIENTED_EDGE('',*,*,#4243,.F.);
#6078=ORIENTED_EDGE('',*,*,#4253,.T.);
#6079=ORIENTED_EDGE('',*,*,#4250,.T.);
#6080=ORIENTED_EDGE('',*,*,#4247,.T.);
#6081=ORIENTED_EDGE('',*,*,#4244,.T.);
#6082=ORIENTED_EDGE('',*,*,#4252,.F.);
#6083=ORIENTED_EDGE('',*,*,#4242,.F.);
#6084=ORIENTED_EDGE('',*,*,#4246,.F.);
#6085=ORIENTED_EDGE('',*,*,#4249,.F.);
#6086=ORIENTED_EDGE('',*,*,#4254,.T.);
#6087=ORIENTED_EDGE('',*,*,#4255,.T.);
#6088=ORIENTED_EDGE('',*,*,#4256,.F.);
#6089=ORIENTED_EDGE('',*,*,#4257,.F.);
#6090=ORIENTED_EDGE('',*,*,#4258,.T.);
#6091=ORIENTED_EDGE('',*,*,#4257,.T.);
#6092=ORIENTED_EDGE('',*,*,#4259,.F.);
#6093=ORIENTED_EDGE('',*,*,#4260,.F.);
#6094=ORIENTED_EDGE('',*,*,#4261,.T.);
#6095=ORIENTED_EDGE('',*,*,#4260,.T.);
#6096=ORIENTED_EDGE('',*,*,#4262,.F.);
#6097=ORIENTED_EDGE('',*,*,#4263,.F.);
#6098=ORIENTED_EDGE('',*,*,#4264,.T.);
#6099=ORIENTED_EDGE('',*,*,#4263,.T.);
#6100=ORIENTED_EDGE('',*,*,#4265,.F.);
#6101=ORIENTED_EDGE('',*,*,#4266,.F.);
#6102=ORIENTED_EDGE('',*,*,#4267,.T.);
#6103=ORIENTED_EDGE('',*,*,#4266,.T.);
#6104=ORIENTED_EDGE('',*,*,#4268,.F.);
#6105=ORIENTED_EDGE('',*,*,#4269,.F.);
#6106=ORIENTED_EDGE('',*,*,#4270,.T.);
#6107=ORIENTED_EDGE('',*,*,#4269,.T.);
#6108=ORIENTED_EDGE('',*,*,#4271,.F.);
#6109=ORIENTED_EDGE('',*,*,#4272,.F.);
#6110=ORIENTED_EDGE('',*,*,#4273,.T.);
#6111=ORIENTED_EDGE('',*,*,#4272,.T.);
#6112=ORIENTED_EDGE('',*,*,#4274,.F.);
#6113=ORIENTED_EDGE('',*,*,#4275,.F.);
#6114=ORIENTED_EDGE('',*,*,#4276,.T.);
#6115=ORIENTED_EDGE('',*,*,#4275,.T.);
#6116=ORIENTED_EDGE('',*,*,#4277,.F.);
#6117=ORIENTED_EDGE('',*,*,#4278,.F.);
#6118=ORIENTED_EDGE('',*,*,#4279,.T.);
#6119=ORIENTED_EDGE('',*,*,#4278,.T.);
#6120=ORIENTED_EDGE('',*,*,#4280,.F.);
#6121=ORIENTED_EDGE('',*,*,#4281,.F.);
#6122=ORIENTED_EDGE('',*,*,#4282,.T.);
#6123=ORIENTED_EDGE('',*,*,#4281,.T.);
#6124=ORIENTED_EDGE('',*,*,#4283,.F.);
#6125=ORIENTED_EDGE('',*,*,#4255,.F.);
#6126=ORIENTED_EDGE('',*,*,#4283,.T.);
#6127=ORIENTED_EDGE('',*,*,#4280,.T.);
#6128=ORIENTED_EDGE('',*,*,#4277,.T.);
#6129=ORIENTED_EDGE('',*,*,#4274,.T.);
#6130=ORIENTED_EDGE('',*,*,#4271,.T.);
#6131=ORIENTED_EDGE('',*,*,#4268,.T.);
#6132=ORIENTED_EDGE('',*,*,#4265,.T.);
#6133=ORIENTED_EDGE('',*,*,#4262,.T.);
#6134=ORIENTED_EDGE('',*,*,#4259,.T.);
#6135=ORIENTED_EDGE('',*,*,#4256,.T.);
#6136=ORIENTED_EDGE('',*,*,#4282,.F.);
#6137=ORIENTED_EDGE('',*,*,#4254,.F.);
#6138=ORIENTED_EDGE('',*,*,#4258,.F.);
#6139=ORIENTED_EDGE('',*,*,#4261,.F.);
#6140=ORIENTED_EDGE('',*,*,#4264,.F.);
#6141=ORIENTED_EDGE('',*,*,#4267,.F.);
#6142=ORIENTED_EDGE('',*,*,#4270,.F.);
#6143=ORIENTED_EDGE('',*,*,#4273,.F.);
#6144=ORIENTED_EDGE('',*,*,#4276,.F.);
#6145=ORIENTED_EDGE('',*,*,#4279,.F.);
#6146=ORIENTED_EDGE('',*,*,#4284,.T.);
#6147=ORIENTED_EDGE('',*,*,#4285,.T.);
#6148=ORIENTED_EDGE('',*,*,#4286,.F.);
#6149=ORIENTED_EDGE('',*,*,#4287,.F.);
#6150=ORIENTED_EDGE('',*,*,#4288,.T.);
#6151=ORIENTED_EDGE('',*,*,#4287,.T.);
#6152=ORIENTED_EDGE('',*,*,#4289,.F.);
#6153=ORIENTED_EDGE('',*,*,#4290,.F.);
#6154=ORIENTED_EDGE('',*,*,#4291,.T.);
#6155=ORIENTED_EDGE('',*,*,#4290,.T.);
#6156=ORIENTED_EDGE('',*,*,#4292,.F.);
#6157=ORIENTED_EDGE('',*,*,#4293,.F.);
#6158=ORIENTED_EDGE('',*,*,#4294,.T.);
#6159=ORIENTED_EDGE('',*,*,#4293,.T.);
#6160=ORIENTED_EDGE('',*,*,#4295,.F.);
#6161=ORIENTED_EDGE('',*,*,#4285,.F.);
#6162=ORIENTED_EDGE('',*,*,#4295,.T.);
#6163=ORIENTED_EDGE('',*,*,#4292,.T.);
#6164=ORIENTED_EDGE('',*,*,#4289,.T.);
#6165=ORIENTED_EDGE('',*,*,#4286,.T.);
#6166=ORIENTED_EDGE('',*,*,#4294,.F.);
#6167=ORIENTED_EDGE('',*,*,#4284,.F.);
#6168=ORIENTED_EDGE('',*,*,#4288,.F.);
#6169=ORIENTED_EDGE('',*,*,#4291,.F.);
#6170=ORIENTED_EDGE('',*,*,#4296,.F.);
#6171=ORIENTED_EDGE('',*,*,#4297,.T.);
#6172=ORIENTED_EDGE('',*,*,#4296,.T.);
#6173=ORIENTED_EDGE('',*,*,#4297,.F.);
#6174=ORIENTED_EDGE('',*,*,#4298,.F.);
#6175=ORIENTED_EDGE('',*,*,#4299,.T.);
#6176=ORIENTED_EDGE('',*,*,#4298,.T.);
#6177=ORIENTED_EDGE('',*,*,#4299,.F.);
#6178=ORIENTED_EDGE('',*,*,#4300,.T.);
#6179=ORIENTED_EDGE('',*,*,#4301,.T.);
#6180=ORIENTED_EDGE('',*,*,#4302,.F.);
#6181=ORIENTED_EDGE('',*,*,#4303,.F.);
#6182=ORIENTED_EDGE('',*,*,#4304,.T.);
#6183=ORIENTED_EDGE('',*,*,#4303,.T.);
#6184=ORIENTED_EDGE('',*,*,#4305,.F.);
#6185=ORIENTED_EDGE('',*,*,#4306,.F.);
#6186=ORIENTED_EDGE('',*,*,#4307,.T.);
#6187=ORIENTED_EDGE('',*,*,#4306,.T.);
#6188=ORIENTED_EDGE('',*,*,#4308,.F.);
#6189=ORIENTED_EDGE('',*,*,#4309,.F.);
#6190=ORIENTED_EDGE('',*,*,#4310,.T.);
#6191=ORIENTED_EDGE('',*,*,#4309,.T.);
#6192=ORIENTED_EDGE('',*,*,#4311,.F.);
#6193=ORIENTED_EDGE('',*,*,#4301,.F.);
#6194=ORIENTED_EDGE('',*,*,#4311,.T.);
#6195=ORIENTED_EDGE('',*,*,#4308,.T.);
#6196=ORIENTED_EDGE('',*,*,#4305,.T.);
#6197=ORIENTED_EDGE('',*,*,#4302,.T.);
#6198=ORIENTED_EDGE('',*,*,#4310,.F.);
#6199=ORIENTED_EDGE('',*,*,#4300,.F.);
#6200=ORIENTED_EDGE('',*,*,#4304,.F.);
#6201=ORIENTED_EDGE('',*,*,#4307,.F.);
#6202=ORIENTED_EDGE('',*,*,#4312,.F.);
#6203=ORIENTED_EDGE('',*,*,#4313,.T.);
#6204=ORIENTED_EDGE('',*,*,#4314,.T.);
#6205=ORIENTED_EDGE('',*,*,#4315,.F.);
#6206=ORIENTED_EDGE('',*,*,#4316,.F.);
#6207=ORIENTED_EDGE('',*,*,#4317,.T.);
#6208=ORIENTED_EDGE('',*,*,#4318,.T.);
#6209=ORIENTED_EDGE('',*,*,#4313,.F.);
#6210=ORIENTED_EDGE('',*,*,#4319,.F.);
#6211=ORIENTED_EDGE('',*,*,#4320,.T.);
#6212=ORIENTED_EDGE('',*,*,#4321,.T.);
#6213=ORIENTED_EDGE('',*,*,#4317,.F.);
#6214=ORIENTED_EDGE('',*,*,#4322,.F.);
#6215=ORIENTED_EDGE('',*,*,#4315,.T.);
#6216=ORIENTED_EDGE('',*,*,#4323,.T.);
#6217=ORIENTED_EDGE('',*,*,#4320,.F.);
#6218=ORIENTED_EDGE('',*,*,#4323,.F.);
#6219=ORIENTED_EDGE('',*,*,#4314,.F.);
#6220=ORIENTED_EDGE('',*,*,#4318,.F.);
#6221=ORIENTED_EDGE('',*,*,#4321,.F.);
#6222=ORIENTED_EDGE('',*,*,#4322,.T.);
#6223=ORIENTED_EDGE('',*,*,#4319,.T.);
#6224=ORIENTED_EDGE('',*,*,#4316,.T.);
#6225=ORIENTED_EDGE('',*,*,#4312,.T.);
#6226=ORIENTED_EDGE('',*,*,#4324,.T.);
#6227=ORIENTED_EDGE('',*,*,#4325,.T.);
#6228=ORIENTED_EDGE('',*,*,#4326,.F.);
#6229=ORIENTED_EDGE('',*,*,#4324,.F.);
#6230=ORIENTED_EDGE('',*,*,#4325,.F.);
#6231=ORIENTED_EDGE('',*,*,#4327,.T.);
#6232=ORIENTED_EDGE('',*,*,#4327,.F.);
#6233=ORIENTED_EDGE('',*,*,#4328,.T.);
#6234=ORIENTED_EDGE('',*,*,#4329,.T.);
#6235=ORIENTED_EDGE('',*,*,#4330,.T.);
#6236=ORIENTED_EDGE('',*,*,#4331,.T.);
#6237=ORIENTED_EDGE('',*,*,#4332,.T.);
#6238=ORIENTED_EDGE('',*,*,#4333,.T.);
#6239=ORIENTED_EDGE('',*,*,#4333,.F.);
#6240=ORIENTED_EDGE('',*,*,#4334,.T.);
#6241=ORIENTED_EDGE('',*,*,#4335,.T.);
#6242=ORIENTED_EDGE('',*,*,#4336,.T.);
#6243=ORIENTED_EDGE('',*,*,#4337,.T.);
#6244=ORIENTED_EDGE('',*,*,#4338,.T.);
#6245=ORIENTED_EDGE('',*,*,#4339,.T.);
#6246=ORIENTED_EDGE('',*,*,#4331,.F.);
#6247=ORIENTED_EDGE('',*,*,#4340,.T.);
#6248=ORIENTED_EDGE('',*,*,#4341,.T.);
#6249=ORIENTED_EDGE('',*,*,#4342,.T.);
#6250=ORIENTED_EDGE('',*,*,#4343,.T.);
#6251=ORIENTED_EDGE('',*,*,#4344,.T.);
#6252=ORIENTED_EDGE('',*,*,#4345,.T.);
#6253=ORIENTED_EDGE('',*,*,#4341,.F.);
#6254=ORIENTED_EDGE('',*,*,#4346,.F.);
#6255=ORIENTED_EDGE('',*,*,#4347,.F.);
#6256=ORIENTED_EDGE('',*,*,#4348,.F.);
#6257=ORIENTED_EDGE('',*,*,#4330,.F.);
#6258=ORIENTED_EDGE('',*,*,#4349,.T.);
#6259=ORIENTED_EDGE('',*,*,#4350,.T.);
#6260=ORIENTED_EDGE('',*,*,#4346,.T.);
#6261=ORIENTED_EDGE('',*,*,#4340,.F.);
#6262=ORIENTED_EDGE('',*,*,#4329,.F.);
#6263=ORIENTED_EDGE('',*,*,#4351,.F.);
#6264=ORIENTED_EDGE('',*,*,#4352,.F.);
#6265=ORIENTED_EDGE('',*,*,#4349,.F.);
#6266=ORIENTED_EDGE('',*,*,#4328,.F.);
#6267=ORIENTED_EDGE('',*,*,#4339,.F.);
#6268=ORIENTED_EDGE('',*,*,#4353,.T.);
#6269=ORIENTED_EDGE('',*,*,#4354,.T.);
#6270=ORIENTED_EDGE('',*,*,#4351,.T.);
#6271=ORIENTED_EDGE('',*,*,#4338,.F.);
#6272=ORIENTED_EDGE('',*,*,#4355,.F.);
#6273=ORIENTED_EDGE('',*,*,#4356,.F.);
#6274=ORIENTED_EDGE('',*,*,#4353,.F.);
#6275=ORIENTED_EDGE('',*,*,#4344,.F.);
#6276=ORIENTED_EDGE('',*,*,#4357,.T.);
#6277=ORIENTED_EDGE('',*,*,#4335,.F.);
#6278=ORIENTED_EDGE('',*,*,#4358,.T.);
#6279=ORIENTED_EDGE('',*,*,#4343,.F.);
#6280=ORIENTED_EDGE('',*,*,#4359,.F.);
#6281=ORIENTED_EDGE('',*,*,#4360,.F.);
#6282=ORIENTED_EDGE('',*,*,#4361,.F.);
#6283=ORIENTED_EDGE('',*,*,#4336,.F.);
#6284=ORIENTED_EDGE('',*,*,#4357,.F.);
#6285=ORIENTED_EDGE('',*,*,#4362,.T.);
#6286=ORIENTED_EDGE('',*,*,#4363,.T.);
#6287=ORIENTED_EDGE('',*,*,#4364,.T.);
#6288=ORIENTED_EDGE('',*,*,#4360,.T.);
#6289=ORIENTED_EDGE('',*,*,#4363,.F.);
#6290=ORIENTED_EDGE('',*,*,#4365,.F.);
#6291=ORIENTED_EDGE('',*,*,#4366,.F.);
#6292=ORIENTED_EDGE('',*,*,#4367,.F.);
#6293=ORIENTED_EDGE('',*,*,#4342,.F.);
#6294=ORIENTED_EDGE('',*,*,#4348,.T.);
#6295=ORIENTED_EDGE('',*,*,#4368,.T.);
#6296=ORIENTED_EDGE('',*,*,#4365,.T.);
#6297=ORIENTED_EDGE('',*,*,#4362,.F.);
#6298=ORIENTED_EDGE('',*,*,#4359,.T.);
#6299=ORIENTED_EDGE('',*,*,#4337,.F.);
#6300=ORIENTED_EDGE('',*,*,#4361,.T.);
#6301=ORIENTED_EDGE('',*,*,#4364,.F.);
#6302=ORIENTED_EDGE('',*,*,#4367,.T.);
#6303=ORIENTED_EDGE('',*,*,#4369,.T.);
#6304=ORIENTED_EDGE('',*,*,#4355,.T.);
#6305=ORIENTED_EDGE('',*,*,#4354,.F.);
#6306=ORIENTED_EDGE('',*,*,#4356,.T.);
#6307=ORIENTED_EDGE('',*,*,#4369,.F.);
#6308=ORIENTED_EDGE('',*,*,#4366,.T.);
#6309=ORIENTED_EDGE('',*,*,#4368,.F.);
#6310=ORIENTED_EDGE('',*,*,#4347,.T.);
#6311=ORIENTED_EDGE('',*,*,#4350,.F.);
#6312=ORIENTED_EDGE('',*,*,#4352,.T.);
#6313=ORIENTED_EDGE('',*,*,#4332,.F.);
#6314=ORIENTED_EDGE('',*,*,#4345,.F.);
#6315=ORIENTED_EDGE('',*,*,#4358,.F.);
#6316=ORIENTED_EDGE('',*,*,#4334,.F.);
#6317=ORIENTED_EDGE('',*,*,#4326,.T.);
#6318=ORIENTED_EDGE('',*,*,#4370,.T.);
#6319=ORIENTED_EDGE('',*,*,#4371,.F.);
#6320=ORIENTED_EDGE('',*,*,#4372,.F.);
#6321=ORIENTED_EDGE('',*,*,#4370,.F.);
#6322=ORIENTED_EDGE('',*,*,#4373,.F.);
#6323=ORIENTED_EDGE('',*,*,#4374,.F.);
#6324=ORIENTED_EDGE('',*,*,#4371,.T.);
#6325=ORIENTED_EDGE('',*,*,#4372,.T.);
#6326=ORIENTED_EDGE('',*,*,#4375,.T.);
#6327=ORIENTED_EDGE('',*,*,#4374,.T.);
#6328=ORIENTED_EDGE('',*,*,#4373,.T.);
#6329=ORIENTED_EDGE('',*,*,#4375,.F.);
#6330=PLANE('',#7043);
#6331=PLANE('',#7044);
#6332=PLANE('',#7048);
#6333=PLANE('',#7052);
#6334=PLANE('',#7053);
#6335=PLANE('',#7057);
#6336=PLANE('',#7061);
#6337=PLANE('',#7062);
#6338=PLANE('',#7063);
#6339=PLANE('',#7064);
#6340=PLANE('',#7065);
#6341=PLANE('',#7066);
#6342=PLANE('',#7070);
#6343=PLANE('',#7074);
#6344=PLANE('',#7075);
#6345=PLANE('',#7079);
#6346=PLANE('',#7083);
#6347=PLANE('',#7084);
#6348=PLANE('',#7085);
#6349=PLANE('',#7086);
#6350=PLANE('',#7087);
#6351=PLANE('',#7088);
#6352=PLANE('',#7092);
#6353=PLANE('',#7096);
#6354=PLANE('',#7097);
#6355=PLANE('',#7101);
#6356=PLANE('',#7105);
#6357=PLANE('',#7106);
#6358=PLANE('',#7107);
#6359=PLANE('',#7108);
#6360=PLANE('',#7109);
#6361=PLANE('',#7110);
#6362=PLANE('',#7114);
#6363=PLANE('',#7118);
#6364=PLANE('',#7119);
#6365=PLANE('',#7123);
#6366=PLANE('',#7127);
#6367=PLANE('',#7128);
#6368=PLANE('',#7129);
#6369=PLANE('',#7130);
#6370=PLANE('',#7131);
#6371=PLANE('',#7132);
#6372=PLANE('',#7136);
#6373=PLANE('',#7140);
#6374=PLANE('',#7141);
#6375=PLANE('',#7145);
#6376=PLANE('',#7149);
#6377=PLANE('',#7150);
#6378=PLANE('',#7151);
#6379=PLANE('',#7152);
#6380=PLANE('',#7153);
#6381=PLANE('',#7154);
#6382=PLANE('',#7158);
#6383=PLANE('',#7162);
#6384=PLANE('',#7163);
#6385=PLANE('',#7167);
#6386=PLANE('',#7171);
#6387=PLANE('',#7172);
#6388=PLANE('',#7173);
#6389=PLANE('',#7174);
#6390=PLANE('',#7175);
#6391=PLANE('',#7176);
#6392=PLANE('',#7180);
#6393=PLANE('',#7184);
#6394=PLANE('',#7185);
#6395=PLANE('',#7189);
#6396=PLANE('',#7193);
#6397=PLANE('',#7194);
#6398=PLANE('',#7195);
#6399=PLANE('',#7196);
#6400=PLANE('',#7197);
#6401=PLANE('',#7198);
#6402=PLANE('',#7202);
#6403=PLANE('',#7206);
#6404=PLANE('',#7207);
#6405=PLANE('',#7211);
#6406=PLANE('',#7215);
#6407=PLANE('',#7216);
#6408=PLANE('',#7217);
#6409=PLANE('',#7218);
#6410=PLANE('',#7219);
#6411=PLANE('',#7220);
#6412=PLANE('',#7224);
#6413=PLANE('',#7228);
#6414=PLANE('',#7229);
#6415=PLANE('',#7233);
#6416=PLANE('',#7237);
#6417=PLANE('',#7238);
#6418=PLANE('',#7239);
#6419=PLANE('',#7240);
#6420=PLANE('',#7241);
#6421=PLANE('',#7242);
#6422=PLANE('',#7246);
#6423=PLANE('',#7250);
#6424=PLANE('',#7251);
#6425=PLANE('',#7255);
#6426=PLANE('',#7259);
#6427=PLANE('',#7260);
#6428=PLANE('',#7261);
#6429=PLANE('',#7262);
#6430=PLANE('',#7263);
#6431=PLANE('',#7264);
#6432=PLANE('',#7268);
#6433=PLANE('',#7272);
#6434=PLANE('',#7273);
#6435=PLANE('',#7277);
#6436=PLANE('',#7281);
#6437=PLANE('',#7282);
#6438=PLANE('',#7283);
#6439=PLANE('',#7284);
#6440=PLANE('',#7285);
#6441=PLANE('',#7286);
#6442=PLANE('',#7290);
#6443=PLANE('',#7294);
#6444=PLANE('',#7295);
#6445=PLANE('',#7299);
#6446=PLANE('',#7303);
#6447=PLANE('',#7304);
#6448=PLANE('',#7305);
#6449=PLANE('',#7306);
#6450=PLANE('',#7307);
#6451=PLANE('',#7308);
#6452=PLANE('',#7312);
#6453=PLANE('',#7316);
#6454=PLANE('',#7317);
#6455=PLANE('',#7321);
#6456=PLANE('',#7325);
#6457=PLANE('',#7326);
#6458=PLANE('',#7327);
#6459=PLANE('',#7328);
#6460=PLANE('',#7329);
#6461=PLANE('',#7330);
#6462=PLANE('',#7334);
#6463=PLANE('',#7338);
#6464=PLANE('',#7339);
#6465=PLANE('',#7343);
#6466=PLANE('',#7347);
#6467=PLANE('',#7348);
#6468=PLANE('',#7349);
#6469=PLANE('',#7350);
#6470=PLANE('',#7351);
#6471=PLANE('',#7352);
#6472=PLANE('',#7356);
#6473=PLANE('',#7360);
#6474=PLANE('',#7361);
#6475=PLANE('',#7365);
#6476=PLANE('',#7369);
#6477=PLANE('',#7370);
#6478=PLANE('',#7371);
#6479=PLANE('',#7372);
#6480=PLANE('',#7373);
#6481=PLANE('',#7374);
#6482=PLANE('',#7378);
#6483=PLANE('',#7382);
#6484=PLANE('',#7383);
#6485=PLANE('',#7387);
#6486=PLANE('',#7391);
#6487=PLANE('',#7392);
#6488=PLANE('',#7393);
#6489=PLANE('',#7394);
#6490=PLANE('',#7397);
#6491=PLANE('',#7401);
#6492=PLANE('',#7403);
#6493=PLANE('',#7405);
#6494=PLANE('',#7407);
#6495=PLANE('',#7408);
#6496=PLANE('',#7416);
#6497=PLANE('',#7420);
#6498=PLANE('',#7422);
#6499=PLANE('',#7425);
#6500=PLANE('',#7428);
#6501=PLANE('',#7432);
#6502=PLANE('',#7434);
#6503=PLANE('',#7437);
#6504=PLANE('',#7438);
#6505=PLANE('',#7439);
#6506=PLANE('',#7440);
#6507=PLANE('',#7441);
#6508=PLANE('',#7442);
#6509=PLANE('',#7443);
#6510=PLANE('',#7444);
#6511=PLANE('',#7445);
#6512=PLANE('',#7446);
#6513=PLANE('',#7447);
#6514=PLANE('',#7448);
#6515=PLANE('',#7449);
#6516=PLANE('',#7450);
#6517=PLANE('',#7451);
#6518=PLANE('',#7452);
#6519=PLANE('',#7453);
#6520=PLANE('',#7454);
#6521=PLANE('',#7455);
#6522=PLANE('',#7456);
#6523=PLANE('',#7457);
#6524=PLANE('',#7458);
#6525=PLANE('',#7459);
#6526=PLANE('',#7460);
#6527=PLANE('',#7461);
#6528=PLANE('',#7462);
#6529=PLANE('',#7463);
#6530=PLANE('',#7464);
#6531=PLANE('',#7465);
#6532=PLANE('',#7466);
#6533=PLANE('',#7467);
#6534=PLANE('',#7468);
#6535=PLANE('',#7469);
#6536=PLANE('',#7470);
#6537=PLANE('',#7471);
#6538=PLANE('',#7472);
#6539=PLANE('',#7473);
#6540=PLANE('',#7474);
#6541=PLANE('',#7475);
#6542=PLANE('',#7476);
#6543=PLANE('',#7477);
#6544=PLANE('',#7478);
#6545=PLANE('',#7479);
#6546=PLANE('',#7480);
#6547=PLANE('',#7481);
#6548=PLANE('',#7482);
#6549=PLANE('',#7483);
#6550=PLANE('',#7484);
#6551=PLANE('',#7485);
#6552=PLANE('',#7486);
#6553=PLANE('',#7487);
#6554=PLANE('',#7491);
#6555=PLANE('',#7492);
#6556=PLANE('',#7493);
#6557=PLANE('',#7497);
#6558=PLANE('',#7498);
#6559=PLANE('',#7499);
#6560=PLANE('',#7500);
#6561=PLANE('',#7501);
#6562=PLANE('',#7502);
#6563=PLANE('',#7503);
#6564=PLANE('',#7504);
#6565=PLANE('',#7505);
#6566=PLANE('',#7506);
#6567=PLANE('',#7507);
#6568=PLANE('',#7508);
#6569=PLANE('',#7509);
#6570=PLANE('',#7510);
#6571=PLANE('',#7511);
#6572=PLANE('',#7512);
#6573=PLANE('',#7513);
#6574=PLANE('',#7514);
#6575=PLANE('',#7515);
#6576=PLANE('',#7516);
#6577=PLANE('',#7517);
#6578=PLANE('',#7518);
#6579=PLANE('',#7519);
#6580=PLANE('',#7520);
#6581=PLANE('',#7521);
#6582=PLANE('',#7522);
#6583=PLANE('',#7523);
#6584=PLANE('',#7524);
#6585=PLANE('',#7525);
#6586=PLANE('',#7526);
#6587=PLANE('',#7527);
#6588=PLANE('',#7528);
#6589=PLANE('',#7532);
#6590=PLANE('',#7533);
#6591=PLANE('',#7537);
#6592=PLANE('',#7538);
#6593=PLANE('',#7539);
#6594=PLANE('',#7540);
#6595=PLANE('',#7541);
#6596=PLANE('',#7542);
#6597=PLANE('',#7543);
#6598=PLANE('',#7544);
#6599=PLANE('',#7545);
#6600=PLANE('',#7546);
#6601=PLANE('',#7547);
#6602=PLANE('',#7548);
#6603=PLANE('',#7549);
#6604=PLANE('',#7550);
#6605=PLANE('',#7564);
#6606=PLANE('',#7567);
#6607=PLANE('',#7570);
#6608=PLANE('',#7572);
#6609=PLANE('',#7576);
#6610=PLANE('',#7581);
#6611=PLANE('',#7582);
#6612=ADVANCED_FACE('',(#442),#6330,.T.);
#6613=ADVANCED_FACE('',(#443),#6331,.T.);
#6614=ADVANCED_FACE('',(#444),#354,.T.);
#6615=ADVANCED_FACE('',(#445),#6332,.T.);
#6616=ADVANCED_FACE('',(#446),#355,.F.);
#6617=ADVANCED_FACE('',(#447),#6333,.T.);
#6618=ADVANCED_FACE('',(#448),#6334,.T.);
#6619=ADVANCED_FACE('',(#449),#356,.T.);
#6620=ADVANCED_FACE('',(#450),#6335,.T.);
#6621=ADVANCED_FACE('',(#451),#357,.F.);
#6622=ADVANCED_FACE('',(#452),#6336,.T.);
#6623=ADVANCED_FACE('',(#453),#6337,.T.);
#6624=ADVANCED_FACE('',(#454),#6338,.T.);
#6625=ADVANCED_FACE('',(#455),#6339,.F.);
#6626=ADVANCED_FACE('',(#456),#6340,.T.);
#6627=ADVANCED_FACE('',(#457),#6341,.T.);
#6628=ADVANCED_FACE('',(#458),#358,.F.);
#6629=ADVANCED_FACE('',(#459),#6342,.T.);
#6630=ADVANCED_FACE('',(#460),#359,.T.);
#6631=ADVANCED_FACE('',(#461),#6343,.T.);
#6632=ADVANCED_FACE('',(#462),#6344,.T.);
#6633=ADVANCED_FACE('',(#463),#360,.F.);
#6634=ADVANCED_FACE('',(#464),#6345,.T.);
#6635=ADVANCED_FACE('',(#465),#361,.T.);
#6636=ADVANCED_FACE('',(#466),#6346,.T.);
#6637=ADVANCED_FACE('',(#467),#6347,.T.);
#6638=ADVANCED_FACE('',(#468),#6348,.F.);
#6639=ADVANCED_FACE('',(#469),#6349,.T.);
#6640=ADVANCED_FACE('',(#470),#6350,.T.);
#6641=ADVANCED_FACE('',(#471),#6351,.T.);
#6642=ADVANCED_FACE('',(#472),#362,.T.);
#6643=ADVANCED_FACE('',(#473),#6352,.T.);
#6644=ADVANCED_FACE('',(#474),#363,.F.);
#6645=ADVANCED_FACE('',(#475),#6353,.T.);
#6646=ADVANCED_FACE('',(#476),#6354,.T.);
#6647=ADVANCED_FACE('',(#477),#364,.T.);
#6648=ADVANCED_FACE('',(#478),#6355,.T.);
#6649=ADVANCED_FACE('',(#479),#365,.F.);
#6650=ADVANCED_FACE('',(#480),#6356,.T.);
#6651=ADVANCED_FACE('',(#481),#6357,.T.);
#6652=ADVANCED_FACE('',(#482),#6358,.T.);
#6653=ADVANCED_FACE('',(#483),#6359,.F.);
#6654=ADVANCED_FACE('',(#484),#6360,.T.);
#6655=ADVANCED_FACE('',(#485),#6361,.T.);
#6656=ADVANCED_FACE('',(#486),#366,.F.);
#6657=ADVANCED_FACE('',(#487),#6362,.T.);
#6658=ADVANCED_FACE('',(#488),#367,.T.);
#6659=ADVANCED_FACE('',(#489),#6363,.T.);
#6660=ADVANCED_FACE('',(#490),#6364,.T.);
#6661=ADVANCED_FACE('',(#491),#368,.F.);
#6662=ADVANCED_FACE('',(#492),#6365,.T.);
#6663=ADVANCED_FACE('',(#493),#369,.T.);
#6664=ADVANCED_FACE('',(#494),#6366,.T.);
#6665=ADVANCED_FACE('',(#495),#6367,.T.);
#6666=ADVANCED_FACE('',(#496),#6368,.F.);
#6667=ADVANCED_FACE('',(#497),#6369,.T.);
#6668=ADVANCED_FACE('',(#498),#6370,.T.);
#6669=ADVANCED_FACE('',(#499),#6371,.T.);
#6670=ADVANCED_FACE('',(#500),#370,.T.);
#6671=ADVANCED_FACE('',(#501),#6372,.T.);
#6672=ADVANCED_FACE('',(#502),#371,.F.);
#6673=ADVANCED_FACE('',(#503),#6373,.T.);
#6674=ADVANCED_FACE('',(#504),#6374,.T.);
#6675=ADVANCED_FACE('',(#505),#372,.T.);
#6676=ADVANCED_FACE('',(#506),#6375,.T.);
#6677=ADVANCED_FACE('',(#507),#373,.F.);
#6678=ADVANCED_FACE('',(#508),#6376,.T.);
#6679=ADVANCED_FACE('',(#509),#6377,.T.);
#6680=ADVANCED_FACE('',(#510),#6378,.T.);
#6681=ADVANCED_FACE('',(#511),#6379,.F.);
#6682=ADVANCED_FACE('',(#512),#6380,.T.);
#6683=ADVANCED_FACE('',(#513),#6381,.T.);
#6684=ADVANCED_FACE('',(#514),#374,.F.);
#6685=ADVANCED_FACE('',(#515),#6382,.T.);
#6686=ADVANCED_FACE('',(#516),#375,.T.);
#6687=ADVANCED_FACE('',(#517),#6383,.T.);
#6688=ADVANCED_FACE('',(#518),#6384,.T.);
#6689=ADVANCED_FACE('',(#519),#376,.F.);
#6690=ADVANCED_FACE('',(#520),#6385,.T.);
#6691=ADVANCED_FACE('',(#521),#377,.T.);
#6692=ADVANCED_FACE('',(#522),#6386,.T.);
#6693=ADVANCED_FACE('',(#523),#6387,.T.);
#6694=ADVANCED_FACE('',(#524),#6388,.F.);
#6695=ADVANCED_FACE('',(#525),#6389,.T.);
#6696=ADVANCED_FACE('',(#526),#6390,.T.);
#6697=ADVANCED_FACE('',(#527),#6391,.T.);
#6698=ADVANCED_FACE('',(#528),#378,.T.);
#6699=ADVANCED_FACE('',(#529),#6392,.T.);
#6700=ADVANCED_FACE('',(#530),#379,.F.);
#6701=ADVANCED_FACE('',(#531),#6393,.T.);
#6702=ADVANCED_FACE('',(#532),#6394,.T.);
#6703=ADVANCED_FACE('',(#533),#380,.T.);
#6704=ADVANCED_FACE('',(#534),#6395,.T.);
#6705=ADVANCED_FACE('',(#535),#381,.F.);
#6706=ADVANCED_FACE('',(#536),#6396,.T.);
#6707=ADVANCED_FACE('',(#537),#6397,.T.);
#6708=ADVANCED_FACE('',(#538),#6398,.T.);
#6709=ADVANCED_FACE('',(#539),#6399,.F.);
#6710=ADVANCED_FACE('',(#540),#6400,.T.);
#6711=ADVANCED_FACE('',(#541),#6401,.T.);
#6712=ADVANCED_FACE('',(#542),#382,.F.);
#6713=ADVANCED_FACE('',(#543),#6402,.T.);
#6714=ADVANCED_FACE('',(#544),#383,.T.);
#6715=ADVANCED_FACE('',(#545),#6403,.T.);
#6716=ADVANCED_FACE('',(#546),#6404,.T.);
#6717=ADVANCED_FACE('',(#547),#384,.F.);
#6718=ADVANCED_FACE('',(#548),#6405,.T.);
#6719=ADVANCED_FACE('',(#549),#385,.T.);
#6720=ADVANCED_FACE('',(#550),#6406,.T.);
#6721=ADVANCED_FACE('',(#551),#6407,.T.);
#6722=ADVANCED_FACE('',(#552),#6408,.F.);
#6723=ADVANCED_FACE('',(#553),#6409,.T.);
#6724=ADVANCED_FACE('',(#554),#6410,.T.);
#6725=ADVANCED_FACE('',(#555),#6411,.T.);
#6726=ADVANCED_FACE('',(#556),#386,.T.);
#6727=ADVANCED_FACE('',(#557),#6412,.T.);
#6728=ADVANCED_FACE('',(#558),#387,.F.);
#6729=ADVANCED_FACE('',(#559),#6413,.T.);
#6730=ADVANCED_FACE('',(#560),#6414,.T.);
#6731=ADVANCED_FACE('',(#561),#388,.T.);
#6732=ADVANCED_FACE('',(#562),#6415,.T.);
#6733=ADVANCED_FACE('',(#563),#389,.F.);
#6734=ADVANCED_FACE('',(#564),#6416,.T.);
#6735=ADVANCED_FACE('',(#565),#6417,.T.);
#6736=ADVANCED_FACE('',(#566),#6418,.T.);
#6737=ADVANCED_FACE('',(#567),#6419,.F.);
#6738=ADVANCED_FACE('',(#568),#6420,.T.);
#6739=ADVANCED_FACE('',(#569),#6421,.T.);
#6740=ADVANCED_FACE('',(#570),#390,.F.);
#6741=ADVANCED_FACE('',(#571),#6422,.T.);
#6742=ADVANCED_FACE('',(#572),#391,.T.);
#6743=ADVANCED_FACE('',(#573),#6423,.T.);
#6744=ADVANCED_FACE('',(#574),#6424,.T.);
#6745=ADVANCED_FACE('',(#575),#392,.F.);
#6746=ADVANCED_FACE('',(#576),#6425,.T.);
#6747=ADVANCED_FACE('',(#577),#393,.T.);
#6748=ADVANCED_FACE('',(#578),#6426,.T.);
#6749=ADVANCED_FACE('',(#579),#6427,.T.);
#6750=ADVANCED_FACE('',(#580),#6428,.F.);
#6751=ADVANCED_FACE('',(#581),#6429,.T.);
#6752=ADVANCED_FACE('',(#582),#6430,.T.);
#6753=ADVANCED_FACE('',(#583),#6431,.T.);
#6754=ADVANCED_FACE('',(#584),#394,.T.);
#6755=ADVANCED_FACE('',(#585),#6432,.T.);
#6756=ADVANCED_FACE('',(#586),#395,.F.);
#6757=ADVANCED_FACE('',(#587),#6433,.T.);
#6758=ADVANCED_FACE('',(#588),#6434,.T.);
#6759=ADVANCED_FACE('',(#589),#396,.T.);
#6760=ADVANCED_FACE('',(#590),#6435,.T.);
#6761=ADVANCED_FACE('',(#591),#397,.F.);
#6762=ADVANCED_FACE('',(#592),#6436,.T.);
#6763=ADVANCED_FACE('',(#593),#6437,.T.);
#6764=ADVANCED_FACE('',(#594),#6438,.T.);
#6765=ADVANCED_FACE('',(#595),#6439,.F.);
#6766=ADVANCED_FACE('',(#596),#6440,.T.);
#6767=ADVANCED_FACE('',(#597),#6441,.T.);
#6768=ADVANCED_FACE('',(#598),#398,.F.);
#6769=ADVANCED_FACE('',(#599),#6442,.T.);
#6770=ADVANCED_FACE('',(#600),#399,.T.);
#6771=ADVANCED_FACE('',(#601),#6443,.T.);
#6772=ADVANCED_FACE('',(#602),#6444,.T.);
#6773=ADVANCED_FACE('',(#603),#400,.F.);
#6774=ADVANCED_FACE('',(#604),#6445,.T.);
#6775=ADVANCED_FACE('',(#605),#401,.T.);
#6776=ADVANCED_FACE('',(#606),#6446,.T.);
#6777=ADVANCED_FACE('',(#607),#6447,.T.);
#6778=ADVANCED_FACE('',(#608),#6448,.F.);
#6779=ADVANCED_FACE('',(#609),#6449,.T.);
#6780=ADVANCED_FACE('',(#610),#6450,.T.);
#6781=ADVANCED_FACE('',(#611),#6451,.T.);
#6782=ADVANCED_FACE('',(#612),#402,.T.);
#6783=ADVANCED_FACE('',(#613),#6452,.T.);
#6784=ADVANCED_FACE('',(#614),#403,.F.);
#6785=ADVANCED_FACE('',(#615),#6453,.T.);
#6786=ADVANCED_FACE('',(#616),#6454,.T.);
#6787=ADVANCED_FACE('',(#617),#404,.T.);
#6788=ADVANCED_FACE('',(#618),#6455,.T.);
#6789=ADVANCED_FACE('',(#619),#405,.F.);
#6790=ADVANCED_FACE('',(#620),#6456,.T.);
#6791=ADVANCED_FACE('',(#621),#6457,.T.);
#6792=ADVANCED_FACE('',(#622),#6458,.T.);
#6793=ADVANCED_FACE('',(#623),#6459,.F.);
#6794=ADVANCED_FACE('',(#624),#6460,.T.);
#6795=ADVANCED_FACE('',(#625),#6461,.T.);
#6796=ADVANCED_FACE('',(#626),#406,.F.);
#6797=ADVANCED_FACE('',(#627),#6462,.T.);
#6798=ADVANCED_FACE('',(#628),#407,.T.);
#6799=ADVANCED_FACE('',(#629),#6463,.T.);
#6800=ADVANCED_FACE('',(#630),#6464,.T.);
#6801=ADVANCED_FACE('',(#631),#408,.F.);
#6802=ADVANCED_FACE('',(#632),#6465,.T.);
#6803=ADVANCED_FACE('',(#633),#409,.T.);
#6804=ADVANCED_FACE('',(#634),#6466,.T.);
#6805=ADVANCED_FACE('',(#635),#6467,.T.);
#6806=ADVANCED_FACE('',(#636),#6468,.F.);
#6807=ADVANCED_FACE('',(#637),#6469,.T.);
#6808=ADVANCED_FACE('',(#638),#6470,.T.);
#6809=ADVANCED_FACE('',(#639),#6471,.T.);
#6810=ADVANCED_FACE('',(#640),#410,.T.);
#6811=ADVANCED_FACE('',(#641),#6472,.T.);
#6812=ADVANCED_FACE('',(#642),#411,.F.);
#6813=ADVANCED_FACE('',(#643),#6473,.T.);
#6814=ADVANCED_FACE('',(#644),#6474,.T.);
#6815=ADVANCED_FACE('',(#645),#412,.T.);
#6816=ADVANCED_FACE('',(#646),#6475,.T.);
#6817=ADVANCED_FACE('',(#647),#413,.F.);
#6818=ADVANCED_FACE('',(#648),#6476,.T.);
#6819=ADVANCED_FACE('',(#649),#6477,.T.);
#6820=ADVANCED_FACE('',(#650),#6478,.T.);
#6821=ADVANCED_FACE('',(#651),#6479,.F.);
#6822=ADVANCED_FACE('',(#652),#6480,.T.);
#6823=ADVANCED_FACE('',(#653),#6481,.T.);
#6824=ADVANCED_FACE('',(#654),#414,.F.);
#6825=ADVANCED_FACE('',(#655),#6482,.T.);
#6826=ADVANCED_FACE('',(#656),#415,.T.);
#6827=ADVANCED_FACE('',(#657),#6483,.T.);
#6828=ADVANCED_FACE('',(#658),#6484,.T.);
#6829=ADVANCED_FACE('',(#659),#416,.F.);
#6830=ADVANCED_FACE('',(#660),#6485,.T.);
#6831=ADVANCED_FACE('',(#661),#417,.T.);
#6832=ADVANCED_FACE('',(#662),#6486,.T.);
#6833=ADVANCED_FACE('',(#663),#6487,.T.);
#6834=ADVANCED_FACE('',(#664),#6488,.F.);
#6835=ADVANCED_FACE('',(#665),#6489,.T.);
#6836=ADVANCED_FACE('',(#666),#115,.F.);
#6837=ADVANCED_FACE('',(#667),#6490,.T.);
#6838=ADVANCED_FACE('',(#668),#6491,.T.);
#6839=ADVANCED_FACE('',(#669),#116,.F.);
#6840=ADVANCED_FACE('',(#670),#6492,.T.);
#6841=ADVANCED_FACE('',(#671),#117,.F.);
#6842=ADVANCED_FACE('',(#672),#6493,.T.);
#6843=ADVANCED_FACE('',(#673),#118,.F.);
#6844=ADVANCED_FACE('',(#674),#6494,.F.);
#6845=ADVANCED_FACE('',(#675),#6495,.T.);
#6846=ADVANCED_FACE('',(#676),#418,.T.);
#6847=ADVANCED_FACE('',(#677),#419,.T.);
#6848=ADVANCED_FACE('',(#678),#420,.T.);
#6849=ADVANCED_FACE('',(#679),#6496,.T.);
#6850=ADVANCED_FACE('',(#680),#421,.T.);
#6851=ADVANCED_FACE('',(#681),#422,.T.);
#6852=ADVANCED_FACE('',(#682,#59),#6497,.F.);
#6853=ADVANCED_FACE('',(#683),#6498,.T.);
#6854=ADVANCED_FACE('',(#684),#423,.T.);
#6855=ADVANCED_FACE('',(#685),#6499,.T.);
#6856=ADVANCED_FACE('',(#686),#424,.T.);
#6857=ADVANCED_FACE('',(#687),#6500,.T.);
#6858=ADVANCED_FACE('',(#688,#60),#58,.F.);
#6859=ADVANCED_FACE('',(#689),#6501,.F.);
#6860=ADVANCED_FACE('',(#690,#61),#425,.F.);
#6861=ADVANCED_FACE('',(#691),#6502,.T.);
#6862=ADVANCED_FACE('',(#692),#426,.T.);
#6863=ADVANCED_FACE('',(#693),#6503,.T.);
#6864=ADVANCED_FACE('',(#694),#6504,.T.);
#6865=ADVANCED_FACE('',(#695),#6505,.T.);
#6866=ADVANCED_FACE('',(#696),#6506,.T.);
#6867=ADVANCED_FACE('',(#697),#119,.T.);
#6868=ADVANCED_FACE('',(#698),#6507,.T.);
#6869=ADVANCED_FACE('',(#699),#6508,.T.);
#6870=ADVANCED_FACE('',(#700),#6509,.T.);
#6871=ADVANCED_FACE('',(#701),#120,.T.);
#6872=ADVANCED_FACE('',(#702),#6510,.T.);
#6873=ADVANCED_FACE('',(#703),#6511,.T.);
#6874=ADVANCED_FACE('',(#704),#6512,.F.);
#6875=ADVANCED_FACE('',(#705),#6513,.T.);
#6876=ADVANCED_FACE('',(#706),#6514,.T.);
#6877=ADVANCED_FACE('',(#707),#6515,.T.);
#6878=ADVANCED_FACE('',(#708),#6516,.T.);
#6879=ADVANCED_FACE('',(#709),#121,.T.);
#6880=ADVANCED_FACE('',(#710),#6517,.T.);
#6881=ADVANCED_FACE('',(#711),#6518,.T.);
#6882=ADVANCED_FACE('',(#712),#6519,.T.);
#6883=ADVANCED_FACE('',(#713),#122,.T.);
#6884=ADVANCED_FACE('',(#714),#6520,.T.);
#6885=ADVANCED_FACE('',(#715),#6521,.T.);
#6886=ADVANCED_FACE('',(#716),#6522,.F.);
#6887=ADVANCED_FACE('',(#717),#6523,.F.);
#6888=ADVANCED_FACE('',(#718),#123,.F.);
#6889=ADVANCED_FACE('',(#719),#6524,.F.);
#6890=ADVANCED_FACE('',(#720),#124,.F.);
#6891=ADVANCED_FACE('',(#721),#6525,.T.);
#6892=ADVANCED_FACE('',(#722),#125,.T.);
#6893=ADVANCED_FACE('',(#723),#6526,.T.);
#6894=ADVANCED_FACE('',(#724),#126,.T.);
#6895=ADVANCED_FACE('',(#725,#62),#6527,.T.);
#6896=ADVANCED_FACE('',(#726,#63),#6528,.F.);
#6897=ADVANCED_FACE('',(#727),#6529,.F.);
#6898=ADVANCED_FACE('',(#728),#6530,.F.);
#6899=ADVANCED_FACE('',(#729),#6531,.F.);
#6900=ADVANCED_FACE('',(#730),#127,.F.);
#6901=ADVANCED_FACE('',(#731),#6532,.T.);
#6902=ADVANCED_FACE('',(#732),#6533,.T.);
#6903=ADVANCED_FACE('',(#733),#128,.T.);
#6904=ADVANCED_FACE('',(#734),#6534,.T.);
#6905=ADVANCED_FACE('',(#735),#129,.T.);
#6906=ADVANCED_FACE('',(#736),#6535,.T.);
#6907=ADVANCED_FACE('',(#737),#130,.T.);
#6908=ADVANCED_FACE('',(#738),#6536,.T.);
#6909=ADVANCED_FACE('',(#739,#64),#6537,.T.);
#6910=ADVANCED_FACE('',(#740,#65),#6538,.F.);
#6911=ADVANCED_FACE('',(#741),#6539,.T.);
#6912=ADVANCED_FACE('',(#742),#6540,.T.);
#6913=ADVANCED_FACE('',(#743),#131,.T.);
#6914=ADVANCED_FACE('',(#744),#6541,.T.);
#6915=ADVANCED_FACE('',(#745),#132,.T.);
#6916=ADVANCED_FACE('',(#746),#6542,.T.);
#6917=ADVANCED_FACE('',(#747),#6543,.T.);
#6918=ADVANCED_FACE('',(#748),#6544,.T.);
#6919=ADVANCED_FACE('',(#749),#6545,.T.);
#6920=ADVANCED_FACE('',(#750),#6546,.T.);
#6921=ADVANCED_FACE('',(#751),#6547,.T.);
#6922=ADVANCED_FACE('',(#752),#6548,.T.);
#6923=ADVANCED_FACE('',(#753),#6549,.T.);
#6924=ADVANCED_FACE('',(#754),#6550,.T.);
#6925=ADVANCED_FACE('',(#755),#6551,.T.);
#6926=ADVANCED_FACE('',(#756),#6552,.F.);
#6927=ADVANCED_FACE('',(#757),#6553,.T.);
#6928=ADVANCED_FACE('',(#758),#427,.T.);
#6929=ADVANCED_FACE('',(#759),#6554,.T.);
#6930=ADVANCED_FACE('',(#760),#133,.T.);
#6931=ADVANCED_FACE('',(#761),#6555,.T.);
#6932=ADVANCED_FACE('',(#762),#134,.T.);
#6933=ADVANCED_FACE('',(#763),#6556,.T.);
#6934=ADVANCED_FACE('',(#764),#428,.F.);
#6935=ADVANCED_FACE('',(#765),#6557,.T.);
#6936=ADVANCED_FACE('',(#766),#6558,.T.);
#6937=ADVANCED_FACE('',(#767),#6559,.T.);
#6938=ADVANCED_FACE('',(#768),#6560,.F.);
#6939=ADVANCED_FACE('',(#769),#6561,.T.);
#6940=ADVANCED_FACE('',(#770),#6562,.T.);
#6941=ADVANCED_FACE('',(#771),#6563,.T.);
#6942=ADVANCED_FACE('',(#772),#6564,.T.);
#6943=ADVANCED_FACE('',(#773),#6565,.T.);
#6944=ADVANCED_FACE('',(#774),#6566,.F.);
#6945=ADVANCED_FACE('',(#775),#6567,.T.);
#6946=ADVANCED_FACE('',(#776),#6568,.T.);
#6947=ADVANCED_FACE('',(#777),#6569,.T.);
#6948=ADVANCED_FACE('',(#778),#6570,.T.);
#6949=ADVANCED_FACE('',(#779),#6571,.T.);
#6950=ADVANCED_FACE('',(#780),#6572,.F.);
#6951=ADVANCED_FACE('',(#781),#6573,.T.);
#6952=ADVANCED_FACE('',(#782),#135,.T.);
#6953=ADVANCED_FACE('',(#783),#6574,.T.);
#6954=ADVANCED_FACE('',(#784),#6575,.T.);
#6955=ADVANCED_FACE('',(#785),#6576,.T.);
#6956=ADVANCED_FACE('',(#786),#6577,.T.);
#6957=ADVANCED_FACE('',(#787),#6578,.T.);
#6958=ADVANCED_FACE('',(#788),#136,.T.);
#6959=ADVANCED_FACE('',(#789),#6579,.T.);
#6960=ADVANCED_FACE('',(#790),#6580,.T.);
#6961=ADVANCED_FACE('',(#791),#6581,.T.);
#6962=ADVANCED_FACE('',(#792),#6582,.F.);
#6963=ADVANCED_FACE('',(#793),#6583,.T.);
#6964=ADVANCED_FACE('',(#794),#6584,.T.);
#6965=ADVANCED_FACE('',(#795),#6585,.T.);
#6966=ADVANCED_FACE('',(#796),#6586,.T.);
#6967=ADVANCED_FACE('',(#797),#6587,.T.);
#6968=ADVANCED_FACE('',(#798),#6588,.F.);
#6969=ADVANCED_FACE('',(#799,#66),#429,.T.);
#6970=ADVANCED_FACE('',(#800),#6589,.T.);
#6971=ADVANCED_FACE('',(#801),#6590,.F.);
#6972=ADVANCED_FACE('',(#802,#67),#430,.T.);
#6973=ADVANCED_FACE('',(#803),#6591,.T.);
#6974=ADVANCED_FACE('',(#804),#6592,.F.);
#6975=ADVANCED_FACE('',(#805),#6593,.T.);
#6976=ADVANCED_FACE('',(#806),#6594,.T.);
#6977=ADVANCED_FACE('',(#807),#6595,.T.);
#6978=ADVANCED_FACE('',(#808),#6596,.T.);
#6979=ADVANCED_FACE('',(#809),#6597,.T.);
#6980=ADVANCED_FACE('',(#810),#6598,.T.);
#6981=ADVANCED_FACE('',(#811),#6599,.F.);
#6982=ADVANCED_FACE('',(#812),#6600,.F.);
#6983=ADVANCED_FACE('',(#813),#6601,.F.);
#6984=ADVANCED_FACE('',(#814),#6602,.F.);
#6985=ADVANCED_FACE('',(#815),#6603,.F.);
#6986=ADVANCED_FACE('',(#816),#6604,.F.);
#6987=ADVANCED_FACE('',(#817,#68),#431,.F.);
#6988=ADVANCED_FACE('',(#818),#137,.T.);
#6989=ADVANCED_FACE('',(#819),#432,.T.);
#6990=ADVANCED_FACE('',(#820),#433,.T.);
#6991=ADVANCED_FACE('',(#821),#434,.T.);
#6992=ADVANCED_FACE('',(#822),#6605,.T.);
#6993=ADVANCED_FACE('',(#823),#435,.T.);
#6994=ADVANCED_FACE('',(#824),#6606,.T.);
#6995=ADVANCED_FACE('',(#825),#436,.T.);
#6996=ADVANCED_FACE('',(#826),#6607,.T.);
#6997=ADVANCED_FACE('',(#827),#437,.T.);
#6998=ADVANCED_FACE('',(#828),#6608,.F.);
#6999=ADVANCED_FACE('',(#829),#438,.T.);
#7000=ADVANCED_FACE('',(#830),#6609,.T.);
#7001=ADVANCED_FACE('',(#831),#439,.T.);
#7002=ADVANCED_FACE('',(#832),#440,.T.);
#7003=ADVANCED_FACE('',(#833),#6610,.F.);
#7004=ADVANCED_FACE('',(#834,#69),#6611,.T.);
#7005=ADVANCED_FACE('',(#835),#138,.T.);
#7006=ADVANCED_FACE('',(#836,#70),#441,.T.);
#7007=ADVANCED_FACE('',(#837),#139,.F.);
#7008=CLOSED_SHELL('',(#6612,#6613,#6614,#6615,#6616,#6617,#6618,#6619,
#6620,#6621,#6622,#6623,#6624,#6625));
#7009=CLOSED_SHELL('',(#6626,#6627,#6628,#6629,#6630,#6631,#6632,#6633,
#6634,#6635,#6636,#6637,#6638,#6639));
#7010=CLOSED_SHELL('',(#6640,#6641,#6642,#6643,#6644,#6645,#6646,#6647,
#6648,#6649,#6650,#6651,#6652,#6653));
#7011=CLOSED_SHELL('',(#6654,#6655,#6656,#6657,#6658,#6659,#6660,#6661,
#6662,#6663,#6664,#6665,#6666,#6667));
#7012=CLOSED_SHELL('',(#6668,#6669,#6670,#6671,#6672,#6673,#6674,#6675,
#6676,#6677,#6678,#6679,#6680,#6681));
#7013=CLOSED_SHELL('',(#6682,#6683,#6684,#6685,#6686,#6687,#6688,#6689,
#6690,#6691,#6692,#6693,#6694,#6695));
#7014=CLOSED_SHELL('',(#6696,#6697,#6698,#6699,#6700,#6701,#6702,#6703,
#6704,#6705,#6706,#6707,#6708,#6709));
#7015=CLOSED_SHELL('',(#6710,#6711,#6712,#6713,#6714,#6715,#6716,#6717,
#6718,#6719,#6720,#6721,#6722,#6723));
#7016=CLOSED_SHELL('',(#6724,#6725,#6726,#6727,#6728,#6729,#6730,#6731,
#6732,#6733,#6734,#6735,#6736,#6737));
#7017=CLOSED_SHELL('',(#6738,#6739,#6740,#6741,#6742,#6743,#6744,#6745,
#6746,#6747,#6748,#6749,#6750,#6751));
#7018=CLOSED_SHELL('',(#6752,#6753,#6754,#6755,#6756,#6757,#6758,#6759,
#6760,#6761,#6762,#6763,#6764,#6765));
#7019=CLOSED_SHELL('',(#6766,#6767,#6768,#6769,#6770,#6771,#6772,#6773,
#6774,#6775,#6776,#6777,#6778,#6779));
#7020=CLOSED_SHELL('',(#6780,#6781,#6782,#6783,#6784,#6785,#6786,#6787,
#6788,#6789,#6790,#6791,#6792,#6793));
#7021=CLOSED_SHELL('',(#6794,#6795,#6796,#6797,#6798,#6799,#6800,#6801,
#6802,#6803,#6804,#6805,#6806,#6807));
#7022=CLOSED_SHELL('',(#6808,#6809,#6810,#6811,#6812,#6813,#6814,#6815,
#6816,#6817,#6818,#6819,#6820,#6821));
#7023=CLOSED_SHELL('',(#6822,#6823,#6824,#6825,#6826,#6827,#6828,#6829,
#6830,#6831,#6832,#6833,#6834,#6835));
#7024=CLOSED_SHELL('',(#6836,#6837,#6838,#6839,#6840,#6841,#6842,#6843,
#6844,#6845));
#7025=CLOSED_SHELL('',(#6846,#6847,#6848,#6849,#6850,#6851,#6852,#6853,
#6854,#6855,#6856,#6857,#6858,#6859,#6860,#6861,#6862));
#7026=CLOSED_SHELL('',(#6863,#6864,#6865,#6866,#6867,#6868,#6869,#6870,
#6871,#6872,#6873,#6874));
#7027=CLOSED_SHELL('',(#6875,#6876,#6877,#6878,#6879,#6880,#6881,#6882,
#6883,#6884,#6885,#6886));
#7028=CLOSED_SHELL('',(#6887,#6888,#6889,#6890,#6891,#6892,#6893,#6894,
#6895,#6896));
#7029=CLOSED_SHELL('',(#6897,#6898,#6899,#6900,#6901,#6902,#6903,#6904,
#6905,#6906,#6907,#6908,#6909,#6910));
#7030=CLOSED_SHELL('',(#6911,#6912,#6913,#6914,#6915,#6916,#6917,#6918,
#6919,#6920,#6921,#6922,#6923,#6924,#6925,#6926));
#7031=CLOSED_SHELL('',(#6927,#6928,#6929,#6930,#6931,#6932,#6933,#6934,
#6935,#6936,#6937,#6938));
#7032=CLOSED_SHELL('',(#6939,#6940,#6941,#6942,#6943,#6944));
#7033=CLOSED_SHELL('',(#6945,#6946,#6947,#6948,#6949,#6950));
#7034=CLOSED_SHELL('',(#6951,#6952,#6953,#6954,#6955,#6956,#6957,#6958,
#6959,#6960,#6961,#6962));
#7035=CLOSED_SHELL('',(#6963,#6964,#6965,#6966,#6967,#6968));
#7036=CLOSED_SHELL('',(#6969,#6970,#6971));
#7037=CLOSED_SHELL('',(#6972,#6973,#6974));
#7038=CLOSED_SHELL('',(#6975,#6976,#6977,#6978,#6979,#6980));
#7039=CLOSED_SHELL('',(#6981,#6982,#6983,#6984,#6985,#6986));
#7040=CLOSED_SHELL('',(#6987,#6988,#6989,#6990,#6991,#6992,#6993,#6994,
#6995,#6996,#6997,#6998,#6999,#7000,#7001,#7002,#7003,#7004));
#7041=CLOSED_SHELL('',(#7005,#7006,#7007));
#7042=AXIS2_PLACEMENT_3D('placement',#9428,#7588,#7589);
#7043=AXIS2_PLACEMENT_3D('',#9429,#7590,#7591);
#7044=AXIS2_PLACEMENT_3D('',#9438,#7596,#7597);
#7045=AXIS2_PLACEMENT_3D('',#9447,#7602,#7603);
#7046=AXIS2_PLACEMENT_3D('',#9449,#7604,#7605);
#7047=AXIS2_PLACEMENT_3D('',#9451,#7606,#7607);
#7048=AXIS2_PLACEMENT_3D('',#9453,#7609,#7610);
#7049=AXIS2_PLACEMENT_3D('',#9459,#7614,#7615);
#7050=AXIS2_PLACEMENT_3D('',#9461,#7616,#7617);
#7051=AXIS2_PLACEMENT_3D('',#9463,#7618,#7619);
#7052=AXIS2_PLACEMENT_3D('',#9465,#7621,#7622);
#7053=AXIS2_PLACEMENT_3D('',#9468,#7625,#7626);
#7054=AXIS2_PLACEMENT_3D('',#9474,#7630,#7631);
#7055=AXIS2_PLACEMENT_3D('',#9476,#7632,#7633);
#7056=AXIS2_PLACEMENT_3D('',#9478,#7634,#7635);
#7057=AXIS2_PLACEMENT_3D('',#9480,#7637,#7638);
#7058=AXIS2_PLACEMENT_3D('',#9486,#7642,#7643);
#7059=AXIS2_PLACEMENT_3D('',#9488,#7644,#7645);
#7060=AXIS2_PLACEMENT_3D('',#9490,#7646,#7647);
#7061=AXIS2_PLACEMENT_3D('',#9492,#7649,#7650);
#7062=AXIS2_PLACEMENT_3D('',#9498,#7654,#7655);
#7063=AXIS2_PLACEMENT_3D('',#9501,#7658,#7659);
#7064=AXIS2_PLACEMENT_3D('',#9502,#7660,#7661);
#7065=AXIS2_PLACEMENT_3D('',#9503,#7662,#7663);
#7066=AXIS2_PLACEMENT_3D('',#9512,#7668,#7669);
#7067=AXIS2_PLACEMENT_3D('',#9521,#7674,#7675);
#7068=AXIS2_PLACEMENT_3D('',#9523,#7676,#7677);
#7069=AXIS2_PLACEMENT_3D('',#9525,#7678,#7679);
#7070=AXIS2_PLACEMENT_3D('',#9527,#7681,#7682);
#7071=AXIS2_PLACEMENT_3D('',#9533,#7686,#7687);
#7072=AXIS2_PLACEMENT_3D('',#9535,#7688,#7689);
#7073=AXIS2_PLACEMENT_3D('',#9537,#7690,#7691);
#7074=AXIS2_PLACEMENT_3D('',#9539,#7693,#7694);
#7075=AXIS2_PLACEMENT_3D('',#9542,#7697,#7698);
#7076=AXIS2_PLACEMENT_3D('',#9548,#7702,#7703);
#7077=AXIS2_PLACEMENT_3D('',#9550,#7704,#7705);
#7078=AXIS2_PLACEMENT_3D('',#9552,#7706,#7707);
#7079=AXIS2_PLACEMENT_3D('',#9554,#7709,#7710);
#7080=AXIS2_PLACEMENT_3D('',#9560,#7714,#7715);
#7081=AXIS2_PLACEMENT_3D('',#9562,#7716,#7717);
#7082=AXIS2_PLACEMENT_3D('',#9564,#7718,#7719);
#7083=AXIS2_PLACEMENT_3D('',#9566,#7721,#7722);
#7084=AXIS2_PLACEMENT_3D('',#9572,#7726,#7727);
#7085=AXIS2_PLACEMENT_3D('',#9575,#7730,#7731);
#7086=AXIS2_PLACEMENT_3D('',#9576,#7732,#7733);
#7087=AXIS2_PLACEMENT_3D('',#9577,#7734,#7735);
#7088=AXIS2_PLACEMENT_3D('',#9586,#7740,#7741);
#7089=AXIS2_PLACEMENT_3D('',#9595,#7746,#7747);
#7090=AXIS2_PLACEMENT_3D('',#9597,#7748,#7749);
#7091=AXIS2_PLACEMENT_3D('',#9599,#7750,#7751);
#7092=AXIS2_PLACEMENT_3D('',#9601,#7753,#7754);
#7093=AXIS2_PLACEMENT_3D('',#9607,#7758,#7759);
#7094=AXIS2_PLACEMENT_3D('',#9609,#7760,#7761);
#7095=AXIS2_PLACEMENT_3D('',#9611,#7762,#7763);
#7096=AXIS2_PLACEMENT_3D('',#9613,#7765,#7766);
#7097=AXIS2_PLACEMENT_3D('',#9616,#7769,#7770);
#7098=AXIS2_PLACEMENT_3D('',#9622,#7774,#7775);
#7099=AXIS2_PLACEMENT_3D('',#9624,#7776,#7777);
#7100=AXIS2_PLACEMENT_3D('',#9626,#7778,#7779);
#7101=AXIS2_PLACEMENT_3D('',#9628,#7781,#7782);
#7102=AXIS2_PLACEMENT_3D('',#9634,#7786,#7787);
#7103=AXIS2_PLACEMENT_3D('',#9636,#7788,#7789);
#7104=AXIS2_PLACEMENT_3D('',#9638,#7790,#7791);
#7105=AXIS2_PLACEMENT_3D('',#9640,#7793,#7794);
#7106=AXIS2_PLACEMENT_3D('',#9646,#7798,#7799);
#7107=AXIS2_PLACEMENT_3D('',#9649,#7802,#7803);
#7108=AXIS2_PLACEMENT_3D('',#9650,#7804,#7805);
#7109=AXIS2_PLACEMENT_3D('',#9651,#7806,#7807);
#7110=AXIS2_PLACEMENT_3D('',#9660,#7812,#7813);
#7111=AXIS2_PLACEMENT_3D('',#9669,#7818,#7819);
#7112=AXIS2_PLACEMENT_3D('',#9671,#7820,#7821);
#7113=AXIS2_PLACEMENT_3D('',#9673,#7822,#7823);
#7114=AXIS2_PLACEMENT_3D('',#9675,#7825,#7826);
#7115=AXIS2_PLACEMENT_3D('',#9681,#7830,#7831);
#7116=AXIS2_PLACEMENT_3D('',#9683,#7832,#7833);
#7117=AXIS2_PLACEMENT_3D('',#9685,#7834,#7835);
#7118=AXIS2_PLACEMENT_3D('',#9687,#7837,#7838);
#7119=AXIS2_PLACEMENT_3D('',#9690,#7841,#7842);
#7120=AXIS2_PLACEMENT_3D('',#9696,#7846,#7847);
#7121=AXIS2_PLACEMENT_3D('',#9698,#7848,#7849);
#7122=AXIS2_PLACEMENT_3D('',#9700,#7850,#7851);
#7123=AXIS2_PLACEMENT_3D('',#9702,#7853,#7854);
#7124=AXIS2_PLACEMENT_3D('',#9708,#7858,#7859);
#7125=AXIS2_PLACEMENT_3D('',#9710,#7860,#7861);
#7126=AXIS2_PLACEMENT_3D('',#9712,#7862,#7863);
#7127=AXIS2_PLACEMENT_3D('',#9714,#7865,#7866);
#7128=AXIS2_PLACEMENT_3D('',#9720,#7870,#7871);
#7129=AXIS2_PLACEMENT_3D('',#9723,#7874,#7875);
#7130=AXIS2_PLACEMENT_3D('',#9724,#7876,#7877);
#7131=AXIS2_PLACEMENT_3D('',#9725,#7878,#7879);
#7132=AXIS2_PLACEMENT_3D('',#9734,#7884,#7885);
#7133=AXIS2_PLACEMENT_3D('',#9743,#7890,#7891);
#7134=AXIS2_PLACEMENT_3D('',#9745,#7892,#7893);
#7135=AXIS2_PLACEMENT_3D('',#9747,#7894,#7895);
#7136=AXIS2_PLACEMENT_3D('',#9749,#7897,#7898);
#7137=AXIS2_PLACEMENT_3D('',#9755,#7902,#7903);
#7138=AXIS2_PLACEMENT_3D('',#9757,#7904,#7905);
#7139=AXIS2_PLACEMENT_3D('',#9759,#7906,#7907);
#7140=AXIS2_PLACEMENT_3D('',#9761,#7909,#7910);
#7141=AXIS2_PLACEMENT_3D('',#9764,#7913,#7914);
#7142=AXIS2_PLACEMENT_3D('',#9770,#7918,#7919);
#7143=AXIS2_PLACEMENT_3D('',#9772,#7920,#7921);
#7144=AXIS2_PLACEMENT_3D('',#9774,#7922,#7923);
#7145=AXIS2_PLACEMENT_3D('',#9776,#7925,#7926);
#7146=AXIS2_PLACEMENT_3D('',#9782,#7930,#7931);
#7147=AXIS2_PLACEMENT_3D('',#9784,#7932,#7933);
#7148=AXIS2_PLACEMENT_3D('',#9786,#7934,#7935);
#7149=AXIS2_PLACEMENT_3D('',#9788,#7937,#7938);
#7150=AXIS2_PLACEMENT_3D('',#9794,#7942,#7943);
#7151=AXIS2_PLACEMENT_3D('',#9797,#7946,#7947);
#7152=AXIS2_PLACEMENT_3D('',#9798,#7948,#7949);
#7153=AXIS2_PLACEMENT_3D('',#9799,#7950,#7951);
#7154=AXIS2_PLACEMENT_3D('',#9808,#7956,#7957);
#7155=AXIS2_PLACEMENT_3D('',#9817,#7962,#7963);
#7156=AXIS2_PLACEMENT_3D('',#9819,#7964,#7965);
#7157=AXIS2_PLACEMENT_3D('',#9821,#7966,#7967);
#7158=AXIS2_PLACEMENT_3D('',#9823,#7969,#7970);
#7159=AXIS2_PLACEMENT_3D('',#9829,#7974,#7975);
#7160=AXIS2_PLACEMENT_3D('',#9831,#7976,#7977);
#7161=AXIS2_PLACEMENT_3D('',#9833,#7978,#7979);
#7162=AXIS2_PLACEMENT_3D('',#9835,#7981,#7982);
#7163=AXIS2_PLACEMENT_3D('',#9838,#7985,#7986);
#7164=AXIS2_PLACEMENT_3D('',#9844,#7990,#7991);
#7165=AXIS2_PLACEMENT_3D('',#9846,#7992,#7993);
#7166=AXIS2_PLACEMENT_3D('',#9848,#7994,#7995);
#7167=AXIS2_PLACEMENT_3D('',#9850,#7997,#7998);
#7168=AXIS2_PLACEMENT_3D('',#9856,#8002,#8003);
#7169=AXIS2_PLACEMENT_3D('',#9858,#8004,#8005);
#7170=AXIS2_PLACEMENT_3D('',#9860,#8006,#8007);
#7171=AXIS2_PLACEMENT_3D('',#9862,#8009,#8010);
#7172=AXIS2_PLACEMENT_3D('',#9868,#8014,#8015);
#7173=AXIS2_PLACEMENT_3D('',#9871,#8018,#8019);
#7174=AXIS2_PLACEMENT_3D('',#9872,#8020,#8021);
#7175=AXIS2_PLACEMENT_3D('',#9873,#8022,#8023);
#7176=AXIS2_PLACEMENT_3D('',#9882,#8028,#8029);
#7177=AXIS2_PLACEMENT_3D('',#9891,#8034,#8035);
#7178=AXIS2_PLACEMENT_3D('',#9893,#8036,#8037);
#7179=AXIS2_PLACEMENT_3D('',#9895,#8038,#8039);
#7180=AXIS2_PLACEMENT_3D('',#9897,#8041,#8042);
#7181=AXIS2_PLACEMENT_3D('',#9903,#8046,#8047);
#7182=AXIS2_PLACEMENT_3D('',#9905,#8048,#8049);
#7183=AXIS2_PLACEMENT_3D('',#9907,#8050,#8051);
#7184=AXIS2_PLACEMENT_3D('',#9909,#8053,#8054);
#7185=AXIS2_PLACEMENT_3D('',#9912,#8057,#8058);
#7186=AXIS2_PLACEMENT_3D('',#9918,#8062,#8063);
#7187=AXIS2_PLACEMENT_3D('',#9920,#8064,#8065);
#7188=AXIS2_PLACEMENT_3D('',#9922,#8066,#8067);
#7189=AXIS2_PLACEMENT_3D('',#9924,#8069,#8070);
#7190=AXIS2_PLACEMENT_3D('',#9930,#8074,#8075);
#7191=AXIS2_PLACEMENT_3D('',#9932,#8076,#8077);
#7192=AXIS2_PLACEMENT_3D('',#9934,#8078,#8079);
#7193=AXIS2_PLACEMENT_3D('',#9936,#8081,#8082);
#7194=AXIS2_PLACEMENT_3D('',#9942,#8086,#8087);
#7195=AXIS2_PLACEMENT_3D('',#9945,#8090,#8091);
#7196=AXIS2_PLACEMENT_3D('',#9946,#8092,#8093);
#7197=AXIS2_PLACEMENT_3D('',#9947,#8094,#8095);
#7198=AXIS2_PLACEMENT_3D('',#9956,#8100,#8101);
#7199=AXIS2_PLACEMENT_3D('',#9965,#8106,#8107);
#7200=AXIS2_PLACEMENT_3D('',#9967,#8108,#8109);
#7201=AXIS2_PLACEMENT_3D('',#9969,#8110,#8111);
#7202=AXIS2_PLACEMENT_3D('',#9971,#8113,#8114);
#7203=AXIS2_PLACEMENT_3D('',#9977,#8118,#8119);
#7204=AXIS2_PLACEMENT_3D('',#9979,#8120,#8121);
#7205=AXIS2_PLACEMENT_3D('',#9981,#8122,#8123);
#7206=AXIS2_PLACEMENT_3D('',#9983,#8125,#8126);
#7207=AXIS2_PLACEMENT_3D('',#9986,#8129,#8130);
#7208=AXIS2_PLACEMENT_3D('',#9992,#8134,#8135);
#7209=AXIS2_PLACEMENT_3D('',#9994,#8136,#8137);
#7210=AXIS2_PLACEMENT_3D('',#9996,#8138,#8139);
#7211=AXIS2_PLACEMENT_3D('',#9998,#8141,#8142);
#7212=AXIS2_PLACEMENT_3D('',#10004,#8146,#8147);
#7213=AXIS2_PLACEMENT_3D('',#10006,#8148,#8149);
#7214=AXIS2_PLACEMENT_3D('',#10008,#8150,#8151);
#7215=AXIS2_PLACEMENT_3D('',#10010,#8153,#8154);
#7216=AXIS2_PLACEMENT_3D('',#10016,#8158,#8159);
#7217=AXIS2_PLACEMENT_3D('',#10019,#8162,#8163);
#7218=AXIS2_PLACEMENT_3D('',#10020,#8164,#8165);
#7219=AXIS2_PLACEMENT_3D('',#10021,#8166,#8167);
#7220=AXIS2_PLACEMENT_3D('',#10030,#8172,#8173);
#7221=AXIS2_PLACEMENT_3D('',#10039,#8178,#8179);
#7222=AXIS2_PLACEMENT_3D('',#10041,#8180,#8181);
#7223=AXIS2_PLACEMENT_3D('',#10043,#8182,#8183);
#7224=AXIS2_PLACEMENT_3D('',#10045,#8185,#8186);
#7225=AXIS2_PLACEMENT_3D('',#10051,#8190,#8191);
#7226=AXIS2_PLACEMENT_3D('',#10053,#8192,#8193);
#7227=AXIS2_PLACEMENT_3D('',#10055,#8194,#8195);
#7228=AXIS2_PLACEMENT_3D('',#10057,#8197,#8198);
#7229=AXIS2_PLACEMENT_3D('',#10060,#8201,#8202);
#7230=AXIS2_PLACEMENT_3D('',#10066,#8206,#8207);
#7231=AXIS2_PLACEMENT_3D('',#10068,#8208,#8209);
#7232=AXIS2_PLACEMENT_3D('',#10070,#8210,#8211);
#7233=AXIS2_PLACEMENT_3D('',#10072,#8213,#8214);
#7234=AXIS2_PLACEMENT_3D('',#10078,#8218,#8219);
#7235=AXIS2_PLACEMENT_3D('',#10080,#8220,#8221);
#7236=AXIS2_PLACEMENT_3D('',#10082,#8222,#8223);
#7237=AXIS2_PLACEMENT_3D('',#10084,#8225,#8226);
#7238=AXIS2_PLACEMENT_3D('',#10090,#8230,#8231);
#7239=AXIS2_PLACEMENT_3D('',#10093,#8234,#8235);
#7240=AXIS2_PLACEMENT_3D('',#10094,#8236,#8237);
#7241=AXIS2_PLACEMENT_3D('',#10095,#8238,#8239);
#7242=AXIS2_PLACEMENT_3D('',#10104,#8244,#8245);
#7243=AXIS2_PLACEMENT_3D('',#10113,#8250,#8251);
#7244=AXIS2_PLACEMENT_3D('',#10115,#8252,#8253);
#7245=AXIS2_PLACEMENT_3D('',#10117,#8254,#8255);
#7246=AXIS2_PLACEMENT_3D('',#10119,#8257,#8258);
#7247=AXIS2_PLACEMENT_3D('',#10125,#8262,#8263);
#7248=AXIS2_PLACEMENT_3D('',#10127,#8264,#8265);
#7249=AXIS2_PLACEMENT_3D('',#10129,#8266,#8267);
#7250=AXIS2_PLACEMENT_3D('',#10131,#8269,#8270);
#7251=AXIS2_PLACEMENT_3D('',#10134,#8273,#8274);
#7252=AXIS2_PLACEMENT_3D('',#10140,#8278,#8279);
#7253=AXIS2_PLACEMENT_3D('',#10142,#8280,#8281);
#7254=AXIS2_PLACEMENT_3D('',#10144,#8282,#8283);
#7255=AXIS2_PLACEMENT_3D('',#10146,#8285,#8286);
#7256=AXIS2_PLACEMENT_3D('',#10152,#8290,#8291);
#7257=AXIS2_PLACEMENT_3D('',#10154,#8292,#8293);
#7258=AXIS2_PLACEMENT_3D('',#10156,#8294,#8295);
#7259=AXIS2_PLACEMENT_3D('',#10158,#8297,#8298);
#7260=AXIS2_PLACEMENT_3D('',#10164,#8302,#8303);
#7261=AXIS2_PLACEMENT_3D('',#10167,#8306,#8307);
#7262=AXIS2_PLACEMENT_3D('',#10168,#8308,#8309);
#7263=AXIS2_PLACEMENT_3D('',#10169,#8310,#8311);
#7264=AXIS2_PLACEMENT_3D('',#10178,#8316,#8317);
#7265=AXIS2_PLACEMENT_3D('',#10187,#8322,#8323);
#7266=AXIS2_PLACEMENT_3D('',#10189,#8324,#8325);
#7267=AXIS2_PLACEMENT_3D('',#10191,#8326,#8327);
#7268=AXIS2_PLACEMENT_3D('',#10193,#8329,#8330);
#7269=AXIS2_PLACEMENT_3D('',#10199,#8334,#8335);
#7270=AXIS2_PLACEMENT_3D('',#10201,#8336,#8337);
#7271=AXIS2_PLACEMENT_3D('',#10203,#8338,#8339);
#7272=AXIS2_PLACEMENT_3D('',#10205,#8341,#8342);
#7273=AXIS2_PLACEMENT_3D('',#10208,#8345,#8346);
#7274=AXIS2_PLACEMENT_3D('',#10214,#8350,#8351);
#7275=AXIS2_PLACEMENT_3D('',#10216,#8352,#8353);
#7276=AXIS2_PLACEMENT_3D('',#10218,#8354,#8355);
#7277=AXIS2_PLACEMENT_3D('',#10220,#8357,#8358);
#7278=AXIS2_PLACEMENT_3D('',#10226,#8362,#8363);
#7279=AXIS2_PLACEMENT_3D('',#10228,#8364,#8365);
#7280=AXIS2_PLACEMENT_3D('',#10230,#8366,#8367);
#7281=AXIS2_PLACEMENT_3D('',#10232,#8369,#8370);
#7282=AXIS2_PLACEMENT_3D('',#10238,#8374,#8375);
#7283=AXIS2_PLACEMENT_3D('',#10241,#8378,#8379);
#7284=AXIS2_PLACEMENT_3D('',#10242,#8380,#8381);
#7285=AXIS2_PLACEMENT_3D('',#10243,#8382,#8383);
#7286=AXIS2_PLACEMENT_3D('',#10252,#8388,#8389);
#7287=AXIS2_PLACEMENT_3D('',#10261,#8394,#8395);
#7288=AXIS2_PLACEMENT_3D('',#10263,#8396,#8397);
#7289=AXIS2_PLACEMENT_3D('',#10265,#8398,#8399);
#7290=AXIS2_PLACEMENT_3D('',#10267,#8401,#8402);
#7291=AXIS2_PLACEMENT_3D('',#10273,#8406,#8407);
#7292=AXIS2_PLACEMENT_3D('',#10275,#8408,#8409);
#7293=AXIS2_PLACEMENT_3D('',#10277,#8410,#8411);
#7294=AXIS2_PLACEMENT_3D('',#10279,#8413,#8414);
#7295=AXIS2_PLACEMENT_3D('',#10282,#8417,#8418);
#7296=AXIS2_PLACEMENT_3D('',#10288,#8422,#8423);
#7297=AXIS2_PLACEMENT_3D('',#10290,#8424,#8425);
#7298=AXIS2_PLACEMENT_3D('',#10292,#8426,#8427);
#7299=AXIS2_PLACEMENT_3D('',#10294,#8429,#8430);
#7300=AXIS2_PLACEMENT_3D('',#10300,#8434,#8435);
#7301=AXIS2_PLACEMENT_3D('',#10302,#8436,#8437);
#7302=AXIS2_PLACEMENT_3D('',#10304,#8438,#8439);
#7303=AXIS2_PLACEMENT_3D('',#10306,#8441,#8442);
#7304=AXIS2_PLACEMENT_3D('',#10312,#8446,#8447);
#7305=AXIS2_PLACEMENT_3D('',#10315,#8450,#8451);
#7306=AXIS2_PLACEMENT_3D('',#10316,#8452,#8453);
#7307=AXIS2_PLACEMENT_3D('',#10317,#8454,#8455);
#7308=AXIS2_PLACEMENT_3D('',#10326,#8460,#8461);
#7309=AXIS2_PLACEMENT_3D('',#10335,#8466,#8467);
#7310=AXIS2_PLACEMENT_3D('',#10337,#8468,#8469);
#7311=AXIS2_PLACEMENT_3D('',#10339,#8470,#8471);
#7312=AXIS2_PLACEMENT_3D('',#10341,#8473,#8474);
#7313=AXIS2_PLACEMENT_3D('',#10347,#8478,#8479);
#7314=AXIS2_PLACEMENT_3D('',#10349,#8480,#8481);
#7315=AXIS2_PLACEMENT_3D('',#10351,#8482,#8483);
#7316=AXIS2_PLACEMENT_3D('',#10353,#8485,#8486);
#7317=AXIS2_PLACEMENT_3D('',#10356,#8489,#8490);
#7318=AXIS2_PLACEMENT_3D('',#10362,#8494,#8495);
#7319=AXIS2_PLACEMENT_3D('',#10364,#8496,#8497);
#7320=AXIS2_PLACEMENT_3D('',#10366,#8498,#8499);
#7321=AXIS2_PLACEMENT_3D('',#10368,#8501,#8502);
#7322=AXIS2_PLACEMENT_3D('',#10374,#8506,#8507);
#7323=AXIS2_PLACEMENT_3D('',#10376,#8508,#8509);
#7324=AXIS2_PLACEMENT_3D('',#10378,#8510,#8511);
#7325=AXIS2_PLACEMENT_3D('',#10380,#8513,#8514);
#7326=AXIS2_PLACEMENT_3D('',#10386,#8518,#8519);
#7327=AXIS2_PLACEMENT_3D('',#10389,#8522,#8523);
#7328=AXIS2_PLACEMENT_3D('',#10390,#8524,#8525);
#7329=AXIS2_PLACEMENT_3D('',#10391,#8526,#8527);
#7330=AXIS2_PLACEMENT_3D('',#10400,#8532,#8533);
#7331=AXIS2_PLACEMENT_3D('',#10409,#8538,#8539);
#7332=AXIS2_PLACEMENT_3D('',#10411,#8540,#8541);
#7333=AXIS2_PLACEMENT_3D('',#10413,#8542,#8543);
#7334=AXIS2_PLACEMENT_3D('',#10415,#8545,#8546);
#7335=AXIS2_PLACEMENT_3D('',#10421,#8550,#8551);
#7336=AXIS2_PLACEMENT_3D('',#10423,#8552,#8553);
#7337=AXIS2_PLACEMENT_3D('',#10425,#8554,#8555);
#7338=AXIS2_PLACEMENT_3D('',#10427,#8557,#8558);
#7339=AXIS2_PLACEMENT_3D('',#10430,#8561,#8562);
#7340=AXIS2_PLACEMENT_3D('',#10436,#8566,#8567);
#7341=AXIS2_PLACEMENT_3D('',#10438,#8568,#8569);
#7342=AXIS2_PLACEMENT_3D('',#10440,#8570,#8571);
#7343=AXIS2_PLACEMENT_3D('',#10442,#8573,#8574);
#7344=AXIS2_PLACEMENT_3D('',#10448,#8578,#8579);
#7345=AXIS2_PLACEMENT_3D('',#10450,#8580,#8581);
#7346=AXIS2_PLACEMENT_3D('',#10452,#8582,#8583);
#7347=AXIS2_PLACEMENT_3D('',#10454,#8585,#8586);
#7348=AXIS2_PLACEMENT_3D('',#10460,#8590,#8591);
#7349=AXIS2_PLACEMENT_3D('',#10463,#8594,#8595);
#7350=AXIS2_PLACEMENT_3D('',#10464,#8596,#8597);
#7351=AXIS2_PLACEMENT_3D('',#10465,#8598,#8599);
#7352=AXIS2_PLACEMENT_3D('',#10474,#8604,#8605);
#7353=AXIS2_PLACEMENT_3D('',#10483,#8610,#8611);
#7354=AXIS2_PLACEMENT_3D('',#10485,#8612,#8613);
#7355=AXIS2_PLACEMENT_3D('',#10487,#8614,#8615);
#7356=AXIS2_PLACEMENT_3D('',#10489,#8617,#8618);
#7357=AXIS2_PLACEMENT_3D('',#10495,#8622,#8623);
#7358=AXIS2_PLACEMENT_3D('',#10497,#8624,#8625);
#7359=AXIS2_PLACEMENT_3D('',#10499,#8626,#8627);
#7360=AXIS2_PLACEMENT_3D('',#10501,#8629,#8630);
#7361=AXIS2_PLACEMENT_3D('',#10504,#8633,#8634);
#7362=AXIS2_PLACEMENT_3D('',#10510,#8638,#8639);
#7363=AXIS2_PLACEMENT_3D('',#10512,#8640,#8641);
#7364=AXIS2_PLACEMENT_3D('',#10514,#8642,#8643);
#7365=AXIS2_PLACEMENT_3D('',#10516,#8645,#8646);
#7366=AXIS2_PLACEMENT_3D('',#10522,#8650,#8651);
#7367=AXIS2_PLACEMENT_3D('',#10524,#8652,#8653);
#7368=AXIS2_PLACEMENT_3D('',#10526,#8654,#8655);
#7369=AXIS2_PLACEMENT_3D('',#10528,#8657,#8658);
#7370=AXIS2_PLACEMENT_3D('',#10534,#8662,#8663);
#7371=AXIS2_PLACEMENT_3D('',#10537,#8666,#8667);
#7372=AXIS2_PLACEMENT_3D('',#10538,#8668,#8669);
#7373=AXIS2_PLACEMENT_3D('',#10539,#8670,#8671);
#7374=AXIS2_PLACEMENT_3D('',#10548,#8676,#8677);
#7375=AXIS2_PLACEMENT_3D('',#10557,#8682,#8683);
#7376=AXIS2_PLACEMENT_3D('',#10559,#8684,#8685);
#7377=AXIS2_PLACEMENT_3D('',#10561,#8686,#8687);
#7378=AXIS2_PLACEMENT_3D('',#10563,#8689,#8690);
#7379=AXIS2_PLACEMENT_3D('',#10569,#8694,#8695);
#7380=AXIS2_PLACEMENT_3D('',#10571,#8696,#8697);
#7381=AXIS2_PLACEMENT_3D('',#10573,#8698,#8699);
#7382=AXIS2_PLACEMENT_3D('',#10575,#8701,#8702);
#7383=AXIS2_PLACEMENT_3D('',#10578,#8705,#8706);
#7384=AXIS2_PLACEMENT_3D('',#10584,#8710,#8711);
#7385=AXIS2_PLACEMENT_3D('',#10586,#8712,#8713);
#7386=AXIS2_PLACEMENT_3D('',#10588,#8714,#8715);
#7387=AXIS2_PLACEMENT_3D('',#10590,#8717,#8718);
#7388=AXIS2_PLACEMENT_3D('',#10596,#8722,#8723);
#7389=AXIS2_PLACEMENT_3D('',#10598,#8724,#8725);
#7390=AXIS2_PLACEMENT_3D('',#10600,#8726,#8727);
#7391=AXIS2_PLACEMENT_3D('',#10602,#8729,#8730);
#7392=AXIS2_PLACEMENT_3D('',#10608,#8734,#8735);
#7393=AXIS2_PLACEMENT_3D('',#10611,#8738,#8739);
#7394=AXIS2_PLACEMENT_3D('',#10612,#8740,#8741);
#7395=AXIS2_PLACEMENT_3D('',#10621,#8742,#8743);
#7396=AXIS2_PLACEMENT_3D('',#10625,#8745,#8746);
#7397=AXIS2_PLACEMENT_3D('',#10627,#8748,#8749);
#7398=AXIS2_PLACEMENT_3D('',#10631,#8751,#8752);
#7399=AXIS2_PLACEMENT_3D('',#10635,#8754,#8755);
#7400=AXIS2_PLACEMENT_3D('',#10639,#8757,#8758);
#7401=AXIS2_PLACEMENT_3D('',#10641,#8760,#8761);
#7402=AXIS2_PLACEMENT_3D('',#10653,#8764,#8765);
#7403=AXIS2_PLACEMENT_3D('',#10656,#8768,#8769);
#7404=AXIS2_PLACEMENT_3D('',#10667,#8772,#8773);
#7405=AXIS2_PLACEMENT_3D('',#10669,#8775,#8776);
#7406=AXIS2_PLACEMENT_3D('',#10679,#8779,#8780);
#7407=AXIS2_PLACEMENT_3D('',#10680,#8781,#8782);
#7408=AXIS2_PLACEMENT_3D('',#10682,#8784,#8785);
#7409=AXIS2_PLACEMENT_3D('',#10683,#8786,#8787);
#7410=AXIS2_PLACEMENT_3D('',#10686,#8788,#8789);
#7411=AXIS2_PLACEMENT_3D('',#10690,#8791,#8792);
#7412=AXIS2_PLACEMENT_3D('',#10706,#8794,#8795);
#7413=AXIS2_PLACEMENT_3D('',#10724,#8797,#8798);
#7414=AXIS2_PLACEMENT_3D('',#10726,#8800,#8801);
#7415=AXIS2_PLACEMENT_3D('',#10730,#8803,#8804);
#7416=AXIS2_PLACEMENT_3D('',#10732,#8806,#8807);
#7417=AXIS2_PLACEMENT_3D('',#10736,#8810,#8811);
#7418=AXIS2_PLACEMENT_3D('',#10740,#8813,#8814);
#7419=AXIS2_PLACEMENT_3D('',#10756,#8816,#8817);
#7420=AXIS2_PLACEMENT_3D('',#10773,#8820,#8821);
#7421=AXIS2_PLACEMENT_3D('',#10775,#8822,#8823);
#7422=AXIS2_PLACEMENT_3D('',#10776,#8824,#8825);
#7423=AXIS2_PLACEMENT_3D('',#10782,#8829,#8830);
#7424=AXIS2_PLACEMENT_3D('',#10785,#8832,#8833);
#7425=AXIS2_PLACEMENT_3D('',#10786,#8834,#8835);
#7426=AXIS2_PLACEMENT_3D('',#10790,#8838,#8839);
#7427=AXIS2_PLACEMENT_3D('',#10791,#8840,#8841);
#7428=AXIS2_PLACEMENT_3D('',#10792,#8842,#8843);
#7429=AXIS2_PLACEMENT_3D('',#10796,#8846,#8847);
#7430=AXIS2_PLACEMENT_3D('',#10798,#8848,#8849);
#7431=AXIS2_PLACEMENT_3D('',#10800,#8850,#8851);
#7432=AXIS2_PLACEMENT_3D('',#10801,#8852,#8853);
#7433=AXIS2_PLACEMENT_3D('',#10802,#8854,#8855);
#7434=AXIS2_PLACEMENT_3D('',#10803,#8856,#8857);
#7435=AXIS2_PLACEMENT_3D('',#10804,#8858,#8859);
#7436=AXIS2_PLACEMENT_3D('',#10805,#8860,#8861);
#7437=AXIS2_PLACEMENT_3D('',#10806,#8862,#8863);
#7438=AXIS2_PLACEMENT_3D('',#10815,#8868,#8869);
#7439=AXIS2_PLACEMENT_3D('',#10821,#8873,#8874);
#7440=AXIS2_PLACEMENT_3D('',#10827,#8878,#8879);
#7441=AXIS2_PLACEMENT_3D('',#10860,#8884,#8885);
#7442=AXIS2_PLACEMENT_3D('',#10866,#8889,#8890);
#7443=AXIS2_PLACEMENT_3D('',#10872,#8894,#8895);
#7444=AXIS2_PLACEMENT_3D('',#10905,#8900,#8901);
#7445=AXIS2_PLACEMENT_3D('',#10908,#8904,#8905);
#7446=AXIS2_PLACEMENT_3D('',#10909,#8906,#8907);
#7447=AXIS2_PLACEMENT_3D('',#10910,#8908,#8909);
#7448=AXIS2_PLACEMENT_3D('',#10919,#8914,#8915);
#7449=AXIS2_PLACEMENT_3D('',#10925,#8919,#8920);
#7450=AXIS2_PLACEMENT_3D('',#10931,#8924,#8925);
#7451=AXIS2_PLACEMENT_3D('',#10964,#8930,#8931);
#7452=AXIS2_PLACEMENT_3D('',#10970,#8935,#8936);
#7453=AXIS2_PLACEMENT_3D('',#10976,#8940,#8941);
#7454=AXIS2_PLACEMENT_3D('',#11009,#8946,#8947);
#7455=AXIS2_PLACEMENT_3D('',#11012,#8950,#8951);
#7456=AXIS2_PLACEMENT_3D('',#11013,#8952,#8953);
#7457=AXIS2_PLACEMENT_3D('',#11014,#8954,#8955);
#7458=AXIS2_PLACEMENT_3D('',#11050,#8961,#8962);
#7459=AXIS2_PLACEMENT_3D('',#11080,#8966,#8967);
#7460=AXIS2_PLACEMENT_3D('',#11124,#8973,#8974);
#7461=AXIS2_PLACEMENT_3D('',#11158,#8978,#8979);
#7462=AXIS2_PLACEMENT_3D('',#11159,#8980,#8981);
#7463=AXIS2_PLACEMENT_3D('',#11160,#8982,#8983);
#7464=AXIS2_PLACEMENT_3D('',#11169,#8988,#8989);
#7465=AXIS2_PLACEMENT_3D('',#11175,#8993,#8994);
#7466=AXIS2_PLACEMENT_3D('',#11205,#8998,#8999);
#7467=AXIS2_PLACEMENT_3D('',#11214,#9004,#9005);
#7468=AXIS2_PLACEMENT_3D('',#11247,#9010,#9011);
#7469=AXIS2_PLACEMENT_3D('',#11288,#9016,#9017);
#7470=AXIS2_PLACEMENT_3D('',#11329,#9022,#9023);
#7471=AXIS2_PLACEMENT_3D('',#11332,#9026,#9027);
#7472=AXIS2_PLACEMENT_3D('',#11333,#9028,#9029);
#7473=AXIS2_PLACEMENT_3D('',#11334,#9030,#9031);
#7474=AXIS2_PLACEMENT_3D('',#11343,#9036,#9037);
#7475=AXIS2_PLACEMENT_3D('',#11368,#9042,#9043);
#7476=AXIS2_PLACEMENT_3D('',#11393,#9048,#9049);
#7477=AXIS2_PLACEMENT_3D('',#11399,#9053,#9054);
#7478=AXIS2_PLACEMENT_3D('',#11405,#9058,#9059);
#7479=AXIS2_PLACEMENT_3D('',#11411,#9063,#9064);
#7480=AXIS2_PLACEMENT_3D('',#11417,#9068,#9069);
#7481=AXIS2_PLACEMENT_3D('',#11423,#9073,#9074);
#7482=AXIS2_PLACEMENT_3D('',#11429,#9078,#9079);
#7483=AXIS2_PLACEMENT_3D('',#11435,#9083,#9084);
#7484=AXIS2_PLACEMENT_3D('',#11441,#9088,#9089);
#7485=AXIS2_PLACEMENT_3D('',#11444,#9092,#9093);
#7486=AXIS2_PLACEMENT_3D('',#11445,#9094,#9095);
#7487=AXIS2_PLACEMENT_3D('',#11446,#9096,#9097);
#7488=AXIS2_PLACEMENT_3D('',#11455,#9102,#9103);
#7489=AXIS2_PLACEMENT_3D('',#11457,#9104,#9105);
#7490=AXIS2_PLACEMENT_3D('',#11459,#9106,#9107);
#7491=AXIS2_PLACEMENT_3D('',#11461,#9109,#9110);
#7492=AXIS2_PLACEMENT_3D('',#11502,#9115,#9116);
#7493=AXIS2_PLACEMENT_3D('',#11543,#9121,#9122);
#7494=AXIS2_PLACEMENT_3D('',#11549,#9126,#9127);
#7495=AXIS2_PLACEMENT_3D('',#11551,#9128,#9129);
#7496=AXIS2_PLACEMENT_3D('',#11553,#9130,#9131);
#7497=AXIS2_PLACEMENT_3D('',#11555,#9133,#9134);
#7498=AXIS2_PLACEMENT_3D('',#11561,#9138,#9139);
#7499=AXIS2_PLACEMENT_3D('',#11564,#9142,#9143);
#7500=AXIS2_PLACEMENT_3D('',#11565,#9144,#9145);
#7501=AXIS2_PLACEMENT_3D('',#11566,#9146,#9147);
#7502=AXIS2_PLACEMENT_3D('',#11575,#9152,#9153);
#7503=AXIS2_PLACEMENT_3D('',#11581,#9157,#9158);
#7504=AXIS2_PLACEMENT_3D('',#11587,#9162,#9163);
#7505=AXIS2_PLACEMENT_3D('',#11590,#9166,#9167);
#7506=AXIS2_PLACEMENT_3D('',#11591,#9168,#9169);
#7507=AXIS2_PLACEMENT_3D('',#11592,#9170,#9171);
#7508=AXIS2_PLACEMENT_3D('',#11601,#9176,#9177);
#7509=AXIS2_PLACEMENT_3D('',#11607,#9181,#9182);
#7510=AXIS2_PLACEMENT_3D('',#11613,#9186,#9187);
#7511=AXIS2_PLACEMENT_3D('',#11616,#9190,#9191);
#7512=AXIS2_PLACEMENT_3D('',#11617,#9192,#9193);
#7513=AXIS2_PLACEMENT_3D('',#11618,#9194,#9195);
#7514=AXIS2_PLACEMENT_3D('',#11654,#9201,#9202);
#7515=AXIS2_PLACEMENT_3D('',#11660,#9206,#9207);
#7516=AXIS2_PLACEMENT_3D('',#11666,#9211,#9212);
#7517=AXIS2_PLACEMENT_3D('',#11672,#9216,#9217);
#7518=AXIS2_PLACEMENT_3D('',#11678,#9221,#9222);
#7519=AXIS2_PLACEMENT_3D('',#11711,#9227,#9228);
#7520=AXIS2_PLACEMENT_3D('',#11717,#9232,#9233);
#7521=AXIS2_PLACEMENT_3D('',#11720,#9236,#9237);
#7522=AXIS2_PLACEMENT_3D('',#11721,#9238,#9239);
#7523=AXIS2_PLACEMENT_3D('',#11722,#9240,#9241);
#7524=AXIS2_PLACEMENT_3D('',#11731,#9246,#9247);
#7525=AXIS2_PLACEMENT_3D('',#11737,#9251,#9252);
#7526=AXIS2_PLACEMENT_3D('',#11743,#9256,#9257);
#7527=AXIS2_PLACEMENT_3D('',#11746,#9260,#9261);
#7528=AXIS2_PLACEMENT_3D('',#11747,#9262,#9263);
#7529=AXIS2_PLACEMENT_3D('',#11748,#9264,#9265);
#7530=AXIS2_PLACEMENT_3D('',#11750,#9266,#9267);
#7531=AXIS2_PLACEMENT_3D('',#11752,#9268,#9269);
#7532=AXIS2_PLACEMENT_3D('',#11753,#9270,#9271);
#7533=AXIS2_PLACEMENT_3D('',#11754,#9272,#9273);
#7534=AXIS2_PLACEMENT_3D('',#11755,#9274,#9275);
#7535=AXIS2_PLACEMENT_3D('',#11757,#9276,#9277);
#7536=AXIS2_PLACEMENT_3D('',#11759,#9278,#9279);
#7537=AXIS2_PLACEMENT_3D('',#11760,#9280,#9281);
#7538=AXIS2_PLACEMENT_3D('',#11761,#9282,#9283);
#7539=AXIS2_PLACEMENT_3D('',#11762,#9284,#9285);
#7540=AXIS2_PLACEMENT_3D('',#11771,#9290,#9291);
#7541=AXIS2_PLACEMENT_3D('',#11777,#9295,#9296);
#7542=AXIS2_PLACEMENT_3D('',#11783,#9300,#9301);
#7543=AXIS2_PLACEMENT_3D('',#11786,#9304,#9305);
#7544=AXIS2_PLACEMENT_3D('',#11787,#9306,#9307);
#7545=AXIS2_PLACEMENT_3D('',#11788,#9308,#9309);
#7546=AXIS2_PLACEMENT_3D('',#11797,#9314,#9315);
#7547=AXIS2_PLACEMENT_3D('',#11803,#9319,#9320);
#7548=AXIS2_PLACEMENT_3D('',#11809,#9324,#9325);
#7549=AXIS2_PLACEMENT_3D('',#11812,#9328,#9329);
#7550=AXIS2_PLACEMENT_3D('',#11813,#9330,#9331);
#7551=AXIS2_PLACEMENT_3D('',#11814,#9332,#9333);
#7552=AXIS2_PLACEMENT_3D('',#11817,#9334,#9335);
#7553=AXIS2_PLACEMENT_3D('',#11818,#9336,#9337);
#7554=AXIS2_PLACEMENT_3D('',#11820,#9338,#9339);
#7555=AXIS2_PLACEMENT_3D('',#11852,#9340,#9341);
#7556=AXIS2_PLACEMENT_3D('',#11871,#9343,#9344);
#7557=AXIS2_PLACEMENT_3D('',#11874,#9346,#9347);
#7558=AXIS2_PLACEMENT_3D('',#11875,#9348,#9349);
#7559=AXIS2_PLACEMENT_3D('',#11879,#9351,#9352);
#7560=AXIS2_PLACEMENT_3D('',#11881,#9353,#9354);
#7561=AXIS2_PLACEMENT_3D('',#11895,#9356,#9357);
#7562=AXIS2_PLACEMENT_3D('',#11911,#9359,#9360);
#7563=AXIS2_PLACEMENT_3D('',#11913,#9361,#9362);
#7564=AXIS2_PLACEMENT_3D('',#11915,#9364,#9365);
#7565=AXIS2_PLACEMENT_3D('',#11921,#9369,#9370);
#7566=AXIS2_PLACEMENT_3D('',#11924,#9372,#9373);
#7567=AXIS2_PLACEMENT_3D('',#11925,#9374,#9375);
#7568=AXIS2_PLACEMENT_3D('',#11929,#9378,#9379);
#7569=AXIS2_PLACEMENT_3D('',#11932,#9381,#9382);
#7570=AXIS2_PLACEMENT_3D('',#11933,#9383,#9384);
#7571=AXIS2_PLACEMENT_3D('',#11937,#9387,#9388);
#7572=AXIS2_PLACEMENT_3D('',#11940,#9391,#9392);
#7573=AXIS2_PLACEMENT_3D('',#11942,#9393,#9394);
#7574=AXIS2_PLACEMENT_3D('',#11945,#9396,#9397);
#7575=AXIS2_PLACEMENT_3D('',#11946,#9398,#9399);
#7576=AXIS2_PLACEMENT_3D('',#11964,#9401,#9402);
#7577=AXIS2_PLACEMENT_3D('',#11970,#9406,#9407);
#7578=AXIS2_PLACEMENT_3D('',#11971,#9408,#9409);
#7579=AXIS2_PLACEMENT_3D('',#11972,#9410,#9411);
#7580=AXIS2_PLACEMENT_3D('',#11973,#9412,#9413);
#7581=AXIS2_PLACEMENT_3D('',#11974,#9414,#9415);
#7582=AXIS2_PLACEMENT_3D('',#11975,#9416,#9417);
#7583=AXIS2_PLACEMENT_3D('',#12009,#9418,#9419);
#7584=AXIS2_PLACEMENT_3D('',#12010,#9420,#9421);
#7585=AXIS2_PLACEMENT_3D('',#12011,#9422,#9423);
#7586=AXIS2_PLACEMENT_3D('',#12014,#9424,#9425);
#7587=AXIS2_PLACEMENT_3D('',#12015,#9426,#9427);
#7588=DIRECTION('axis',(0.,0.,1.));
#7589=DIRECTION('refdir',(1.,0.,0.));
#7590=DIRECTION('center_axis',(-1.,0.,0.));
#7591=DIRECTION('ref_axis',(0.,0.,1.));
#7592=DIRECTION('',(0.,1.,0.));
#7593=DIRECTION('',(0.,0.,-1.));
#7594=DIRECTION('',(0.,-1.,0.));
#7595=DIRECTION('',(0.,0.,1.));
#7596=DIRECTION('center_axis',(-0.0872945578582687,1.60352205311027E-17,
-0.996182543597472));
#7597=DIRECTION('ref_axis',(0.996182543597472,-1.8298972086846E-16,-0.0872945578582687));
#7598=DIRECTION('',(0.996182543597472,-1.8298972086846E-16,-0.0872945578582687));
#7599=DIRECTION('',(-1.83690953073357E-16,-1.,0.));
#7600=DIRECTION('',(0.996182543597472,-1.8298972086846E-16,-0.0872945578582687));
#7601=DIRECTION('',(-1.83690953073357E-16,-1.,0.));
#7602=DIRECTION('center_axis',(-1.83690953073357E-16,-1.,0.));
#7603=DIRECTION('ref_axis',(-0.992546151641327,1.82321748564288E-16,-0.121869343405106));
#7604=DIRECTION('center_axis',(-1.83690953073357E-16,-1.,0.));
#7605=DIRECTION('ref_axis',(-0.992546151641327,1.82321748564288E-16,-0.121869343405106));
#7606=DIRECTION('center_axis',(-1.83690953073357E-16,-1.,0.));
#7607=DIRECTION('ref_axis',(-0.992546151641327,1.82321748564288E-16,-0.121869343405106));
#7608=DIRECTION('',(-1.83690953073357E-16,-1.,0.));
#7609=DIRECTION('center_axis',(-0.992546151641325,1.82321748564287E-16,
-0.121869343405125));
#7610=DIRECTION('ref_axis',(0.121869343405125,-2.23862958405116E-17,-0.992546151641325));
#7611=DIRECTION('',(0.121869343405125,-2.23862958405116E-17,-0.992546151641325));
#7612=DIRECTION('',(0.121869343405125,-2.23862958405116E-17,-0.992546151641325));
#7613=DIRECTION('',(-1.83690953073357E-16,-1.,0.));
#7614=DIRECTION('center_axis',(-1.83690953073357E-16,-1.,0.));
#7615=DIRECTION('ref_axis',(2.66453525910082E-14,-4.89451021241793E-30,
1.));
#7616=DIRECTION('center_axis',(1.83690953073357E-16,1.,0.));
#7617=DIRECTION('ref_axis',(2.66453525910082E-14,-4.89451021241793E-30,
1.));
#7618=DIRECTION('center_axis',(1.83690953073357E-16,1.,0.));
#7619=DIRECTION('ref_axis',(2.66453525910082E-14,-4.89451021241793E-30,
1.));
#7620=DIRECTION('',(-1.83690953073357E-16,-1.,0.));
#7621=DIRECTION('center_axis',(0.,0.,-1.));
#7622=DIRECTION('ref_axis',(1.,-1.83690953073357E-16,0.));
#7623=DIRECTION('',(-1.,0.,0.));
#7624=DIRECTION('',(-1.,0.,0.));
#7625=DIRECTION('center_axis',(0.,0.,1.));
#7626=DIRECTION('ref_axis',(-1.,1.83690953073357E-16,0.));
#7627=DIRECTION('',(-1.,1.83690953073357E-16,0.));
#7628=DIRECTION('',(-1.,1.83690953073357E-16,0.));
#7629=DIRECTION('',(-1.83690953073357E-16,-1.,0.));
#7630=DIRECTION('center_axis',(-1.83690953073357E-16,-1.,0.));
#7631=DIRECTION('ref_axis',(0.992546151641328,-1.82321748564288E-16,0.121869343405099));
#7632=DIRECTION('center_axis',(-1.83690953073357E-16,-1.,0.));
#7633=DIRECTION('ref_axis',(0.992546151641328,-1.82321748564288E-16,0.121869343405099));
#7634=DIRECTION('center_axis',(-1.83690953073357E-16,-1.,0.));
#7635=DIRECTION('ref_axis',(0.992546151641328,-1.82321748564288E-16,0.121869343405099));
#7636=DIRECTION('',(-1.83690953073357E-16,-1.,0.));
#7637=DIRECTION('center_axis',(0.992546151641324,-1.82321748564287E-16,
0.12186934340513));
#7638=DIRECTION('ref_axis',(-0.12186934340513,2.23862958405125E-17,0.992546151641324));
#7639=DIRECTION('',(-0.12186934340513,2.23862958405125E-17,0.992546151641324));
#7640=DIRECTION('',(-0.12186934340513,2.23862958405125E-17,0.992546151641324));
#7641=DIRECTION('',(-1.83690953073357E-16,-1.,0.));
#7642=DIRECTION('center_axis',(-1.83690953073357E-16,-1.,0.));
#7643=DIRECTION('ref_axis',(-0.0872945578584501,1.6035220531136E-17,-0.996182543597456));
#7644=DIRECTION('center_axis',(1.83690953073357E-16,1.,0.));
#7645=DIRECTION('ref_axis',(-0.0872945578584501,1.6035220531136E-17,-0.996182543597456));
#7646=DIRECTION('center_axis',(1.83690953073357E-16,1.,0.));
#7647=DIRECTION('ref_axis',(-0.0872945578584501,1.6035220531136E-17,-0.996182543597456));
#7648=DIRECTION('',(-1.83690953073357E-16,-1.,0.));
#7649=DIRECTION('center_axis',(0.0872945578583242,-1.60352205311128E-17,
0.996182543597467));
#7650=DIRECTION('ref_axis',(-0.996182543597467,1.82989720868459E-16,0.0872945578583242));
#7651=DIRECTION('',(-0.996182543597467,1.82989720868459E-16,0.0872945578583242));
#7652=DIRECTION('',(-0.996182543597467,1.82989720868459E-16,0.0872945578583242));
#7653=DIRECTION('',(-1.83690953073357E-16,-1.,0.));
#7654=DIRECTION('center_axis',(0.996182543597451,-1.82989720868456E-16,
-0.0872945578585127));
#7655=DIRECTION('ref_axis',(0.0872945578585127,-1.60352205311475E-17,0.996182543597451));
#7656=DIRECTION('',(0.0872945578585127,-1.60352205311475E-17,0.996182543597451));
#7657=DIRECTION('',(0.0872945578585127,-1.60352205311475E-17,0.996182543597451));
#7658=DIRECTION('center_axis',(-1.83690953073357E-16,-1.,0.));
#7659=DIRECTION('ref_axis',(0.,0.,-1.));
#7660=DIRECTION('center_axis',(-1.83690953073357E-16,-1.,0.));
#7661=DIRECTION('ref_axis',(0.,0.,-1.));
#7662=DIRECTION('center_axis',(1.,0.,0.));
#7663=DIRECTION('ref_axis',(0.,0.,-1.));
#7664=DIRECTION('',(0.,-1.,0.));
#7665=DIRECTION('',(0.,0.,-1.));
#7666=DIRECTION('',(0.,1.,0.));
#7667=DIRECTION('',(0.,0.,1.));
#7668=DIRECTION('center_axis',(-0.0872945578583242,1.60352205311128E-17,
0.996182543597467));
#7669=DIRECTION('ref_axis',(-0.996182543597467,1.82989720868459E-16,-0.0872945578583242));
#7670=DIRECTION('',(0.996182543597467,-1.82989720868459E-16,0.0872945578583242));
#7671=DIRECTION('',(-1.83690953073357E-16,-1.,0.));
#7672=DIRECTION('',(-0.996182543597467,1.82989720868459E-16,-0.0872945578583242));
#7673=DIRECTION('',(-1.83690953073357E-16,-1.,0.));
#7674=DIRECTION('center_axis',(-1.83690953073357E-16,-1.,0.));
#7675=DIRECTION('ref_axis',(0.0872945578584501,-1.6035220531136E-17,-0.996182543597456));
#7676=DIRECTION('center_axis',(-1.83690953073357E-16,-1.,0.));
#7677=DIRECTION('ref_axis',(0.0872945578584501,-1.6035220531136E-17,-0.996182543597456));
#7678=DIRECTION('center_axis',(1.83690953073357E-16,1.,0.));
#7679=DIRECTION('ref_axis',(0.0872945578584501,-1.6035220531136E-17,-0.996182543597456));
#7680=DIRECTION('',(-1.83690953073357E-16,-1.,0.));
#7681=DIRECTION('center_axis',(-0.992546151641324,1.82321748564287E-16,
0.12186934340513));
#7682=DIRECTION('ref_axis',(-0.12186934340513,2.23862958405125E-17,-0.992546151641324));
#7683=DIRECTION('',(0.12186934340513,-2.23862958405125E-17,0.992546151641324));
#7684=DIRECTION('',(-0.12186934340513,2.23862958405125E-17,-0.992546151641324));
#7685=DIRECTION('',(-1.83690953073357E-16,-1.,0.));
#7686=DIRECTION('center_axis',(-1.83690953073357E-16,-1.,0.));
#7687=DIRECTION('ref_axis',(-0.992546151641328,1.82321748564288E-16,0.1218693434051));
#7688=DIRECTION('center_axis',(1.83690953073357E-16,1.,0.));
#7689=DIRECTION('ref_axis',(-0.992546151641328,1.82321748564288E-16,0.1218693434051));
#7690=DIRECTION('center_axis',(-1.83690953073357E-16,-1.,0.));
#7691=DIRECTION('ref_axis',(-0.992546151641328,1.82321748564288E-16,0.1218693434051));
#7692=DIRECTION('',(-1.83690953073357E-16,-1.,0.));
#7693=DIRECTION('center_axis',(0.,0.,1.));
#7694=DIRECTION('ref_axis',(-1.,1.83690953073357E-16,0.));
#7695=DIRECTION('',(1.,-1.83690953073357E-16,0.));
#7696=DIRECTION('',(1.,0.,0.));
#7697=DIRECTION('center_axis',(0.,0.,-1.));
#7698=DIRECTION('ref_axis',(1.,-1.83690953073357E-16,0.));
#7699=DIRECTION('',(-1.,1.83690953073357E-16,0.));
#7700=DIRECTION('',(1.,-1.83690953073357E-16,0.));
#7701=DIRECTION('',(-1.83690953073357E-16,-1.,0.));
#7702=DIRECTION('center_axis',(-1.83690953073357E-16,-1.,0.));
#7703=DIRECTION('ref_axis',(-2.66453525910082E-14,4.89451021241793E-30,
1.));
#7704=DIRECTION('center_axis',(-1.83690953073357E-16,-1.,0.));
#7705=DIRECTION('ref_axis',(-2.66453525910082E-14,4.89451021241793E-30,
1.));
#7706=DIRECTION('center_axis',(1.83690953073357E-16,1.,0.));
#7707=DIRECTION('ref_axis',(-2.66453525910082E-14,4.89451021241793E-30,
1.));
#7708=DIRECTION('',(-1.83690953073357E-16,-1.,0.));
#7709=DIRECTION('center_axis',(0.992546151641325,-1.82321748564287E-16,
-0.121869343405125));
#7710=DIRECTION('ref_axis',(0.121869343405125,-2.23862958405116E-17,0.992546151641325));
#7711=DIRECTION('',(-0.121869343405125,2.23862958405116E-17,-0.992546151641325));
#7712=DIRECTION('',(0.121869343405125,-2.23862958405116E-17,0.992546151641325));
#7713=DIRECTION('',(-1.83690953073357E-16,-1.,0.));
#7714=DIRECTION('center_axis',(-1.83690953073357E-16,-1.,0.));
#7715=DIRECTION('ref_axis',(0.992546151641327,-1.82321748564288E-16,-0.121869343405106));
#7716=DIRECTION('center_axis',(1.83690953073357E-16,1.,0.));
#7717=DIRECTION('ref_axis',(0.992546151641327,-1.82321748564288E-16,-0.121869343405106));
#7718=DIRECTION('center_axis',(-1.83690953073357E-16,-1.,0.));
#7719=DIRECTION('ref_axis',(0.992546151641327,-1.82321748564288E-16,-0.121869343405106));
#7720=DIRECTION('',(-1.83690953073357E-16,-1.,0.));
#7721=DIRECTION('center_axis',(0.0872945578582687,-1.60352205311027E-17,
-0.996182543597472));
#7722=DIRECTION('ref_axis',(0.996182543597472,-1.8298972086846E-16,0.0872945578582687));
#7723=DIRECTION('',(-0.996182543597472,1.8298972086846E-16,-0.0872945578582687));
#7724=DIRECTION('',(0.996182543597472,-1.8298972086846E-16,0.0872945578582687));
#7725=DIRECTION('',(-1.83690953073357E-16,-1.,0.));
#7726=DIRECTION('center_axis',(-0.996182543597451,1.82989720868456E-16,
-0.0872945578585127));
#7727=DIRECTION('ref_axis',(0.0872945578585127,-1.60352205311475E-17,-0.996182543597451));
#7728=DIRECTION('',(-0.0872945578585127,1.60352205311475E-17,0.996182543597451));
#7729=DIRECTION('',(0.0872945578585127,-1.60352205311475E-17,-0.996182543597451));
#7730=DIRECTION('center_axis',(-1.83690953073357E-16,-1.,0.));
#7731=DIRECTION('ref_axis',(0.,0.,-1.));
#7732=DIRECTION('center_axis',(-1.83690953073357E-16,-1.,0.));
#7733=DIRECTION('ref_axis',(0.,0.,-1.));
#7734=DIRECTION('center_axis',(-1.,0.,0.));
#7735=DIRECTION('ref_axis',(0.,0.,1.));
#7736=DIRECTION('',(0.,1.,0.));
#7737=DIRECTION('',(0.,0.,-1.));
#7738=DIRECTION('',(0.,-1.,0.));
#7739=DIRECTION('',(0.,0.,1.));
#7740=DIRECTION('center_axis',(-0.0872945578582687,1.60352205311027E-17,
-0.996182543597472));
#7741=DIRECTION('ref_axis',(0.996182543597472,-1.8298972086846E-16,-0.0872945578582687));
#7742=DIRECTION('',(0.996182543597472,-1.8298972086846E-16,-0.0872945578582687));
#7743=DIRECTION('',(-1.83690953073357E-16,-1.,0.));
#7744=DIRECTION('',(0.996182543597472,-1.8298972086846E-16,-0.0872945578582687));
#7745=DIRECTION('',(-1.83690953073357E-16,-1.,0.));
#7746=DIRECTION('center_axis',(-1.83690953073357E-16,-1.,0.));
#7747=DIRECTION('ref_axis',(-0.992546151641327,1.82321748564288E-16,-0.121869343405106));
#7748=DIRECTION('center_axis',(-1.83690953073357E-16,-1.,0.));
#7749=DIRECTION('ref_axis',(-0.992546151641327,1.82321748564288E-16,-0.121869343405106));
#7750=DIRECTION('center_axis',(-1.83690953073357E-16,-1.,0.));
#7751=DIRECTION('ref_axis',(-0.992546151641327,1.82321748564288E-16,-0.121869343405106));
#7752=DIRECTION('',(-1.83690953073357E-16,-1.,0.));
#7753=DIRECTION('center_axis',(-0.992546151641325,1.82321748564287E-16,
-0.121869343405125));
#7754=DIRECTION('ref_axis',(0.121869343405125,-2.23862958405116E-17,-0.992546151641325));
#7755=DIRECTION('',(0.121869343405125,-2.23862958405116E-17,-0.992546151641325));
#7756=DIRECTION('',(0.121869343405125,-2.23862958405116E-17,-0.992546151641325));
#7757=DIRECTION('',(-1.83690953073357E-16,-1.,0.));
#7758=DIRECTION('center_axis',(-1.83690953073357E-16,-1.,0.));
#7759=DIRECTION('ref_axis',(2.66453525910082E-14,-4.89451021241793E-30,
1.));
#7760=DIRECTION('center_axis',(1.83690953073357E-16,1.,0.));
#7761=DIRECTION('ref_axis',(2.66453525910082E-14,-4.89451021241793E-30,
1.));
#7762=DIRECTION('center_axis',(1.83690953073357E-16,1.,0.));
#7763=DIRECTION('ref_axis',(2.66453525910082E-14,-4.89451021241793E-30,
1.));
#7764=DIRECTION('',(-1.83690953073357E-16,-1.,0.));
#7765=DIRECTION('center_axis',(0.,0.,-1.));
#7766=DIRECTION('ref_axis',(1.,-1.83690953073357E-16,0.));
#7767=DIRECTION('',(-1.,0.,0.));
#7768=DIRECTION('',(-1.,0.,0.));
#7769=DIRECTION('center_axis',(0.,0.,1.));
#7770=DIRECTION('ref_axis',(-1.,1.83690953073357E-16,0.));
#7771=DIRECTION('',(-1.,1.83690953073357E-16,0.));
#7772=DIRECTION('',(-1.,1.83690953073357E-16,0.));
#7773=DIRECTION('',(-1.83690953073357E-16,-1.,0.));
#7774=DIRECTION('center_axis',(-1.83690953073357E-16,-1.,0.));
#7775=DIRECTION('ref_axis',(0.992546151641328,-1.82321748564288E-16,0.121869343405099));
#7776=DIRECTION('center_axis',(-1.83690953073357E-16,-1.,0.));
#7777=DIRECTION('ref_axis',(0.992546151641328,-1.82321748564288E-16,0.121869343405099));
#7778=DIRECTION('center_axis',(-1.83690953073357E-16,-1.,0.));
#7779=DIRECTION('ref_axis',(0.992546151641328,-1.82321748564288E-16,0.121869343405099));
#7780=DIRECTION('',(-1.83690953073357E-16,-1.,0.));
#7781=DIRECTION('center_axis',(0.992546151641324,-1.82321748564287E-16,
0.12186934340513));
#7782=DIRECTION('ref_axis',(-0.12186934340513,2.23862958405125E-17,0.992546151641324));
#7783=DIRECTION('',(-0.12186934340513,2.23862958405125E-17,0.992546151641324));
#7784=DIRECTION('',(-0.12186934340513,2.23862958405125E-17,0.992546151641324));
#7785=DIRECTION('',(-1.83690953073357E-16,-1.,0.));
#7786=DIRECTION('center_axis',(-1.83690953073357E-16,-1.,0.));
#7787=DIRECTION('ref_axis',(-0.0872945578584501,1.6035220531136E-17,-0.996182543597456));
#7788=DIRECTION('center_axis',(1.83690953073357E-16,1.,0.));
#7789=DIRECTION('ref_axis',(-0.0872945578584501,1.6035220531136E-17,-0.996182543597456));
#7790=DIRECTION('center_axis',(1.83690953073357E-16,1.,0.));
#7791=DIRECTION('ref_axis',(-0.0872945578584501,1.6035220531136E-17,-0.996182543597456));
#7792=DIRECTION('',(-1.83690953073357E-16,-1.,0.));
#7793=DIRECTION('center_axis',(0.0872945578583242,-1.60352205311128E-17,
0.996182543597467));
#7794=DIRECTION('ref_axis',(-0.996182543597467,1.82989720868459E-16,0.0872945578583242));
#7795=DIRECTION('',(-0.996182543597467,1.82989720868459E-16,0.0872945578583242));
#7796=DIRECTION('',(-0.996182543597467,1.82989720868459E-16,0.0872945578583242));
#7797=DIRECTION('',(-1.83690953073357E-16,-1.,0.));
#7798=DIRECTION('center_axis',(0.996182543597451,-1.82989720868456E-16,
-0.0872945578585127));
#7799=DIRECTION('ref_axis',(0.0872945578585127,-1.60352205311475E-17,0.996182543597451));
#7800=DIRECTION('',(0.0872945578585127,-1.60352205311475E-17,0.996182543597451));
#7801=DIRECTION('',(0.0872945578585127,-1.60352205311475E-17,0.996182543597451));
#7802=DIRECTION('center_axis',(-1.83690953073357E-16,-1.,0.));
#7803=DIRECTION('ref_axis',(0.,0.,-1.));
#7804=DIRECTION('center_axis',(-1.83690953073357E-16,-1.,0.));
#7805=DIRECTION('ref_axis',(0.,0.,-1.));
#7806=DIRECTION('center_axis',(1.,0.,0.));
#7807=DIRECTION('ref_axis',(0.,0.,-1.));
#7808=DIRECTION('',(0.,0.,-1.));
#7809=DIRECTION('',(0.,1.,0.));
#7810=DIRECTION('',(0.,0.,1.));
#7811=DIRECTION('',(0.,-1.,0.));
#7812=DIRECTION('center_axis',(-0.0872945578583242,1.60352205311128E-17,
0.996182543597467));
#7813=DIRECTION('ref_axis',(-0.996182543597467,1.82989720868459E-16,-0.0872945578583242));
#7814=DIRECTION('',(0.996182543597467,-1.82989720868459E-16,0.0872945578583242));
#7815=DIRECTION('',(-1.83690953073357E-16,-1.,0.));
#7816=DIRECTION('',(-0.996182543597467,1.82989720868459E-16,-0.0872945578583242));
#7817=DIRECTION('',(-1.83690953073357E-16,-1.,0.));
#7818=DIRECTION('center_axis',(-1.83690953073357E-16,-1.,0.));
#7819=DIRECTION('ref_axis',(0.0872945578584501,-1.6035220531136E-17,-0.996182543597456));
#7820=DIRECTION('center_axis',(-1.83690953073357E-16,-1.,0.));
#7821=DIRECTION('ref_axis',(0.0872945578584501,-1.6035220531136E-17,-0.996182543597456));
#7822=DIRECTION('center_axis',(1.83690953073357E-16,1.,0.));
#7823=DIRECTION('ref_axis',(0.0872945578584501,-1.6035220531136E-17,-0.996182543597456));
#7824=DIRECTION('',(-1.83690953073357E-16,-1.,0.));
#7825=DIRECTION('center_axis',(-0.992546151641324,1.82321748564287E-16,
0.12186934340513));
#7826=DIRECTION('ref_axis',(-0.12186934340513,2.23862958405125E-17,-0.992546151641324));
#7827=DIRECTION('',(0.12186934340513,-2.23862958405125E-17,0.992546151641324));
#7828=DIRECTION('',(-0.12186934340513,2.23862958405125E-17,-0.992546151641324));
#7829=DIRECTION('',(-1.83690953073357E-16,-1.,0.));
#7830=DIRECTION('center_axis',(-1.83690953073357E-16,-1.,0.));
#7831=DIRECTION('ref_axis',(-0.992546151641328,1.82321748564288E-16,0.1218693434051));
#7832=DIRECTION('center_axis',(1.83690953073357E-16,1.,0.));
#7833=DIRECTION('ref_axis',(-0.992546151641328,1.82321748564288E-16,0.1218693434051));
#7834=DIRECTION('center_axis',(-1.83690953073357E-16,-1.,0.));
#7835=DIRECTION('ref_axis',(-0.992546151641328,1.82321748564288E-16,0.1218693434051));
#7836=DIRECTION('',(-1.83690953073357E-16,-1.,0.));
#7837=DIRECTION('center_axis',(0.,0.,1.));
#7838=DIRECTION('ref_axis',(-1.,1.83690953073357E-16,0.));
#7839=DIRECTION('',(1.,-1.83690953073357E-16,0.));
#7840=DIRECTION('',(1.,0.,0.));
#7841=DIRECTION('center_axis',(0.,0.,-1.));
#7842=DIRECTION('ref_axis',(1.,-1.83690953073357E-16,0.));
#7843=DIRECTION('',(-1.,1.83690953073357E-16,0.));
#7844=DIRECTION('',(1.,-1.83690953073357E-16,0.));
#7845=DIRECTION('',(-1.83690953073357E-16,-1.,0.));
#7846=DIRECTION('center_axis',(-1.83690953073357E-16,-1.,0.));
#7847=DIRECTION('ref_axis',(-2.66453525910082E-14,4.89451021241793E-30,
1.));
#7848=DIRECTION('center_axis',(-1.83690953073357E-16,-1.,0.));
#7849=DIRECTION('ref_axis',(-2.66453525910082E-14,4.89451021241793E-30,
1.));
#7850=DIRECTION('center_axis',(1.83690953073357E-16,1.,0.));
#7851=DIRECTION('ref_axis',(-2.66453525910082E-14,4.89451021241793E-30,
1.));
#7852=DIRECTION('',(-1.83690953073357E-16,-1.,0.));
#7853=DIRECTION('center_axis',(0.992546151641325,-1.82321748564287E-16,
-0.121869343405125));
#7854=DIRECTION('ref_axis',(0.121869343405125,-2.23862958405116E-17,0.992546151641325));
#7855=DIRECTION('',(-0.121869343405125,2.23862958405116E-17,-0.992546151641325));
#7856=DIRECTION('',(0.121869343405125,-2.23862958405116E-17,0.992546151641325));
#7857=DIRECTION('',(-1.83690953073357E-16,-1.,0.));
#7858=DIRECTION('center_axis',(-1.83690953073357E-16,-1.,0.));
#7859=DIRECTION('ref_axis',(0.992546151641327,-1.82321748564288E-16,-0.121869343405106));
#7860=DIRECTION('center_axis',(1.83690953073357E-16,1.,0.));
#7861=DIRECTION('ref_axis',(0.992546151641327,-1.82321748564288E-16,-0.121869343405106));
#7862=DIRECTION('center_axis',(-1.83690953073357E-16,-1.,0.));
#7863=DIRECTION('ref_axis',(0.992546151641327,-1.82321748564288E-16,-0.121869343405106));
#7864=DIRECTION('',(-1.83690953073357E-16,-1.,0.));
#7865=DIRECTION('center_axis',(0.0872945578582687,-1.60352205311027E-17,
-0.996182543597472));
#7866=DIRECTION('ref_axis',(0.996182543597472,-1.8298972086846E-16,0.0872945578582687));
#7867=DIRECTION('',(-0.996182543597472,1.8298972086846E-16,-0.0872945578582687));
#7868=DIRECTION('',(0.996182543597472,-1.8298972086846E-16,0.0872945578582687));
#7869=DIRECTION('',(-1.83690953073357E-16,-1.,0.));
#7870=DIRECTION('center_axis',(-0.996182543597451,1.82989720868456E-16,
-0.0872945578585127));
#7871=DIRECTION('ref_axis',(0.0872945578585127,-1.60352205311475E-17,-0.996182543597451));
#7872=DIRECTION('',(-0.0872945578585127,1.60352205311475E-17,0.996182543597451));
#7873=DIRECTION('',(0.0872945578585127,-1.60352205311475E-17,-0.996182543597451));
#7874=DIRECTION('center_axis',(-1.83690953073357E-16,-1.,0.));
#7875=DIRECTION('ref_axis',(0.,0.,-1.));
#7876=DIRECTION('center_axis',(-1.83690953073357E-16,-1.,0.));
#7877=DIRECTION('ref_axis',(0.,0.,-1.));
#7878=DIRECTION('center_axis',(-1.,0.,0.));
#7879=DIRECTION('ref_axis',(0.,0.,1.));
#7880=DIRECTION('',(0.,1.,0.));
#7881=DIRECTION('',(0.,0.,-1.));
#7882=DIRECTION('',(0.,-1.,0.));
#7883=DIRECTION('',(0.,0.,1.));
#7884=DIRECTION('center_axis',(-0.0872945578582687,1.60352205311027E-17,
-0.996182543597472));
#7885=DIRECTION('ref_axis',(0.996182543597472,-1.8298972086846E-16,-0.0872945578582687));
#7886=DIRECTION('',(0.996182543597472,-1.8298972086846E-16,-0.0872945578582687));
#7887=DIRECTION('',(-1.83690953073357E-16,-1.,0.));
#7888=DIRECTION('',(0.996182543597472,-1.8298972086846E-16,-0.0872945578582687));
#7889=DIRECTION('',(-1.83690953073357E-16,-1.,0.));
#7890=DIRECTION('center_axis',(-1.83690953073357E-16,-1.,0.));
#7891=DIRECTION('ref_axis',(-0.992546151641327,1.82321748564288E-16,-0.121869343405106));
#7892=DIRECTION('center_axis',(-1.83690953073357E-16,-1.,0.));
#7893=DIRECTION('ref_axis',(-0.992546151641327,1.82321748564288E-16,-0.121869343405106));
#7894=DIRECTION('center_axis',(-1.83690953073357E-16,-1.,0.));
#7895=DIRECTION('ref_axis',(-0.992546151641327,1.82321748564288E-16,-0.121869343405106));
#7896=DIRECTION('',(-1.83690953073357E-16,-1.,0.));
#7897=DIRECTION('center_axis',(-0.992546151641325,1.82321748564287E-16,
-0.121869343405125));
#7898=DIRECTION('ref_axis',(0.121869343405125,-2.23862958405116E-17,-0.992546151641325));
#7899=DIRECTION('',(0.121869343405125,-2.23862958405116E-17,-0.992546151641325));
#7900=DIRECTION('',(0.121869343405125,-2.23862958405116E-17,-0.992546151641325));
#7901=DIRECTION('',(-1.83690953073357E-16,-1.,0.));
#7902=DIRECTION('center_axis',(-1.83690953073357E-16,-1.,0.));
#7903=DIRECTION('ref_axis',(2.66453525910082E-14,-4.89451021241793E-30,
1.));
#7904=DIRECTION('center_axis',(1.83690953073357E-16,1.,0.));
#7905=DIRECTION('ref_axis',(2.66453525910082E-14,-4.89451021241793E-30,
1.));
#7906=DIRECTION('center_axis',(1.83690953073357E-16,1.,0.));
#7907=DIRECTION('ref_axis',(2.66453525910082E-14,-4.89451021241793E-30,
1.));
#7908=DIRECTION('',(-1.83690953073357E-16,-1.,0.));
#7909=DIRECTION('center_axis',(0.,0.,-1.));
#7910=DIRECTION('ref_axis',(1.,-1.83690953073357E-16,0.));
#7911=DIRECTION('',(-1.,0.,0.));
#7912=DIRECTION('',(-1.,0.,0.));
#7913=DIRECTION('center_axis',(0.,0.,1.));
#7914=DIRECTION('ref_axis',(-1.,1.83690953073357E-16,0.));
#7915=DIRECTION('',(-1.,1.83690953073357E-16,0.));
#7916=DIRECTION('',(-1.,1.83690953073357E-16,0.));
#7917=DIRECTION('',(-1.83690953073357E-16,-1.,0.));
#7918=DIRECTION('center_axis',(-1.83690953073357E-16,-1.,0.));
#7919=DIRECTION('ref_axis',(0.992546151641328,-1.82321748564288E-16,0.121869343405099));
#7920=DIRECTION('center_axis',(-1.83690953073357E-16,-1.,0.));
#7921=DIRECTION('ref_axis',(0.992546151641328,-1.82321748564288E-16,0.121869343405099));
#7922=DIRECTION('center_axis',(-1.83690953073357E-16,-1.,0.));
#7923=DIRECTION('ref_axis',(0.992546151641328,-1.82321748564288E-16,0.121869343405099));
#7924=DIRECTION('',(-1.83690953073357E-16,-1.,0.));
#7925=DIRECTION('center_axis',(0.992546151641324,-1.82321748564287E-16,
0.12186934340513));
#7926=DIRECTION('ref_axis',(-0.12186934340513,2.23862958405125E-17,0.992546151641324));
#7927=DIRECTION('',(-0.12186934340513,2.23862958405125E-17,0.992546151641324));
#7928=DIRECTION('',(-0.12186934340513,2.23862958405125E-17,0.992546151641324));
#7929=DIRECTION('',(-1.83690953073357E-16,-1.,0.));
#7930=DIRECTION('center_axis',(-1.83690953073357E-16,-1.,0.));
#7931=DIRECTION('ref_axis',(-0.0872945578584501,1.6035220531136E-17,-0.996182543597456));
#7932=DIRECTION('center_axis',(1.83690953073357E-16,1.,0.));
#7933=DIRECTION('ref_axis',(-0.0872945578584501,1.6035220531136E-17,-0.996182543597456));
#7934=DIRECTION('center_axis',(1.83690953073357E-16,1.,0.));
#7935=DIRECTION('ref_axis',(-0.0872945578584501,1.6035220531136E-17,-0.996182543597456));
#7936=DIRECTION('',(-1.83690953073357E-16,-1.,0.));
#7937=DIRECTION('center_axis',(0.0872945578583242,-1.60352205311128E-17,
0.996182543597467));
#7938=DIRECTION('ref_axis',(-0.996182543597467,1.82989720868459E-16,0.0872945578583242));
#7939=DIRECTION('',(-0.996182543597467,1.82989720868459E-16,0.0872945578583242));
#7940=DIRECTION('',(-0.996182543597467,1.82989720868459E-16,0.0872945578583242));
#7941=DIRECTION('',(-1.83690953073357E-16,-1.,0.));
#7942=DIRECTION('center_axis',(0.996182543597451,-1.82989720868456E-16,
-0.0872945578585127));
#7943=DIRECTION('ref_axis',(0.0872945578585127,-1.60352205311475E-17,0.996182543597451));
#7944=DIRECTION('',(0.0872945578585127,-1.60352205311475E-17,0.996182543597451));
#7945=DIRECTION('',(0.0872945578585127,-1.60352205311475E-17,0.996182543597451));
#7946=DIRECTION('center_axis',(-1.83690953073357E-16,-1.,0.));
#7947=DIRECTION('ref_axis',(0.,0.,-1.));
#7948=DIRECTION('center_axis',(-1.83690953073357E-16,-1.,0.));
#7949=DIRECTION('ref_axis',(0.,0.,-1.));
#7950=DIRECTION('center_axis',(1.,0.,0.));
#7951=DIRECTION('ref_axis',(0.,0.,-1.));
#7952=DIRECTION('',(0.,-1.,0.));
#7953=DIRECTION('',(0.,0.,-1.));
#7954=DIRECTION('',(0.,1.,0.));
#7955=DIRECTION('',(0.,0.,1.));
#7956=DIRECTION('center_axis',(-0.0872945578583242,1.60352205311128E-17,
0.996182543597467));
#7957=DIRECTION('ref_axis',(-0.996182543597467,1.82989720868459E-16,-0.0872945578583242));
#7958=DIRECTION('',(0.996182543597467,-1.82989720868459E-16,0.0872945578583242));
#7959=DIRECTION('',(-1.83690953073357E-16,-1.,0.));
#7960=DIRECTION('',(-0.996182543597467,1.82989720868459E-16,-0.0872945578583242));
#7961=DIRECTION('',(-1.83690953073357E-16,-1.,0.));
#7962=DIRECTION('center_axis',(-1.83690953073357E-16,-1.,0.));
#7963=DIRECTION('ref_axis',(0.0872945578584501,-1.6035220531136E-17,-0.996182543597456));
#7964=DIRECTION('center_axis',(-1.83690953073357E-16,-1.,0.));
#7965=DIRECTION('ref_axis',(0.0872945578584501,-1.6035220531136E-17,-0.996182543597456));
#7966=DIRECTION('center_axis',(1.83690953073357E-16,1.,0.));
#7967=DIRECTION('ref_axis',(0.0872945578584501,-1.6035220531136E-17,-0.996182543597456));
#7968=DIRECTION('',(-1.83690953073357E-16,-1.,0.));
#7969=DIRECTION('center_axis',(-0.992546151641324,1.82321748564287E-16,
0.12186934340513));
#7970=DIRECTION('ref_axis',(-0.12186934340513,2.23862958405125E-17,-0.992546151641324));
#7971=DIRECTION('',(0.12186934340513,-2.23862958405125E-17,0.992546151641324));
#7972=DIRECTION('',(-0.12186934340513,2.23862958405125E-17,-0.992546151641324));
#7973=DIRECTION('',(-1.83690953073357E-16,-1.,0.));
#7974=DIRECTION('center_axis',(-1.83690953073357E-16,-1.,0.));
#7975=DIRECTION('ref_axis',(-0.992546151641328,1.82321748564288E-16,0.1218693434051));
#7976=DIRECTION('center_axis',(1.83690953073357E-16,1.,0.));
#7977=DIRECTION('ref_axis',(-0.992546151641328,1.82321748564288E-16,0.1218693434051));
#7978=DIRECTION('center_axis',(-1.83690953073357E-16,-1.,0.));
#7979=DIRECTION('ref_axis',(-0.992546151641328,1.82321748564288E-16,0.1218693434051));
#7980=DIRECTION('',(-1.83690953073357E-16,-1.,0.));
#7981=DIRECTION('center_axis',(0.,0.,1.));
#7982=DIRECTION('ref_axis',(-1.,1.83690953073357E-16,0.));
#7983=DIRECTION('',(1.,-1.83690953073357E-16,0.));
#7984=DIRECTION('',(1.,0.,0.));
#7985=DIRECTION('center_axis',(0.,0.,-1.));
#7986=DIRECTION('ref_axis',(1.,-1.83690953073357E-16,0.));
#7987=DIRECTION('',(-1.,1.83690953073357E-16,0.));
#7988=DIRECTION('',(1.,-1.83690953073357E-16,0.));
#7989=DIRECTION('',(-1.83690953073357E-16,-1.,0.));
#7990=DIRECTION('center_axis',(-1.83690953073357E-16,-1.,0.));
#7991=DIRECTION('ref_axis',(-2.66453525910082E-14,4.89451021241793E-30,
1.));
#7992=DIRECTION('center_axis',(-1.83690953073357E-16,-1.,0.));
#7993=DIRECTION('ref_axis',(-2.66453525910082E-14,4.89451021241793E-30,
1.));
#7994=DIRECTION('center_axis',(1.83690953073357E-16,1.,0.));
#7995=DIRECTION('ref_axis',(-2.66453525910082E-14,4.89451021241793E-30,
1.));
#7996=DIRECTION('',(-1.83690953073357E-16,-1.,0.));
#7997=DIRECTION('center_axis',(0.992546151641325,-1.82321748564287E-16,
-0.121869343405125));
#7998=DIRECTION('ref_axis',(0.121869343405125,-2.23862958405116E-17,0.992546151641325));
#7999=DIRECTION('',(-0.121869343405125,2.23862958405116E-17,-0.992546151641325));
#8000=DIRECTION('',(0.121869343405125,-2.23862958405116E-17,0.992546151641325));
#8001=DIRECTION('',(-1.83690953073357E-16,-1.,0.));
#8002=DIRECTION('center_axis',(-1.83690953073357E-16,-1.,0.));
#8003=DIRECTION('ref_axis',(0.992546151641327,-1.82321748564288E-16,-0.121869343405106));
#8004=DIRECTION('center_axis',(1.83690953073357E-16,1.,0.));
#8005=DIRECTION('ref_axis',(0.992546151641327,-1.82321748564288E-16,-0.121869343405106));
#8006=DIRECTION('center_axis',(-1.83690953073357E-16,-1.,0.));
#8007=DIRECTION('ref_axis',(0.992546151641327,-1.82321748564288E-16,-0.121869343405106));
#8008=DIRECTION('',(-1.83690953073357E-16,-1.,0.));
#8009=DIRECTION('center_axis',(0.0872945578582687,-1.60352205311027E-17,
-0.996182543597472));
#8010=DIRECTION('ref_axis',(0.996182543597472,-1.8298972086846E-16,0.0872945578582687));
#8011=DIRECTION('',(-0.996182543597472,1.8298972086846E-16,-0.0872945578582687));
#8012=DIRECTION('',(0.996182543597472,-1.8298972086846E-16,0.0872945578582687));
#8013=DIRECTION('',(-1.83690953073357E-16,-1.,0.));
#8014=DIRECTION('center_axis',(-0.996182543597451,1.82989720868456E-16,
-0.0872945578585127));
#8015=DIRECTION('ref_axis',(0.0872945578585127,-1.60352205311475E-17,-0.996182543597451));
#8016=DIRECTION('',(-0.0872945578585127,1.60352205311475E-17,0.996182543597451));
#8017=DIRECTION('',(0.0872945578585127,-1.60352205311475E-17,-0.996182543597451));
#8018=DIRECTION('center_axis',(-1.83690953073357E-16,-1.,0.));
#8019=DIRECTION('ref_axis',(0.,0.,-1.));
#8020=DIRECTION('center_axis',(-1.83690953073357E-16,-1.,0.));
#8021=DIRECTION('ref_axis',(0.,0.,-1.));
#8022=DIRECTION('center_axis',(-1.,0.,0.));
#8023=DIRECTION('ref_axis',(0.,0.,1.));
#8024=DIRECTION('',(0.,1.,0.));
#8025=DIRECTION('',(0.,0.,-1.));
#8026=DIRECTION('',(0.,-1.,0.));
#8027=DIRECTION('',(0.,0.,1.));
#8028=DIRECTION('center_axis',(-0.0872945578582687,1.60352205311027E-17,
-0.996182543597472));
#8029=DIRECTION('ref_axis',(0.996182543597472,-1.8298972086846E-16,-0.0872945578582687));
#8030=DIRECTION('',(0.996182543597472,-1.8298972086846E-16,-0.0872945578582687));
#8031=DIRECTION('',(-1.83690953073357E-16,-1.,0.));
#8032=DIRECTION('',(0.996182543597472,-1.8298972086846E-16,-0.0872945578582687));
#8033=DIRECTION('',(-1.83690953073357E-16,-1.,0.));
#8034=DIRECTION('center_axis',(-1.83690953073357E-16,-1.,0.));
#8035=DIRECTION('ref_axis',(-0.992546151641327,1.82321748564288E-16,-0.121869343405106));
#8036=DIRECTION('center_axis',(-1.83690953073357E-16,-1.,0.));
#8037=DIRECTION('ref_axis',(-0.992546151641327,1.82321748564288E-16,-0.121869343405106));
#8038=DIRECTION('center_axis',(-1.83690953073357E-16,-1.,0.));
#8039=DIRECTION('ref_axis',(-0.992546151641327,1.82321748564288E-16,-0.121869343405106));
#8040=DIRECTION('',(-1.83690953073357E-16,-1.,0.));
#8041=DIRECTION('center_axis',(-0.992546151641325,1.82321748564287E-16,
-0.121869343405125));
#8042=DIRECTION('ref_axis',(0.121869343405125,-2.23862958405116E-17,-0.992546151641325));
#8043=DIRECTION('',(0.121869343405125,-2.23862958405116E-17,-0.992546151641325));
#8044=DIRECTION('',(0.121869343405125,-2.23862958405116E-17,-0.992546151641325));
#8045=DIRECTION('',(-1.83690953073357E-16,-1.,0.));
#8046=DIRECTION('center_axis',(-1.83690953073357E-16,-1.,0.));
#8047=DIRECTION('ref_axis',(2.66453525910082E-14,-4.89451021241793E-30,
1.));
#8048=DIRECTION('center_axis',(1.83690953073357E-16,1.,0.));
#8049=DIRECTION('ref_axis',(2.66453525910082E-14,-4.89451021241793E-30,
1.));
#8050=DIRECTION('center_axis',(1.83690953073357E-16,1.,0.));
#8051=DIRECTION('ref_axis',(2.66453525910082E-14,-4.89451021241793E-30,
1.));
#8052=DIRECTION('',(-1.83690953073357E-16,-1.,0.));
#8053=DIRECTION('center_axis',(0.,0.,-1.));
#8054=DIRECTION('ref_axis',(1.,-1.83690953073357E-16,0.));
#8055=DIRECTION('',(-1.,0.,0.));
#8056=DIRECTION('',(-1.,0.,0.));
#8057=DIRECTION('center_axis',(0.,0.,1.));
#8058=DIRECTION('ref_axis',(-1.,1.83690953073357E-16,0.));
#8059=DIRECTION('',(-1.,1.83690953073357E-16,0.));
#8060=DIRECTION('',(-1.,1.83690953073357E-16,0.));
#8061=DIRECTION('',(-1.83690953073357E-16,-1.,0.));
#8062=DIRECTION('center_axis',(-1.83690953073357E-16,-1.,0.));
#8063=DIRECTION('ref_axis',(0.992546151641328,-1.82321748564288E-16,0.121869343405099));
#8064=DIRECTION('center_axis',(-1.83690953073357E-16,-1.,0.));
#8065=DIRECTION('ref_axis',(0.992546151641328,-1.82321748564288E-16,0.121869343405099));
#8066=DIRECTION('center_axis',(-1.83690953073357E-16,-1.,0.));
#8067=DIRECTION('ref_axis',(0.992546151641328,-1.82321748564288E-16,0.121869343405099));
#8068=DIRECTION('',(-1.83690953073357E-16,-1.,0.));
#8069=DIRECTION('center_axis',(0.992546151641324,-1.82321748564287E-16,
0.12186934340513));
#8070=DIRECTION('ref_axis',(-0.12186934340513,2.23862958405125E-17,0.992546151641324));
#8071=DIRECTION('',(-0.12186934340513,2.23862958405125E-17,0.992546151641324));
#8072=DIRECTION('',(-0.12186934340513,2.23862958405125E-17,0.992546151641324));
#8073=DIRECTION('',(-1.83690953073357E-16,-1.,0.));
#8074=DIRECTION('center_axis',(-1.83690953073357E-16,-1.,0.));
#8075=DIRECTION('ref_axis',(-0.0872945578584501,1.6035220531136E-17,-0.996182543597456));
#8076=DIRECTION('center_axis',(1.83690953073357E-16,1.,0.));
#8077=DIRECTION('ref_axis',(-0.0872945578584501,1.6035220531136E-17,-0.996182543597456));
#8078=DIRECTION('center_axis',(1.83690953073357E-16,1.,0.));
#8079=DIRECTION('ref_axis',(-0.0872945578584501,1.6035220531136E-17,-0.996182543597456));
#8080=DIRECTION('',(-1.83690953073357E-16,-1.,0.));
#8081=DIRECTION('center_axis',(0.0872945578583242,-1.60352205311128E-17,
0.996182543597467));
#8082=DIRECTION('ref_axis',(-0.996182543597467,1.82989720868459E-16,0.0872945578583242));
#8083=DIRECTION('',(-0.996182543597467,1.82989720868459E-16,0.0872945578583242));
#8084=DIRECTION('',(-0.996182543597467,1.82989720868459E-16,0.0872945578583242));
#8085=DIRECTION('',(-1.83690953073357E-16,-1.,0.));
#8086=DIRECTION('center_axis',(0.996182543597451,-1.82989720868456E-16,
-0.0872945578585127));
#8087=DIRECTION('ref_axis',(0.0872945578585127,-1.60352205311475E-17,0.996182543597451));
#8088=DIRECTION('',(0.0872945578585127,-1.60352205311475E-17,0.996182543597451));
#8089=DIRECTION('',(0.0872945578585127,-1.60352205311475E-17,0.996182543597451));
#8090=DIRECTION('center_axis',(-1.83690953073357E-16,-1.,0.));
#8091=DIRECTION('ref_axis',(0.,0.,-1.));
#8092=DIRECTION('center_axis',(-1.83690953073357E-16,-1.,0.));
#8093=DIRECTION('ref_axis',(0.,0.,-1.));
#8094=DIRECTION('center_axis',(1.,0.,0.));
#8095=DIRECTION('ref_axis',(0.,0.,-1.));
#8096=DIRECTION('',(0.,-1.,0.));
#8097=DIRECTION('',(0.,0.,-1.));
#8098=DIRECTION('',(0.,1.,0.));
#8099=DIRECTION('',(0.,0.,1.));
#8100=DIRECTION('center_axis',(-0.0872945578583242,1.60352205311128E-17,
0.996182543597467));
#8101=DIRECTION('ref_axis',(-0.996182543597467,1.82989720868459E-16,-0.0872945578583242));
#8102=DIRECTION('',(0.996182543597467,-1.82989720868459E-16,0.0872945578583242));
#8103=DIRECTION('',(-1.83690953073357E-16,-1.,0.));
#8104=DIRECTION('',(-0.996182543597467,1.82989720868459E-16,-0.0872945578583242));
#8105=DIRECTION('',(-1.83690953073357E-16,-1.,0.));
#8106=DIRECTION('center_axis',(-1.83690953073357E-16,-1.,0.));
#8107=DIRECTION('ref_axis',(0.0872945578584501,-1.6035220531136E-17,-0.996182543597456));
#8108=DIRECTION('center_axis',(-1.83690953073357E-16,-1.,0.));
#8109=DIRECTION('ref_axis',(0.0872945578584501,-1.6035220531136E-17,-0.996182543597456));
#8110=DIRECTION('center_axis',(1.83690953073357E-16,1.,0.));
#8111=DIRECTION('ref_axis',(0.0872945578584501,-1.6035220531136E-17,-0.996182543597456));
#8112=DIRECTION('',(-1.83690953073357E-16,-1.,0.));
#8113=DIRECTION('center_axis',(-0.992546151641324,1.82321748564287E-16,
0.12186934340513));
#8114=DIRECTION('ref_axis',(-0.12186934340513,2.23862958405125E-17,-0.992546151641324));
#8115=DIRECTION('',(0.12186934340513,-2.23862958405125E-17,0.992546151641324));
#8116=DIRECTION('',(-0.12186934340513,2.23862958405125E-17,-0.992546151641324));
#8117=DIRECTION('',(-1.83690953073357E-16,-1.,0.));
#8118=DIRECTION('center_axis',(-1.83690953073357E-16,-1.,0.));
#8119=DIRECTION('ref_axis',(-0.992546151641328,1.82321748564288E-16,0.1218693434051));
#8120=DIRECTION('center_axis',(1.83690953073357E-16,1.,0.));
#8121=DIRECTION('ref_axis',(-0.992546151641328,1.82321748564288E-16,0.1218693434051));
#8122=DIRECTION('center_axis',(-1.83690953073357E-16,-1.,0.));
#8123=DIRECTION('ref_axis',(-0.992546151641328,1.82321748564288E-16,0.1218693434051));
#8124=DIRECTION('',(-1.83690953073357E-16,-1.,0.));
#8125=DIRECTION('center_axis',(0.,0.,1.));
#8126=DIRECTION('ref_axis',(-1.,1.83690953073357E-16,0.));
#8127=DIRECTION('',(1.,-1.83690953073357E-16,0.));
#8128=DIRECTION('',(1.,0.,0.));
#8129=DIRECTION('center_axis',(0.,0.,-1.));
#8130=DIRECTION('ref_axis',(1.,-1.83690953073357E-16,0.));
#8131=DIRECTION('',(-1.,1.83690953073357E-16,0.));
#8132=DIRECTION('',(1.,-1.83690953073357E-16,0.));
#8133=DIRECTION('',(-1.83690953073357E-16,-1.,0.));
#8134=DIRECTION('center_axis',(-1.83690953073357E-16,-1.,0.));
#8135=DIRECTION('ref_axis',(-2.66453525910082E-14,4.89451021241793E-30,
1.));
#8136=DIRECTION('center_axis',(-1.83690953073357E-16,-1.,0.));
#8137=DIRECTION('ref_axis',(-2.66453525910082E-14,4.89451021241793E-30,
1.));
#8138=DIRECTION('center_axis',(1.83690953073357E-16,1.,0.));
#8139=DIRECTION('ref_axis',(-2.66453525910082E-14,4.89451021241793E-30,
1.));
#8140=DIRECTION('',(-1.83690953073357E-16,-1.,0.));
#8141=DIRECTION('center_axis',(0.992546151641325,-1.82321748564287E-16,
-0.121869343405125));
#8142=DIRECTION('ref_axis',(0.121869343405125,-2.23862958405116E-17,0.992546151641325));
#8143=DIRECTION('',(-0.121869343405125,2.23862958405116E-17,-0.992546151641325));
#8144=DIRECTION('',(0.121869343405125,-2.23862958405116E-17,0.992546151641325));
#8145=DIRECTION('',(-1.83690953073357E-16,-1.,0.));
#8146=DIRECTION('center_axis',(-1.83690953073357E-16,-1.,0.));
#8147=DIRECTION('ref_axis',(0.992546151641327,-1.82321748564288E-16,-0.121869343405106));
#8148=DIRECTION('center_axis',(1.83690953073357E-16,1.,0.));
#8149=DIRECTION('ref_axis',(0.992546151641327,-1.82321748564288E-16,-0.121869343405106));
#8150=DIRECTION('center_axis',(-1.83690953073357E-16,-1.,0.));
#8151=DIRECTION('ref_axis',(0.992546151641327,-1.82321748564288E-16,-0.121869343405106));
#8152=DIRECTION('',(-1.83690953073357E-16,-1.,0.));
#8153=DIRECTION('center_axis',(0.0872945578582687,-1.60352205311027E-17,
-0.996182543597472));
#8154=DIRECTION('ref_axis',(0.996182543597472,-1.8298972086846E-16,0.0872945578582687));
#8155=DIRECTION('',(-0.996182543597472,1.8298972086846E-16,-0.0872945578582687));
#8156=DIRECTION('',(0.996182543597472,-1.8298972086846E-16,0.0872945578582687));
#8157=DIRECTION('',(-1.83690953073357E-16,-1.,0.));
#8158=DIRECTION('center_axis',(-0.996182543597451,1.82989720868456E-16,
-0.0872945578585127));
#8159=DIRECTION('ref_axis',(0.0872945578585127,-1.60352205311475E-17,-0.996182543597451));
#8160=DIRECTION('',(-0.0872945578585127,1.60352205311475E-17,0.996182543597451));
#8161=DIRECTION('',(0.0872945578585127,-1.60352205311475E-17,-0.996182543597451));
#8162=DIRECTION('center_axis',(-1.83690953073357E-16,-1.,0.));
#8163=DIRECTION('ref_axis',(0.,0.,-1.));
#8164=DIRECTION('center_axis',(-1.83690953073357E-16,-1.,0.));
#8165=DIRECTION('ref_axis',(0.,0.,-1.));
#8166=DIRECTION('center_axis',(-1.,0.,0.));
#8167=DIRECTION('ref_axis',(0.,0.,1.));
#8168=DIRECTION('',(0.,1.,0.));
#8169=DIRECTION('',(0.,0.,-1.));
#8170=DIRECTION('',(0.,-1.,0.));
#8171=DIRECTION('',(0.,0.,1.));
#8172=DIRECTION('center_axis',(-0.0872945578582687,1.60352205311027E-17,
-0.996182543597472));
#8173=DIRECTION('ref_axis',(0.996182543597472,-1.8298972086846E-16,-0.0872945578582687));
#8174=DIRECTION('',(0.996182543597472,-1.8298972086846E-16,-0.0872945578582687));
#8175=DIRECTION('',(-1.83690953073357E-16,-1.,0.));
#8176=DIRECTION('',(0.996182543597472,-1.8298972086846E-16,-0.0872945578582687));
#8177=DIRECTION('',(-1.83690953073357E-16,-1.,0.));
#8178=DIRECTION('center_axis',(-1.83690953073357E-16,-1.,0.));
#8179=DIRECTION('ref_axis',(-0.992546151641327,1.82321748564288E-16,-0.121869343405106));
#8180=DIRECTION('center_axis',(-1.83690953073357E-16,-1.,0.));
#8181=DIRECTION('ref_axis',(-0.992546151641327,1.82321748564288E-16,-0.121869343405106));
#8182=DIRECTION('center_axis',(-1.83690953073357E-16,-1.,0.));
#8183=DIRECTION('ref_axis',(-0.992546151641327,1.82321748564288E-16,-0.121869343405106));
#8184=DIRECTION('',(-1.83690953073357E-16,-1.,0.));
#8185=DIRECTION('center_axis',(-0.992546151641325,1.82321748564287E-16,
-0.121869343405125));
#8186=DIRECTION('ref_axis',(0.121869343405125,-2.23862958405116E-17,-0.992546151641325));
#8187=DIRECTION('',(0.121869343405125,-2.23862958405116E-17,-0.992546151641325));
#8188=DIRECTION('',(0.121869343405125,-2.23862958405116E-17,-0.992546151641325));
#8189=DIRECTION('',(-1.83690953073357E-16,-1.,0.));
#8190=DIRECTION('center_axis',(-1.83690953073357E-16,-1.,0.));
#8191=DIRECTION('ref_axis',(2.66453525910082E-14,-4.89451021241793E-30,
1.));
#8192=DIRECTION('center_axis',(1.83690953073357E-16,1.,0.));
#8193=DIRECTION('ref_axis',(2.66453525910082E-14,-4.89451021241793E-30,
1.));
#8194=DIRECTION('center_axis',(1.83690953073357E-16,1.,0.));
#8195=DIRECTION('ref_axis',(2.66453525910082E-14,-4.89451021241793E-30,
1.));
#8196=DIRECTION('',(-1.83690953073357E-16,-1.,0.));
#8197=DIRECTION('center_axis',(0.,0.,-1.));
#8198=DIRECTION('ref_axis',(1.,-1.83690953073357E-16,0.));
#8199=DIRECTION('',(-1.,0.,0.));
#8200=DIRECTION('',(-1.,0.,0.));
#8201=DIRECTION('center_axis',(0.,0.,1.));
#8202=DIRECTION('ref_axis',(-1.,1.83690953073357E-16,0.));
#8203=DIRECTION('',(-1.,1.83690953073357E-16,0.));
#8204=DIRECTION('',(-1.,1.83690953073357E-16,0.));
#8205=DIRECTION('',(-1.83690953073357E-16,-1.,0.));
#8206=DIRECTION('center_axis',(-1.83690953073357E-16,-1.,0.));
#8207=DIRECTION('ref_axis',(0.992546151641328,-1.82321748564288E-16,0.121869343405099));
#8208=DIRECTION('center_axis',(-1.83690953073357E-16,-1.,0.));
#8209=DIRECTION('ref_axis',(0.992546151641328,-1.82321748564288E-16,0.121869343405099));
#8210=DIRECTION('center_axis',(-1.83690953073357E-16,-1.,0.));
#8211=DIRECTION('ref_axis',(0.992546151641328,-1.82321748564288E-16,0.121869343405099));
#8212=DIRECTION('',(-1.83690953073357E-16,-1.,0.));
#8213=DIRECTION('center_axis',(0.992546151641324,-1.82321748564287E-16,
0.12186934340513));
#8214=DIRECTION('ref_axis',(-0.12186934340513,2.23862958405125E-17,0.992546151641324));
#8215=DIRECTION('',(-0.12186934340513,2.23862958405125E-17,0.992546151641324));
#8216=DIRECTION('',(-0.12186934340513,2.23862958405125E-17,0.992546151641324));
#8217=DIRECTION('',(-1.83690953073357E-16,-1.,0.));
#8218=DIRECTION('center_axis',(-1.83690953073357E-16,-1.,0.));
#8219=DIRECTION('ref_axis',(-0.0872945578584501,1.6035220531136E-17,-0.996182543597456));
#8220=DIRECTION('center_axis',(1.83690953073357E-16,1.,0.));
#8221=DIRECTION('ref_axis',(-0.0872945578584501,1.6035220531136E-17,-0.996182543597456));
#8222=DIRECTION('center_axis',(1.83690953073357E-16,1.,0.));
#8223=DIRECTION('ref_axis',(-0.0872945578584501,1.6035220531136E-17,-0.996182543597456));
#8224=DIRECTION('',(-1.83690953073357E-16,-1.,0.));
#8225=DIRECTION('center_axis',(0.0872945578583242,-1.60352205311128E-17,
0.996182543597467));
#8226=DIRECTION('ref_axis',(-0.996182543597467,1.82989720868459E-16,0.0872945578583242));
#8227=DIRECTION('',(-0.996182543597467,1.82989720868459E-16,0.0872945578583242));
#8228=DIRECTION('',(-0.996182543597467,1.82989720868459E-16,0.0872945578583242));
#8229=DIRECTION('',(-1.83690953073357E-16,-1.,0.));
#8230=DIRECTION('center_axis',(0.996182543597451,-1.82989720868456E-16,
-0.0872945578585127));
#8231=DIRECTION('ref_axis',(0.0872945578585127,-1.60352205311475E-17,0.996182543597451));
#8232=DIRECTION('',(0.0872945578585127,-1.60352205311475E-17,0.996182543597451));
#8233=DIRECTION('',(0.0872945578585127,-1.60352205311475E-17,0.996182543597451));
#8234=DIRECTION('center_axis',(-1.83690953073357E-16,-1.,0.));
#8235=DIRECTION('ref_axis',(0.,0.,-1.));
#8236=DIRECTION('center_axis',(-1.83690953073357E-16,-1.,0.));
#8237=DIRECTION('ref_axis',(0.,0.,-1.));
#8238=DIRECTION('center_axis',(1.,0.,0.));
#8239=DIRECTION('ref_axis',(0.,0.,-1.));
#8240=DIRECTION('',(0.,-1.,0.));
#8241=DIRECTION('',(0.,0.,-1.));
#8242=DIRECTION('',(0.,1.,0.));
#8243=DIRECTION('',(0.,0.,1.));
#8244=DIRECTION('center_axis',(-0.0872945578583242,1.60352205311128E-17,
0.996182543597467));
#8245=DIRECTION('ref_axis',(-0.996182543597467,1.82989720868459E-16,-0.0872945578583242));
#8246=DIRECTION('',(0.996182543597467,-1.82989720868459E-16,0.0872945578583242));
#8247=DIRECTION('',(-1.83690953073357E-16,-1.,0.));
#8248=DIRECTION('',(-0.996182543597467,1.82989720868459E-16,-0.0872945578583242));
#8249=DIRECTION('',(-1.83690953073357E-16,-1.,0.));
#8250=DIRECTION('center_axis',(-1.83690953073357E-16,-1.,0.));
#8251=DIRECTION('ref_axis',(0.0872945578584501,-1.6035220531136E-17,-0.996182543597456));
#8252=DIRECTION('center_axis',(-1.83690953073357E-16,-1.,0.));
#8253=DIRECTION('ref_axis',(0.0872945578584501,-1.6035220531136E-17,-0.996182543597456));
#8254=DIRECTION('center_axis',(1.83690953073357E-16,1.,0.));
#8255=DIRECTION('ref_axis',(0.0872945578584501,-1.6035220531136E-17,-0.996182543597456));
#8256=DIRECTION('',(-1.83690953073357E-16,-1.,0.));
#8257=DIRECTION('center_axis',(-0.992546151641324,1.82321748564287E-16,
0.12186934340513));
#8258=DIRECTION('ref_axis',(-0.12186934340513,2.23862958405125E-17,-0.992546151641324));
#8259=DIRECTION('',(0.12186934340513,-2.23862958405125E-17,0.992546151641324));
#8260=DIRECTION('',(-0.12186934340513,2.23862958405125E-17,-0.992546151641324));
#8261=DIRECTION('',(-1.83690953073357E-16,-1.,0.));
#8262=DIRECTION('center_axis',(-1.83690953073357E-16,-1.,0.));
#8263=DIRECTION('ref_axis',(-0.992546151641328,1.82321748564288E-16,0.1218693434051));
#8264=DIRECTION('center_axis',(1.83690953073357E-16,1.,0.));
#8265=DIRECTION('ref_axis',(-0.992546151641328,1.82321748564288E-16,0.1218693434051));
#8266=DIRECTION('center_axis',(-1.83690953073357E-16,-1.,0.));
#8267=DIRECTION('ref_axis',(-0.992546151641328,1.82321748564288E-16,0.1218693434051));
#8268=DIRECTION('',(-1.83690953073357E-16,-1.,0.));
#8269=DIRECTION('center_axis',(0.,0.,1.));
#8270=DIRECTION('ref_axis',(-1.,1.83690953073357E-16,0.));
#8271=DIRECTION('',(1.,-1.83690953073357E-16,0.));
#8272=DIRECTION('',(1.,0.,0.));
#8273=DIRECTION('center_axis',(0.,0.,-1.));
#8274=DIRECTION('ref_axis',(1.,-1.83690953073357E-16,0.));
#8275=DIRECTION('',(-1.,1.83690953073357E-16,0.));
#8276=DIRECTION('',(1.,-1.83690953073357E-16,0.));
#8277=DIRECTION('',(-1.83690953073357E-16,-1.,0.));
#8278=DIRECTION('center_axis',(-1.83690953073357E-16,-1.,0.));
#8279=DIRECTION('ref_axis',(-2.66453525910082E-14,4.89451021241793E-30,
1.));
#8280=DIRECTION('center_axis',(-1.83690953073357E-16,-1.,0.));
#8281=DIRECTION('ref_axis',(-2.66453525910082E-14,4.89451021241793E-30,
1.));
#8282=DIRECTION('center_axis',(1.83690953073357E-16,1.,0.));
#8283=DIRECTION('ref_axis',(-2.66453525910082E-14,4.89451021241793E-30,
1.));
#8284=DIRECTION('',(-1.83690953073357E-16,-1.,0.));
#8285=DIRECTION('center_axis',(0.992546151641325,-1.82321748564287E-16,
-0.121869343405125));
#8286=DIRECTION('ref_axis',(0.121869343405125,-2.23862958405116E-17,0.992546151641325));
#8287=DIRECTION('',(-0.121869343405125,2.23862958405116E-17,-0.992546151641325));
#8288=DIRECTION('',(0.121869343405125,-2.23862958405116E-17,0.992546151641325));
#8289=DIRECTION('',(-1.83690953073357E-16,-1.,0.));
#8290=DIRECTION('center_axis',(-1.83690953073357E-16,-1.,0.));
#8291=DIRECTION('ref_axis',(0.992546151641327,-1.82321748564288E-16,-0.121869343405106));
#8292=DIRECTION('center_axis',(1.83690953073357E-16,1.,0.));
#8293=DIRECTION('ref_axis',(0.992546151641327,-1.82321748564288E-16,-0.121869343405106));
#8294=DIRECTION('center_axis',(-1.83690953073357E-16,-1.,0.));
#8295=DIRECTION('ref_axis',(0.992546151641327,-1.82321748564288E-16,-0.121869343405106));
#8296=DIRECTION('',(-1.83690953073357E-16,-1.,0.));
#8297=DIRECTION('center_axis',(0.0872945578582687,-1.60352205311027E-17,
-0.996182543597472));
#8298=DIRECTION('ref_axis',(0.996182543597472,-1.8298972086846E-16,0.0872945578582687));
#8299=DIRECTION('',(-0.996182543597472,1.8298972086846E-16,-0.0872945578582687));
#8300=DIRECTION('',(0.996182543597472,-1.8298972086846E-16,0.0872945578582687));
#8301=DIRECTION('',(-1.83690953073357E-16,-1.,0.));
#8302=DIRECTION('center_axis',(-0.996182543597451,1.82989720868456E-16,
-0.0872945578585127));
#8303=DIRECTION('ref_axis',(0.0872945578585127,-1.60352205311475E-17,-0.996182543597451));
#8304=DIRECTION('',(-0.0872945578585127,1.60352205311475E-17,0.996182543597451));
#8305=DIRECTION('',(0.0872945578585127,-1.60352205311475E-17,-0.996182543597451));
#8306=DIRECTION('center_axis',(-1.83690953073357E-16,-1.,0.));
#8307=DIRECTION('ref_axis',(0.,0.,-1.));
#8308=DIRECTION('center_axis',(-1.83690953073357E-16,-1.,0.));
#8309=DIRECTION('ref_axis',(0.,0.,-1.));
#8310=DIRECTION('center_axis',(-1.,0.,0.));
#8311=DIRECTION('ref_axis',(0.,0.,1.));
#8312=DIRECTION('',(0.,1.,0.));
#8313=DIRECTION('',(0.,0.,-1.));
#8314=DIRECTION('',(0.,-1.,0.));
#8315=DIRECTION('',(0.,0.,1.));
#8316=DIRECTION('center_axis',(-0.0872945578582687,1.60352205311027E-17,
-0.996182543597472));
#8317=DIRECTION('ref_axis',(0.996182543597472,-1.8298972086846E-16,-0.0872945578582687));
#8318=DIRECTION('',(0.996182543597472,-1.8298972086846E-16,-0.0872945578582687));
#8319=DIRECTION('',(-1.83690953073357E-16,-1.,0.));
#8320=DIRECTION('',(0.996182543597472,-1.8298972086846E-16,-0.0872945578582687));
#8321=DIRECTION('',(-1.83690953073357E-16,-1.,0.));
#8322=DIRECTION('center_axis',(-1.83690953073357E-16,-1.,0.));
#8323=DIRECTION('ref_axis',(-0.992546151641327,1.82321748564288E-16,-0.121869343405106));
#8324=DIRECTION('center_axis',(-1.83690953073357E-16,-1.,0.));
#8325=DIRECTION('ref_axis',(-0.992546151641327,1.82321748564288E-16,-0.121869343405106));
#8326=DIRECTION('center_axis',(-1.83690953073357E-16,-1.,0.));
#8327=DIRECTION('ref_axis',(-0.992546151641327,1.82321748564288E-16,-0.121869343405106));
#8328=DIRECTION('',(-1.83690953073357E-16,-1.,0.));
#8329=DIRECTION('center_axis',(-0.992546151641325,1.82321748564287E-16,
-0.121869343405125));
#8330=DIRECTION('ref_axis',(0.121869343405125,-2.23862958405116E-17,-0.992546151641325));
#8331=DIRECTION('',(0.121869343405125,-2.23862958405116E-17,-0.992546151641325));
#8332=DIRECTION('',(0.121869343405125,-2.23862958405116E-17,-0.992546151641325));
#8333=DIRECTION('',(-1.83690953073357E-16,-1.,0.));
#8334=DIRECTION('center_axis',(-1.83690953073357E-16,-1.,0.));
#8335=DIRECTION('ref_axis',(2.66453525910082E-14,-4.89451021241793E-30,
1.));
#8336=DIRECTION('center_axis',(1.83690953073357E-16,1.,0.));
#8337=DIRECTION('ref_axis',(2.66453525910082E-14,-4.89451021241793E-30,
1.));
#8338=DIRECTION('center_axis',(1.83690953073357E-16,1.,0.));
#8339=DIRECTION('ref_axis',(2.66453525910082E-14,-4.89451021241793E-30,
1.));
#8340=DIRECTION('',(-1.83690953073357E-16,-1.,0.));
#8341=DIRECTION('center_axis',(0.,0.,-1.));
#8342=DIRECTION('ref_axis',(1.,-1.83690953073357E-16,0.));
#8343=DIRECTION('',(-1.,0.,0.));
#8344=DIRECTION('',(-1.,0.,0.));
#8345=DIRECTION('center_axis',(0.,0.,1.));
#8346=DIRECTION('ref_axis',(-1.,1.83690953073357E-16,0.));
#8347=DIRECTION('',(-1.,1.83690953073357E-16,0.));
#8348=DIRECTION('',(-1.,1.83690953073357E-16,0.));
#8349=DIRECTION('',(-1.83690953073357E-16,-1.,0.));
#8350=DIRECTION('center_axis',(-1.83690953073357E-16,-1.,0.));
#8351=DIRECTION('ref_axis',(0.992546151641328,-1.82321748564288E-16,0.121869343405099));
#8352=DIRECTION('center_axis',(-1.83690953073357E-16,-1.,0.));
#8353=DIRECTION('ref_axis',(0.992546151641328,-1.82321748564288E-16,0.121869343405099));
#8354=DIRECTION('center_axis',(-1.83690953073357E-16,-1.,0.));
#8355=DIRECTION('ref_axis',(0.992546151641328,-1.82321748564288E-16,0.121869343405099));
#8356=DIRECTION('',(-1.83690953073357E-16,-1.,0.));
#8357=DIRECTION('center_axis',(0.992546151641324,-1.82321748564287E-16,
0.12186934340513));
#8358=DIRECTION('ref_axis',(-0.12186934340513,2.23862958405125E-17,0.992546151641324));
#8359=DIRECTION('',(-0.12186934340513,2.23862958405125E-17,0.992546151641324));
#8360=DIRECTION('',(-0.12186934340513,2.23862958405125E-17,0.992546151641324));
#8361=DIRECTION('',(-1.83690953073357E-16,-1.,0.));
#8362=DIRECTION('center_axis',(-1.83690953073357E-16,-1.,0.));
#8363=DIRECTION('ref_axis',(-0.0872945578584501,1.6035220531136E-17,-0.996182543597456));
#8364=DIRECTION('center_axis',(1.83690953073357E-16,1.,0.));
#8365=DIRECTION('ref_axis',(-0.0872945578584501,1.6035220531136E-17,-0.996182543597456));
#8366=DIRECTION('center_axis',(1.83690953073357E-16,1.,0.));
#8367=DIRECTION('ref_axis',(-0.0872945578584501,1.6035220531136E-17,-0.996182543597456));
#8368=DIRECTION('',(-1.83690953073357E-16,-1.,0.));
#8369=DIRECTION('center_axis',(0.0872945578583242,-1.60352205311128E-17,
0.996182543597467));
#8370=DIRECTION('ref_axis',(-0.996182543597467,1.82989720868459E-16,0.0872945578583242));
#8371=DIRECTION('',(-0.996182543597467,1.82989720868459E-16,0.0872945578583242));
#8372=DIRECTION('',(-0.996182543597467,1.82989720868459E-16,0.0872945578583242));
#8373=DIRECTION('',(-1.83690953073357E-16,-1.,0.));
#8374=DIRECTION('center_axis',(0.996182543597451,-1.82989720868456E-16,
-0.0872945578585127));
#8375=DIRECTION('ref_axis',(0.0872945578585127,-1.60352205311475E-17,0.996182543597451));
#8376=DIRECTION('',(0.0872945578585127,-1.60352205311475E-17,0.996182543597451));
#8377=DIRECTION('',(0.0872945578585127,-1.60352205311475E-17,0.996182543597451));
#8378=DIRECTION('center_axis',(-1.83690953073357E-16,-1.,0.));
#8379=DIRECTION('ref_axis',(0.,0.,-1.));
#8380=DIRECTION('center_axis',(-1.83690953073357E-16,-1.,0.));
#8381=DIRECTION('ref_axis',(0.,0.,-1.));
#8382=DIRECTION('center_axis',(1.,0.,0.));
#8383=DIRECTION('ref_axis',(0.,0.,-1.));
#8384=DIRECTION('',(0.,-1.,0.));
#8385=DIRECTION('',(0.,0.,-1.));
#8386=DIRECTION('',(0.,1.,0.));
#8387=DIRECTION('',(0.,0.,1.));
#8388=DIRECTION('center_axis',(-0.0872945578583242,1.60352205311128E-17,
0.996182543597467));
#8389=DIRECTION('ref_axis',(-0.996182543597467,1.82989720868459E-16,-0.0872945578583242));
#8390=DIRECTION('',(0.996182543597467,-1.82989720868459E-16,0.0872945578583242));
#8391=DIRECTION('',(-1.83690953073357E-16,-1.,0.));
#8392=DIRECTION('',(-0.996182543597467,1.82989720868459E-16,-0.0872945578583242));
#8393=DIRECTION('',(-1.83690953073357E-16,-1.,0.));
#8394=DIRECTION('center_axis',(-1.83690953073357E-16,-1.,0.));
#8395=DIRECTION('ref_axis',(0.0872945578584501,-1.6035220531136E-17,-0.996182543597456));
#8396=DIRECTION('center_axis',(-1.83690953073357E-16,-1.,0.));
#8397=DIRECTION('ref_axis',(0.0872945578584501,-1.6035220531136E-17,-0.996182543597456));
#8398=DIRECTION('center_axis',(1.83690953073357E-16,1.,0.));
#8399=DIRECTION('ref_axis',(0.0872945578584501,-1.6035220531136E-17,-0.996182543597456));
#8400=DIRECTION('',(-1.83690953073357E-16,-1.,0.));
#8401=DIRECTION('center_axis',(-0.992546151641324,1.82321748564287E-16,
0.12186934340513));
#8402=DIRECTION('ref_axis',(-0.12186934340513,2.23862958405125E-17,-0.992546151641324));
#8403=DIRECTION('',(0.12186934340513,-2.23862958405125E-17,0.992546151641324));
#8404=DIRECTION('',(-0.12186934340513,2.23862958405125E-17,-0.992546151641324));
#8405=DIRECTION('',(-1.83690953073357E-16,-1.,0.));
#8406=DIRECTION('center_axis',(-1.83690953073357E-16,-1.,0.));
#8407=DIRECTION('ref_axis',(-0.992546151641328,1.82321748564288E-16,0.1218693434051));
#8408=DIRECTION('center_axis',(1.83690953073357E-16,1.,0.));
#8409=DIRECTION('ref_axis',(-0.992546151641328,1.82321748564288E-16,0.1218693434051));
#8410=DIRECTION('center_axis',(-1.83690953073357E-16,-1.,0.));
#8411=DIRECTION('ref_axis',(-0.992546151641328,1.82321748564288E-16,0.1218693434051));
#8412=DIRECTION('',(-1.83690953073357E-16,-1.,0.));
#8413=DIRECTION('center_axis',(0.,0.,1.));
#8414=DIRECTION('ref_axis',(-1.,1.83690953073357E-16,0.));
#8415=DIRECTION('',(1.,-1.83690953073357E-16,0.));
#8416=DIRECTION('',(1.,0.,0.));
#8417=DIRECTION('center_axis',(0.,0.,-1.));
#8418=DIRECTION('ref_axis',(1.,-1.83690953073357E-16,0.));
#8419=DIRECTION('',(-1.,1.83690953073357E-16,0.));
#8420=DIRECTION('',(1.,-1.83690953073357E-16,0.));
#8421=DIRECTION('',(-1.83690953073357E-16,-1.,0.));
#8422=DIRECTION('center_axis',(-1.83690953073357E-16,-1.,0.));
#8423=DIRECTION('ref_axis',(-2.66453525910082E-14,4.89451021241793E-30,
1.));
#8424=DIRECTION('center_axis',(-1.83690953073357E-16,-1.,0.));
#8425=DIRECTION('ref_axis',(-2.66453525910082E-14,4.89451021241793E-30,
1.));
#8426=DIRECTION('center_axis',(1.83690953073357E-16,1.,0.));
#8427=DIRECTION('ref_axis',(-2.66453525910082E-14,4.89451021241793E-30,
1.));
#8428=DIRECTION('',(-1.83690953073357E-16,-1.,0.));
#8429=DIRECTION('center_axis',(0.992546151641325,-1.82321748564287E-16,
-0.121869343405125));
#8430=DIRECTION('ref_axis',(0.121869343405125,-2.23862958405116E-17,0.992546151641325));
#8431=DIRECTION('',(-0.121869343405125,2.23862958405116E-17,-0.992546151641325));
#8432=DIRECTION('',(0.121869343405125,-2.23862958405116E-17,0.992546151641325));
#8433=DIRECTION('',(-1.83690953073357E-16,-1.,0.));
#8434=DIRECTION('center_axis',(-1.83690953073357E-16,-1.,0.));
#8435=DIRECTION('ref_axis',(0.992546151641327,-1.82321748564288E-16,-0.121869343405106));
#8436=DIRECTION('center_axis',(1.83690953073357E-16,1.,0.));
#8437=DIRECTION('ref_axis',(0.992546151641327,-1.82321748564288E-16,-0.121869343405106));
#8438=DIRECTION('center_axis',(-1.83690953073357E-16,-1.,0.));
#8439=DIRECTION('ref_axis',(0.992546151641327,-1.82321748564288E-16,-0.121869343405106));
#8440=DIRECTION('',(-1.83690953073357E-16,-1.,0.));
#8441=DIRECTION('center_axis',(0.0872945578582687,-1.60352205311027E-17,
-0.996182543597472));
#8442=DIRECTION('ref_axis',(0.996182543597472,-1.8298972086846E-16,0.0872945578582687));
#8443=DIRECTION('',(-0.996182543597472,1.8298972086846E-16,-0.0872945578582687));
#8444=DIRECTION('',(0.996182543597472,-1.8298972086846E-16,0.0872945578582687));
#8445=DIRECTION('',(-1.83690953073357E-16,-1.,0.));
#8446=DIRECTION('center_axis',(-0.996182543597451,1.82989720868456E-16,
-0.0872945578585127));
#8447=DIRECTION('ref_axis',(0.0872945578585127,-1.60352205311475E-17,-0.996182543597451));
#8448=DIRECTION('',(-0.0872945578585127,1.60352205311475E-17,0.996182543597451));
#8449=DIRECTION('',(0.0872945578585127,-1.60352205311475E-17,-0.996182543597451));
#8450=DIRECTION('center_axis',(-1.83690953073357E-16,-1.,0.));
#8451=DIRECTION('ref_axis',(0.,0.,-1.));
#8452=DIRECTION('center_axis',(-1.83690953073357E-16,-1.,0.));
#8453=DIRECTION('ref_axis',(0.,0.,-1.));
#8454=DIRECTION('center_axis',(-1.,0.,0.));
#8455=DIRECTION('ref_axis',(0.,0.,1.));
#8456=DIRECTION('',(0.,1.,0.));
#8457=DIRECTION('',(0.,0.,-1.));
#8458=DIRECTION('',(0.,-1.,0.));
#8459=DIRECTION('',(0.,0.,1.));
#8460=DIRECTION('center_axis',(-0.0872945578582687,1.60352205311027E-17,
-0.996182543597472));
#8461=DIRECTION('ref_axis',(0.996182543597472,-1.8298972086846E-16,-0.0872945578582687));
#8462=DIRECTION('',(0.996182543597472,-1.8298972086846E-16,-0.0872945578582687));
#8463=DIRECTION('',(-1.83690953073357E-16,-1.,0.));
#8464=DIRECTION('',(0.996182543597472,-1.8298972086846E-16,-0.0872945578582687));
#8465=DIRECTION('',(-1.83690953073357E-16,-1.,0.));
#8466=DIRECTION('center_axis',(-1.83690953073357E-16,-1.,0.));
#8467=DIRECTION('ref_axis',(-0.992546151641327,1.82321748564288E-16,-0.121869343405106));
#8468=DIRECTION('center_axis',(-1.83690953073357E-16,-1.,0.));
#8469=DIRECTION('ref_axis',(-0.992546151641327,1.82321748564288E-16,-0.121869343405106));
#8470=DIRECTION('center_axis',(-1.83690953073357E-16,-1.,0.));
#8471=DIRECTION('ref_axis',(-0.992546151641327,1.82321748564288E-16,-0.121869343405106));
#8472=DIRECTION('',(-1.83690953073357E-16,-1.,0.));
#8473=DIRECTION('center_axis',(-0.992546151641325,1.82321748564287E-16,
-0.121869343405125));
#8474=DIRECTION('ref_axis',(0.121869343405125,-2.23862958405116E-17,-0.992546151641325));
#8475=DIRECTION('',(0.121869343405125,-2.23862958405116E-17,-0.992546151641325));
#8476=DIRECTION('',(0.121869343405125,-2.23862958405116E-17,-0.992546151641325));
#8477=DIRECTION('',(-1.83690953073357E-16,-1.,0.));
#8478=DIRECTION('center_axis',(-1.83690953073357E-16,-1.,0.));
#8479=DIRECTION('ref_axis',(2.66453525910082E-14,-4.89451021241793E-30,
1.));
#8480=DIRECTION('center_axis',(1.83690953073357E-16,1.,0.));
#8481=DIRECTION('ref_axis',(2.66453525910082E-14,-4.89451021241793E-30,
1.));
#8482=DIRECTION('center_axis',(1.83690953073357E-16,1.,0.));
#8483=DIRECTION('ref_axis',(2.66453525910082E-14,-4.89451021241793E-30,
1.));
#8484=DIRECTION('',(-1.83690953073357E-16,-1.,0.));
#8485=DIRECTION('center_axis',(0.,0.,-1.));
#8486=DIRECTION('ref_axis',(1.,-1.83690953073357E-16,0.));
#8487=DIRECTION('',(-1.,0.,0.));
#8488=DIRECTION('',(-1.,0.,0.));
#8489=DIRECTION('center_axis',(0.,0.,1.));
#8490=DIRECTION('ref_axis',(-1.,1.83690953073357E-16,0.));
#8491=DIRECTION('',(-1.,1.83690953073357E-16,0.));
#8492=DIRECTION('',(-1.,1.83690953073357E-16,0.));
#8493=DIRECTION('',(-1.83690953073357E-16,-1.,0.));
#8494=DIRECTION('center_axis',(-1.83690953073357E-16,-1.,0.));
#8495=DIRECTION('ref_axis',(0.992546151641328,-1.82321748564288E-16,0.121869343405099));
#8496=DIRECTION('center_axis',(-1.83690953073357E-16,-1.,0.));
#8497=DIRECTION('ref_axis',(0.992546151641328,-1.82321748564288E-16,0.121869343405099));
#8498=DIRECTION('center_axis',(-1.83690953073357E-16,-1.,0.));
#8499=DIRECTION('ref_axis',(0.992546151641328,-1.82321748564288E-16,0.121869343405099));
#8500=DIRECTION('',(-1.83690953073357E-16,-1.,0.));
#8501=DIRECTION('center_axis',(0.992546151641324,-1.82321748564287E-16,
0.12186934340513));
#8502=DIRECTION('ref_axis',(-0.12186934340513,2.23862958405125E-17,0.992546151641324));
#8503=DIRECTION('',(-0.12186934340513,2.23862958405125E-17,0.992546151641324));
#8504=DIRECTION('',(-0.12186934340513,2.23862958405125E-17,0.992546151641324));
#8505=DIRECTION('',(-1.83690953073357E-16,-1.,0.));
#8506=DIRECTION('center_axis',(-1.83690953073357E-16,-1.,0.));
#8507=DIRECTION('ref_axis',(-0.0872945578584501,1.6035220531136E-17,-0.996182543597456));
#8508=DIRECTION('center_axis',(1.83690953073357E-16,1.,0.));
#8509=DIRECTION('ref_axis',(-0.0872945578584501,1.6035220531136E-17,-0.996182543597456));
#8510=DIRECTION('center_axis',(1.83690953073357E-16,1.,0.));
#8511=DIRECTION('ref_axis',(-0.0872945578584501,1.6035220531136E-17,-0.996182543597456));
#8512=DIRECTION('',(-1.83690953073357E-16,-1.,0.));
#8513=DIRECTION('center_axis',(0.0872945578583242,-1.60352205311128E-17,
0.996182543597467));
#8514=DIRECTION('ref_axis',(-0.996182543597467,1.82989720868459E-16,0.0872945578583242));
#8515=DIRECTION('',(-0.996182543597467,1.82989720868459E-16,0.0872945578583242));
#8516=DIRECTION('',(-0.996182543597467,1.82989720868459E-16,0.0872945578583242));
#8517=DIRECTION('',(-1.83690953073357E-16,-1.,0.));
#8518=DIRECTION('center_axis',(0.996182543597451,-1.82989720868456E-16,
-0.0872945578585127));
#8519=DIRECTION('ref_axis',(0.0872945578585127,-1.60352205311475E-17,0.996182543597451));
#8520=DIRECTION('',(0.0872945578585127,-1.60352205311475E-17,0.996182543597451));
#8521=DIRECTION('',(0.0872945578585127,-1.60352205311475E-17,0.996182543597451));
#8522=DIRECTION('center_axis',(-1.83690953073357E-16,-1.,0.));
#8523=DIRECTION('ref_axis',(0.,0.,-1.));
#8524=DIRECTION('center_axis',(-1.83690953073357E-16,-1.,0.));
#8525=DIRECTION('ref_axis',(0.,0.,-1.));
#8526=DIRECTION('center_axis',(1.,0.,0.));
#8527=DIRECTION('ref_axis',(0.,0.,-1.));
#8528=DIRECTION('',(0.,-1.,0.));
#8529=DIRECTION('',(0.,0.,-1.));
#8530=DIRECTION('',(0.,1.,0.));
#8531=DIRECTION('',(0.,0.,1.));
#8532=DIRECTION('center_axis',(-0.0872945578583242,1.60352205311128E-17,
0.996182543597467));
#8533=DIRECTION('ref_axis',(-0.996182543597467,1.82989720868459E-16,-0.0872945578583242));
#8534=DIRECTION('',(0.996182543597467,-1.82989720868459E-16,0.0872945578583242));
#8535=DIRECTION('',(-1.83690953073357E-16,-1.,0.));
#8536=DIRECTION('',(-0.996182543597467,1.82989720868459E-16,-0.0872945578583242));
#8537=DIRECTION('',(-1.83690953073357E-16,-1.,0.));
#8538=DIRECTION('center_axis',(-1.83690953073357E-16,-1.,0.));
#8539=DIRECTION('ref_axis',(0.0872945578584501,-1.6035220531136E-17,-0.996182543597456));
#8540=DIRECTION('center_axis',(-1.83690953073357E-16,-1.,0.));
#8541=DIRECTION('ref_axis',(0.0872945578584501,-1.6035220531136E-17,-0.996182543597456));
#8542=DIRECTION('center_axis',(1.83690953073357E-16,1.,0.));
#8543=DIRECTION('ref_axis',(0.0872945578584501,-1.6035220531136E-17,-0.996182543597456));
#8544=DIRECTION('',(-1.83690953073357E-16,-1.,0.));
#8545=DIRECTION('center_axis',(-0.992546151641324,1.82321748564287E-16,
0.12186934340513));
#8546=DIRECTION('ref_axis',(-0.12186934340513,2.23862958405125E-17,-0.992546151641324));
#8547=DIRECTION('',(0.12186934340513,-2.23862958405125E-17,0.992546151641324));
#8548=DIRECTION('',(-0.12186934340513,2.23862958405125E-17,-0.992546151641324));
#8549=DIRECTION('',(-1.83690953073357E-16,-1.,0.));
#8550=DIRECTION('center_axis',(-1.83690953073357E-16,-1.,0.));
#8551=DIRECTION('ref_axis',(-0.992546151641328,1.82321748564288E-16,0.1218693434051));
#8552=DIRECTION('center_axis',(1.83690953073357E-16,1.,0.));
#8553=DIRECTION('ref_axis',(-0.992546151641328,1.82321748564288E-16,0.1218693434051));
#8554=DIRECTION('center_axis',(-1.83690953073357E-16,-1.,0.));
#8555=DIRECTION('ref_axis',(-0.992546151641328,1.82321748564288E-16,0.1218693434051));
#8556=DIRECTION('',(-1.83690953073357E-16,-1.,0.));
#8557=DIRECTION('center_axis',(0.,0.,1.));
#8558=DIRECTION('ref_axis',(-1.,1.83690953073357E-16,0.));
#8559=DIRECTION('',(1.,-1.83690953073357E-16,0.));
#8560=DIRECTION('',(1.,0.,0.));
#8561=DIRECTION('center_axis',(0.,0.,-1.));
#8562=DIRECTION('ref_axis',(1.,-1.83690953073357E-16,0.));
#8563=DIRECTION('',(-1.,1.83690953073357E-16,0.));
#8564=DIRECTION('',(1.,-1.83690953073357E-16,0.));
#8565=DIRECTION('',(-1.83690953073357E-16,-1.,0.));
#8566=DIRECTION('center_axis',(-1.83690953073357E-16,-1.,0.));
#8567=DIRECTION('ref_axis',(-2.66453525910082E-14,4.89451021241793E-30,
1.));
#8568=DIRECTION('center_axis',(-1.83690953073357E-16,-1.,0.));
#8569=DIRECTION('ref_axis',(-2.66453525910082E-14,4.89451021241793E-30,
1.));
#8570=DIRECTION('center_axis',(1.83690953073357E-16,1.,0.));
#8571=DIRECTION('ref_axis',(-2.66453525910082E-14,4.89451021241793E-30,
1.));
#8572=DIRECTION('',(-1.83690953073357E-16,-1.,0.));
#8573=DIRECTION('center_axis',(0.992546151641325,-1.82321748564287E-16,
-0.121869343405125));
#8574=DIRECTION('ref_axis',(0.121869343405125,-2.23862958405116E-17,0.992546151641325));
#8575=DIRECTION('',(-0.121869343405125,2.23862958405116E-17,-0.992546151641325));
#8576=DIRECTION('',(0.121869343405125,-2.23862958405116E-17,0.992546151641325));
#8577=DIRECTION('',(-1.83690953073357E-16,-1.,0.));
#8578=DIRECTION('center_axis',(-1.83690953073357E-16,-1.,0.));
#8579=DIRECTION('ref_axis',(0.992546151641327,-1.82321748564288E-16,-0.121869343405106));
#8580=DIRECTION('center_axis',(1.83690953073357E-16,1.,0.));
#8581=DIRECTION('ref_axis',(0.992546151641327,-1.82321748564288E-16,-0.121869343405106));
#8582=DIRECTION('center_axis',(-1.83690953073357E-16,-1.,0.));
#8583=DIRECTION('ref_axis',(0.992546151641327,-1.82321748564288E-16,-0.121869343405106));
#8584=DIRECTION('',(-1.83690953073357E-16,-1.,0.));
#8585=DIRECTION('center_axis',(0.0872945578582687,-1.60352205311027E-17,
-0.996182543597472));
#8586=DIRECTION('ref_axis',(0.996182543597472,-1.8298972086846E-16,0.0872945578582687));
#8587=DIRECTION('',(-0.996182543597472,1.8298972086846E-16,-0.0872945578582687));
#8588=DIRECTION('',(0.996182543597472,-1.8298972086846E-16,0.0872945578582687));
#8589=DIRECTION('',(-1.83690953073357E-16,-1.,0.));
#8590=DIRECTION('center_axis',(-0.996182543597451,1.82989720868456E-16,
-0.0872945578585127));
#8591=DIRECTION('ref_axis',(0.0872945578585127,-1.60352205311475E-17,-0.996182543597451));
#8592=DIRECTION('',(-0.0872945578585127,1.60352205311475E-17,0.996182543597451));
#8593=DIRECTION('',(0.0872945578585127,-1.60352205311475E-17,-0.996182543597451));
#8594=DIRECTION('center_axis',(-1.83690953073357E-16,-1.,0.));
#8595=DIRECTION('ref_axis',(0.,0.,-1.));
#8596=DIRECTION('center_axis',(-1.83690953073357E-16,-1.,0.));
#8597=DIRECTION('ref_axis',(0.,0.,-1.));
#8598=DIRECTION('center_axis',(-1.,0.,0.));
#8599=DIRECTION('ref_axis',(0.,0.,1.));
#8600=DIRECTION('',(0.,1.,0.));
#8601=DIRECTION('',(0.,0.,-1.));
#8602=DIRECTION('',(0.,-1.,0.));
#8603=DIRECTION('',(0.,0.,1.));
#8604=DIRECTION('center_axis',(-0.0872945578582687,1.60352205311027E-17,
-0.996182543597472));
#8605=DIRECTION('ref_axis',(0.996182543597472,-1.8298972086846E-16,-0.0872945578582687));
#8606=DIRECTION('',(0.996182543597472,-1.8298972086846E-16,-0.0872945578582687));
#8607=DIRECTION('',(-1.83690953073357E-16,-1.,0.));
#8608=DIRECTION('',(0.996182543597472,-1.8298972086846E-16,-0.0872945578582687));
#8609=DIRECTION('',(-1.83690953073357E-16,-1.,0.));
#8610=DIRECTION('center_axis',(-1.83690953073357E-16,-1.,0.));
#8611=DIRECTION('ref_axis',(-0.992546151641327,1.82321748564288E-16,-0.121869343405106));
#8612=DIRECTION('center_axis',(-1.83690953073357E-16,-1.,0.));
#8613=DIRECTION('ref_axis',(-0.992546151641327,1.82321748564288E-16,-0.121869343405106));
#8614=DIRECTION('center_axis',(-1.83690953073357E-16,-1.,0.));
#8615=DIRECTION('ref_axis',(-0.992546151641327,1.82321748564288E-16,-0.121869343405106));
#8616=DIRECTION('',(-1.83690953073357E-16,-1.,0.));
#8617=DIRECTION('center_axis',(-0.992546151641325,1.82321748564287E-16,
-0.121869343405125));
#8618=DIRECTION('ref_axis',(0.121869343405125,-2.23862958405116E-17,-0.992546151641325));
#8619=DIRECTION('',(0.121869343405125,-2.23862958405116E-17,-0.992546151641325));
#8620=DIRECTION('',(0.121869343405125,-2.23862958405116E-17,-0.992546151641325));
#8621=DIRECTION('',(-1.83690953073357E-16,-1.,0.));
#8622=DIRECTION('center_axis',(-1.83690953073357E-16,-1.,0.));
#8623=DIRECTION('ref_axis',(2.66453525910082E-14,-4.89451021241793E-30,
1.));
#8624=DIRECTION('center_axis',(1.83690953073357E-16,1.,0.));
#8625=DIRECTION('ref_axis',(2.66453525910082E-14,-4.89451021241793E-30,
1.));
#8626=DIRECTION('center_axis',(1.83690953073357E-16,1.,0.));
#8627=DIRECTION('ref_axis',(2.66453525910082E-14,-4.89451021241793E-30,
1.));
#8628=DIRECTION('',(-1.83690953073357E-16,-1.,0.));
#8629=DIRECTION('center_axis',(0.,0.,-1.));
#8630=DIRECTION('ref_axis',(1.,-1.83690953073357E-16,0.));
#8631=DIRECTION('',(-1.,0.,0.));
#8632=DIRECTION('',(-1.,0.,0.));
#8633=DIRECTION('center_axis',(0.,0.,1.));
#8634=DIRECTION('ref_axis',(-1.,1.83690953073357E-16,0.));
#8635=DIRECTION('',(-1.,1.83690953073357E-16,0.));
#8636=DIRECTION('',(-1.,1.83690953073357E-16,0.));
#8637=DIRECTION('',(-1.83690953073357E-16,-1.,0.));
#8638=DIRECTION('center_axis',(-1.83690953073357E-16,-1.,0.));
#8639=DIRECTION('ref_axis',(0.992546151641328,-1.82321748564288E-16,0.121869343405099));
#8640=DIRECTION('center_axis',(-1.83690953073357E-16,-1.,0.));
#8641=DIRECTION('ref_axis',(0.992546151641328,-1.82321748564288E-16,0.121869343405099));
#8642=DIRECTION('center_axis',(-1.83690953073357E-16,-1.,0.));
#8643=DIRECTION('ref_axis',(0.992546151641328,-1.82321748564288E-16,0.121869343405099));
#8644=DIRECTION('',(-1.83690953073357E-16,-1.,0.));
#8645=DIRECTION('center_axis',(0.992546151641324,-1.82321748564287E-16,
0.12186934340513));
#8646=DIRECTION('ref_axis',(-0.12186934340513,2.23862958405125E-17,0.992546151641324));
#8647=DIRECTION('',(-0.12186934340513,2.23862958405125E-17,0.992546151641324));
#8648=DIRECTION('',(-0.12186934340513,2.23862958405125E-17,0.992546151641324));
#8649=DIRECTION('',(-1.83690953073357E-16,-1.,0.));
#8650=DIRECTION('center_axis',(-1.83690953073357E-16,-1.,0.));
#8651=DIRECTION('ref_axis',(-0.0872945578584501,1.6035220531136E-17,-0.996182543597456));
#8652=DIRECTION('center_axis',(1.83690953073357E-16,1.,0.));
#8653=DIRECTION('ref_axis',(-0.0872945578584501,1.6035220531136E-17,-0.996182543597456));
#8654=DIRECTION('center_axis',(1.83690953073357E-16,1.,0.));
#8655=DIRECTION('ref_axis',(-0.0872945578584501,1.6035220531136E-17,-0.996182543597456));
#8656=DIRECTION('',(-1.83690953073357E-16,-1.,0.));
#8657=DIRECTION('center_axis',(0.0872945578583242,-1.60352205311128E-17,
0.996182543597467));
#8658=DIRECTION('ref_axis',(-0.996182543597467,1.82989720868459E-16,0.0872945578583242));
#8659=DIRECTION('',(-0.996182543597467,1.82989720868459E-16,0.0872945578583242));
#8660=DIRECTION('',(-0.996182543597467,1.82989720868459E-16,0.0872945578583242));
#8661=DIRECTION('',(-1.83690953073357E-16,-1.,0.));
#8662=DIRECTION('center_axis',(0.996182543597451,-1.82989720868456E-16,
-0.0872945578585127));
#8663=DIRECTION('ref_axis',(0.0872945578585127,-1.60352205311475E-17,0.996182543597451));
#8664=DIRECTION('',(0.0872945578585127,-1.60352205311475E-17,0.996182543597451));
#8665=DIRECTION('',(0.0872945578585127,-1.60352205311475E-17,0.996182543597451));
#8666=DIRECTION('center_axis',(-1.83690953073357E-16,-1.,0.));
#8667=DIRECTION('ref_axis',(0.,0.,-1.));
#8668=DIRECTION('center_axis',(-1.83690953073357E-16,-1.,0.));
#8669=DIRECTION('ref_axis',(0.,0.,-1.));
#8670=DIRECTION('center_axis',(1.,0.,0.));
#8671=DIRECTION('ref_axis',(0.,0.,-1.));
#8672=DIRECTION('',(0.,-1.,0.));
#8673=DIRECTION('',(0.,0.,-1.));
#8674=DIRECTION('',(0.,1.,0.));
#8675=DIRECTION('',(0.,0.,1.));
#8676=DIRECTION('center_axis',(-0.0872945578583242,1.60352205311128E-17,
0.996182543597467));
#8677=DIRECTION('ref_axis',(-0.996182543597467,1.82989720868459E-16,-0.0872945578583242));
#8678=DIRECTION('',(0.996182543597467,-1.82989720868459E-16,0.0872945578583242));
#8679=DIRECTION('',(-1.83690953073357E-16,-1.,0.));
#8680=DIRECTION('',(-0.996182543597467,1.82989720868459E-16,-0.0872945578583242));
#8681=DIRECTION('',(-1.83690953073357E-16,-1.,0.));
#8682=DIRECTION('center_axis',(-1.83690953073357E-16,-1.,0.));
#8683=DIRECTION('ref_axis',(0.0872945578584501,-1.6035220531136E-17,-0.996182543597456));
#8684=DIRECTION('center_axis',(-1.83690953073357E-16,-1.,0.));
#8685=DIRECTION('ref_axis',(0.0872945578584501,-1.6035220531136E-17,-0.996182543597456));
#8686=DIRECTION('center_axis',(1.83690953073357E-16,1.,0.));
#8687=DIRECTION('ref_axis',(0.0872945578584501,-1.6035220531136E-17,-0.996182543597456));
#8688=DIRECTION('',(-1.83690953073357E-16,-1.,0.));
#8689=DIRECTION('center_axis',(-0.992546151641324,1.82321748564287E-16,
0.12186934340513));
#8690=DIRECTION('ref_axis',(-0.12186934340513,2.23862958405125E-17,-0.992546151641324));
#8691=DIRECTION('',(0.12186934340513,-2.23862958405125E-17,0.992546151641324));
#8692=DIRECTION('',(-0.12186934340513,2.23862958405125E-17,-0.992546151641324));
#8693=DIRECTION('',(-1.83690953073357E-16,-1.,0.));
#8694=DIRECTION('center_axis',(-1.83690953073357E-16,-1.,0.));
#8695=DIRECTION('ref_axis',(-0.992546151641328,1.82321748564288E-16,0.1218693434051));
#8696=DIRECTION('center_axis',(1.83690953073357E-16,1.,0.));
#8697=DIRECTION('ref_axis',(-0.992546151641328,1.82321748564288E-16,0.1218693434051));
#8698=DIRECTION('center_axis',(-1.83690953073357E-16,-1.,0.));
#8699=DIRECTION('ref_axis',(-0.992546151641328,1.82321748564288E-16,0.1218693434051));
#8700=DIRECTION('',(-1.83690953073357E-16,-1.,0.));
#8701=DIRECTION('center_axis',(0.,0.,1.));
#8702=DIRECTION('ref_axis',(-1.,1.83690953073357E-16,0.));
#8703=DIRECTION('',(1.,-1.83690953073357E-16,0.));
#8704=DIRECTION('',(1.,0.,0.));
#8705=DIRECTION('center_axis',(0.,0.,-1.));
#8706=DIRECTION('ref_axis',(1.,-1.83690953073357E-16,0.));
#8707=DIRECTION('',(-1.,1.83690953073357E-16,0.));
#8708=DIRECTION('',(1.,-1.83690953073357E-16,0.));
#8709=DIRECTION('',(-1.83690953073357E-16,-1.,0.));
#8710=DIRECTION('center_axis',(-1.83690953073357E-16,-1.,0.));
#8711=DIRECTION('ref_axis',(-2.66453525910082E-14,4.89451021241793E-30,
1.));
#8712=DIRECTION('center_axis',(-1.83690953073357E-16,-1.,0.));
#8713=DIRECTION('ref_axis',(-2.66453525910082E-14,4.89451021241793E-30,
1.));
#8714=DIRECTION('center_axis',(1.83690953073357E-16,1.,0.));
#8715=DIRECTION('ref_axis',(-2.66453525910082E-14,4.89451021241793E-30,
1.));
#8716=DIRECTION('',(-1.83690953073357E-16,-1.,0.));
#8717=DIRECTION('center_axis',(0.992546151641325,-1.82321748564287E-16,
-0.121869343405125));
#8718=DIRECTION('ref_axis',(0.121869343405125,-2.23862958405116E-17,0.992546151641325));
#8719=DIRECTION('',(-0.121869343405125,2.23862958405116E-17,-0.992546151641325));
#8720=DIRECTION('',(0.121869343405125,-2.23862958405116E-17,0.992546151641325));
#8721=DIRECTION('',(-1.83690953073357E-16,-1.,0.));
#8722=DIRECTION('center_axis',(-1.83690953073357E-16,-1.,0.));
#8723=DIRECTION('ref_axis',(0.992546151641327,-1.82321748564288E-16,-0.121869343405106));
#8724=DIRECTION('center_axis',(1.83690953073357E-16,1.,0.));
#8725=DIRECTION('ref_axis',(0.992546151641327,-1.82321748564288E-16,-0.121869343405106));
#8726=DIRECTION('center_axis',(-1.83690953073357E-16,-1.,0.));
#8727=DIRECTION('ref_axis',(0.992546151641327,-1.82321748564288E-16,-0.121869343405106));
#8728=DIRECTION('',(-1.83690953073357E-16,-1.,0.));
#8729=DIRECTION('center_axis',(0.0872945578582687,-1.60352205311027E-17,
-0.996182543597472));
#8730=DIRECTION('ref_axis',(0.996182543597472,-1.8298972086846E-16,0.0872945578582687));
#8731=DIRECTION('',(-0.996182543597472,1.8298972086846E-16,-0.0872945578582687));
#8732=DIRECTION('',(0.996182543597472,-1.8298972086846E-16,0.0872945578582687));
#8733=DIRECTION('',(-1.83690953073357E-16,-1.,0.));
#8734=DIRECTION('center_axis',(-0.996182543597451,1.82989720868456E-16,
-0.0872945578585127));
#8735=DIRECTION('ref_axis',(0.0872945578585127,-1.60352205311475E-17,-0.996182543597451));
#8736=DIRECTION('',(-0.0872945578585127,1.60352205311475E-17,0.996182543597451));
#8737=DIRECTION('',(0.0872945578585127,-1.60352205311475E-17,-0.996182543597451));
#8738=DIRECTION('center_axis',(-1.83690953073357E-16,-1.,0.));
#8739=DIRECTION('ref_axis',(0.,0.,-1.));
#8740=DIRECTION('center_axis',(-1.83690953073357E-16,-1.,0.));
#8741=DIRECTION('ref_axis',(0.,0.,-1.));
#8742=DIRECTION('center_axis',(0.,0.,-1.));
#8743=DIRECTION('ref_axis',(0.707106781186544,-0.707106781186551,0.));
#8744=DIRECTION('',(0.,0.,1.));
#8745=DIRECTION('center_axis',(0.,0.,1.));
#8746=DIRECTION('ref_axis',(0.707106781186544,-0.707106781186551,0.));
#8747=DIRECTION('',(0.,0.,1.));
#8748=DIRECTION('center_axis',(0.,0.,1.));
#8749=DIRECTION('ref_axis',(1.,0.,0.));
#8750=DIRECTION('',(0.,1.,0.));
#8751=DIRECTION('center_axis',(0.,0.,1.));
#8752=DIRECTION('ref_axis',(0.707106781186545,0.70710678118655,0.));
#8753=DIRECTION('',(-1.,0.,0.));
#8754=DIRECTION('center_axis',(0.,0.,1.));
#8755=DIRECTION('ref_axis',(-0.707106781186551,0.707106781186544,0.));
#8756=DIRECTION('',(0.,-1.,0.));
#8757=DIRECTION('center_axis',(0.,0.,1.));
#8758=DIRECTION('ref_axis',(-0.707106781186544,-0.707106781186551,0.));
#8759=DIRECTION('',(1.,0.,0.));
#8760=DIRECTION('center_axis',(1.,0.,0.));
#8761=DIRECTION('ref_axis',(0.,1.,0.));
#8762=DIRECTION('',(0.,-1.,0.));
#8763=DIRECTION('',(0.,0.,1.));
#8764=DIRECTION('center_axis',(0.,0.,-1.));
#8765=DIRECTION('ref_axis',(-0.707106781186544,-0.707106781186551,0.));
#8766=DIRECTION('',(0.,0.,1.));
#8767=DIRECTION('',(0.,0.,1.));
#8768=DIRECTION('center_axis',(-1.,0.,0.));
#8769=DIRECTION('ref_axis',(0.,-1.,0.));
#8770=DIRECTION('',(0.,0.,1.));
#8771=DIRECTION('',(0.,1.,0.));
#8772=DIRECTION('center_axis',(0.,0.,-1.));
#8773=DIRECTION('ref_axis',(0.707106781186545,0.70710678118655,0.));
#8774=DIRECTION('',(0.,0.,1.));
#8775=DIRECTION('center_axis',(0.,1.,0.));
#8776=DIRECTION('ref_axis',(-1.,0.,0.));
#8777=DIRECTION('',(1.,0.,0.));
#8778=DIRECTION('',(0.,0.,1.));
#8779=DIRECTION('center_axis',(0.,0.,-1.));
#8780=DIRECTION('ref_axis',(-0.707106781186551,0.707106781186544,0.));
#8781=DIRECTION('center_axis',(0.,0.,1.));
#8782=DIRECTION('ref_axis',(1.,0.,0.));
#8783=DIRECTION('',(-1.,0.,0.));
#8784=DIRECTION('center_axis',(0.,-1.,0.));
#8785=DIRECTION('ref_axis',(1.,0.,0.));
#8786=DIRECTION('center_axis',(0.,1.,0.));
#8787=DIRECTION('ref_axis',(-0.629320391049838,0.,-0.77714596145697));
#8788=DIRECTION('center_axis',(-0.707106781186547,-0.707106781186548,0.));
#8789=DIRECTION('ref_axis',(-0.707106781186548,0.707106781186547,-4.9065389333868E-17));
#8790=DIRECTION('',(0.,-1.,0.));
#8791=DIRECTION('center_axis',(-0.707106781186548,0.707106781186548,0.));
#8792=DIRECTION('ref_axis',(-0.707106781186547,-0.707106781186547,0.));
#8793=DIRECTION('',(0.,1.,0.));
#8794=DIRECTION('center_axis',(1.,0.,0.));
#8795=DIRECTION('ref_axis',(0.,0.629320391049838,-0.777145961456971));
#8796=DIRECTION('',(1.,0.,0.));
#8797=DIRECTION('center_axis',(0.707106781186549,-0.707106781186546,0.));
#8798=DIRECTION('ref_axis',(0.707106781186546,0.707106781186549,1.47196168001604E-16));
#8799=DIRECTION('',(-1.,0.,0.));
#8800=DIRECTION('center_axis',(0.203558594952778,-0.203558594952779,-0.957667894857973));
#8801=DIRECTION('ref_axis',(-0.677173462578716,0.677173462578721,-0.287875325719831));
#8802=DIRECTION('',(-0.203558594952778,0.203558594952779,0.957667894857973));
#8803=DIRECTION('center_axis',(0.,0.,-1.));
#8804=DIRECTION('ref_axis',(-0.707106781186545,0.70710678118655,0.));
#8805=DIRECTION('',(0.203558594952778,-0.203558594952779,-0.957667894857973));
#8806=DIRECTION('center_axis',(-0.978147600733806,0.,-0.207911690817759));
#8807=DIRECTION('ref_axis',(0.,1.,0.));
#8808=DIRECTION('',(0.203558594952778,0.203558594952779,-0.957667894857973));
#8809=DIRECTION('',(0.,1.,0.));
#8810=DIRECTION('center_axis',(-1.,0.,0.));
#8811=DIRECTION('ref_axis',(0.,-0.629320391049838,-0.77714596145697));
#8812=DIRECTION('',(1.,0.,0.));
#8813=DIRECTION('center_axis',(-0.707106781186549,-0.707106781186546,0.));
#8814=DIRECTION('ref_axis',(0.707106781186546,-0.707106781186549,0.));
#8815=DIRECTION('',(-1.,0.,0.));
#8816=DIRECTION('center_axis',(0.,1.,0.));
#8817=DIRECTION('ref_axis',(0.629320391049835,0.,-0.777145961456973));
#8818=DIRECTION('',(0.,1.,0.));
#8819=DIRECTION('',(0.,-1.,0.));
#8820=DIRECTION('center_axis',(0.,0.,1.));
#8821=DIRECTION('ref_axis',(1.,0.,0.));
#8822=DIRECTION('center_axis',(0.,0.,1.));
#8823=DIRECTION('ref_axis',(-1.,0.,0.));
#8824=DIRECTION('center_axis',(0.,-0.978147600733806,-0.207911690817759));
#8825=DIRECTION('ref_axis',(-1.,0.,0.));
#8826=DIRECTION('',(-0.203558594952778,0.203558594952779,-0.957667894857973));
#8827=DIRECTION('',(-1.,0.,0.));
#8828=DIRECTION('',(-0.203558594952778,-0.203558594952779,0.957667894857973));
#8829=DIRECTION('center_axis',(-0.203558594952778,0.203558594952779,-0.957667894857973));
#8830=DIRECTION('ref_axis',(0.677173462578715,-0.677173462578721,-0.287875325719831));
#8831=DIRECTION('',(-0.203558594952778,0.203558594952779,-0.957667894857973));
#8832=DIRECTION('center_axis',(0.,0.,-1.));
#8833=DIRECTION('ref_axis',(0.707106781186544,-0.707106781186551,0.));
#8834=DIRECTION('center_axis',(0.978147600733806,0.,-0.207911690817759));
#8835=DIRECTION('ref_axis',(0.,-1.,0.));
#8836=DIRECTION('',(-0.203558594952778,-0.203558594952779,-0.957667894857973));
#8837=DIRECTION('',(0.,-1.,0.));
#8838=DIRECTION('center_axis',(0.203558594952778,0.203558594952779,-0.957667894857973));
#8839=DIRECTION('ref_axis',(-0.677173462578721,-0.677173462578715,-0.28787532571983));
#8840=DIRECTION('center_axis',(0.,0.,-1.));
#8841=DIRECTION('ref_axis',(-0.70710678118655,-0.707106781186545,0.));
#8842=DIRECTION('center_axis',(0.,0.978147600733806,-0.207911690817759));
#8843=DIRECTION('ref_axis',(1.,0.,0.));
#8844=DIRECTION('',(1.,0.,0.));
#8845=DIRECTION('',(0.203558594952778,0.203558594952779,0.957667894857973));
#8846=DIRECTION('center_axis',(0.,0.,1.));
#8847=DIRECTION('ref_axis',(1.,0.,0.));
#8848=DIRECTION('center_axis',(0.,0.,1.));
#8849=DIRECTION('ref_axis',(0.,1.,0.));
#8850=DIRECTION('center_axis',(0.,0.,-1.));
#8851=DIRECTION('ref_axis',(0.,1.,0.));
#8852=DIRECTION('center_axis',(0.,0.,1.));
#8853=DIRECTION('ref_axis',(1.,0.,0.));
#8854=DIRECTION('center_axis',(0.,0.,1.));
#8855=DIRECTION('ref_axis',(-1.,0.,0.));
#8856=DIRECTION('center_axis',(0.,0.,1.));
#8857=DIRECTION('ref_axis',(1.,0.,0.));
#8858=DIRECTION('center_axis',(0.,0.,-1.));
#8859=DIRECTION('ref_axis',(0.707106781186545,0.70710678118655,0.));
#8860=DIRECTION('center_axis',(-0.203558594952778,-0.203558594952779,-0.957667894857973));
#8861=DIRECTION('ref_axis',(0.677173462578716,0.677173462578721,-0.287875325719831));
#8862=DIRECTION('center_axis',(-1.,5.07884512825506E-14,0.));
#8863=DIRECTION('ref_axis',(-5.07884512825506E-14,-1.,0.));
#8864=DIRECTION('',(-1.69294837608496E-14,-1.,0.));
#8865=DIRECTION('',(0.,0.,1.));
#8866=DIRECTION('',(-1.69294837608496E-14,-1.,0.));
#8867=DIRECTION('',(0.,0.,1.));
#8868=DIRECTION('center_axis',(1.8480744135695E-14,1.,0.));
#8869=DIRECTION('ref_axis',(-1.,1.8480744135695E-14,0.));
#8870=DIRECTION('',(-1.,6.16024804523165E-15,0.));
#8871=DIRECTION('',(-1.,6.16024804523165E-15,0.));
#8872=DIRECTION('',(0.,0.,1.));
#8873=DIRECTION('center_axis',(1.,-5.07884512825506E-14,0.));
#8874=DIRECTION('ref_axis',(5.07884512825506E-14,1.,0.));
#8875=DIRECTION('',(1.69294837608496E-14,1.,0.));
#8876=DIRECTION('',(1.69294837608496E-14,1.,0.));
#8877=DIRECTION('',(0.,0.,1.));
#8878=DIRECTION('center_axis',(-3.06171276392022E-9,-1.,0.));
#8879=DIRECTION('ref_axis',(1.,-3.06171276392022E-9,0.));
#8880=DIRECTION('',(1.,-1.0205709220921E-9,0.));
#8881=DIRECTION('',(1.,-1.0205709220921E-9,0.));
#8882=DIRECTION('',(0.,0.,1.));
#8883=DIRECTION('',(0.,0.,1.));
#8884=DIRECTION('center_axis',(-1.12601348821065E-13,-1.,0.));
#8885=DIRECTION('ref_axis',(1.,-1.12601348821065E-13,0.));
#8886=DIRECTION('',(1.,-1.05094592232994E-13,0.));
#8887=DIRECTION('',(1.,-1.05094592232994E-13,0.));
#8888=DIRECTION('',(0.,0.,1.));
#8889=DIRECTION('center_axis',(-1.,-5.11003030577101E-14,0.));
#8890=DIRECTION('ref_axis',(5.11003030577101E-14,-1.,0.));
#8891=DIRECTION('',(1.70334343525706E-14,-1.,0.));
#8892=DIRECTION('',(1.70334343525706E-14,-1.,0.));
#8893=DIRECTION('',(0.,0.,1.));
#8894=DIRECTION('center_axis',(-1.30379002525696E-10,1.,0.));
#8895=DIRECTION('ref_axis',(-1.,-1.30379002525696E-10,0.));
#8896=DIRECTION('',(-1.,-4.34596675080565E-11,0.));
#8897=DIRECTION('',(-1.,-4.34596675080565E-11,0.));
#8898=DIRECTION('',(0.,0.,1.));
#8899=DIRECTION('',(0.,0.,1.));
#8900=DIRECTION('center_axis',(0.,-1.,0.));
#8901=DIRECTION('ref_axis',(1.,0.,0.));
#8902=DIRECTION('',(1.,0.,0.));
#8903=DIRECTION('',(1.,0.,0.));
#8904=DIRECTION('center_axis',(0.,0.,1.));
#8905=DIRECTION('ref_axis',(1.,0.,0.));
#8906=DIRECTION('center_axis',(0.,0.,1.));
#8907=DIRECTION('ref_axis',(1.,0.,0.));
#8908=DIRECTION('center_axis',(-1.,4.91234049293568E-14,0.));
#8909=DIRECTION('ref_axis',(-4.91234049293568E-14,-1.,0.));
#8910=DIRECTION('',(-1.63744683097851E-14,-1.,0.));
#8911=DIRECTION('',(0.,0.,1.));
#8912=DIRECTION('',(-1.63744683097851E-14,-1.,0.));
#8913=DIRECTION('',(0.,0.,1.));
#8914=DIRECTION('center_axis',(1.8480744135695E-14,1.,0.));
#8915=DIRECTION('ref_axis',(-1.,1.8480744135695E-14,0.));
#8916=DIRECTION('',(-1.,6.16024804523165E-15,0.));
#8917=DIRECTION('',(-1.,6.16024804523165E-15,0.));
#8918=DIRECTION('',(0.,0.,1.));
#8919=DIRECTION('center_axis',(1.,-5.07884512825506E-14,0.));
#8920=DIRECTION('ref_axis',(5.07884512825506E-14,1.,0.));
#8921=DIRECTION('',(1.69294837608496E-14,1.,0.));
#8922=DIRECTION('',(1.69294837608496E-14,1.,0.));
#8923=DIRECTION('',(0.,0.,1.));
#8924=DIRECTION('center_axis',(-1.79414138404064E-9,-1.,0.));
#8925=DIRECTION('ref_axis',(1.,-1.79414138404064E-9,0.));
#8926=DIRECTION('',(1.,-5.98047128473758E-10,0.));
#8927=DIRECTION('',(1.,-5.98047128473758E-10,0.));
#8928=DIRECTION('',(0.,0.,1.));
#8929=DIRECTION('',(0.,0.,1.));
#8930=DIRECTION('center_axis',(0.,-1.,0.));
#8931=DIRECTION('ref_axis',(1.,0.,0.));
#8932=DIRECTION('',(1.,0.,0.));
#8933=DIRECTION('',(1.,0.,0.));
#8934=DIRECTION('',(0.,0.,1.));
#8935=DIRECTION('center_axis',(-1.,5.03611593746482E-14,0.));
#8936=DIRECTION('ref_axis',(-5.03611593746482E-14,-1.,0.));
#8937=DIRECTION('',(-1.67870531248827E-14,-1.,0.));
#8938=DIRECTION('',(-1.67870531248827E-14,-1.,0.));
#8939=DIRECTION('',(0.,0.,1.));
#8940=DIRECTION('center_axis',(1.01913453710237E-10,1.,0.));
#8941=DIRECTION('ref_axis',(-1.,1.01913453710237E-10,0.));
#8942=DIRECTION('',(-1.,3.39711512363448E-11,0.));
#8943=DIRECTION('',(-1.,3.39711512363448E-11,0.));
#8944=DIRECTION('',(0.,0.,1.));
#8945=DIRECTION('',(0.,0.,1.));
#8946=DIRECTION('center_axis',(0.,-1.,0.));
#8947=DIRECTION('ref_axis',(1.,0.,0.));
#8948=DIRECTION('',(1.,0.,0.));
#8949=DIRECTION('',(1.,0.,0.));
#8950=DIRECTION('center_axis',(0.,0.,1.));
#8951=DIRECTION('ref_axis',(1.,0.,0.));
#8952=DIRECTION('center_axis',(0.,0.,1.));
#8953=DIRECTION('ref_axis',(1.,0.,0.));
#8954=DIRECTION('center_axis',(-6.61789047818044E-10,1.,0.));
#8955=DIRECTION('ref_axis',(-1.,-6.61789047818044E-10,0.));
#8956=DIRECTION('',(-1.,-6.61789047818044E-10,0.));
#8957=DIRECTION('',(0.,0.,1.));
#8958=DIRECTION('',(1.,6.61789047818044E-10,0.));
#8959=DIRECTION('',(0.,0.,1.));
#8960=DIRECTION('',(0.,0.,1.));
#8961=DIRECTION('center_axis',(-4.77180232467343E-10,-1.,0.));
#8962=DIRECTION('ref_axis',(1.,-4.77180232467343E-10,0.));
#8963=DIRECTION('',(1.,-4.77180232467343E-10,0.));
#8964=DIRECTION('',(0.,0.,1.));
#8965=DIRECTION('',(-1.,4.77180232467343E-10,0.));
#8966=DIRECTION('center_axis',(4.66908998984246E-10,1.,0.));
#8967=DIRECTION('ref_axis',(-1.,4.66908998984246E-10,0.));
#8968=DIRECTION('',(-1.,0.,0.));
#8969=DIRECTION('',(0.,0.,1.));
#8970=DIRECTION('',(-1.,0.,0.));
#8971=DIRECTION('',(0.,0.,1.));
#8972=DIRECTION('',(0.,0.,1.));
#8973=DIRECTION('center_axis',(-1.05599503449897E-11,-1.,0.));
#8974=DIRECTION('ref_axis',(1.,-1.05599503449897E-11,0.));
#8975=DIRECTION('',(1.,-3.5199834475206E-12,0.));
#8976=DIRECTION('',(1.,-3.5199834475206E-12,0.));
#8977=DIRECTION('',(0.,0.,1.));
#8978=DIRECTION('center_axis',(0.,0.,1.));
#8979=DIRECTION('ref_axis',(1.,0.,0.));
#8980=DIRECTION('center_axis',(0.,0.,1.));
#8981=DIRECTION('ref_axis',(1.,0.,0.));
#8982=DIRECTION('center_axis',(8.75422387675846E-14,-1.,0.));
#8983=DIRECTION('ref_axis',(1.,8.75422387675846E-14,0.));
#8984=DIRECTION('',(1.,8.75422387675846E-14,0.));
#8985=DIRECTION('',(0.,0.,1.));
#8986=DIRECTION('',(-1.,-8.75422387675846E-14,0.));
#8987=DIRECTION('',(0.,0.,1.));
#8988=DIRECTION('center_axis',(-1.,0.,0.));
#8989=DIRECTION('ref_axis',(0.,-1.,0.));
#8990=DIRECTION('',(0.,-1.,0.));
#8991=DIRECTION('',(0.,0.,1.));
#8992=DIRECTION('',(0.,1.,0.));
#8993=DIRECTION('center_axis',(2.88106881114633E-9,1.,0.));
#8994=DIRECTION('ref_axis',(-1.,2.88106881114633E-9,0.));
#8995=DIRECTION('',(-1.,2.88106881114633E-9,0.));
#8996=DIRECTION('',(0.,0.,1.));
#8997=DIRECTION('',(1.,-2.88106881114633E-9,0.));
#8998=DIRECTION('center_axis',(-1.,2.04084760845658E-14,0.));
#8999=DIRECTION('ref_axis',(-2.04084760845658E-14,-1.,0.));
#9000=DIRECTION('',(-6.80282536152202E-15,-1.,0.));
#9001=DIRECTION('',(0.,0.,1.));
#9002=DIRECTION('',(-6.80282536152202E-15,-1.,0.));
#9003=DIRECTION('',(0.,0.,1.));
#9004=DIRECTION('center_axis',(2.46306150034853E-9,-1.,0.));
#9005=DIRECTION('ref_axis',(1.,2.46306150034853E-9,0.));
#9006=DIRECTION('',(1.,8.21020498636222E-10,0.));
#9007=DIRECTION('',(1.,8.21020498636222E-10,0.));
#9008=DIRECTION('',(0.,0.,1.));
#9009=DIRECTION('',(0.,0.,1.));
#9010=DIRECTION('center_axis',(1.,-5.8295960764962E-10,0.));
#9011=DIRECTION('ref_axis',(5.8295960764962E-10,1.,0.));
#9012=DIRECTION('',(1.94319869225718E-10,1.,0.));
#9013=DIRECTION('',(1.94319869225718E-10,1.,0.));
#9014=DIRECTION('',(0.,0.,1.));
#9015=DIRECTION('',(0.,0.,1.));
#9016=DIRECTION('center_axis',(2.95647034532725E-11,1.,0.));
#9017=DIRECTION('ref_axis',(-1.,2.95647034532725E-11,0.));
#9018=DIRECTION('',(-1.,9.85490115671997E-12,0.));
#9019=DIRECTION('',(-1.,9.85490115671997E-12,0.));
#9020=DIRECTION('',(0.,0.,1.));
#9021=DIRECTION('',(0.,0.,1.));
#9022=DIRECTION('center_axis',(0.,-1.,0.));
#9023=DIRECTION('ref_axis',(1.,0.,0.));
#9024=DIRECTION('',(1.,0.,0.));
#9025=DIRECTION('',(1.,0.,0.));
#9026=DIRECTION('center_axis',(0.,0.,1.));
#9027=DIRECTION('ref_axis',(1.,0.,0.));
#9028=DIRECTION('center_axis',(0.,0.,1.));
#9029=DIRECTION('ref_axis',(1.,0.,0.));
#9030=DIRECTION('center_axis',(1.,9.31794452326212E-14,0.));
#9031=DIRECTION('ref_axis',(-9.31794452326212E-14,1.,0.));
#9032=DIRECTION('',(-3.10598150775365E-14,1.,0.));
#9033=DIRECTION('',(0.,0.,1.));
#9034=DIRECTION('',(-3.10598150775365E-14,1.,0.));
#9035=DIRECTION('',(0.,0.,1.));
#9036=DIRECTION('center_axis',(2.73721993063147E-10,1.,0.));
#9037=DIRECTION('ref_axis',(-1.,2.73721993063147E-10,0.));
#9038=DIRECTION('',(-1.,9.12406643661654E-11,0.));
#9039=DIRECTION('',(-1.,9.12406643661654E-11,0.));
#9040=DIRECTION('',(0.,0.,1.));
#9041=DIRECTION('',(0.,0.,1.));
#9042=DIRECTION('center_axis',(-1.36507731016081E-9,-1.,0.));
#9043=DIRECTION('ref_axis',(1.,-1.36507731016081E-9,0.));
#9044=DIRECTION('',(1.,-4.55025769870763E-10,0.));
#9045=DIRECTION('',(1.,-4.55025769870763E-10,0.));
#9046=DIRECTION('',(0.,0.,1.));
#9047=DIRECTION('',(0.,0.,1.));
#9048=DIRECTION('center_axis',(-2.47965509731787E-14,-1.,0.));
#9049=DIRECTION('ref_axis',(1.,-2.47965509731787E-14,0.));
#9050=DIRECTION('',(1.,-8.26551699105955E-15,0.));
#9051=DIRECTION('',(1.,-8.26551699105955E-15,0.));
#9052=DIRECTION('',(0.,0.,1.));
#9053=DIRECTION('center_axis',(1.,6.63298954638801E-14,0.));
#9054=DIRECTION('ref_axis',(-6.63298954638801E-14,1.,0.));
#9055=DIRECTION('',(-2.21099651546277E-14,1.,0.));
#9056=DIRECTION('',(-2.21099651546277E-14,1.,0.));
#9057=DIRECTION('',(0.,0.,1.));
#9058=DIRECTION('center_axis',(1.23191405932653E-13,-1.,0.));
#9059=DIRECTION('ref_axis',(1.,1.23191405932653E-13,0.));
#9060=DIRECTION('',(1.,4.10638019775518E-14,0.));
#9061=DIRECTION('',(1.,4.10638019775518E-14,0.));
#9062=DIRECTION('',(0.,0.,1.));
#9063=DIRECTION('center_axis',(-1.,6.63298954638757E-14,0.));
#9064=DIRECTION('ref_axis',(-6.63298954638757E-14,-1.,0.));
#9065=DIRECTION('',(-2.21099651546272E-14,-1.,0.));
#9066=DIRECTION('',(-2.21099651546272E-14,-1.,0.));
#9067=DIRECTION('',(0.,0.,1.));
#9068=DIRECTION('center_axis',(-2.17424741061468E-14,-1.,0.));
#9069=DIRECTION('ref_axis',(1.,-2.17424741061468E-14,0.));
#9070=DIRECTION('',(1.,-7.24749136871562E-15,0.));
#9071=DIRECTION('',(1.,-7.24749136871562E-15,0.));
#9072=DIRECTION('',(0.,0.,1.));
#9073=DIRECTION('center_axis',(-1.,-5.00389129156795E-14,0.));
#9074=DIRECTION('ref_axis',(5.00389129156795E-14,-1.,0.));
#9075=DIRECTION('',(1.66796376385593E-14,-1.,0.));
#9076=DIRECTION('',(1.66796376385593E-14,-1.,0.));
#9077=DIRECTION('',(0.,0.,1.));
#9078=DIRECTION('center_axis',(-1.08712370530734E-14,1.,0.));
#9079=DIRECTION('ref_axis',(-1.,-1.08712370530734E-14,0.));
#9080=DIRECTION('',(-1.,-3.62374568435781E-15,0.));
#9081=DIRECTION('',(-1.,-3.62374568435781E-15,0.));
#9082=DIRECTION('',(0.,0.,1.));
#9083=DIRECTION('center_axis',(-1.,-9.31794452326125E-14,0.));
#9084=DIRECTION('ref_axis',(9.31794452326125E-14,-1.,0.));
#9085=DIRECTION('',(3.10598150775356E-14,-1.,0.));
#9086=DIRECTION('',(3.10598150775356E-14,-1.,0.));
#9087=DIRECTION('',(0.,0.,1.));
#9088=DIRECTION('center_axis',(0.,1.,0.));
#9089=DIRECTION('ref_axis',(-1.,0.,0.));
#9090=DIRECTION('',(-1.,0.,0.));
#9091=DIRECTION('',(-1.,0.,0.));
#9092=DIRECTION('center_axis',(0.,0.,1.));
#9093=DIRECTION('ref_axis',(1.,0.,0.));
#9094=DIRECTION('center_axis',(0.,0.,1.));
#9095=DIRECTION('ref_axis',(1.,0.,0.));
#9096=DIRECTION('center_axis',(0.996374175476746,-0.0850793890612399,0.));
#9097=DIRECTION('ref_axis',(0.0850793890612399,0.996374175476746,0.));
#9098=DIRECTION('',(0.0850793891775841,0.996374175466812,0.));
#9099=DIRECTION('',(0.,0.,1.));
#9100=DIRECTION('',(0.0850793891775841,0.996374175466812,0.));
#9101=DIRECTION('',(0.,0.,1.));
#9102=DIRECTION('center_axis',(0.,0.,-1.));
#9103=DIRECTION('ref_axis',(0.731762175066618,-0.681560062754393,0.));
#9104=DIRECTION('center_axis',(0.,0.,1.));
#9105=DIRECTION('ref_axis',(0.983372649411798,-0.181599097984601,0.));
#9106=DIRECTION('center_axis',(0.,0.,1.));
#9107=DIRECTION('ref_axis',(0.983372649411798,-0.181599097984601,0.));
#9108=DIRECTION('',(0.,0.,1.));
#9109=DIRECTION('center_axis',(0.219525493291387,-0.975606763914218,0.));
#9110=DIRECTION('ref_axis',(0.975606763914218,0.219525493291387,0.));
#9111=DIRECTION('',(0.975606763880829,0.219525493439775,0.));
#9112=DIRECTION('',(0.975606763880829,0.219525493439775,0.));
#9113=DIRECTION('',(0.,0.,1.));
#9114=DIRECTION('',(0.,0.,1.));
#9115=DIRECTION('center_axis',(0.371390675801874,-0.928476691106151,0.));
#9116=DIRECTION('ref_axis',(0.928476691106151,0.371390675801874,0.));
#9117=DIRECTION('',(0.928476690903495,0.371390676308515,0.));
#9118=DIRECTION('',(0.928476690903495,0.371390676308515,0.));
#9119=DIRECTION('',(0.,0.,1.));
#9120=DIRECTION('',(0.,0.,1.));
#9121=DIRECTION('center_axis',(-0.223382536272138,0.974730856436087,0.));
#9122=DIRECTION('ref_axis',(-0.974730856436087,-0.223382536272138,0.));
#9123=DIRECTION('',(-0.974730856417191,-0.22338253635459,0.));
#9124=DIRECTION('',(-0.974730856417191,-0.22338253635459,0.));
#9125=DIRECTION('',(0.,0.,1.));
#9126=DIRECTION('center_axis',(0.,0.,1.));
#9127=DIRECTION('ref_axis',(0.826512173507499,-0.562918845877369,0.));
#9128=DIRECTION('center_axis',(0.,0.,-1.));
#9129=DIRECTION('ref_axis',(0.342195548079416,-0.939628760135953,0.));
#9130=DIRECTION('center_axis',(-2.01279984500289E-16,1.37087268923273E-16,
-1.));
#9131=DIRECTION('ref_axis',(0.342195548079416,-0.939628760135953,-1.83364438149472E-16));
#9132=DIRECTION('',(0.,0.,1.));
#9133=DIRECTION('center_axis',(-1.,-4.93152030422941E-14,0.));
#9134=DIRECTION('ref_axis',(4.93152030422941E-14,-1.,0.));
#9135=DIRECTION('',(1.6438401014098E-14,-1.,0.));
#9136=DIRECTION('',(1.6438401014098E-14,-1.,0.));
#9137=DIRECTION('',(0.,0.,1.));
#9138=DIRECTION('center_axis',(-0.140718899974199,0.990049590268109,0.));
#9139=DIRECTION('ref_axis',(-0.990049590268109,-0.140718899974199,0.));
#9140=DIRECTION('',(-0.990049590268109,-0.140718899974199,0.));
#9141=DIRECTION('',(-0.990049590268109,-0.140718899974199,0.));
#9142=DIRECTION('center_axis',(0.,0.,1.));
#9143=DIRECTION('ref_axis',(1.,0.,0.));
#9144=DIRECTION('center_axis',(0.,0.,1.));
#9145=DIRECTION('ref_axis',(1.,0.,0.));
#9146=DIRECTION('center_axis',(0.,-1.,0.));
#9147=DIRECTION('ref_axis',(1.,0.,0.));
#9148=DIRECTION('',(1.,0.,0.));
#9149=DIRECTION('',(0.,0.,1.));
#9150=DIRECTION('',(1.,0.,0.));
#9151=DIRECTION('',(0.,0.,1.));
#9152=DIRECTION('center_axis',(-1.,0.,0.));
#9153=DIRECTION('ref_axis',(0.,-1.,0.));
#9154=DIRECTION('',(0.,-1.,0.));
#9155=DIRECTION('',(0.,-1.,0.));
#9156=DIRECTION('',(0.,0.,1.));
#9157=DIRECTION('center_axis',(0.,1.,0.));
#9158=DIRECTION('ref_axis',(-1.,0.,0.));
#9159=DIRECTION('',(-1.,0.,0.));
#9160=DIRECTION('',(-1.,0.,0.));
#9161=DIRECTION('',(0.,0.,1.));
#9162=DIRECTION('center_axis',(1.,0.,0.));
#9163=DIRECTION('ref_axis',(0.,1.,0.));
#9164=DIRECTION('',(0.,1.,0.));
#9165=DIRECTION('',(0.,1.,0.));
#9166=DIRECTION('center_axis',(0.,0.,1.));
#9167=DIRECTION('ref_axis',(1.,0.,0.));
#9168=DIRECTION('center_axis',(0.,0.,1.));
#9169=DIRECTION('ref_axis',(1.,0.,0.));
#9170=DIRECTION('center_axis',(1.,0.,0.));
#9171=DIRECTION('ref_axis',(0.,1.,0.));
#9172=DIRECTION('',(0.,1.,0.));
#9173=DIRECTION('',(0.,0.,1.));
#9174=DIRECTION('',(0.,1.,0.));
#9175=DIRECTION('',(0.,0.,1.));
#9176=DIRECTION('center_axis',(0.229495642854743,-0.973309688593866,0.));
#9177=DIRECTION('ref_axis',(0.973309688593866,0.229495642854743,0.));
#9178=DIRECTION('',(0.973309688593866,0.229495642854743,0.));
#9179=DIRECTION('',(0.973309688593866,0.229495642854743,0.));
#9180=DIRECTION('',(0.,0.,1.));
#9181=DIRECTION('center_axis',(-0.999907995991001,-0.0135646434992257,0.));
#9182=DIRECTION('ref_axis',(0.0135646434992257,-0.999907995991001,0.));
#9183=DIRECTION('',(0.0135646434992257,-0.999907995991001,0.));
#9184=DIRECTION('',(0.0135646434992257,-0.999907995991001,0.));
#9185=DIRECTION('',(0.,0.,1.));
#9186=DIRECTION('center_axis',(-0.229921425239146,0.973209195505262,0.));
#9187=DIRECTION('ref_axis',(-0.973209195505263,-0.229921425239146,0.));
#9188=DIRECTION('',(-0.973209195505263,-0.229921425239146,0.));
#9189=DIRECTION('',(-0.973209195505263,-0.229921425239146,0.));
#9190=DIRECTION('center_axis',(0.,0.,1.));
#9191=DIRECTION('ref_axis',(1.,0.,0.));
#9192=DIRECTION('center_axis',(0.,0.,1.));
#9193=DIRECTION('ref_axis',(1.,0.,0.));
#9194=DIRECTION('center_axis',(1.67361040620931E-10,1.,0.));
#9195=DIRECTION('ref_axis',(-1.,1.67361040620931E-10,0.));
#9196=DIRECTION('',(-1.,5.57870135396576E-11,0.));
#9197=DIRECTION('',(0.,0.,1.));
#9198=DIRECTION('',(-1.,5.57870135396576E-11,0.));
#9199=DIRECTION('',(0.,0.,1.));
#9200=DIRECTION('',(0.,0.,1.));
#9201=DIRECTION('center_axis',(2.44180894527386E-14,-1.,0.));
#9202=DIRECTION('ref_axis',(1.,2.44180894527386E-14,0.));
#9203=DIRECTION('',(1.,8.13936315091289E-15,0.));
#9204=DIRECTION('',(1.,8.13936315091289E-15,0.));
#9205=DIRECTION('',(0.,0.,1.));
#9206=DIRECTION('center_axis',(-1.,5.07884512825429E-14,0.));
#9207=DIRECTION('ref_axis',(-5.07884512825429E-14,-1.,0.));
#9208=DIRECTION('',(-1.69294837608488E-14,-1.,0.));
#9209=DIRECTION('',(-1.69294837608488E-14,-1.,0.));
#9210=DIRECTION('',(0.,0.,1.));
#9211=DIRECTION('center_axis',(-9.24037206784751E-15,1.,0.));
#9212=DIRECTION('ref_axis',(-1.,-9.24037206784751E-15,0.));
#9213=DIRECTION('',(-1.,-3.08012402261583E-15,0.));
#9214=DIRECTION('',(-1.,-3.08012402261583E-15,0.));
#9215=DIRECTION('',(0.,0.,1.));
#9216=DIRECTION('center_axis',(1.,-5.07884512825455E-14,0.));
#9217=DIRECTION('ref_axis',(5.07884512825455E-14,1.,0.));
#9218=DIRECTION('',(1.69294837608491E-14,1.,0.));
#9219=DIRECTION('',(1.69294837608491E-14,1.,0.));
#9220=DIRECTION('',(0.,0.,1.));
#9221=DIRECTION('center_axis',(-3.8416221764759E-10,-1.,0.));
#9222=DIRECTION('ref_axis',(1.,-3.8416221764759E-10,0.));
#9223=DIRECTION('',(1.,-1.28054072647738E-10,0.));
#9224=DIRECTION('',(1.,-1.28054072647738E-10,0.));
#9225=DIRECTION('',(0.,0.,1.));
#9226=DIRECTION('',(0.,0.,1.));
#9227=DIRECTION('center_axis',(9.1697877660876E-11,-1.,0.));
#9228=DIRECTION('ref_axis',(1.,9.1697877660876E-11,0.));
#9229=DIRECTION('',(1.,9.16903841675635E-11,0.));
#9230=DIRECTION('',(1.,9.16903841675635E-11,0.));
#9231=DIRECTION('',(0.,0.,1.));
#9232=DIRECTION('center_axis',(-1.,0.,0.));
#9233=DIRECTION('ref_axis',(0.,-1.,0.));
#9234=DIRECTION('',(0.,-1.,0.));
#9235=DIRECTION('',(0.,-1.,0.));
#9236=DIRECTION('center_axis',(0.,0.,1.));
#9237=DIRECTION('ref_axis',(1.,0.,0.));
#9238=DIRECTION('center_axis',(0.,0.,1.));
#9239=DIRECTION('ref_axis',(1.,0.,0.));
#9240=DIRECTION('center_axis',(0.,1.,0.));
#9241=DIRECTION('ref_axis',(-1.,0.,0.));
#9242=DIRECTION('',(-1.,0.,0.));
#9243=DIRECTION('',(0.,0.,1.));
#9244=DIRECTION('',(-1.,0.,0.));
#9245=DIRECTION('',(0.,0.,1.));
#9246=DIRECTION('center_axis',(1.,0.,0.));
#9247=DIRECTION('ref_axis',(0.,1.,0.));
#9248=DIRECTION('',(0.,1.,0.));
#9249=DIRECTION('',(0.,1.,0.));
#9250=DIRECTION('',(0.,0.,1.));
#9251=DIRECTION('center_axis',(0.,-1.,0.));
#9252=DIRECTION('ref_axis',(1.,0.,0.));
#9253=DIRECTION('',(1.,0.,0.));
#9254=DIRECTION('',(1.,0.,0.));
#9255=DIRECTION('',(0.,0.,1.));
#9256=DIRECTION('center_axis',(-1.,0.,0.));
#9257=DIRECTION('ref_axis',(0.,-1.,0.));
#9258=DIRECTION('',(0.,-1.,0.));
#9259=DIRECTION('',(0.,-1.,0.));
#9260=DIRECTION('center_axis',(0.,0.,1.));
#9261=DIRECTION('ref_axis',(1.,0.,0.));
#9262=DIRECTION('center_axis',(0.,0.,1.));
#9263=DIRECTION('ref_axis',(1.,0.,0.));
#9264=DIRECTION('center_axis',(0.,0.,1.));
#9265=DIRECTION('ref_axis',(-1.,0.,0.));
#9266=DIRECTION('center_axis',(0.,0.,1.));
#9267=DIRECTION('ref_axis',(-1.,0.,0.));
#9268=DIRECTION('center_axis',(0.,0.,1.));
#9269=DIRECTION('ref_axis',(-1.,0.,0.));
#9270=DIRECTION('center_axis',(0.,0.,1.));
#9271=DIRECTION('ref_axis',(1.,0.,0.));
#9272=DIRECTION('center_axis',(0.,0.,1.));
#9273=DIRECTION('ref_axis',(1.,0.,0.));
#9274=DIRECTION('center_axis',(0.,0.,1.));
#9275=DIRECTION('ref_axis',(-1.,0.,0.));
#9276=DIRECTION('center_axis',(0.,0.,1.));
#9277=DIRECTION('ref_axis',(-1.,0.,0.));
#9278=DIRECTION('center_axis',(0.,0.,1.));
#9279=DIRECTION('ref_axis',(-1.,0.,0.));
#9280=DIRECTION('center_axis',(0.,0.,1.));
#9281=DIRECTION('ref_axis',(1.,0.,0.));
#9282=DIRECTION('center_axis',(0.,0.,1.));
#9283=DIRECTION('ref_axis',(1.,0.,0.));
#9284=DIRECTION('center_axis',(-1.,0.,0.));
#9285=DIRECTION('ref_axis',(0.,0.,-1.));
#9286=DIRECTION('',(0.,0.,-1.));
#9287=DIRECTION('',(0.,-1.,0.));
#9288=DIRECTION('',(0.,0.,-1.));
#9289=DIRECTION('',(0.,-1.,0.));
#9290=DIRECTION('center_axis',(0.,0.,1.));
#9291=DIRECTION('ref_axis',(-1.,0.,0.));
#9292=DIRECTION('',(-1.,0.,0.));
#9293=DIRECTION('',(-1.,0.,0.));
#9294=DIRECTION('',(0.,-1.,0.));
#9295=DIRECTION('center_axis',(1.,0.,0.));
#9296=DIRECTION('ref_axis',(0.,0.,1.));
#9297=DIRECTION('',(0.,0.,1.));
#9298=DIRECTION('',(0.,0.,1.));
#9299=DIRECTION('',(0.,-1.,0.));
#9300=DIRECTION('center_axis',(0.,0.,-1.));
#9301=DIRECTION('ref_axis',(1.,0.,0.));
#9302=DIRECTION('',(1.,0.,0.));
#9303=DIRECTION('',(1.,0.,0.));
#9304=DIRECTION('center_axis',(0.,-1.,0.));
#9305=DIRECTION('ref_axis',(0.,0.,-1.));
#9306=DIRECTION('center_axis',(0.,1.,0.));
#9307=DIRECTION('ref_axis',(0.,0.,1.));
#9308=DIRECTION('center_axis',(1.,0.,0.));
#9309=DIRECTION('ref_axis',(0.,0.,-1.));
#9310=DIRECTION('',(0.,0.,-1.));
#9311=DIRECTION('',(0.,1.,0.));
#9312=DIRECTION('',(0.,0.,-1.));
#9313=DIRECTION('',(0.,1.,0.));
#9314=DIRECTION('center_axis',(0.,0.,-1.));
#9315=DIRECTION('ref_axis',(-1.,0.,0.));
#9316=DIRECTION('',(-1.,0.,0.));
#9317=DIRECTION('',(0.,1.,0.));
#9318=DIRECTION('',(-1.,0.,0.));
#9319=DIRECTION('center_axis',(-1.,0.,0.));
#9320=DIRECTION('ref_axis',(0.,0.,1.));
#9321=DIRECTION('',(0.,0.,1.));
#9322=DIRECTION('',(0.,1.,0.));
#9323=DIRECTION('',(0.,0.,1.));
#9324=DIRECTION('center_axis',(0.,0.,1.));
#9325=DIRECTION('ref_axis',(1.,0.,0.));
#9326=DIRECTION('',(1.,0.,0.));
#9327=DIRECTION('',(1.,0.,0.));
#9328=DIRECTION('center_axis',(0.,-1.,0.));
#9329=DIRECTION('ref_axis',(0.,0.,-1.));
#9330=DIRECTION('center_axis',(0.,1.,0.));
#9331=DIRECTION('ref_axis',(0.,0.,1.));
#9332=DIRECTION('center_axis',(0.,1.22464679914735E-16,-1.));
#9333=DIRECTION('ref_axis',(-1.,0.,0.));
#9334=DIRECTION('center_axis',(0.,1.22464679914735E-16,-1.));
#9335=DIRECTION('ref_axis',(1.,0.,0.));
#9336=DIRECTION('center_axis',(0.,1.22464679914735E-16,-1.));
#9337=DIRECTION('ref_axis',(1.,0.,0.));
#9338=DIRECTION('center_axis',(0.,0.,-1.));
#9339=DIRECTION('ref_axis',(-1.,0.,0.));
#9340=DIRECTION('center_axis',(-1.22464679914735E-16,-1.,0.));
#9341=DIRECTION('ref_axis',(0.629320391049839,-7.70695202537345E-17,0.77714596145697));
#9342=DIRECTION('',(1.22464679914735E-16,1.,0.));
#9343=DIRECTION('center_axis',(0.707106781186547,-0.707106781186548,0.));
#9344=DIRECTION('ref_axis',(0.707106781186548,0.707106781186547,-4.9065389333868E-17));
#9345=DIRECTION('',(-1.22464679914735E-16,-1.,0.));
#9346=DIRECTION('center_axis',(0.707106781186548,0.707106781186547,0.));
#9347=DIRECTION('ref_axis',(0.707106781186547,-0.707106781186548,-4.9065389333868E-17));
#9348=DIRECTION('center_axis',(-1.,1.22464679914735E-16,0.));
#9349=DIRECTION('ref_axis',(-7.70695202537344E-17,-0.629320391049838,0.777145961456971));
#9350=DIRECTION('',(-1.,1.22464679914735E-16,0.));
#9351=DIRECTION('center_axis',(0.707106781186548,-0.707106781186547,0.));
#9352=DIRECTION('ref_axis',(-0.707106781186547,-0.707106781186548,0.));
#9353=DIRECTION('center_axis',(0.707106781186547,-8.65956056235492E-17,
-0.707106781186549));
#9354=DIRECTION('ref_axis',(0.707106781186548,1.15351730441863E-17,0.707106781186546));
#9355=DIRECTION('',(1.,-1.22464679914735E-16,0.));
#9356=DIRECTION('center_axis',(1.,-1.22464679914735E-16,0.));
#9357=DIRECTION('ref_axis',(7.70695202537345E-17,0.629320391049838,0.77714596145697));
#9358=DIRECTION('',(-1.,1.22464679914735E-16,0.));
#9359=DIRECTION('center_axis',(0.707106781186547,-8.65956056235492E-17,
-0.707106781186549));
#9360=DIRECTION('ref_axis',(0.707106781186549,-1.35660994957417E-16,0.707106781186547));
#9361=DIRECTION('center_axis',(0.707106781186549,0.707106781186546,0.));
#9362=DIRECTION('ref_axis',(-0.707106781186546,0.707106781186549,0.));
#9363=DIRECTION('',(1.,-1.22464679914735E-16,0.));
#9364=DIRECTION('center_axis',(1.19788532833232E-16,0.978147600733806,0.207911690817759));
#9365=DIRECTION('ref_axis',(-1.,1.22464679914735E-16,0.));
#9366=DIRECTION('',(-0.203558594952778,-0.203558594952779,0.957667894857973));
#9367=DIRECTION('',(1.,-1.22464679914735E-16,0.));
#9368=DIRECTION('',(-0.203558594952778,0.203558594952779,-0.957667894857973));
#9369=DIRECTION('center_axis',(-0.203558594952778,-0.203558594952779,0.957667894857973));
#9370=DIRECTION('ref_axis',(0.677173462578715,0.677173462578721,0.287875325719832));
#9371=DIRECTION('',(0.203558594952778,0.203558594952779,-0.957667894857973));
#9372=DIRECTION('center_axis',(0.,0.,1.));
#9373=DIRECTION('ref_axis',(0.707106781186544,0.70710678118655,0.));
#9374=DIRECTION('center_axis',(0.978147600733806,-1.19788532833232E-16,
0.207911690817759));
#9375=DIRECTION('ref_axis',(1.22464679914735E-16,1.,0.));
#9376=DIRECTION('',(-0.203558594952778,0.203558594952779,0.957667894857973));
#9377=DIRECTION('',(-1.22464679914735E-16,-1.,0.));
#9378=DIRECTION('center_axis',(-0.203558594952778,0.203558594952779,0.957667894857973));
#9379=DIRECTION('ref_axis',(0.677173462578722,-0.677173462578715,0.28787532571983));
#9380=DIRECTION('',(0.203558594952778,-0.203558594952779,-0.957667894857973));
#9381=DIRECTION('center_axis',(0.,0.,1.));
#9382=DIRECTION('ref_axis',(0.707106781186551,-0.707106781186544,0.));
#9383=DIRECTION('center_axis',(-1.19788532833232E-16,-0.978147600733806,
0.207911690817759));
#9384=DIRECTION('ref_axis',(1.,-1.22464679914735E-16,0.));
#9385=DIRECTION('',(0.203558594952778,0.203558594952779,0.957667894857973));
#9386=DIRECTION('',(-1.,1.22464679914735E-16,0.));
#9387=DIRECTION('center_axis',(-1.22464679914735E-16,-1.,0.));
#9388=DIRECTION('ref_axis',(-0.382683432365089,4.68652040532628E-17,0.923879532511287));
#9389=DIRECTION('',(-1.22464679914735E-16,-1.,0.));
#9390=DIRECTION('',(1.22464679914735E-16,1.,0.));
#9391=DIRECTION('center_axis',(0.707106781186547,-8.65956056235492E-17,
-0.707106781186549));
#9392=DIRECTION('ref_axis',(0.707106781186549,-8.65956056235495E-17,0.707106781186547));
#9393=DIRECTION('center_axis',(0.707106781186547,-8.65956056235492E-17,
-0.707106781186549));
#9394=DIRECTION('ref_axis',(-0.686331123408001,0.240622480419068,-0.686331123407999));
#9395=DIRECTION('',(1.22464679914735E-16,1.,0.));
#9396=DIRECTION('center_axis',(0.707106781186547,-8.65956056235492E-17,
-0.707106781186549));
#9397=DIRECTION('ref_axis',(-0.686331123408001,-0.240622480419067,-0.686331123407999));
#9398=DIRECTION('center_axis',(1.22464679914735E-16,1.,0.));
#9399=DIRECTION('ref_axis',(-0.878817112661966,1.0762405640574E-16,0.477158760259607));
#9400=DIRECTION('',(-1.22464679914735E-16,-1.,0.));
#9401=DIRECTION('center_axis',(-0.978147600733806,1.19788532833232E-16,
0.207911690817759));
#9402=DIRECTION('ref_axis',(-1.22464679914735E-16,-1.,0.));
#9403=DIRECTION('',(0.203558594952778,-0.203558594952779,0.957667894857973));
#9404=DIRECTION('',(1.22464679914735E-16,1.,0.));
#9405=DIRECTION('',(-0.203558594952778,-0.203558594952779,-0.957667894857973));
#9406=DIRECTION('center_axis',(0.203558594952778,-0.203558594952779,0.957667894857973));
#9407=DIRECTION('ref_axis',(-0.677173462578715,0.677173462578721,0.287875325719831));
#9408=DIRECTION('center_axis',(0.,0.,1.));
#9409=DIRECTION('ref_axis',(-0.707106781186544,0.707106781186551,0.));
#9410=DIRECTION('center_axis',(0.203558594952778,0.203558594952779,0.957667894857973));
#9411=DIRECTION('ref_axis',(-0.677173462578716,-0.677173462578721,0.287875325719831));
#9412=DIRECTION('center_axis',(0.,0.,1.));
#9413=DIRECTION('ref_axis',(-0.707106781186545,-0.70710678118655,0.));
#9414=DIRECTION('center_axis',(0.,0.,1.));
#9415=DIRECTION('ref_axis',(-1.,1.22464679914735E-16,0.));
#9416=DIRECTION('center_axis',(0.,0.,1.));
#9417=DIRECTION('ref_axis',(1.,0.,0.));
#9418=DIRECTION('center_axis',(8.8817767730286E-13,1.22464679914735E-16,
-1.));
#9419=DIRECTION('ref_axis',(1.,-1.08770394958308E-28,8.8817767730286E-13));
#9420=DIRECTION('center_axis',(8.8817767730286E-13,1.22464679914735E-16,
-1.));
#9421=DIRECTION('ref_axis',(1.,-1.08770394958308E-28,8.8817767730286E-13));
#9422=DIRECTION('center_axis',(8.8817767730286E-13,1.22464679914735E-16,
-1.));
#9423=DIRECTION('ref_axis',(-1.,1.08770168085725E-28,-8.88175824747634E-13));
#9424=DIRECTION('center_axis',(8.8817767730286E-13,1.22464679914735E-16,
-1.));
#9425=DIRECTION('ref_axis',(1.,-1.08770394958308E-28,8.8817767730286E-13));
#9426=DIRECTION('center_axis',(8.8817767730286E-13,1.22464679914735E-16,
-1.));
#9427=DIRECTION('ref_axis',(1.,-1.08770394958308E-28,8.8817767730286E-13));
#9428=CARTESIAN_POINT('',(0.,0.,0.));
#9429=CARTESIAN_POINT('Origin',(3.75000000000007,2.275,1.42499999999998));
#9430=CARTESIAN_POINT('',(3.75000000000007,2.11,1.54999999999998));
#9431=CARTESIAN_POINT('',(3.75000000000007,2.44,1.54999999999998));
#9432=CARTESIAN_POINT('',(3.75000000000007,2.11,1.54999999999998));
#9433=CARTESIAN_POINT('',(3.75000000000007,2.44,1.29999999999998));
#9434=CARTESIAN_POINT('',(3.75000000000007,2.44,1.54999999999998));
#9435=CARTESIAN_POINT('',(3.75000000000007,2.11,1.29999999999998));
#9436=CARTESIAN_POINT('',(3.75000000000007,2.44,1.29999999999998));
#9437=CARTESIAN_POINT('',(3.75000000000007,2.11,1.29999999999998));
#9438=CARTESIAN_POINT('Origin',(4.79920316778373,2.44,0.0288276175817828));
#9439=CARTESIAN_POINT('',(4.79920316778373,2.44,0.0288276175817826));
#9440=CARTESIAN_POINT('',(5.12817636053535,2.44,0.));
#9441=CARTESIAN_POINT('',(4.79920316778373,2.44,0.0288276175817828));
#9442=CARTESIAN_POINT('',(5.12817636053535,2.11,0.));
#9443=CARTESIAN_POINT('',(5.12817636053535,2.44,0.));
#9444=CARTESIAN_POINT('',(4.79920316778373,2.11,0.0288276175817826));
#9445=CARTESIAN_POINT('',(4.79920316778373,2.11,0.0288276175817828));
#9446=CARTESIAN_POINT('',(4.79920316778373,2.44,0.0288276175817826));
#9447=CARTESIAN_POINT('Origin',(4.83848571881997,2.44,0.47710976220066));
#9448=CARTESIAN_POINT('',(4.39183995058136,2.44,0.42226855766836));
#9449=CARTESIAN_POINT('Origin',(4.83848571881997,2.44,0.47710976220066));
#9450=CARTESIAN_POINT('',(4.39183995058136,2.11,0.42226855766836));
#9451=CARTESIAN_POINT('Origin',(4.83848571881997,2.11,0.47710976220066));
#9452=CARTESIAN_POINT('',(4.39183995058136,2.44,0.42226855766836));
#9453=CARTESIAN_POINT('Origin',(4.30563225826109,2.44,1.12437386868103));
#9454=CARTESIAN_POINT('',(4.30563225826109,2.44,1.12437386868103));
#9455=CARTESIAN_POINT('',(4.30563225826109,2.44,1.12437386868103));
#9456=CARTESIAN_POINT('',(4.30563225826108,2.11,1.12437386868103));
#9457=CARTESIAN_POINT('',(4.30563225826108,2.11,1.12437386868103));
#9458=CARTESIAN_POINT('',(4.30563225826109,2.44,1.12437386868103));
#9459=CARTESIAN_POINT('Origin',(4.10712302793285,2.44,1.10000000000002));
#9460=CARTESIAN_POINT('',(4.10712302793286,2.44,1.29999999999998));
#9461=CARTESIAN_POINT('Origin',(4.10712302793285,2.44,1.10000000000002));
#9462=CARTESIAN_POINT('',(4.10712302793286,2.11,1.29999999999998));
#9463=CARTESIAN_POINT('Origin',(4.10712302793285,2.11,1.10000000000002));
#9464=CARTESIAN_POINT('',(4.10712302793286,2.44,1.29999999999998));
#9465=CARTESIAN_POINT('Origin',(3.80000000000007,2.44,1.29999999999998));
#9466=CARTESIAN_POINT('',(3.80000000000007,2.44,1.29999999999998));
#9467=CARTESIAN_POINT('',(3.80000000000007,2.11,1.29999999999998));
#9468=CARTESIAN_POINT('Origin',(4.10712302793286,2.44,1.54999999999998));
#9469=CARTESIAN_POINT('',(4.10712302793286,2.44,1.54999999999998));
#9470=CARTESIAN_POINT('',(4.10712302793286,2.44,1.54999999999998));
#9471=CARTESIAN_POINT('',(4.10712302793286,2.11,1.54999999999998));
#9472=CARTESIAN_POINT('',(4.10712302793286,2.11,1.54999999999998));
#9473=CARTESIAN_POINT('',(4.10712302793286,2.44,1.54999999999998));
#9474=CARTESIAN_POINT('Origin',(4.10712302793284,2.44,1.1));
#9475=CARTESIAN_POINT('',(4.55376879617143,2.44,1.15484120453229));
#9476=CARTESIAN_POINT('Origin',(4.10712302793284,2.44,1.1));
#9477=CARTESIAN_POINT('',(4.55376879617143,2.11,1.15484120453229));
#9478=CARTESIAN_POINT('Origin',(4.10712302793284,2.11,1.1));
#9479=CARTESIAN_POINT('',(4.55376879617143,2.44,1.15484120453229));
#9480=CARTESIAN_POINT('Origin',(4.6399764884917,2.44,0.452735893519645));
#9481=CARTESIAN_POINT('',(4.6399764884917,2.44,0.452735893519645));
#9482=CARTESIAN_POINT('',(4.6399764884917,2.44,0.452735893519645));
#9483=CARTESIAN_POINT('',(4.6399764884917,2.11,0.452735893519645));
#9484=CARTESIAN_POINT('',(4.6399764884917,2.11,0.452735893519645));
#9485=CARTESIAN_POINT('',(4.6399764884917,2.44,0.452735893519645));
#9486=CARTESIAN_POINT('Origin',(4.83848571881993,2.44,0.477109762200632));
#9487=CARTESIAN_POINT('',(4.82102680724825,2.44,0.277873253481175));
#9488=CARTESIAN_POINT('Origin',(4.83848571881993,2.44,0.477109762200632));
#9489=CARTESIAN_POINT('',(4.82102680724824,2.11,0.277873253481175));
#9490=CARTESIAN_POINT('Origin',(4.83848571881993,2.11,0.477109762200632));
#9491=CARTESIAN_POINT('',(4.82102680724825,2.44,0.277873253481175));
#9492=CARTESIAN_POINT('Origin',(5.14999999999998,2.44,0.249045635899364));
#9493=CARTESIAN_POINT('',(5.14999999999998,2.44,0.249045635899364));
#9494=CARTESIAN_POINT('',(5.14999999999998,2.44,0.249045635899364));
#9495=CARTESIAN_POINT('',(5.14999999999998,2.11,0.249045635899364));
#9496=CARTESIAN_POINT('',(5.14999999999998,2.11,0.249045635899364));
#9497=CARTESIAN_POINT('',(5.14999999999998,2.44,0.249045635899364));
#9498=CARTESIAN_POINT('Origin',(5.12817636053535,2.44,0.));
#9499=CARTESIAN_POINT('',(5.12817636053535,2.44,0.));
#9500=CARTESIAN_POINT('',(5.12817636053535,2.11,0.));
#9501=CARTESIAN_POINT('Origin',(4.47191833958495,2.11,0.785074671721722));
#9502=CARTESIAN_POINT('Origin',(4.47191833958495,2.44,0.785074671721722));
#9503=CARTESIAN_POINT('Origin',(-3.75000000000007,2.275,1.42499999999998));
#9504=CARTESIAN_POINT('',(-3.75000000000007,2.44,1.54999999999998));
#9505=CARTESIAN_POINT('',(-3.75000000000007,2.11,1.54999999999998));
#9506=CARTESIAN_POINT('',(-3.75000000000007,2.44,1.54999999999998));
#9507=CARTESIAN_POINT('',(-3.75000000000007,2.11,1.29999999999998));
#9508=CARTESIAN_POINT('',(-3.75000000000007,2.11,1.54999999999998));
#9509=CARTESIAN_POINT('',(-3.75000000000007,2.44,1.29999999999998));
#9510=CARTESIAN_POINT('',(-3.75000000000007,2.11,1.29999999999998));
#9511=CARTESIAN_POINT('',(-3.75000000000007,2.44,1.29999999999998));
#9512=CARTESIAN_POINT('Origin',(-4.82102680724824,2.44,0.277873253481175));
#9513=CARTESIAN_POINT('',(-5.14999999999998,2.44,0.249045635899364));
#9514=CARTESIAN_POINT('',(-4.82102680724824,2.44,0.277873253481175));
#9515=CARTESIAN_POINT('',(-5.14999999999998,2.44,0.249045635899364));
#9516=CARTESIAN_POINT('',(-5.14999999999998,2.11,0.249045635899364));
#9517=CARTESIAN_POINT('',(-5.14999999999998,2.44,0.249045635899364));
#9518=CARTESIAN_POINT('',(-4.82102680724824,2.11,0.277873253481175));
#9519=CARTESIAN_POINT('',(-5.14999999999998,2.11,0.249045635899364));
#9520=CARTESIAN_POINT('',(-4.82102680724824,2.44,0.277873253481175));
#9521=CARTESIAN_POINT('Origin',(-4.83848571881993,2.44,0.477109762200632));
#9522=CARTESIAN_POINT('',(-4.6399764884917,2.44,0.452735893519645));
#9523=CARTESIAN_POINT('Origin',(-4.83848571881993,2.44,0.477109762200632));
#9524=CARTESIAN_POINT('',(-4.6399764884917,2.11,0.452735893519645));
#9525=CARTESIAN_POINT('Origin',(-4.83848571881993,2.11,0.477109762200632));
#9526=CARTESIAN_POINT('',(-4.6399764884917,2.44,0.452735893519645));
#9527=CARTESIAN_POINT('Origin',(-4.55376879617142,2.44,1.15484120453229));
#9528=CARTESIAN_POINT('',(-4.55376879617142,2.44,1.15484120453229));
#9529=CARTESIAN_POINT('',(-4.6399764884917,2.44,0.452735893519645));
#9530=CARTESIAN_POINT('',(-4.55376879617143,2.11,1.15484120453229));
#9531=CARTESIAN_POINT('',(-4.6399764884917,2.11,0.452735893519645));
#9532=CARTESIAN_POINT('',(-4.55376879617142,2.44,1.15484120453229));
#9533=CARTESIAN_POINT('Origin',(-4.10712302793284,2.44,1.1));
#9534=CARTESIAN_POINT('',(-4.10712302793286,2.44,1.54999999999998));
#9535=CARTESIAN_POINT('Origin',(-4.10712302793284,2.44,1.1));
#9536=CARTESIAN_POINT('',(-4.10712302793286,2.11,1.54999999999998));
#9537=CARTESIAN_POINT('Origin',(-4.10712302793284,2.11,1.1));
#9538=CARTESIAN_POINT('',(-4.10712302793286,2.44,1.54999999999998));
#9539=CARTESIAN_POINT('Origin',(-3.80000000000007,2.44,1.54999999999998));
#9540=CARTESIAN_POINT('',(-4.10712302793286,2.44,1.54999999999998));
#9541=CARTESIAN_POINT('',(-3.80000000000007,2.11,1.54999999999998));
#9542=CARTESIAN_POINT('Origin',(-4.10712302793286,2.44,1.29999999999998));
#9543=CARTESIAN_POINT('',(-4.10712302793286,2.44,1.29999999999998));
#9544=CARTESIAN_POINT('',(-3.80000000000007,2.44,1.29999999999998));
#9545=CARTESIAN_POINT('',(-4.10712302793286,2.11,1.29999999999998));
#9546=CARTESIAN_POINT('',(-3.80000000000007,2.11,1.29999999999998));
#9547=CARTESIAN_POINT('',(-4.10712302793286,2.44,1.29999999999998));
#9548=CARTESIAN_POINT('Origin',(-4.10712302793285,2.44,1.10000000000002));
#9549=CARTESIAN_POINT('',(-4.30563225826108,2.44,1.12437386868103));
#9550=CARTESIAN_POINT('Origin',(-4.10712302793285,2.44,1.10000000000002));
#9551=CARTESIAN_POINT('',(-4.30563225826108,2.11,1.12437386868103));
#9552=CARTESIAN_POINT('Origin',(-4.10712302793285,2.11,1.10000000000002));
#9553=CARTESIAN_POINT('',(-4.30563225826108,2.44,1.12437386868103));
#9554=CARTESIAN_POINT('Origin',(-4.39183995058136,2.44,0.42226855766836));
#9555=CARTESIAN_POINT('',(-4.39183995058136,2.44,0.42226855766836));
#9556=CARTESIAN_POINT('',(-4.30563225826108,2.44,1.12437386868103));
#9557=CARTESIAN_POINT('',(-4.39183995058136,2.11,0.42226855766836));
#9558=CARTESIAN_POINT('',(-4.30563225826108,2.11,1.12437386868103));
#9559=CARTESIAN_POINT('',(-4.39183995058136,2.44,0.42226855766836));
#9560=CARTESIAN_POINT('Origin',(-4.83848571881997,2.44,0.47710976220066));
#9561=CARTESIAN_POINT('',(-4.79920316778373,2.44,0.0288276175817828));
#9562=CARTESIAN_POINT('Origin',(-4.83848571881997,2.44,0.47710976220066));
#9563=CARTESIAN_POINT('',(-4.79920316778373,2.11,0.0288276175817828));
#9564=CARTESIAN_POINT('Origin',(-4.83848571881997,2.11,0.47710976220066));
#9565=CARTESIAN_POINT('',(-4.79920316778373,2.44,0.0288276175817828));
#9566=CARTESIAN_POINT('Origin',(-5.12817636053535,2.44,0.));
#9567=CARTESIAN_POINT('',(-5.12817636053535,2.44,0.));
#9568=CARTESIAN_POINT('',(-4.79920316778373,2.44,0.0288276175817828));
#9569=CARTESIAN_POINT('',(-5.12817636053535,2.11,0.));
#9570=CARTESIAN_POINT('',(-4.79920316778373,2.11,0.0288276175817828));
#9571=CARTESIAN_POINT('',(-5.12817636053535,2.44,0.));
#9572=CARTESIAN_POINT('Origin',(-5.14999999999998,2.44,0.249045635899364));
#9573=CARTESIAN_POINT('',(-5.12817636053535,2.44,0.));
#9574=CARTESIAN_POINT('',(-5.12817636053535,2.11,0.));
#9575=CARTESIAN_POINT('Origin',(-4.47191833958494,2.44,0.785074671721722));
#9576=CARTESIAN_POINT('Origin',(-4.47191833958495,2.11,0.785074671721722));
#9577=CARTESIAN_POINT('Origin',(3.75000000000007,1.625,1.42499999999998));
#9578=CARTESIAN_POINT('',(3.75000000000007,1.46,1.54999999999998));
#9579=CARTESIAN_POINT('',(3.75000000000007,1.79,1.54999999999998));
#9580=CARTESIAN_POINT('',(3.75000000000007,1.46,1.54999999999998));
#9581=CARTESIAN_POINT('',(3.75000000000007,1.79,1.29999999999998));
#9582=CARTESIAN_POINT('',(3.75000000000007,1.79,1.54999999999998));
#9583=CARTESIAN_POINT('',(3.75000000000007,1.46,1.29999999999998));
#9584=CARTESIAN_POINT('',(3.75000000000007,1.79,1.29999999999998));
#9585=CARTESIAN_POINT('',(3.75000000000007,1.46,1.29999999999998));
#9586=CARTESIAN_POINT('Origin',(4.79920316778373,1.79,0.0288276175817828));
#9587=CARTESIAN_POINT('',(4.79920316778373,1.79,0.0288276175817826));
#9588=CARTESIAN_POINT('',(5.12817636053535,1.79,0.));
#9589=CARTESIAN_POINT('',(4.79920316778373,1.79,0.0288276175817828));
#9590=CARTESIAN_POINT('',(5.12817636053535,1.46,0.));
#9591=CARTESIAN_POINT('',(5.12817636053535,1.79,0.));
#9592=CARTESIAN_POINT('',(4.79920316778373,1.46,0.0288276175817826));
#9593=CARTESIAN_POINT('',(4.79920316778373,1.46,0.0288276175817828));
#9594=CARTESIAN_POINT('',(4.79920316778373,1.79,0.0288276175817826));
#9595=CARTESIAN_POINT('Origin',(4.83848571881997,1.79,0.47710976220066));
#9596=CARTESIAN_POINT('',(4.39183995058136,1.79,0.42226855766836));
#9597=CARTESIAN_POINT('Origin',(4.83848571881997,1.79,0.47710976220066));
#9598=CARTESIAN_POINT('',(4.39183995058136,1.46,0.42226855766836));
#9599=CARTESIAN_POINT('Origin',(4.83848571881997,1.46,0.47710976220066));
#9600=CARTESIAN_POINT('',(4.39183995058136,1.79,0.42226855766836));
#9601=CARTESIAN_POINT('Origin',(4.30563225826109,1.79,1.12437386868103));
#9602=CARTESIAN_POINT('',(4.30563225826109,1.79,1.12437386868103));
#9603=CARTESIAN_POINT('',(4.30563225826109,1.79,1.12437386868103));
#9604=CARTESIAN_POINT('',(4.30563225826108,1.46,1.12437386868103));
#9605=CARTESIAN_POINT('',(4.30563225826108,1.46,1.12437386868103));
#9606=CARTESIAN_POINT('',(4.30563225826109,1.79,1.12437386868103));
#9607=CARTESIAN_POINT('Origin',(4.10712302793285,1.79,1.10000000000002));
#9608=CARTESIAN_POINT('',(4.10712302793286,1.79,1.29999999999998));
#9609=CARTESIAN_POINT('Origin',(4.10712302793285,1.79,1.10000000000002));
#9610=CARTESIAN_POINT('',(4.10712302793286,1.46,1.29999999999998));
#9611=CARTESIAN_POINT('Origin',(4.10712302793285,1.46,1.10000000000002));
#9612=CARTESIAN_POINT('',(4.10712302793286,1.79,1.29999999999998));
#9613=CARTESIAN_POINT('Origin',(3.80000000000007,1.79,1.29999999999998));
#9614=CARTESIAN_POINT('',(3.80000000000007,1.79,1.29999999999998));
#9615=CARTESIAN_POINT('',(3.80000000000007,1.46,1.29999999999998));
#9616=CARTESIAN_POINT('Origin',(4.10712302793286,1.79,1.54999999999998));
#9617=CARTESIAN_POINT('',(4.10712302793286,1.79,1.54999999999998));
#9618=CARTESIAN_POINT('',(4.10712302793286,1.79,1.54999999999998));
#9619=CARTESIAN_POINT('',(4.10712302793286,1.46,1.54999999999998));
#9620=CARTESIAN_POINT('',(4.10712302793286,1.46,1.54999999999998));
#9621=CARTESIAN_POINT('',(4.10712302793286,1.79,1.54999999999998));
#9622=CARTESIAN_POINT('Origin',(4.10712302793284,1.79,1.1));
#9623=CARTESIAN_POINT('',(4.55376879617143,1.79,1.15484120453229));
#9624=CARTESIAN_POINT('Origin',(4.10712302793284,1.79,1.1));
#9625=CARTESIAN_POINT('',(4.55376879617143,1.46,1.15484120453229));
#9626=CARTESIAN_POINT('Origin',(4.10712302793284,1.46,1.1));
#9627=CARTESIAN_POINT('',(4.55376879617143,1.79,1.15484120453229));
#9628=CARTESIAN_POINT('Origin',(4.6399764884917,1.79,0.452735893519645));
#9629=CARTESIAN_POINT('',(4.6399764884917,1.79,0.452735893519645));
#9630=CARTESIAN_POINT('',(4.6399764884917,1.79,0.452735893519645));
#9631=CARTESIAN_POINT('',(4.6399764884917,1.46,0.452735893519645));
#9632=CARTESIAN_POINT('',(4.6399764884917,1.46,0.452735893519645));
#9633=CARTESIAN_POINT('',(4.6399764884917,1.79,0.452735893519645));
#9634=CARTESIAN_POINT('Origin',(4.83848571881993,1.79,0.477109762200632));
#9635=CARTESIAN_POINT('',(4.82102680724825,1.79,0.277873253481175));
#9636=CARTESIAN_POINT('Origin',(4.83848571881993,1.79,0.477109762200632));
#9637=CARTESIAN_POINT('',(4.82102680724824,1.46,0.277873253481175));
#9638=CARTESIAN_POINT('Origin',(4.83848571881993,1.46,0.477109762200632));
#9639=CARTESIAN_POINT('',(4.82102680724825,1.79,0.277873253481175));
#9640=CARTESIAN_POINT('Origin',(5.14999999999998,1.79,0.249045635899364));
#9641=CARTESIAN_POINT('',(5.14999999999998,1.79,0.249045635899364));
#9642=CARTESIAN_POINT('',(5.14999999999998,1.79,0.249045635899364));
#9643=CARTESIAN_POINT('',(5.14999999999998,1.46,0.249045635899364));
#9644=CARTESIAN_POINT('',(5.14999999999998,1.46,0.249045635899364));
#9645=CARTESIAN_POINT('',(5.14999999999998,1.79,0.249045635899364));
#9646=CARTESIAN_POINT('Origin',(5.12817636053535,1.79,0.));
#9647=CARTESIAN_POINT('',(5.12817636053535,1.79,0.));
#9648=CARTESIAN_POINT('',(5.12817636053535,1.46,0.));
#9649=CARTESIAN_POINT('Origin',(4.47191833958495,1.46,0.785074671721722));
#9650=CARTESIAN_POINT('Origin',(4.47191833958495,1.79,0.785074671721722));
#9651=CARTESIAN_POINT('Origin',(-3.75000000000007,1.625,1.42499999999998));
#9652=CARTESIAN_POINT('',(-3.75000000000007,1.46,1.54999999999998));
#9653=CARTESIAN_POINT('',(-3.75000000000007,1.46,1.29999999999998));
#9654=CARTESIAN_POINT('',(-3.75000000000007,1.46,1.54999999999998));
#9655=CARTESIAN_POINT('',(-3.75000000000007,1.79,1.29999999999998));
#9656=CARTESIAN_POINT('',(-3.75000000000007,1.46,1.29999999999998));
#9657=CARTESIAN_POINT('',(-3.75000000000007,1.79,1.54999999999998));
#9658=CARTESIAN_POINT('',(-3.75000000000007,1.79,1.29999999999998));
#9659=CARTESIAN_POINT('',(-3.75000000000007,1.79,1.54999999999998));
#9660=CARTESIAN_POINT('Origin',(-4.82102680724824,1.79,0.277873253481175));
#9661=CARTESIAN_POINT('',(-5.14999999999998,1.79,0.249045635899364));
#9662=CARTESIAN_POINT('',(-4.82102680724824,1.79,0.277873253481175));
#9663=CARTESIAN_POINT('',(-5.14999999999998,1.79,0.249045635899364));
#9664=CARTESIAN_POINT('',(-5.14999999999998,1.46,0.249045635899364));
#9665=CARTESIAN_POINT('',(-5.14999999999998,1.79,0.249045635899364));
#9666=CARTESIAN_POINT('',(-4.82102680724824,1.46,0.277873253481175));
#9667=CARTESIAN_POINT('',(-5.14999999999998,1.46,0.249045635899364));
#9668=CARTESIAN_POINT('',(-4.82102680724824,1.79,0.277873253481175));
#9669=CARTESIAN_POINT('Origin',(-4.83848571881993,1.79,0.477109762200632));
#9670=CARTESIAN_POINT('',(-4.6399764884917,1.79,0.452735893519645));
#9671=CARTESIAN_POINT('Origin',(-4.83848571881993,1.79,0.477109762200632));
#9672=CARTESIAN_POINT('',(-4.6399764884917,1.46,0.452735893519645));
#9673=CARTESIAN_POINT('Origin',(-4.83848571881993,1.46,0.477109762200632));
#9674=CARTESIAN_POINT('',(-4.6399764884917,1.79,0.452735893519645));
#9675=CARTESIAN_POINT('Origin',(-4.55376879617142,1.79,1.15484120453229));
#9676=CARTESIAN_POINT('',(-4.55376879617142,1.79,1.15484120453229));
#9677=CARTESIAN_POINT('',(-4.6399764884917,1.79,0.452735893519645));
#9678=CARTESIAN_POINT('',(-4.55376879617143,1.46,1.15484120453229));
#9679=CARTESIAN_POINT('',(-4.6399764884917,1.46,0.452735893519645));
#9680=CARTESIAN_POINT('',(-4.55376879617142,1.79,1.15484120453229));
#9681=CARTESIAN_POINT('Origin',(-4.10712302793284,1.79,1.1));
#9682=CARTESIAN_POINT('',(-4.10712302793286,1.79,1.54999999999998));
#9683=CARTESIAN_POINT('Origin',(-4.10712302793284,1.79,1.1));
#9684=CARTESIAN_POINT('',(-4.10712302793286,1.46,1.54999999999998));
#9685=CARTESIAN_POINT('Origin',(-4.10712302793284,1.46,1.1));
#9686=CARTESIAN_POINT('',(-4.10712302793286,1.79,1.54999999999998));
#9687=CARTESIAN_POINT('Origin',(-3.80000000000007,1.79,1.54999999999998));
#9688=CARTESIAN_POINT('',(-4.10712302793286,1.79,1.54999999999998));
#9689=CARTESIAN_POINT('',(-3.80000000000007,1.46,1.54999999999998));
#9690=CARTESIAN_POINT('Origin',(-4.10712302793286,1.79,1.29999999999998));
#9691=CARTESIAN_POINT('',(-4.10712302793286,1.79,1.29999999999998));
#9692=CARTESIAN_POINT('',(-3.80000000000007,1.79,1.29999999999998));
#9693=CARTESIAN_POINT('',(-4.10712302793286,1.46,1.29999999999998));
#9694=CARTESIAN_POINT('',(-3.80000000000007,1.46,1.29999999999998));
#9695=CARTESIAN_POINT('',(-4.10712302793286,1.79,1.29999999999998));
#9696=CARTESIAN_POINT('Origin',(-4.10712302793285,1.79,1.10000000000002));
#9697=CARTESIAN_POINT('',(-4.30563225826108,1.79,1.12437386868103));
#9698=CARTESIAN_POINT('Origin',(-4.10712302793285,1.79,1.10000000000002));
#9699=CARTESIAN_POINT('',(-4.30563225826108,1.46,1.12437386868103));
#9700=CARTESIAN_POINT('Origin',(-4.10712302793285,1.46,1.10000000000002));
#9701=CARTESIAN_POINT('',(-4.30563225826108,1.79,1.12437386868103));
#9702=CARTESIAN_POINT('Origin',(-4.39183995058136,1.79,0.42226855766836));
#9703=CARTESIAN_POINT('',(-4.39183995058136,1.79,0.42226855766836));
#9704=CARTESIAN_POINT('',(-4.30563225826108,1.79,1.12437386868103));
#9705=CARTESIAN_POINT('',(-4.39183995058136,1.46,0.42226855766836));
#9706=CARTESIAN_POINT('',(-4.30563225826108,1.46,1.12437386868103));
#9707=CARTESIAN_POINT('',(-4.39183995058136,1.79,0.42226855766836));
#9708=CARTESIAN_POINT('Origin',(-4.83848571881997,1.79,0.47710976220066));
#9709=CARTESIAN_POINT('',(-4.79920316778373,1.79,0.0288276175817828));
#9710=CARTESIAN_POINT('Origin',(-4.83848571881997,1.79,0.47710976220066));
#9711=CARTESIAN_POINT('',(-4.79920316778373,1.46,0.0288276175817828));
#9712=CARTESIAN_POINT('Origin',(-4.83848571881997,1.46,0.47710976220066));
#9713=CARTESIAN_POINT('',(-4.79920316778373,1.79,0.0288276175817828));
#9714=CARTESIAN_POINT('Origin',(-5.12817636053535,1.79,0.));
#9715=CARTESIAN_POINT('',(-5.12817636053535,1.79,0.));
#9716=CARTESIAN_POINT('',(-4.79920316778373,1.79,0.0288276175817828));
#9717=CARTESIAN_POINT('',(-5.12817636053535,1.46,0.));
#9718=CARTESIAN_POINT('',(-4.79920316778373,1.46,0.0288276175817828));
#9719=CARTESIAN_POINT('',(-5.12817636053535,1.79,0.));
#9720=CARTESIAN_POINT('Origin',(-5.14999999999998,1.79,0.249045635899364));
#9721=CARTESIAN_POINT('',(-5.12817636053535,1.79,0.));
#9722=CARTESIAN_POINT('',(-5.12817636053535,1.46,0.));
#9723=CARTESIAN_POINT('Origin',(-4.47191833958494,1.79,0.785074671721722));
#9724=CARTESIAN_POINT('Origin',(-4.47191833958495,1.46,0.785074671721722));
#9725=CARTESIAN_POINT('Origin',(3.75000000000007,0.974999999999999,1.42499999999998));
#9726=CARTESIAN_POINT('',(3.75000000000007,0.809999999999999,1.54999999999998));
#9727=CARTESIAN_POINT('',(3.75000000000007,1.14,1.54999999999998));
#9728=CARTESIAN_POINT('',(3.75000000000007,0.809999999999999,1.54999999999998));
#9729=CARTESIAN_POINT('',(3.75000000000007,1.14,1.29999999999998));
#9730=CARTESIAN_POINT('',(3.75000000000007,1.14,1.54999999999998));
#9731=CARTESIAN_POINT('',(3.75000000000007,0.809999999999999,1.29999999999998));
#9732=CARTESIAN_POINT('',(3.75000000000007,1.14,1.29999999999998));
#9733=CARTESIAN_POINT('',(3.75000000000007,0.809999999999999,1.29999999999998));
#9734=CARTESIAN_POINT('Origin',(4.79920316778373,1.14,0.0288276175817828));
#9735=CARTESIAN_POINT('',(4.79920316778373,1.14,0.0288276175817826));
#9736=CARTESIAN_POINT('',(5.12817636053535,1.14,0.));
#9737=CARTESIAN_POINT('',(4.79920316778373,1.14,0.0288276175817828));
#9738=CARTESIAN_POINT('',(5.12817636053535,0.809999999999999,0.));
#9739=CARTESIAN_POINT('',(5.12817636053535,1.14,0.));
#9740=CARTESIAN_POINT('',(4.79920316778373,0.809999999999999,0.0288276175817826));
#9741=CARTESIAN_POINT('',(4.79920316778373,0.809999999999999,0.0288276175817828));
#9742=CARTESIAN_POINT('',(4.79920316778373,1.14,0.0288276175817826));
#9743=CARTESIAN_POINT('Origin',(4.83848571881997,1.14,0.47710976220066));
#9744=CARTESIAN_POINT('',(4.39183995058136,1.14,0.42226855766836));
#9745=CARTESIAN_POINT('Origin',(4.83848571881997,1.14,0.47710976220066));
#9746=CARTESIAN_POINT('',(4.39183995058136,0.809999999999999,0.42226855766836));
#9747=CARTESIAN_POINT('Origin',(4.83848571881997,0.809999999999999,0.47710976220066));
#9748=CARTESIAN_POINT('',(4.39183995058136,1.14,0.42226855766836));
#9749=CARTESIAN_POINT('Origin',(4.30563225826109,1.14,1.12437386868103));
#9750=CARTESIAN_POINT('',(4.30563225826109,1.14,1.12437386868103));
#9751=CARTESIAN_POINT('',(4.30563225826109,1.14,1.12437386868103));
#9752=CARTESIAN_POINT('',(4.30563225826108,0.809999999999999,1.12437386868103));
#9753=CARTESIAN_POINT('',(4.30563225826108,0.809999999999999,1.12437386868103));
#9754=CARTESIAN_POINT('',(4.30563225826109,1.14,1.12437386868103));
#9755=CARTESIAN_POINT('Origin',(4.10712302793285,1.14,1.10000000000002));
#9756=CARTESIAN_POINT('',(4.10712302793286,1.14,1.29999999999998));
#9757=CARTESIAN_POINT('Origin',(4.10712302793285,1.14,1.10000000000002));
#9758=CARTESIAN_POINT('',(4.10712302793286,0.809999999999999,1.29999999999998));
#9759=CARTESIAN_POINT('Origin',(4.10712302793285,0.809999999999999,1.10000000000002));
#9760=CARTESIAN_POINT('',(4.10712302793286,1.14,1.29999999999998));
#9761=CARTESIAN_POINT('Origin',(3.80000000000007,1.14,1.29999999999998));
#9762=CARTESIAN_POINT('',(3.80000000000007,1.14,1.29999999999998));
#9763=CARTESIAN_POINT('',(3.80000000000007,0.809999999999999,1.29999999999998));
#9764=CARTESIAN_POINT('Origin',(4.10712302793286,1.14,1.54999999999998));
#9765=CARTESIAN_POINT('',(4.10712302793286,1.14,1.54999999999998));
#9766=CARTESIAN_POINT('',(4.10712302793286,1.14,1.54999999999998));
#9767=CARTESIAN_POINT('',(4.10712302793286,0.809999999999999,1.54999999999998));
#9768=CARTESIAN_POINT('',(4.10712302793286,0.809999999999999,1.54999999999998));
#9769=CARTESIAN_POINT('',(4.10712302793286,1.14,1.54999999999998));
#9770=CARTESIAN_POINT('Origin',(4.10712302793284,1.14,1.1));
#9771=CARTESIAN_POINT('',(4.55376879617143,1.14,1.15484120453229));
#9772=CARTESIAN_POINT('Origin',(4.10712302793284,1.14,1.1));
#9773=CARTESIAN_POINT('',(4.55376879617143,0.809999999999999,1.15484120453229));
#9774=CARTESIAN_POINT('Origin',(4.10712302793284,0.809999999999999,1.1));
#9775=CARTESIAN_POINT('',(4.55376879617143,1.14,1.15484120453229));
#9776=CARTESIAN_POINT('Origin',(4.6399764884917,1.14,0.452735893519645));
#9777=CARTESIAN_POINT('',(4.6399764884917,1.14,0.452735893519645));
#9778=CARTESIAN_POINT('',(4.6399764884917,1.14,0.452735893519645));
#9779=CARTESIAN_POINT('',(4.6399764884917,0.809999999999999,0.452735893519645));
#9780=CARTESIAN_POINT('',(4.6399764884917,0.809999999999999,0.452735893519645));
#9781=CARTESIAN_POINT('',(4.6399764884917,1.14,0.452735893519645));
#9782=CARTESIAN_POINT('Origin',(4.83848571881993,1.14,0.477109762200632));
#9783=CARTESIAN_POINT('',(4.82102680724825,1.14,0.277873253481175));
#9784=CARTESIAN_POINT('Origin',(4.83848571881993,1.14,0.477109762200632));
#9785=CARTESIAN_POINT('',(4.82102680724824,0.809999999999999,0.277873253481175));
#9786=CARTESIAN_POINT('Origin',(4.83848571881993,0.809999999999999,0.477109762200632));
#9787=CARTESIAN_POINT('',(4.82102680724825,1.14,0.277873253481175));
#9788=CARTESIAN_POINT('Origin',(5.14999999999998,1.14,0.249045635899364));
#9789=CARTESIAN_POINT('',(5.14999999999998,1.14,0.249045635899364));
#9790=CARTESIAN_POINT('',(5.14999999999998,1.14,0.249045635899364));
#9791=CARTESIAN_POINT('',(5.14999999999998,0.809999999999999,0.249045635899364));
#9792=CARTESIAN_POINT('',(5.14999999999998,0.809999999999999,0.249045635899364));
#9793=CARTESIAN_POINT('',(5.14999999999998,1.14,0.249045635899364));
#9794=CARTESIAN_POINT('Origin',(5.12817636053535,1.14,0.));
#9795=CARTESIAN_POINT('',(5.12817636053535,1.14,0.));
#9796=CARTESIAN_POINT('',(5.12817636053535,0.809999999999999,0.));
#9797=CARTESIAN_POINT('Origin',(4.47191833958495,0.81,0.785074671721722));
#9798=CARTESIAN_POINT('Origin',(4.47191833958495,1.14,0.785074671721722));
#9799=CARTESIAN_POINT('Origin',(-3.75000000000007,0.975000000000001,1.42499999999998));
#9800=CARTESIAN_POINT('',(-3.75000000000007,1.14,1.54999999999998));
#9801=CARTESIAN_POINT('',(-3.75000000000007,0.810000000000001,1.54999999999998));
#9802=CARTESIAN_POINT('',(-3.75000000000007,1.14,1.54999999999998));
#9803=CARTESIAN_POINT('',(-3.75000000000007,0.810000000000001,1.29999999999998));
#9804=CARTESIAN_POINT('',(-3.75000000000007,0.810000000000001,1.54999999999998));
#9805=CARTESIAN_POINT('',(-3.75000000000007,1.14,1.29999999999998));
#9806=CARTESIAN_POINT('',(-3.75000000000007,0.810000000000001,1.29999999999998));
#9807=CARTESIAN_POINT('',(-3.75000000000007,1.14,1.29999999999998));
#9808=CARTESIAN_POINT('Origin',(-4.82102680724824,1.14,0.277873253481175));
#9809=CARTESIAN_POINT('',(-5.14999999999998,1.14,0.249045635899364));
#9810=CARTESIAN_POINT('',(-4.82102680724824,1.14,0.277873253481175));
#9811=CARTESIAN_POINT('',(-5.14999999999998,1.14,0.249045635899364));
#9812=CARTESIAN_POINT('',(-5.14999999999998,0.810000000000001,0.249045635899364));
#9813=CARTESIAN_POINT('',(-5.14999999999998,1.14,0.249045635899364));
#9814=CARTESIAN_POINT('',(-4.82102680724824,0.810000000000001,0.277873253481175));
#9815=CARTESIAN_POINT('',(-5.14999999999998,0.810000000000001,0.249045635899364));
#9816=CARTESIAN_POINT('',(-4.82102680724824,1.14,0.277873253481175));
#9817=CARTESIAN_POINT('Origin',(-4.83848571881993,1.14,0.477109762200632));
#9818=CARTESIAN_POINT('',(-4.6399764884917,1.14,0.452735893519645));
#9819=CARTESIAN_POINT('Origin',(-4.83848571881993,1.14,0.477109762200632));
#9820=CARTESIAN_POINT('',(-4.6399764884917,0.810000000000001,0.452735893519645));
#9821=CARTESIAN_POINT('Origin',(-4.83848571881993,0.810000000000001,0.477109762200632));
#9822=CARTESIAN_POINT('',(-4.6399764884917,1.14,0.452735893519645));
#9823=CARTESIAN_POINT('Origin',(-4.55376879617142,1.14,1.15484120453229));
#9824=CARTESIAN_POINT('',(-4.55376879617142,1.14,1.15484120453229));
#9825=CARTESIAN_POINT('',(-4.6399764884917,1.14,0.452735893519645));
#9826=CARTESIAN_POINT('',(-4.55376879617143,0.810000000000001,1.15484120453229));
#9827=CARTESIAN_POINT('',(-4.6399764884917,0.810000000000001,0.452735893519645));
#9828=CARTESIAN_POINT('',(-4.55376879617142,1.14,1.15484120453229));
#9829=CARTESIAN_POINT('Origin',(-4.10712302793284,1.14,1.1));
#9830=CARTESIAN_POINT('',(-4.10712302793286,1.14,1.54999999999998));
#9831=CARTESIAN_POINT('Origin',(-4.10712302793284,1.14,1.1));
#9832=CARTESIAN_POINT('',(-4.10712302793286,0.810000000000001,1.54999999999998));
#9833=CARTESIAN_POINT('Origin',(-4.10712302793284,0.810000000000001,1.1));
#9834=CARTESIAN_POINT('',(-4.10712302793286,1.14,1.54999999999998));
#9835=CARTESIAN_POINT('Origin',(-3.80000000000007,1.14,1.54999999999998));
#9836=CARTESIAN_POINT('',(-4.10712302793286,1.14,1.54999999999998));
#9837=CARTESIAN_POINT('',(-3.80000000000007,0.810000000000001,1.54999999999998));
#9838=CARTESIAN_POINT('Origin',(-4.10712302793286,1.14,1.29999999999998));
#9839=CARTESIAN_POINT('',(-4.10712302793286,1.14,1.29999999999998));
#9840=CARTESIAN_POINT('',(-3.80000000000007,1.14,1.29999999999998));
#9841=CARTESIAN_POINT('',(-4.10712302793286,0.810000000000001,1.29999999999998));
#9842=CARTESIAN_POINT('',(-3.80000000000007,0.810000000000001,1.29999999999998));
#9843=CARTESIAN_POINT('',(-4.10712302793286,1.14,1.29999999999998));
#9844=CARTESIAN_POINT('Origin',(-4.10712302793285,1.14,1.10000000000002));
#9845=CARTESIAN_POINT('',(-4.30563225826108,1.14,1.12437386868103));
#9846=CARTESIAN_POINT('Origin',(-4.10712302793285,1.14,1.10000000000002));
#9847=CARTESIAN_POINT('',(-4.30563225826108,0.810000000000001,1.12437386868103));
#9848=CARTESIAN_POINT('Origin',(-4.10712302793285,0.810000000000001,1.10000000000002));
#9849=CARTESIAN_POINT('',(-4.30563225826108,1.14,1.12437386868103));
#9850=CARTESIAN_POINT('Origin',(-4.39183995058136,1.14,0.42226855766836));
#9851=CARTESIAN_POINT('',(-4.39183995058136,1.14,0.42226855766836));
#9852=CARTESIAN_POINT('',(-4.30563225826108,1.14,1.12437386868103));
#9853=CARTESIAN_POINT('',(-4.39183995058136,0.810000000000001,0.42226855766836));
#9854=CARTESIAN_POINT('',(-4.30563225826108,0.810000000000001,1.12437386868103));
#9855=CARTESIAN_POINT('',(-4.39183995058136,1.14,0.42226855766836));
#9856=CARTESIAN_POINT('Origin',(-4.83848571881997,1.14,0.47710976220066));
#9857=CARTESIAN_POINT('',(-4.79920316778373,1.14,0.0288276175817828));
#9858=CARTESIAN_POINT('Origin',(-4.83848571881997,1.14,0.47710976220066));
#9859=CARTESIAN_POINT('',(-4.79920316778373,0.810000000000001,0.0288276175817828));
#9860=CARTESIAN_POINT('Origin',(-4.83848571881997,0.810000000000001,0.47710976220066));
#9861=CARTESIAN_POINT('',(-4.79920316778373,1.14,0.0288276175817828));
#9862=CARTESIAN_POINT('Origin',(-5.12817636053535,1.14,0.));
#9863=CARTESIAN_POINT('',(-5.12817636053535,1.14,0.));
#9864=CARTESIAN_POINT('',(-4.79920316778373,1.14,0.0288276175817828));
#9865=CARTESIAN_POINT('',(-5.12817636053535,0.810000000000001,0.));
#9866=CARTESIAN_POINT('',(-4.79920316778373,0.810000000000001,0.0288276175817828));
#9867=CARTESIAN_POINT('',(-5.12817636053535,1.14,0.));
#9868=CARTESIAN_POINT('Origin',(-5.14999999999998,1.14,0.249045635899364));
#9869=CARTESIAN_POINT('',(-5.12817636053535,1.14,0.));
#9870=CARTESIAN_POINT('',(-5.12817636053535,0.810000000000001,0.));
#9871=CARTESIAN_POINT('Origin',(-4.47191833958494,1.14,0.785074671721722));
#9872=CARTESIAN_POINT('Origin',(-4.47191833958495,0.810000000000001,0.785074671721722));
#9873=CARTESIAN_POINT('Origin',(3.75000000000007,0.324999999999999,1.42499999999998));
#9874=CARTESIAN_POINT('',(3.75000000000007,0.159999999999999,1.54999999999998));
#9875=CARTESIAN_POINT('',(3.75000000000007,0.489999999999999,1.54999999999998));
#9876=CARTESIAN_POINT('',(3.75000000000007,0.159999999999999,1.54999999999998));
#9877=CARTESIAN_POINT('',(3.75000000000007,0.489999999999999,1.29999999999998));
#9878=CARTESIAN_POINT('',(3.75000000000007,0.489999999999999,1.54999999999998));
#9879=CARTESIAN_POINT('',(3.75000000000007,0.159999999999999,1.29999999999998));
#9880=CARTESIAN_POINT('',(3.75000000000007,0.489999999999999,1.29999999999998));
#9881=CARTESIAN_POINT('',(3.75000000000007,0.159999999999999,1.29999999999998));
#9882=CARTESIAN_POINT('Origin',(4.79920316778373,0.489999999999999,0.0288276175817828));
#9883=CARTESIAN_POINT('',(4.79920316778373,0.489999999999999,0.0288276175817826));
#9884=CARTESIAN_POINT('',(5.12817636053535,0.489999999999999,0.));
#9885=CARTESIAN_POINT('',(4.79920316778373,0.489999999999999,0.0288276175817828));
#9886=CARTESIAN_POINT('',(5.12817636053535,0.159999999999999,0.));
#9887=CARTESIAN_POINT('',(5.12817636053535,0.489999999999999,0.));
#9888=CARTESIAN_POINT('',(4.79920316778373,0.159999999999999,0.0288276175817826));
#9889=CARTESIAN_POINT('',(4.79920316778373,0.159999999999999,0.0288276175817828));
#9890=CARTESIAN_POINT('',(4.79920316778373,0.489999999999999,0.0288276175817826));
#9891=CARTESIAN_POINT('Origin',(4.83848571881997,0.489999999999999,0.47710976220066));
#9892=CARTESIAN_POINT('',(4.39183995058136,0.489999999999999,0.42226855766836));
#9893=CARTESIAN_POINT('Origin',(4.83848571881997,0.489999999999999,0.47710976220066));
#9894=CARTESIAN_POINT('',(4.39183995058136,0.159999999999999,0.42226855766836));
#9895=CARTESIAN_POINT('Origin',(4.83848571881997,0.159999999999999,0.47710976220066));
#9896=CARTESIAN_POINT('',(4.39183995058136,0.489999999999999,0.42226855766836));
#9897=CARTESIAN_POINT('Origin',(4.30563225826109,0.489999999999999,1.12437386868103));
#9898=CARTESIAN_POINT('',(4.30563225826109,0.489999999999999,1.12437386868103));
#9899=CARTESIAN_POINT('',(4.30563225826109,0.489999999999999,1.12437386868103));
#9900=CARTESIAN_POINT('',(4.30563225826108,0.159999999999999,1.12437386868103));
#9901=CARTESIAN_POINT('',(4.30563225826108,0.159999999999999,1.12437386868103));
#9902=CARTESIAN_POINT('',(4.30563225826109,0.489999999999999,1.12437386868103));
#9903=CARTESIAN_POINT('Origin',(4.10712302793285,0.489999999999999,1.10000000000002));
#9904=CARTESIAN_POINT('',(4.10712302793286,0.489999999999999,1.29999999999998));
#9905=CARTESIAN_POINT('Origin',(4.10712302793285,0.489999999999999,1.10000000000002));
#9906=CARTESIAN_POINT('',(4.10712302793286,0.159999999999999,1.29999999999998));
#9907=CARTESIAN_POINT('Origin',(4.10712302793285,0.159999999999999,1.10000000000002));
#9908=CARTESIAN_POINT('',(4.10712302793286,0.489999999999999,1.29999999999998));
#9909=CARTESIAN_POINT('Origin',(3.80000000000007,0.489999999999999,1.29999999999998));
#9910=CARTESIAN_POINT('',(3.80000000000007,0.489999999999999,1.29999999999998));
#9911=CARTESIAN_POINT('',(3.80000000000007,0.159999999999999,1.29999999999998));
#9912=CARTESIAN_POINT('Origin',(4.10712302793286,0.489999999999999,1.54999999999998));
#9913=CARTESIAN_POINT('',(4.10712302793286,0.489999999999999,1.54999999999998));
#9914=CARTESIAN_POINT('',(4.10712302793286,0.489999999999999,1.54999999999998));
#9915=CARTESIAN_POINT('',(4.10712302793286,0.159999999999999,1.54999999999998));
#9916=CARTESIAN_POINT('',(4.10712302793286,0.159999999999999,1.54999999999998));
#9917=CARTESIAN_POINT('',(4.10712302793286,0.489999999999999,1.54999999999998));
#9918=CARTESIAN_POINT('Origin',(4.10712302793284,0.489999999999999,1.1));
#9919=CARTESIAN_POINT('',(4.55376879617143,0.489999999999999,1.15484120453229));
#9920=CARTESIAN_POINT('Origin',(4.10712302793284,0.489999999999999,1.1));
#9921=CARTESIAN_POINT('',(4.55376879617143,0.159999999999999,1.15484120453229));
#9922=CARTESIAN_POINT('Origin',(4.10712302793284,0.159999999999999,1.1));
#9923=CARTESIAN_POINT('',(4.55376879617143,0.489999999999999,1.15484120453229));
#9924=CARTESIAN_POINT('Origin',(4.6399764884917,0.489999999999999,0.452735893519645));
#9925=CARTESIAN_POINT('',(4.6399764884917,0.489999999999999,0.452735893519645));
#9926=CARTESIAN_POINT('',(4.6399764884917,0.489999999999999,0.452735893519645));
#9927=CARTESIAN_POINT('',(4.6399764884917,0.159999999999999,0.452735893519645));
#9928=CARTESIAN_POINT('',(4.6399764884917,0.159999999999999,0.452735893519645));
#9929=CARTESIAN_POINT('',(4.6399764884917,0.489999999999999,0.452735893519645));
#9930=CARTESIAN_POINT('Origin',(4.83848571881993,0.489999999999999,0.477109762200632));
#9931=CARTESIAN_POINT('',(4.82102680724825,0.489999999999999,0.277873253481175));
#9932=CARTESIAN_POINT('Origin',(4.83848571881993,0.489999999999999,0.477109762200632));
#9933=CARTESIAN_POINT('',(4.82102680724824,0.159999999999999,0.277873253481175));
#9934=CARTESIAN_POINT('Origin',(4.83848571881993,0.159999999999999,0.477109762200632));
#9935=CARTESIAN_POINT('',(4.82102680724825,0.489999999999999,0.277873253481175));
#9936=CARTESIAN_POINT('Origin',(5.14999999999998,0.489999999999999,0.249045635899364));
#9937=CARTESIAN_POINT('',(5.14999999999998,0.489999999999999,0.249045635899364));
#9938=CARTESIAN_POINT('',(5.14999999999998,0.489999999999999,0.249045635899364));
#9939=CARTESIAN_POINT('',(5.14999999999998,0.159999999999999,0.249045635899364));
#9940=CARTESIAN_POINT('',(5.14999999999998,0.159999999999999,0.249045635899364));
#9941=CARTESIAN_POINT('',(5.14999999999998,0.489999999999999,0.249045635899364));
#9942=CARTESIAN_POINT('Origin',(5.12817636053535,0.489999999999999,0.));
#9943=CARTESIAN_POINT('',(5.12817636053535,0.489999999999999,0.));
#9944=CARTESIAN_POINT('',(5.12817636053535,0.159999999999999,0.));
#9945=CARTESIAN_POINT('Origin',(4.47191833958495,0.159999999999999,0.785074671721722));
#9946=CARTESIAN_POINT('Origin',(4.47191833958495,0.49,0.785074671721722));
#9947=CARTESIAN_POINT('Origin',(-3.75000000000007,0.325000000000001,1.42499999999998));
#9948=CARTESIAN_POINT('',(-3.75000000000007,0.490000000000001,1.54999999999998));
#9949=CARTESIAN_POINT('',(-3.75000000000007,0.160000000000001,1.54999999999998));
#9950=CARTESIAN_POINT('',(-3.75000000000007,0.490000000000001,1.54999999999998));
#9951=CARTESIAN_POINT('',(-3.75000000000007,0.160000000000001,1.29999999999998));
#9952=CARTESIAN_POINT('',(-3.75000000000007,0.160000000000001,1.54999999999998));
#9953=CARTESIAN_POINT('',(-3.75000000000007,0.490000000000001,1.29999999999998));
#9954=CARTESIAN_POINT('',(-3.75000000000007,0.160000000000001,1.29999999999998));
#9955=CARTESIAN_POINT('',(-3.75000000000007,0.490000000000001,1.29999999999998));
#9956=CARTESIAN_POINT('Origin',(-4.82102680724824,0.490000000000001,0.277873253481175));
#9957=CARTESIAN_POINT('',(-5.14999999999998,0.490000000000001,0.249045635899364));
#9958=CARTESIAN_POINT('',(-4.82102680724824,0.490000000000001,0.277873253481175));
#9959=CARTESIAN_POINT('',(-5.14999999999998,0.490000000000001,0.249045635899364));
#9960=CARTESIAN_POINT('',(-5.14999999999998,0.160000000000001,0.249045635899364));
#9961=CARTESIAN_POINT('',(-5.14999999999998,0.490000000000001,0.249045635899364));
#9962=CARTESIAN_POINT('',(-4.82102680724824,0.160000000000001,0.277873253481175));
#9963=CARTESIAN_POINT('',(-5.14999999999998,0.160000000000001,0.249045635899364));
#9964=CARTESIAN_POINT('',(-4.82102680724824,0.490000000000001,0.277873253481175));
#9965=CARTESIAN_POINT('Origin',(-4.83848571881993,0.490000000000001,0.477109762200632));
#9966=CARTESIAN_POINT('',(-4.6399764884917,0.490000000000001,0.452735893519645));
#9967=CARTESIAN_POINT('Origin',(-4.83848571881993,0.490000000000001,0.477109762200632));
#9968=CARTESIAN_POINT('',(-4.6399764884917,0.160000000000001,0.452735893519645));
#9969=CARTESIAN_POINT('Origin',(-4.83848571881993,0.160000000000001,0.477109762200632));
#9970=CARTESIAN_POINT('',(-4.6399764884917,0.490000000000001,0.452735893519645));
#9971=CARTESIAN_POINT('Origin',(-4.55376879617142,0.490000000000001,1.15484120453229));
#9972=CARTESIAN_POINT('',(-4.55376879617142,0.490000000000001,1.15484120453229));
#9973=CARTESIAN_POINT('',(-4.6399764884917,0.490000000000001,0.452735893519645));
#9974=CARTESIAN_POINT('',(-4.55376879617143,0.160000000000001,1.15484120453229));
#9975=CARTESIAN_POINT('',(-4.6399764884917,0.160000000000001,0.452735893519645));
#9976=CARTESIAN_POINT('',(-4.55376879617142,0.490000000000001,1.15484120453229));
#9977=CARTESIAN_POINT('Origin',(-4.10712302793284,0.490000000000001,1.1));
#9978=CARTESIAN_POINT('',(-4.10712302793286,0.490000000000001,1.54999999999998));
#9979=CARTESIAN_POINT('Origin',(-4.10712302793284,0.490000000000001,1.1));
#9980=CARTESIAN_POINT('',(-4.10712302793286,0.160000000000001,1.54999999999998));
#9981=CARTESIAN_POINT('Origin',(-4.10712302793284,0.160000000000001,1.1));
#9982=CARTESIAN_POINT('',(-4.10712302793286,0.490000000000001,1.54999999999998));
#9983=CARTESIAN_POINT('Origin',(-3.80000000000007,0.490000000000001,1.54999999999998));
#9984=CARTESIAN_POINT('',(-4.10712302793286,0.490000000000001,1.54999999999998));
#9985=CARTESIAN_POINT('',(-3.80000000000007,0.160000000000001,1.54999999999998));
#9986=CARTESIAN_POINT('Origin',(-4.10712302793286,0.490000000000001,1.29999999999998));
#9987=CARTESIAN_POINT('',(-4.10712302793286,0.490000000000001,1.29999999999998));
#9988=CARTESIAN_POINT('',(-3.80000000000007,0.490000000000001,1.29999999999998));
#9989=CARTESIAN_POINT('',(-4.10712302793286,0.160000000000001,1.29999999999998));
#9990=CARTESIAN_POINT('',(-3.80000000000007,0.160000000000001,1.29999999999998));
#9991=CARTESIAN_POINT('',(-4.10712302793286,0.490000000000001,1.29999999999998));
#9992=CARTESIAN_POINT('Origin',(-4.10712302793285,0.490000000000001,1.10000000000002));
#9993=CARTESIAN_POINT('',(-4.30563225826108,0.490000000000001,1.12437386868103));
#9994=CARTESIAN_POINT('Origin',(-4.10712302793285,0.490000000000001,1.10000000000002));
#9995=CARTESIAN_POINT('',(-4.30563225826108,0.160000000000001,1.12437386868103));
#9996=CARTESIAN_POINT('Origin',(-4.10712302793285,0.160000000000001,1.10000000000002));
#9997=CARTESIAN_POINT('',(-4.30563225826108,0.490000000000001,1.12437386868103));
#9998=CARTESIAN_POINT('Origin',(-4.39183995058136,0.490000000000001,0.42226855766836));
#9999=CARTESIAN_POINT('',(-4.39183995058136,0.490000000000001,0.42226855766836));
#10000=CARTESIAN_POINT('',(-4.30563225826108,0.490000000000001,1.12437386868103));
#10001=CARTESIAN_POINT('',(-4.39183995058136,0.160000000000001,0.42226855766836));
#10002=CARTESIAN_POINT('',(-4.30563225826108,0.160000000000001,1.12437386868103));
#10003=CARTESIAN_POINT('',(-4.39183995058136,0.490000000000001,0.42226855766836));
#10004=CARTESIAN_POINT('Origin',(-4.83848571881997,0.490000000000001,0.47710976220066));
#10005=CARTESIAN_POINT('',(-4.79920316778373,0.490000000000001,0.0288276175817828));
#10006=CARTESIAN_POINT('Origin',(-4.83848571881997,0.490000000000001,0.47710976220066));
#10007=CARTESIAN_POINT('',(-4.79920316778373,0.160000000000001,0.0288276175817828));
#10008=CARTESIAN_POINT('Origin',(-4.83848571881997,0.160000000000001,0.47710976220066));
#10009=CARTESIAN_POINT('',(-4.79920316778373,0.490000000000001,0.0288276175817828));
#10010=CARTESIAN_POINT('Origin',(-5.12817636053535,0.490000000000001,0.));
#10011=CARTESIAN_POINT('',(-5.12817636053535,0.490000000000001,0.));
#10012=CARTESIAN_POINT('',(-4.79920316778373,0.490000000000001,0.0288276175817828));
#10013=CARTESIAN_POINT('',(-5.12817636053535,0.160000000000001,0.));
#10014=CARTESIAN_POINT('',(-4.79920316778373,0.160000000000001,0.0288276175817828));
#10015=CARTESIAN_POINT('',(-5.12817636053535,0.490000000000001,0.));
#10016=CARTESIAN_POINT('Origin',(-5.14999999999998,0.490000000000001,0.249045635899364));
#10017=CARTESIAN_POINT('',(-5.12817636053535,0.490000000000001,0.));
#10018=CARTESIAN_POINT('',(-5.12817636053535,0.160000000000001,0.));
#10019=CARTESIAN_POINT('Origin',(-4.47191833958494,0.490000000000001,0.785074671721722));
#10020=CARTESIAN_POINT('Origin',(-4.47191833958495,0.160000000000001,0.785074671721722));
#10021=CARTESIAN_POINT('Origin',(3.75000000000007,-0.325000000000001,1.42499999999998));
#10022=CARTESIAN_POINT('',(3.75000000000007,-0.490000000000001,1.54999999999998));
#10023=CARTESIAN_POINT('',(3.75000000000007,-0.160000000000001,1.54999999999998));
#10024=CARTESIAN_POINT('',(3.75000000000007,-0.490000000000001,1.54999999999998));
#10025=CARTESIAN_POINT('',(3.75000000000007,-0.160000000000001,1.29999999999998));
#10026=CARTESIAN_POINT('',(3.75000000000007,-0.160000000000001,1.54999999999998));
#10027=CARTESIAN_POINT('',(3.75000000000007,-0.490000000000001,1.29999999999998));
#10028=CARTESIAN_POINT('',(3.75000000000007,-0.160000000000001,1.29999999999998));
#10029=CARTESIAN_POINT('',(3.75000000000007,-0.490000000000001,1.29999999999998));
#10030=CARTESIAN_POINT('Origin',(4.79920316778373,-0.160000000000001,0.0288276175817828));
#10031=CARTESIAN_POINT('',(4.79920316778373,-0.160000000000001,0.0288276175817826));
#10032=CARTESIAN_POINT('',(5.12817636053535,-0.160000000000001,0.));
#10033=CARTESIAN_POINT('',(4.79920316778373,-0.160000000000001,0.0288276175817828));
#10034=CARTESIAN_POINT('',(5.12817636053535,-0.490000000000001,0.));
#10035=CARTESIAN_POINT('',(5.12817636053535,-0.160000000000001,0.));
#10036=CARTESIAN_POINT('',(4.79920316778373,-0.490000000000001,0.0288276175817826));
#10037=CARTESIAN_POINT('',(4.79920316778373,-0.490000000000001,0.0288276175817828));
#10038=CARTESIAN_POINT('',(4.79920316778373,-0.160000000000001,0.0288276175817826));
#10039=CARTESIAN_POINT('Origin',(4.83848571881997,-0.160000000000001,0.47710976220066));
#10040=CARTESIAN_POINT('',(4.39183995058136,-0.160000000000001,0.42226855766836));
#10041=CARTESIAN_POINT('Origin',(4.83848571881997,-0.160000000000001,0.47710976220066));
#10042=CARTESIAN_POINT('',(4.39183995058136,-0.490000000000001,0.42226855766836));
#10043=CARTESIAN_POINT('Origin',(4.83848571881997,-0.490000000000001,0.47710976220066));
#10044=CARTESIAN_POINT('',(4.39183995058136,-0.160000000000001,0.42226855766836));
#10045=CARTESIAN_POINT('Origin',(4.30563225826108,-0.160000000000001,1.12437386868103));
#10046=CARTESIAN_POINT('',(4.30563225826108,-0.160000000000001,1.12437386868103));
#10047=CARTESIAN_POINT('',(4.30563225826108,-0.160000000000001,1.12437386868103));
#10048=CARTESIAN_POINT('',(4.30563225826108,-0.490000000000001,1.12437386868103));
#10049=CARTESIAN_POINT('',(4.30563225826108,-0.490000000000001,1.12437386868103));
#10050=CARTESIAN_POINT('',(4.30563225826108,-0.160000000000001,1.12437386868103));
#10051=CARTESIAN_POINT('Origin',(4.10712302793285,-0.160000000000001,1.10000000000002));
#10052=CARTESIAN_POINT('',(4.10712302793286,-0.160000000000001,1.29999999999998));
#10053=CARTESIAN_POINT('Origin',(4.10712302793285,-0.160000000000001,1.10000000000002));
#10054=CARTESIAN_POINT('',(4.10712302793286,-0.490000000000001,1.29999999999998));
#10055=CARTESIAN_POINT('Origin',(4.10712302793285,-0.490000000000001,1.10000000000002));
#10056=CARTESIAN_POINT('',(4.10712302793286,-0.160000000000001,1.29999999999998));
#10057=CARTESIAN_POINT('Origin',(3.80000000000007,-0.160000000000001,1.29999999999998));
#10058=CARTESIAN_POINT('',(3.80000000000007,-0.160000000000001,1.29999999999998));
#10059=CARTESIAN_POINT('',(3.80000000000007,-0.490000000000001,1.29999999999998));
#10060=CARTESIAN_POINT('Origin',(4.10712302793286,-0.160000000000001,1.54999999999998));
#10061=CARTESIAN_POINT('',(4.10712302793286,-0.160000000000001,1.54999999999998));
#10062=CARTESIAN_POINT('',(4.10712302793286,-0.160000000000001,1.54999999999998));
#10063=CARTESIAN_POINT('',(4.10712302793286,-0.490000000000001,1.54999999999998));
#10064=CARTESIAN_POINT('',(4.10712302793286,-0.490000000000001,1.54999999999998));
#10065=CARTESIAN_POINT('',(4.10712302793286,-0.160000000000001,1.54999999999998));
#10066=CARTESIAN_POINT('Origin',(4.10712302793284,-0.160000000000001,1.1));
#10067=CARTESIAN_POINT('',(4.55376879617143,-0.160000000000001,1.15484120453229));
#10068=CARTESIAN_POINT('Origin',(4.10712302793284,-0.160000000000001,1.1));
#10069=CARTESIAN_POINT('',(4.55376879617142,-0.490000000000001,1.15484120453229));
#10070=CARTESIAN_POINT('Origin',(4.10712302793284,-0.490000000000001,1.1));
#10071=CARTESIAN_POINT('',(4.55376879617143,-0.160000000000001,1.15484120453229));
#10072=CARTESIAN_POINT('Origin',(4.6399764884917,-0.160000000000001,0.452735893519645));
#10073=CARTESIAN_POINT('',(4.6399764884917,-0.160000000000001,0.452735893519645));
#10074=CARTESIAN_POINT('',(4.6399764884917,-0.160000000000001,0.452735893519645));
#10075=CARTESIAN_POINT('',(4.6399764884917,-0.490000000000001,0.452735893519645));
#10076=CARTESIAN_POINT('',(4.6399764884917,-0.490000000000001,0.452735893519645));
#10077=CARTESIAN_POINT('',(4.6399764884917,-0.160000000000001,0.452735893519645));
#10078=CARTESIAN_POINT('Origin',(4.83848571881993,-0.160000000000001,0.477109762200632));
#10079=CARTESIAN_POINT('',(4.82102680724824,-0.160000000000001,0.277873253481175));
#10080=CARTESIAN_POINT('Origin',(4.83848571881993,-0.160000000000001,0.477109762200632));
#10081=CARTESIAN_POINT('',(4.82102680724824,-0.490000000000001,0.277873253481175));
#10082=CARTESIAN_POINT('Origin',(4.83848571881993,-0.490000000000001,0.477109762200632));
#10083=CARTESIAN_POINT('',(4.82102680724824,-0.160000000000001,0.277873253481175));
#10084=CARTESIAN_POINT('Origin',(5.14999999999998,-0.160000000000001,0.249045635899364));
#10085=CARTESIAN_POINT('',(5.14999999999998,-0.160000000000001,0.249045635899364));
#10086=CARTESIAN_POINT('',(5.14999999999998,-0.160000000000001,0.249045635899364));
#10087=CARTESIAN_POINT('',(5.14999999999998,-0.490000000000001,0.249045635899364));
#10088=CARTESIAN_POINT('',(5.14999999999998,-0.490000000000001,0.249045635899364));
#10089=CARTESIAN_POINT('',(5.14999999999998,-0.160000000000001,0.249045635899364));
#10090=CARTESIAN_POINT('Origin',(5.12817636053535,-0.160000000000001,0.));
#10091=CARTESIAN_POINT('',(5.12817636053535,-0.160000000000001,0.));
#10092=CARTESIAN_POINT('',(5.12817636053535,-0.490000000000001,0.));
#10093=CARTESIAN_POINT('Origin',(4.47191833958495,-0.49,0.785074671721722));
#10094=CARTESIAN_POINT('Origin',(4.47191833958495,-0.16,0.785074671721722));
#10095=CARTESIAN_POINT('Origin',(-3.75000000000007,-0.324999999999998,1.42499999999998));
#10096=CARTESIAN_POINT('',(-3.75000000000007,-0.159999999999999,1.54999999999998));
#10097=CARTESIAN_POINT('',(-3.75000000000007,-0.489999999999998,1.54999999999998));
#10098=CARTESIAN_POINT('',(-3.75000000000007,-0.159999999999999,1.54999999999998));
#10099=CARTESIAN_POINT('',(-3.75000000000007,-0.489999999999998,1.29999999999998));
#10100=CARTESIAN_POINT('',(-3.75000000000007,-0.489999999999998,1.54999999999998));
#10101=CARTESIAN_POINT('',(-3.75000000000007,-0.159999999999999,1.29999999999998));
#10102=CARTESIAN_POINT('',(-3.75000000000007,-0.489999999999998,1.29999999999998));
#10103=CARTESIAN_POINT('',(-3.75000000000007,-0.159999999999999,1.29999999999998));
#10104=CARTESIAN_POINT('Origin',(-4.82102680724824,-0.159999999999999,0.277873253481175));
#10105=CARTESIAN_POINT('',(-5.14999999999998,-0.159999999999999,0.249045635899364));
#10106=CARTESIAN_POINT('',(-4.82102680724824,-0.159999999999999,0.277873253481175));
#10107=CARTESIAN_POINT('',(-5.14999999999998,-0.159999999999999,0.249045635899364));
#10108=CARTESIAN_POINT('',(-5.14999999999998,-0.489999999999999,0.249045635899364));
#10109=CARTESIAN_POINT('',(-5.14999999999998,-0.159999999999999,0.249045635899364));
#10110=CARTESIAN_POINT('',(-4.82102680724825,-0.489999999999999,0.277873253481175));
#10111=CARTESIAN_POINT('',(-5.14999999999998,-0.489999999999999,0.249045635899364));
#10112=CARTESIAN_POINT('',(-4.82102680724824,-0.159999999999999,0.277873253481175));
#10113=CARTESIAN_POINT('Origin',(-4.83848571881993,-0.159999999999999,0.477109762200632));
#10114=CARTESIAN_POINT('',(-4.6399764884917,-0.159999999999999,0.452735893519645));
#10115=CARTESIAN_POINT('Origin',(-4.83848571881993,-0.159999999999999,0.477109762200632));
#10116=CARTESIAN_POINT('',(-4.6399764884917,-0.489999999999999,0.452735893519645));
#10117=CARTESIAN_POINT('Origin',(-4.83848571881993,-0.489999999999999,0.477109762200632));
#10118=CARTESIAN_POINT('',(-4.6399764884917,-0.159999999999999,0.452735893519645));
#10119=CARTESIAN_POINT('Origin',(-4.55376879617143,-0.159999999999999,1.15484120453229));
#10120=CARTESIAN_POINT('',(-4.55376879617143,-0.159999999999999,1.15484120453229));
#10121=CARTESIAN_POINT('',(-4.6399764884917,-0.159999999999999,0.452735893519645));
#10122=CARTESIAN_POINT('',(-4.55376879617143,-0.489999999999999,1.15484120453229));
#10123=CARTESIAN_POINT('',(-4.6399764884917,-0.489999999999999,0.452735893519645));
#10124=CARTESIAN_POINT('',(-4.55376879617143,-0.159999999999999,1.15484120453229));
#10125=CARTESIAN_POINT('Origin',(-4.10712302793284,-0.159999999999999,1.1));
#10126=CARTESIAN_POINT('',(-4.10712302793286,-0.159999999999999,1.54999999999998));
#10127=CARTESIAN_POINT('Origin',(-4.10712302793284,-0.159999999999999,1.1));
#10128=CARTESIAN_POINT('',(-4.10712302793286,-0.489999999999999,1.54999999999998));
#10129=CARTESIAN_POINT('Origin',(-4.10712302793284,-0.489999999999999,1.1));
#10130=CARTESIAN_POINT('',(-4.10712302793286,-0.159999999999999,1.54999999999998));
#10131=CARTESIAN_POINT('Origin',(-3.80000000000007,-0.159999999999999,1.54999999999998));
#10132=CARTESIAN_POINT('',(-4.10712302793286,-0.159999999999999,1.54999999999998));
#10133=CARTESIAN_POINT('',(-3.80000000000007,-0.489999999999999,1.54999999999998));
#10134=CARTESIAN_POINT('Origin',(-4.10712302793286,-0.159999999999999,1.29999999999998));
#10135=CARTESIAN_POINT('',(-4.10712302793286,-0.159999999999999,1.29999999999998));
#10136=CARTESIAN_POINT('',(-3.80000000000007,-0.159999999999999,1.29999999999998));
#10137=CARTESIAN_POINT('',(-4.10712302793286,-0.489999999999999,1.29999999999998));
#10138=CARTESIAN_POINT('',(-3.80000000000007,-0.489999999999999,1.29999999999998));
#10139=CARTESIAN_POINT('',(-4.10712302793286,-0.159999999999999,1.29999999999998));
#10140=CARTESIAN_POINT('Origin',(-4.10712302793285,-0.159999999999999,1.10000000000002));
#10141=CARTESIAN_POINT('',(-4.30563225826108,-0.159999999999999,1.12437386868103));
#10142=CARTESIAN_POINT('Origin',(-4.10712302793285,-0.159999999999999,1.10000000000002));
#10143=CARTESIAN_POINT('',(-4.30563225826109,-0.489999999999999,1.12437386868103));
#10144=CARTESIAN_POINT('Origin',(-4.10712302793285,-0.489999999999999,1.10000000000002));
#10145=CARTESIAN_POINT('',(-4.30563225826108,-0.159999999999999,1.12437386868103));
#10146=CARTESIAN_POINT('Origin',(-4.39183995058136,-0.159999999999999,0.42226855766836));
#10147=CARTESIAN_POINT('',(-4.39183995058136,-0.159999999999999,0.42226855766836));
#10148=CARTESIAN_POINT('',(-4.30563225826108,-0.159999999999999,1.12437386868103));
#10149=CARTESIAN_POINT('',(-4.39183995058136,-0.489999999999999,0.42226855766836));
#10150=CARTESIAN_POINT('',(-4.30563225826109,-0.489999999999999,1.12437386868103));
#10151=CARTESIAN_POINT('',(-4.39183995058136,-0.159999999999999,0.42226855766836));
#10152=CARTESIAN_POINT('Origin',(-4.83848571881997,-0.159999999999999,0.47710976220066));
#10153=CARTESIAN_POINT('',(-4.79920316778373,-0.159999999999999,0.0288276175817828));
#10154=CARTESIAN_POINT('Origin',(-4.83848571881997,-0.159999999999999,0.47710976220066));
#10155=CARTESIAN_POINT('',(-4.79920316778373,-0.489999999999999,0.0288276175817828));
#10156=CARTESIAN_POINT('Origin',(-4.83848571881997,-0.489999999999999,0.47710976220066));
#10157=CARTESIAN_POINT('',(-4.79920316778373,-0.159999999999999,0.0288276175817828));
#10158=CARTESIAN_POINT('Origin',(-5.12817636053535,-0.159999999999999,0.));
#10159=CARTESIAN_POINT('',(-5.12817636053535,-0.159999999999999,0.));
#10160=CARTESIAN_POINT('',(-4.79920316778373,-0.159999999999999,0.0288276175817828));
#10161=CARTESIAN_POINT('',(-5.12817636053535,-0.489999999999999,0.));
#10162=CARTESIAN_POINT('',(-4.79920316778373,-0.489999999999999,0.0288276175817828));
#10163=CARTESIAN_POINT('',(-5.12817636053535,-0.159999999999999,0.));
#10164=CARTESIAN_POINT('Origin',(-5.14999999999998,-0.159999999999999,0.249045635899364));
#10165=CARTESIAN_POINT('',(-5.12817636053535,-0.159999999999999,0.));
#10166=CARTESIAN_POINT('',(-5.12817636053535,-0.489999999999999,0.));
#10167=CARTESIAN_POINT('Origin',(-4.47191833958495,-0.159999999999999,0.785074671721722));
#10168=CARTESIAN_POINT('Origin',(-4.47191833958495,-0.489999999999999,0.785074671721722));
#10169=CARTESIAN_POINT('Origin',(3.75000000000007,-0.975000000000001,1.42499999999998));
#10170=CARTESIAN_POINT('',(3.75000000000007,-1.14,1.54999999999998));
#10171=CARTESIAN_POINT('',(3.75000000000007,-0.810000000000001,1.54999999999998));
#10172=CARTESIAN_POINT('',(3.75000000000007,-1.14,1.54999999999998));
#10173=CARTESIAN_POINT('',(3.75000000000007,-0.810000000000001,1.29999999999998));
#10174=CARTESIAN_POINT('',(3.75000000000007,-0.810000000000001,1.54999999999998));
#10175=CARTESIAN_POINT('',(3.75000000000007,-1.14,1.29999999999998));
#10176=CARTESIAN_POINT('',(3.75000000000007,-0.810000000000001,1.29999999999998));
#10177=CARTESIAN_POINT('',(3.75000000000007,-1.14,1.29999999999998));
#10178=CARTESIAN_POINT('Origin',(4.79920316778373,-0.810000000000001,0.0288276175817828));
#10179=CARTESIAN_POINT('',(4.79920316778373,-0.810000000000001,0.0288276175817826));
#10180=CARTESIAN_POINT('',(5.12817636053535,-0.810000000000001,0.));
#10181=CARTESIAN_POINT('',(4.79920316778373,-0.810000000000001,0.0288276175817828));
#10182=CARTESIAN_POINT('',(5.12817636053535,-1.14,0.));
#10183=CARTESIAN_POINT('',(5.12817636053535,-0.810000000000001,0.));
#10184=CARTESIAN_POINT('',(4.79920316778373,-1.14,0.0288276175817826));
#10185=CARTESIAN_POINT('',(4.79920316778373,-1.14,0.0288276175817828));
#10186=CARTESIAN_POINT('',(4.79920316778373,-0.810000000000001,0.0288276175817826));
#10187=CARTESIAN_POINT('Origin',(4.83848571881997,-0.810000000000001,0.47710976220066));
#10188=CARTESIAN_POINT('',(4.39183995058136,-0.810000000000001,0.42226855766836));
#10189=CARTESIAN_POINT('Origin',(4.83848571881997,-0.810000000000001,0.47710976220066));
#10190=CARTESIAN_POINT('',(4.39183995058136,-1.14,0.42226855766836));
#10191=CARTESIAN_POINT('Origin',(4.83848571881997,-1.14,0.47710976220066));
#10192=CARTESIAN_POINT('',(4.39183995058136,-0.810000000000001,0.42226855766836));
#10193=CARTESIAN_POINT('Origin',(4.30563225826108,-0.810000000000001,1.12437386868103));
#10194=CARTESIAN_POINT('',(4.30563225826108,-0.810000000000001,1.12437386868103));
#10195=CARTESIAN_POINT('',(4.30563225826108,-0.810000000000001,1.12437386868103));
#10196=CARTESIAN_POINT('',(4.30563225826108,-1.14,1.12437386868103));
#10197=CARTESIAN_POINT('',(4.30563225826108,-1.14,1.12437386868103));
#10198=CARTESIAN_POINT('',(4.30563225826108,-0.810000000000001,1.12437386868103));
#10199=CARTESIAN_POINT('Origin',(4.10712302793285,-0.810000000000001,1.10000000000002));
#10200=CARTESIAN_POINT('',(4.10712302793286,-0.810000000000001,1.29999999999998));
#10201=CARTESIAN_POINT('Origin',(4.10712302793285,-0.810000000000001,1.10000000000002));
#10202=CARTESIAN_POINT('',(4.10712302793286,-1.14,1.29999999999998));
#10203=CARTESIAN_POINT('Origin',(4.10712302793285,-1.14,1.10000000000002));
#10204=CARTESIAN_POINT('',(4.10712302793286,-0.810000000000001,1.29999999999998));
#10205=CARTESIAN_POINT('Origin',(3.80000000000007,-0.810000000000001,1.29999999999998));
#10206=CARTESIAN_POINT('',(3.80000000000007,-0.810000000000001,1.29999999999998));
#10207=CARTESIAN_POINT('',(3.80000000000007,-1.14,1.29999999999998));
#10208=CARTESIAN_POINT('Origin',(4.10712302793286,-0.810000000000001,1.54999999999998));
#10209=CARTESIAN_POINT('',(4.10712302793286,-0.810000000000001,1.54999999999998));
#10210=CARTESIAN_POINT('',(4.10712302793286,-0.810000000000001,1.54999999999998));
#10211=CARTESIAN_POINT('',(4.10712302793286,-1.14,1.54999999999998));
#10212=CARTESIAN_POINT('',(4.10712302793286,-1.14,1.54999999999998));
#10213=CARTESIAN_POINT('',(4.10712302793286,-0.810000000000001,1.54999999999998));
#10214=CARTESIAN_POINT('Origin',(4.10712302793284,-0.810000000000001,1.1));
#10215=CARTESIAN_POINT('',(4.55376879617143,-0.810000000000001,1.15484120453229));
#10216=CARTESIAN_POINT('Origin',(4.10712302793284,-0.810000000000001,1.1));
#10217=CARTESIAN_POINT('',(4.55376879617142,-1.14,1.15484120453229));
#10218=CARTESIAN_POINT('Origin',(4.10712302793284,-1.14,1.1));
#10219=CARTESIAN_POINT('',(4.55376879617143,-0.810000000000001,1.15484120453229));
#10220=CARTESIAN_POINT('Origin',(4.6399764884917,-0.810000000000001,0.452735893519645));
#10221=CARTESIAN_POINT('',(4.6399764884917,-0.810000000000001,0.452735893519645));
#10222=CARTESIAN_POINT('',(4.6399764884917,-0.810000000000001,0.452735893519645));
#10223=CARTESIAN_POINT('',(4.6399764884917,-1.14,0.452735893519645));
#10224=CARTESIAN_POINT('',(4.6399764884917,-1.14,0.452735893519645));
#10225=CARTESIAN_POINT('',(4.6399764884917,-0.810000000000001,0.452735893519645));
#10226=CARTESIAN_POINT('Origin',(4.83848571881993,-0.810000000000001,0.477109762200632));
#10227=CARTESIAN_POINT('',(4.82102680724824,-0.810000000000001,0.277873253481175));
#10228=CARTESIAN_POINT('Origin',(4.83848571881993,-0.810000000000001,0.477109762200632));
#10229=CARTESIAN_POINT('',(4.82102680724824,-1.14,0.277873253481175));
#10230=CARTESIAN_POINT('Origin',(4.83848571881993,-1.14,0.477109762200632));
#10231=CARTESIAN_POINT('',(4.82102680724824,-0.810000000000001,0.277873253481175));
#10232=CARTESIAN_POINT('Origin',(5.14999999999998,-0.810000000000001,0.249045635899364));
#10233=CARTESIAN_POINT('',(5.14999999999998,-0.810000000000001,0.249045635899364));
#10234=CARTESIAN_POINT('',(5.14999999999998,-0.810000000000001,0.249045635899364));
#10235=CARTESIAN_POINT('',(5.14999999999998,-1.14,0.249045635899364));
#10236=CARTESIAN_POINT('',(5.14999999999998,-1.14,0.249045635899364));
#10237=CARTESIAN_POINT('',(5.14999999999998,-0.810000000000001,0.249045635899364));
#10238=CARTESIAN_POINT('Origin',(5.12817636053535,-0.810000000000001,0.));
#10239=CARTESIAN_POINT('',(5.12817636053535,-0.810000000000001,0.));
#10240=CARTESIAN_POINT('',(5.12817636053535,-1.14,0.));
#10241=CARTESIAN_POINT('Origin',(4.47191833958495,-1.14,0.785074671721722));
#10242=CARTESIAN_POINT('Origin',(4.47191833958495,-0.81,0.785074671721722));
#10243=CARTESIAN_POINT('Origin',(-3.75000000000007,-0.974999999999999,1.42499999999998));
#10244=CARTESIAN_POINT('',(-3.75000000000007,-0.809999999999999,1.54999999999998));
#10245=CARTESIAN_POINT('',(-3.75000000000007,-1.14,1.54999999999998));
#10246=CARTESIAN_POINT('',(-3.75000000000007,-0.809999999999999,1.54999999999998));
#10247=CARTESIAN_POINT('',(-3.75000000000007,-1.14,1.29999999999998));
#10248=CARTESIAN_POINT('',(-3.75000000000007,-1.14,1.54999999999998));
#10249=CARTESIAN_POINT('',(-3.75000000000007,-0.809999999999999,1.29999999999998));
#10250=CARTESIAN_POINT('',(-3.75000000000007,-1.14,1.29999999999998));
#10251=CARTESIAN_POINT('',(-3.75000000000007,-0.809999999999999,1.29999999999998));
#10252=CARTESIAN_POINT('Origin',(-4.82102680724824,-0.809999999999999,0.277873253481175));
#10253=CARTESIAN_POINT('',(-5.14999999999998,-0.809999999999999,0.249045635899364));
#10254=CARTESIAN_POINT('',(-4.82102680724824,-0.809999999999999,0.277873253481175));
#10255=CARTESIAN_POINT('',(-5.14999999999998,-0.809999999999999,0.249045635899364));
#10256=CARTESIAN_POINT('',(-5.14999999999998,-1.14,0.249045635899364));
#10257=CARTESIAN_POINT('',(-5.14999999999998,-0.809999999999999,0.249045635899364));
#10258=CARTESIAN_POINT('',(-4.82102680724825,-1.14,0.277873253481175));
#10259=CARTESIAN_POINT('',(-5.14999999999998,-1.14,0.249045635899364));
#10260=CARTESIAN_POINT('',(-4.82102680724824,-0.809999999999999,0.277873253481175));
#10261=CARTESIAN_POINT('Origin',(-4.83848571881993,-0.809999999999999,0.477109762200632));
#10262=CARTESIAN_POINT('',(-4.6399764884917,-0.809999999999999,0.452735893519645));
#10263=CARTESIAN_POINT('Origin',(-4.83848571881993,-0.809999999999999,0.477109762200632));
#10264=CARTESIAN_POINT('',(-4.6399764884917,-1.14,0.452735893519645));
#10265=CARTESIAN_POINT('Origin',(-4.83848571881993,-1.14,0.477109762200632));
#10266=CARTESIAN_POINT('',(-4.6399764884917,-0.809999999999999,0.452735893519645));
#10267=CARTESIAN_POINT('Origin',(-4.55376879617143,-0.809999999999999,1.15484120453229));
#10268=CARTESIAN_POINT('',(-4.55376879617143,-0.809999999999999,1.15484120453229));
#10269=CARTESIAN_POINT('',(-4.6399764884917,-0.809999999999999,0.452735893519645));
#10270=CARTESIAN_POINT('',(-4.55376879617143,-1.14,1.15484120453229));
#10271=CARTESIAN_POINT('',(-4.6399764884917,-1.14,0.452735893519645));
#10272=CARTESIAN_POINT('',(-4.55376879617143,-0.809999999999999,1.15484120453229));
#10273=CARTESIAN_POINT('Origin',(-4.10712302793284,-0.809999999999999,1.1));
#10274=CARTESIAN_POINT('',(-4.10712302793286,-0.809999999999999,1.54999999999998));
#10275=CARTESIAN_POINT('Origin',(-4.10712302793284,-0.809999999999999,1.1));
#10276=CARTESIAN_POINT('',(-4.10712302793286,-1.14,1.54999999999998));
#10277=CARTESIAN_POINT('Origin',(-4.10712302793284,-1.14,1.1));
#10278=CARTESIAN_POINT('',(-4.10712302793286,-0.809999999999999,1.54999999999998));
#10279=CARTESIAN_POINT('Origin',(-3.80000000000007,-0.809999999999999,1.54999999999998));
#10280=CARTESIAN_POINT('',(-4.10712302793286,-0.809999999999999,1.54999999999998));
#10281=CARTESIAN_POINT('',(-3.80000000000007,-1.14,1.54999999999998));
#10282=CARTESIAN_POINT('Origin',(-4.10712302793286,-0.809999999999999,1.29999999999998));
#10283=CARTESIAN_POINT('',(-4.10712302793286,-0.809999999999999,1.29999999999998));
#10284=CARTESIAN_POINT('',(-3.80000000000007,-0.809999999999999,1.29999999999998));
#10285=CARTESIAN_POINT('',(-4.10712302793286,-1.14,1.29999999999998));
#10286=CARTESIAN_POINT('',(-3.80000000000007,-1.14,1.29999999999998));
#10287=CARTESIAN_POINT('',(-4.10712302793286,-0.809999999999999,1.29999999999998));
#10288=CARTESIAN_POINT('Origin',(-4.10712302793285,-0.809999999999999,1.10000000000002));
#10289=CARTESIAN_POINT('',(-4.30563225826108,-0.809999999999999,1.12437386868103));
#10290=CARTESIAN_POINT('Origin',(-4.10712302793285,-0.809999999999999,1.10000000000002));
#10291=CARTESIAN_POINT('',(-4.30563225826109,-1.14,1.12437386868103));
#10292=CARTESIAN_POINT('Origin',(-4.10712302793285,-1.14,1.10000000000002));
#10293=CARTESIAN_POINT('',(-4.30563225826108,-0.809999999999999,1.12437386868103));
#10294=CARTESIAN_POINT('Origin',(-4.39183995058136,-0.809999999999999,0.42226855766836));
#10295=CARTESIAN_POINT('',(-4.39183995058136,-0.809999999999999,0.42226855766836));
#10296=CARTESIAN_POINT('',(-4.30563225826108,-0.809999999999999,1.12437386868103));
#10297=CARTESIAN_POINT('',(-4.39183995058136,-1.14,0.42226855766836));
#10298=CARTESIAN_POINT('',(-4.30563225826109,-1.14,1.12437386868103));
#10299=CARTESIAN_POINT('',(-4.39183995058136,-0.809999999999999,0.42226855766836));
#10300=CARTESIAN_POINT('Origin',(-4.83848571881997,-0.809999999999999,0.47710976220066));
#10301=CARTESIAN_POINT('',(-4.79920316778373,-0.809999999999999,0.0288276175817828));
#10302=CARTESIAN_POINT('Origin',(-4.83848571881997,-0.809999999999999,0.47710976220066));
#10303=CARTESIAN_POINT('',(-4.79920316778373,-1.14,0.0288276175817828));
#10304=CARTESIAN_POINT('Origin',(-4.83848571881997,-1.14,0.47710976220066));
#10305=CARTESIAN_POINT('',(-4.79920316778373,-0.809999999999999,0.0288276175817828));
#10306=CARTESIAN_POINT('Origin',(-5.12817636053535,-0.809999999999999,0.));
#10307=CARTESIAN_POINT('',(-5.12817636053535,-0.809999999999999,0.));
#10308=CARTESIAN_POINT('',(-4.79920316778373,-0.809999999999999,0.0288276175817828));
#10309=CARTESIAN_POINT('',(-5.12817636053535,-1.14,0.));
#10310=CARTESIAN_POINT('',(-4.79920316778373,-1.14,0.0288276175817828));
#10311=CARTESIAN_POINT('',(-5.12817636053535,-0.809999999999999,0.));
#10312=CARTESIAN_POINT('Origin',(-5.14999999999998,-0.809999999999999,0.249045635899364));
#10313=CARTESIAN_POINT('',(-5.12817636053535,-0.809999999999999,0.));
#10314=CARTESIAN_POINT('',(-5.12817636053535,-1.14,0.));
#10315=CARTESIAN_POINT('Origin',(-4.47191833958495,-0.809999999999999,0.785074671721722));
#10316=CARTESIAN_POINT('Origin',(-4.47191833958495,-1.14,0.785074671721722));
#10317=CARTESIAN_POINT('Origin',(3.75000000000007,-1.625,1.42499999999998));
#10318=CARTESIAN_POINT('',(3.75000000000007,-1.79,1.54999999999998));
#10319=CARTESIAN_POINT('',(3.75000000000007,-1.46,1.54999999999998));
#10320=CARTESIAN_POINT('',(3.75000000000007,-1.79,1.54999999999998));
#10321=CARTESIAN_POINT('',(3.75000000000007,-1.46,1.29999999999998));
#10322=CARTESIAN_POINT('',(3.75000000000007,-1.46,1.54999999999998));
#10323=CARTESIAN_POINT('',(3.75000000000007,-1.79,1.29999999999998));
#10324=CARTESIAN_POINT('',(3.75000000000007,-1.46,1.29999999999998));
#10325=CARTESIAN_POINT('',(3.75000000000007,-1.79,1.29999999999998));
#10326=CARTESIAN_POINT('Origin',(4.79920316778373,-1.46,0.0288276175817828));
#10327=CARTESIAN_POINT('',(4.79920316778373,-1.46,0.0288276175817826));
#10328=CARTESIAN_POINT('',(5.12817636053535,-1.46,0.));
#10329=CARTESIAN_POINT('',(4.79920316778373,-1.46,0.0288276175817828));
#10330=CARTESIAN_POINT('',(5.12817636053535,-1.79,0.));
#10331=CARTESIAN_POINT('',(5.12817636053535,-1.46,0.));
#10332=CARTESIAN_POINT('',(4.79920316778373,-1.79,0.0288276175817826));
#10333=CARTESIAN_POINT('',(4.79920316778373,-1.79,0.0288276175817828));
#10334=CARTESIAN_POINT('',(4.79920316778373,-1.46,0.0288276175817826));
#10335=CARTESIAN_POINT('Origin',(4.83848571881997,-1.46,0.47710976220066));
#10336=CARTESIAN_POINT('',(4.39183995058136,-1.46,0.42226855766836));
#10337=CARTESIAN_POINT('Origin',(4.83848571881997,-1.46,0.47710976220066));
#10338=CARTESIAN_POINT('',(4.39183995058136,-1.79,0.42226855766836));
#10339=CARTESIAN_POINT('Origin',(4.83848571881997,-1.79,0.47710976220066));
#10340=CARTESIAN_POINT('',(4.39183995058136,-1.46,0.42226855766836));
#10341=CARTESIAN_POINT('Origin',(4.30563225826108,-1.46,1.12437386868103));
#10342=CARTESIAN_POINT('',(4.30563225826108,-1.46,1.12437386868103));
#10343=CARTESIAN_POINT('',(4.30563225826108,-1.46,1.12437386868103));
#10344=CARTESIAN_POINT('',(4.30563225826108,-1.79,1.12437386868103));
#10345=CARTESIAN_POINT('',(4.30563225826108,-1.79,1.12437386868103));
#10346=CARTESIAN_POINT('',(4.30563225826108,-1.46,1.12437386868103));
#10347=CARTESIAN_POINT('Origin',(4.10712302793285,-1.46,1.10000000000002));
#10348=CARTESIAN_POINT('',(4.10712302793286,-1.46,1.29999999999998));
#10349=CARTESIAN_POINT('Origin',(4.10712302793285,-1.46,1.10000000000002));
#10350=CARTESIAN_POINT('',(4.10712302793286,-1.79,1.29999999999998));
#10351=CARTESIAN_POINT('Origin',(4.10712302793285,-1.79,1.10000000000002));
#10352=CARTESIAN_POINT('',(4.10712302793286,-1.46,1.29999999999998));
#10353=CARTESIAN_POINT('Origin',(3.80000000000007,-1.46,1.29999999999998));
#10354=CARTESIAN_POINT('',(3.80000000000007,-1.46,1.29999999999998));
#10355=CARTESIAN_POINT('',(3.80000000000007,-1.79,1.29999999999998));
#10356=CARTESIAN_POINT('Origin',(4.10712302793286,-1.46,1.54999999999998));
#10357=CARTESIAN_POINT('',(4.10712302793286,-1.46,1.54999999999998));
#10358=CARTESIAN_POINT('',(4.10712302793286,-1.46,1.54999999999998));
#10359=CARTESIAN_POINT('',(4.10712302793286,-1.79,1.54999999999998));
#10360=CARTESIAN_POINT('',(4.10712302793286,-1.79,1.54999999999998));
#10361=CARTESIAN_POINT('',(4.10712302793286,-1.46,1.54999999999998));
#10362=CARTESIAN_POINT('Origin',(4.10712302793284,-1.46,1.1));
#10363=CARTESIAN_POINT('',(4.55376879617143,-1.46,1.15484120453229));
#10364=CARTESIAN_POINT('Origin',(4.10712302793284,-1.46,1.1));
#10365=CARTESIAN_POINT('',(4.55376879617142,-1.79,1.15484120453229));
#10366=CARTESIAN_POINT('Origin',(4.10712302793284,-1.79,1.1));
#10367=CARTESIAN_POINT('',(4.55376879617143,-1.46,1.15484120453229));
#10368=CARTESIAN_POINT('Origin',(4.6399764884917,-1.46,0.452735893519645));
#10369=CARTESIAN_POINT('',(4.6399764884917,-1.46,0.452735893519645));
#10370=CARTESIAN_POINT('',(4.6399764884917,-1.46,0.452735893519645));
#10371=CARTESIAN_POINT('',(4.6399764884917,-1.79,0.452735893519645));
#10372=CARTESIAN_POINT('',(4.6399764884917,-1.79,0.452735893519645));
#10373=CARTESIAN_POINT('',(4.6399764884917,-1.46,0.452735893519645));
#10374=CARTESIAN_POINT('Origin',(4.83848571881993,-1.46,0.477109762200632));
#10375=CARTESIAN_POINT('',(4.82102680724824,-1.46,0.277873253481175));
#10376=CARTESIAN_POINT('Origin',(4.83848571881993,-1.46,0.477109762200632));
#10377=CARTESIAN_POINT('',(4.82102680724824,-1.79,0.277873253481175));
#10378=CARTESIAN_POINT('Origin',(4.83848571881993,-1.79,0.477109762200632));
#10379=CARTESIAN_POINT('',(4.82102680724824,-1.46,0.277873253481175));
#10380=CARTESIAN_POINT('Origin',(5.14999999999998,-1.46,0.249045635899364));
#10381=CARTESIAN_POINT('',(5.14999999999998,-1.46,0.249045635899364));
#10382=CARTESIAN_POINT('',(5.14999999999998,-1.46,0.249045635899364));
#10383=CARTESIAN_POINT('',(5.14999999999998,-1.79,0.249045635899364));
#10384=CARTESIAN_POINT('',(5.14999999999998,-1.79,0.249045635899364));
#10385=CARTESIAN_POINT('',(5.14999999999998,-1.46,0.249045635899364));
#10386=CARTESIAN_POINT('Origin',(5.12817636053535,-1.46,0.));
#10387=CARTESIAN_POINT('',(5.12817636053535,-1.46,0.));
#10388=CARTESIAN_POINT('',(5.12817636053535,-1.79,0.));
#10389=CARTESIAN_POINT('Origin',(4.47191833958495,-1.79,0.785074671721722));
#10390=CARTESIAN_POINT('Origin',(4.47191833958495,-1.46,0.785074671721722));
#10391=CARTESIAN_POINT('Origin',(-3.75000000000007,-1.625,1.42499999999998));
#10392=CARTESIAN_POINT('',(-3.75000000000007,-1.46,1.54999999999998));
#10393=CARTESIAN_POINT('',(-3.75000000000007,-1.79,1.54999999999998));
#10394=CARTESIAN_POINT('',(-3.75000000000007,-1.46,1.54999999999998));
#10395=CARTESIAN_POINT('',(-3.75000000000007,-1.79,1.29999999999998));
#10396=CARTESIAN_POINT('',(-3.75000000000007,-1.79,1.54999999999998));
#10397=CARTESIAN_POINT('',(-3.75000000000007,-1.46,1.29999999999998));
#10398=CARTESIAN_POINT('',(-3.75000000000007,-1.79,1.29999999999998));
#10399=CARTESIAN_POINT('',(-3.75000000000007,-1.46,1.29999999999998));
#10400=CARTESIAN_POINT('Origin',(-4.82102680724824,-1.46,0.277873253481175));
#10401=CARTESIAN_POINT('',(-5.14999999999998,-1.46,0.249045635899364));
#10402=CARTESIAN_POINT('',(-4.82102680724824,-1.46,0.277873253481175));
#10403=CARTESIAN_POINT('',(-5.14999999999998,-1.46,0.249045635899364));
#10404=CARTESIAN_POINT('',(-5.14999999999998,-1.79,0.249045635899364));
#10405=CARTESIAN_POINT('',(-5.14999999999998,-1.46,0.249045635899364));
#10406=CARTESIAN_POINT('',(-4.82102680724825,-1.79,0.277873253481175));
#10407=CARTESIAN_POINT('',(-5.14999999999998,-1.79,0.249045635899364));
#10408=CARTESIAN_POINT('',(-4.82102680724824,-1.46,0.277873253481175));
#10409=CARTESIAN_POINT('Origin',(-4.83848571881993,-1.46,0.477109762200632));
#10410=CARTESIAN_POINT('',(-4.6399764884917,-1.46,0.452735893519645));
#10411=CARTESIAN_POINT('Origin',(-4.83848571881993,-1.46,0.477109762200632));
#10412=CARTESIAN_POINT('',(-4.6399764884917,-1.79,0.452735893519645));
#10413=CARTESIAN_POINT('Origin',(-4.83848571881993,-1.79,0.477109762200632));
#10414=CARTESIAN_POINT('',(-4.6399764884917,-1.46,0.452735893519645));
#10415=CARTESIAN_POINT('Origin',(-4.55376879617143,-1.46,1.15484120453229));
#10416=CARTESIAN_POINT('',(-4.55376879617143,-1.46,1.15484120453229));
#10417=CARTESIAN_POINT('',(-4.6399764884917,-1.46,0.452735893519645));
#10418=CARTESIAN_POINT('',(-4.55376879617143,-1.79,1.15484120453229));
#10419=CARTESIAN_POINT('',(-4.6399764884917,-1.79,0.452735893519645));
#10420=CARTESIAN_POINT('',(-4.55376879617143,-1.46,1.15484120453229));
#10421=CARTESIAN_POINT('Origin',(-4.10712302793284,-1.46,1.1));
#10422=CARTESIAN_POINT('',(-4.10712302793286,-1.46,1.54999999999998));
#10423=CARTESIAN_POINT('Origin',(-4.10712302793284,-1.46,1.1));
#10424=CARTESIAN_POINT('',(-4.10712302793286,-1.79,1.54999999999998));
#10425=CARTESIAN_POINT('Origin',(-4.10712302793284,-1.79,1.1));
#10426=CARTESIAN_POINT('',(-4.10712302793286,-1.46,1.54999999999998));
#10427=CARTESIAN_POINT('Origin',(-3.80000000000007,-1.46,1.54999999999998));
#10428=CARTESIAN_POINT('',(-4.10712302793286,-1.46,1.54999999999998));
#10429=CARTESIAN_POINT('',(-3.80000000000007,-1.79,1.54999999999998));
#10430=CARTESIAN_POINT('Origin',(-4.10712302793286,-1.46,1.29999999999998));
#10431=CARTESIAN_POINT('',(-4.10712302793286,-1.46,1.29999999999998));
#10432=CARTESIAN_POINT('',(-3.80000000000007,-1.46,1.29999999999998));
#10433=CARTESIAN_POINT('',(-4.10712302793286,-1.79,1.29999999999998));
#10434=CARTESIAN_POINT('',(-3.80000000000007,-1.79,1.29999999999998));
#10435=CARTESIAN_POINT('',(-4.10712302793286,-1.46,1.29999999999998));
#10436=CARTESIAN_POINT('Origin',(-4.10712302793285,-1.46,1.10000000000002));
#10437=CARTESIAN_POINT('',(-4.30563225826108,-1.46,1.12437386868103));
#10438=CARTESIAN_POINT('Origin',(-4.10712302793285,-1.46,1.10000000000002));
#10439=CARTESIAN_POINT('',(-4.30563225826109,-1.79,1.12437386868103));
#10440=CARTESIAN_POINT('Origin',(-4.10712302793285,-1.79,1.10000000000002));
#10441=CARTESIAN_POINT('',(-4.30563225826108,-1.46,1.12437386868103));
#10442=CARTESIAN_POINT('Origin',(-4.39183995058136,-1.46,0.42226855766836));
#10443=CARTESIAN_POINT('',(-4.39183995058136,-1.46,0.42226855766836));
#10444=CARTESIAN_POINT('',(-4.30563225826108,-1.46,1.12437386868103));
#10445=CARTESIAN_POINT('',(-4.39183995058136,-1.79,0.42226855766836));
#10446=CARTESIAN_POINT('',(-4.30563225826109,-1.79,1.12437386868103));
#10447=CARTESIAN_POINT('',(-4.39183995058136,-1.46,0.42226855766836));
#10448=CARTESIAN_POINT('Origin',(-4.83848571881997,-1.46,0.47710976220066));
#10449=CARTESIAN_POINT('',(-4.79920316778373,-1.46,0.0288276175817828));
#10450=CARTESIAN_POINT('Origin',(-4.83848571881997,-1.46,0.47710976220066));
#10451=CARTESIAN_POINT('',(-4.79920316778373,-1.79,0.0288276175817828));
#10452=CARTESIAN_POINT('Origin',(-4.83848571881997,-1.79,0.47710976220066));
#10453=CARTESIAN_POINT('',(-4.79920316778373,-1.46,0.0288276175817828));
#10454=CARTESIAN_POINT('Origin',(-5.12817636053535,-1.46,0.));
#10455=CARTESIAN_POINT('',(-5.12817636053535,-1.46,0.));
#10456=CARTESIAN_POINT('',(-4.79920316778373,-1.46,0.0288276175817828));
#10457=CARTESIAN_POINT('',(-5.12817636053535,-1.79,0.));
#10458=CARTESIAN_POINT('',(-4.79920316778373,-1.79,0.0288276175817828));
#10459=CARTESIAN_POINT('',(-5.12817636053535,-1.46,0.));
#10460=CARTESIAN_POINT('Origin',(-5.14999999999998,-1.46,0.249045635899364));
#10461=CARTESIAN_POINT('',(-5.12817636053535,-1.46,0.));
#10462=CARTESIAN_POINT('',(-5.12817636053535,-1.79,0.));
#10463=CARTESIAN_POINT('Origin',(-4.47191833958495,-1.46,0.785074671721722));
#10464=CARTESIAN_POINT('Origin',(-4.47191833958495,-1.79,0.785074671721722));
#10465=CARTESIAN_POINT('Origin',(3.75000000000007,-2.275,1.42499999999998));
#10466=CARTESIAN_POINT('',(3.75000000000007,-2.44,1.54999999999998));
#10467=CARTESIAN_POINT('',(3.75000000000007,-2.11,1.54999999999998));
#10468=CARTESIAN_POINT('',(3.75000000000007,-2.44,1.54999999999998));
#10469=CARTESIAN_POINT('',(3.75000000000007,-2.11,1.29999999999998));
#10470=CARTESIAN_POINT('',(3.75000000000007,-2.11,1.54999999999998));
#10471=CARTESIAN_POINT('',(3.75000000000007,-2.44,1.29999999999998));
#10472=CARTESIAN_POINT('',(3.75000000000007,-2.11,1.29999999999998));
#10473=CARTESIAN_POINT('',(3.75000000000007,-2.44,1.29999999999998));
#10474=CARTESIAN_POINT('Origin',(4.79920316778373,-2.11,0.0288276175817828));
#10475=CARTESIAN_POINT('',(4.79920316778373,-2.11,0.0288276175817826));
#10476=CARTESIAN_POINT('',(5.12817636053535,-2.11,0.));
#10477=CARTESIAN_POINT('',(4.79920316778373,-2.11,0.0288276175817828));
#10478=CARTESIAN_POINT('',(5.12817636053535,-2.44,0.));
#10479=CARTESIAN_POINT('',(5.12817636053535,-2.11,0.));
#10480=CARTESIAN_POINT('',(4.79920316778373,-2.44,0.0288276175817826));
#10481=CARTESIAN_POINT('',(4.79920316778373,-2.44,0.0288276175817828));
#10482=CARTESIAN_POINT('',(4.79920316778373,-2.11,0.0288276175817826));
#10483=CARTESIAN_POINT('Origin',(4.83848571881997,-2.11,0.47710976220066));
#10484=CARTESIAN_POINT('',(4.39183995058136,-2.11,0.42226855766836));
#10485=CARTESIAN_POINT('Origin',(4.83848571881997,-2.11,0.47710976220066));
#10486=CARTESIAN_POINT('',(4.39183995058136,-2.44,0.42226855766836));
#10487=CARTESIAN_POINT('Origin',(4.83848571881997,-2.44,0.47710976220066));
#10488=CARTESIAN_POINT('',(4.39183995058136,-2.11,0.42226855766836));
#10489=CARTESIAN_POINT('Origin',(4.30563225826108,-2.11,1.12437386868103));
#10490=CARTESIAN_POINT('',(4.30563225826108,-2.11,1.12437386868103));
#10491=CARTESIAN_POINT('',(4.30563225826108,-2.11,1.12437386868103));
#10492=CARTESIAN_POINT('',(4.30563225826108,-2.44,1.12437386868103));
#10493=CARTESIAN_POINT('',(4.30563225826108,-2.44,1.12437386868103));
#10494=CARTESIAN_POINT('',(4.30563225826108,-2.11,1.12437386868103));
#10495=CARTESIAN_POINT('Origin',(4.10712302793285,-2.11,1.10000000000002));
#10496=CARTESIAN_POINT('',(4.10712302793286,-2.11,1.29999999999998));
#10497=CARTESIAN_POINT('Origin',(4.10712302793285,-2.11,1.10000000000002));
#10498=CARTESIAN_POINT('',(4.10712302793286,-2.44,1.29999999999998));
#10499=CARTESIAN_POINT('Origin',(4.10712302793285,-2.44,1.10000000000002));
#10500=CARTESIAN_POINT('',(4.10712302793286,-2.11,1.29999999999998));
#10501=CARTESIAN_POINT('Origin',(3.80000000000007,-2.11,1.29999999999998));
#10502=CARTESIAN_POINT('',(3.80000000000007,-2.11,1.29999999999998));
#10503=CARTESIAN_POINT('',(3.80000000000007,-2.44,1.29999999999998));
#10504=CARTESIAN_POINT('Origin',(4.10712302793286,-2.11,1.54999999999998));
#10505=CARTESIAN_POINT('',(4.10712302793286,-2.11,1.54999999999998));
#10506=CARTESIAN_POINT('',(4.10712302793286,-2.11,1.54999999999998));
#10507=CARTESIAN_POINT('',(4.10712302793286,-2.44,1.54999999999998));
#10508=CARTESIAN_POINT('',(4.10712302793286,-2.44,1.54999999999998));
#10509=CARTESIAN_POINT('',(4.10712302793286,-2.11,1.54999999999998));
#10510=CARTESIAN_POINT('Origin',(4.10712302793284,-2.11,1.1));
#10511=CARTESIAN_POINT('',(4.55376879617143,-2.11,1.15484120453229));
#10512=CARTESIAN_POINT('Origin',(4.10712302793284,-2.11,1.1));
#10513=CARTESIAN_POINT('',(4.55376879617142,-2.44,1.15484120453229));
#10514=CARTESIAN_POINT('Origin',(4.10712302793284,-2.44,1.1));
#10515=CARTESIAN_POINT('',(4.55376879617143,-2.11,1.15484120453229));
#10516=CARTESIAN_POINT('Origin',(4.6399764884917,-2.11,0.452735893519645));
#10517=CARTESIAN_POINT('',(4.6399764884917,-2.11,0.452735893519645));
#10518=CARTESIAN_POINT('',(4.6399764884917,-2.11,0.452735893519645));
#10519=CARTESIAN_POINT('',(4.6399764884917,-2.44,0.452735893519645));
#10520=CARTESIAN_POINT('',(4.6399764884917,-2.44,0.452735893519645));
#10521=CARTESIAN_POINT('',(4.6399764884917,-2.11,0.452735893519645));
#10522=CARTESIAN_POINT('Origin',(4.83848571881993,-2.11,0.477109762200632));
#10523=CARTESIAN_POINT('',(4.82102680724824,-2.11,0.277873253481175));
#10524=CARTESIAN_POINT('Origin',(4.83848571881993,-2.11,0.477109762200632));
#10525=CARTESIAN_POINT('',(4.82102680724824,-2.44,0.277873253481175));
#10526=CARTESIAN_POINT('Origin',(4.83848571881993,-2.44,0.477109762200632));
#10527=CARTESIAN_POINT('',(4.82102680724824,-2.11,0.277873253481175));
#10528=CARTESIAN_POINT('Origin',(5.14999999999998,-2.11,0.249045635899364));
#10529=CARTESIAN_POINT('',(5.14999999999998,-2.11,0.249045635899364));
#10530=CARTESIAN_POINT('',(5.14999999999998,-2.11,0.249045635899364));
#10531=CARTESIAN_POINT('',(5.14999999999998,-2.44,0.249045635899364));
#10532=CARTESIAN_POINT('',(5.14999999999998,-2.44,0.249045635899364));
#10533=CARTESIAN_POINT('',(5.14999999999998,-2.11,0.249045635899364));
#10534=CARTESIAN_POINT('Origin',(5.12817636053535,-2.11,0.));
#10535=CARTESIAN_POINT('',(5.12817636053535,-2.11,0.));
#10536=CARTESIAN_POINT('',(5.12817636053535,-2.44,0.));
#10537=CARTESIAN_POINT('Origin',(4.47191833958495,-2.44,0.785074671721722));
#10538=CARTESIAN_POINT('Origin',(4.47191833958495,-2.11,0.785074671721722));
#10539=CARTESIAN_POINT('Origin',(-3.75000000000007,-2.275,1.42499999999998));
#10540=CARTESIAN_POINT('',(-3.75000000000007,-2.11,1.54999999999998));
#10541=CARTESIAN_POINT('',(-3.75000000000007,-2.44,1.54999999999998));
#10542=CARTESIAN_POINT('',(-3.75000000000007,-2.11,1.54999999999998));
#10543=CARTESIAN_POINT('',(-3.75000000000007,-2.44,1.29999999999998));
#10544=CARTESIAN_POINT('',(-3.75000000000007,-2.44,1.54999999999998));
#10545=CARTESIAN_POINT('',(-3.75000000000007,-2.11,1.29999999999998));
#10546=CARTESIAN_POINT('',(-3.75000000000007,-2.44,1.29999999999998));
#10547=CARTESIAN_POINT('',(-3.75000000000007,-2.11,1.29999999999998));
#10548=CARTESIAN_POINT('Origin',(-4.82102680724824,-2.11,0.277873253481175));
#10549=CARTESIAN_POINT('',(-5.14999999999998,-2.11,0.249045635899364));
#10550=CARTESIAN_POINT('',(-4.82102680724824,-2.11,0.277873253481175));
#10551=CARTESIAN_POINT('',(-5.14999999999998,-2.11,0.249045635899364));
#10552=CARTESIAN_POINT('',(-5.14999999999998,-2.44,0.249045635899364));
#10553=CARTESIAN_POINT('',(-5.14999999999998,-2.11,0.249045635899364));
#10554=CARTESIAN_POINT('',(-4.82102680724825,-2.44,0.277873253481175));
#10555=CARTESIAN_POINT('',(-5.14999999999998,-2.44,0.249045635899364));
#10556=CARTESIAN_POINT('',(-4.82102680724824,-2.11,0.277873253481175));
#10557=CARTESIAN_POINT('Origin',(-4.83848571881993,-2.11,0.477109762200632));
#10558=CARTESIAN_POINT('',(-4.6399764884917,-2.11,0.452735893519645));
#10559=CARTESIAN_POINT('Origin',(-4.83848571881993,-2.11,0.477109762200632));
#10560=CARTESIAN_POINT('',(-4.6399764884917,-2.44,0.452735893519645));
#10561=CARTESIAN_POINT('Origin',(-4.83848571881993,-2.44,0.477109762200632));
#10562=CARTESIAN_POINT('',(-4.6399764884917,-2.11,0.452735893519645));
#10563=CARTESIAN_POINT('Origin',(-4.55376879617143,-2.11,1.15484120453229));
#10564=CARTESIAN_POINT('',(-4.55376879617143,-2.11,1.15484120453229));
#10565=CARTESIAN_POINT('',(-4.6399764884917,-2.11,0.452735893519645));
#10566=CARTESIAN_POINT('',(-4.55376879617143,-2.44,1.15484120453229));
#10567=CARTESIAN_POINT('',(-4.6399764884917,-2.44,0.452735893519645));
#10568=CARTESIAN_POINT('',(-4.55376879617143,-2.11,1.15484120453229));
#10569=CARTESIAN_POINT('Origin',(-4.10712302793284,-2.11,1.1));
#10570=CARTESIAN_POINT('',(-4.10712302793286,-2.11,1.54999999999998));
#10571=CARTESIAN_POINT('Origin',(-4.10712302793284,-2.11,1.1));
#10572=CARTESIAN_POINT('',(-4.10712302793286,-2.44,1.54999999999998));
#10573=CARTESIAN_POINT('Origin',(-4.10712302793284,-2.44,1.1));
#10574=CARTESIAN_POINT('',(-4.10712302793286,-2.11,1.54999999999998));
#10575=CARTESIAN_POINT('Origin',(-3.80000000000007,-2.11,1.54999999999998));
#10576=CARTESIAN_POINT('',(-4.10712302793286,-2.11,1.54999999999998));
#10577=CARTESIAN_POINT('',(-3.80000000000007,-2.44,1.54999999999998));
#10578=CARTESIAN_POINT('Origin',(-4.10712302793286,-2.11,1.29999999999998));
#10579=CARTESIAN_POINT('',(-4.10712302793286,-2.11,1.29999999999998));
#10580=CARTESIAN_POINT('',(-3.80000000000007,-2.11,1.29999999999998));
#10581=CARTESIAN_POINT('',(-4.10712302793286,-2.44,1.29999999999998));
#10582=CARTESIAN_POINT('',(-3.80000000000007,-2.44,1.29999999999998));
#10583=CARTESIAN_POINT('',(-4.10712302793286,-2.11,1.29999999999998));
#10584=CARTESIAN_POINT('Origin',(-4.10712302793285,-2.11,1.10000000000002));
#10585=CARTESIAN_POINT('',(-4.30563225826108,-2.11,1.12437386868103));
#10586=CARTESIAN_POINT('Origin',(-4.10712302793285,-2.11,1.10000000000002));
#10587=CARTESIAN_POINT('',(-4.30563225826109,-2.44,1.12437386868103));
#10588=CARTESIAN_POINT('Origin',(-4.10712302793285,-2.44,1.10000000000002));
#10589=CARTESIAN_POINT('',(-4.30563225826108,-2.11,1.12437386868103));
#10590=CARTESIAN_POINT('Origin',(-4.39183995058136,-2.11,0.42226855766836));
#10591=CARTESIAN_POINT('',(-4.39183995058136,-2.11,0.42226855766836));
#10592=CARTESIAN_POINT('',(-4.30563225826108,-2.11,1.12437386868103));
#10593=CARTESIAN_POINT('',(-4.39183995058136,-2.44,0.42226855766836));
#10594=CARTESIAN_POINT('',(-4.30563225826109,-2.44,1.12437386868103));
#10595=CARTESIAN_POINT('',(-4.39183995058136,-2.11,0.42226855766836));
#10596=CARTESIAN_POINT('Origin',(-4.83848571881997,-2.11,0.47710976220066));
#10597=CARTESIAN_POINT('',(-4.79920316778373,-2.11,0.0288276175817828));
#10598=CARTESIAN_POINT('Origin',(-4.83848571881997,-2.11,0.47710976220066));
#10599=CARTESIAN_POINT('',(-4.79920316778373,-2.44,0.0288276175817828));
#10600=CARTESIAN_POINT('Origin',(-4.83848571881997,-2.44,0.47710976220066));
#10601=CARTESIAN_POINT('',(-4.79920316778373,-2.11,0.0288276175817828));
#10602=CARTESIAN_POINT('Origin',(-5.12817636053535,-2.11,0.));
#10603=CARTESIAN_POINT('',(-5.12817636053535,-2.11,0.));
#10604=CARTESIAN_POINT('',(-4.79920316778373,-2.11,0.0288276175817828));
#10605=CARTESIAN_POINT('',(-5.12817636053535,-2.44,0.));
#10606=CARTESIAN_POINT('',(-4.79920316778373,-2.44,0.0288276175817828));
#10607=CARTESIAN_POINT('',(-5.12817636053535,-2.11,0.));
#10608=CARTESIAN_POINT('Origin',(-5.14999999999998,-2.11,0.249045635899364));
#10609=CARTESIAN_POINT('',(-5.12817636053535,-2.11,0.));
#10610=CARTESIAN_POINT('',(-5.12817636053535,-2.44,0.));
#10611=CARTESIAN_POINT('Origin',(-4.47191833958495,-2.11,0.785074671721722));
#10612=CARTESIAN_POINT('Origin',(-4.47191833958495,-2.44,0.785074671721722));
#10613=CARTESIAN_POINT('Ctrl Pts',(3.74999999999994,-3.00437047985324,1.54999999999998));
#10614=CARTESIAN_POINT('Ctrl Pts',(3.74999999999993,-3.2,1.54999999999998));
#10615=CARTESIAN_POINT('Ctrl Pts',(3.55437047985317,-3.2,1.54999999999998));
#10616=CARTESIAN_POINT('Ctrl Pts',(3.74999999999994,-3.00437047985324,1.29999999999998));
#10617=CARTESIAN_POINT('Ctrl Pts',(3.74999999999993,-3.2,1.29999999999998));
#10618=CARTESIAN_POINT('Ctrl Pts',(3.55437047985317,-3.2,1.29999999999998));
#10619=CARTESIAN_POINT('',(3.74999999999993,-3.00437047985324,1.29999999999998));
#10620=CARTESIAN_POINT('',(3.55437047985317,-3.2,1.29999999999998));
#10621=CARTESIAN_POINT('Origin',(3.54553188102693,-2.99553188102699,1.29999999999998));
#10622=CARTESIAN_POINT('',(3.74999999999993,-3.00437047985324,1.54999999999998));
#10623=CARTESIAN_POINT('',(3.74999999999993,-3.00437047985324,1.54999999999998));
#10624=CARTESIAN_POINT('',(3.55437047985317,-3.2,1.54999999999998));
#10625=CARTESIAN_POINT('Origin',(3.54553188102693,-2.99553188102699,1.54999999999998));
#10626=CARTESIAN_POINT('',(3.55437047985317,-3.2,1.54999999999998));
#10627=CARTESIAN_POINT('Origin',(-6.3948846218409E-14,0.,1.54999999999998));
#10628=CARTESIAN_POINT('',(3.74999999999993,3.00437047985324,1.54999999999998));
#10629=CARTESIAN_POINT('',(3.74999999999993,3.2,1.54999999999998));
#10630=CARTESIAN_POINT('',(3.55437047985317,3.2,1.54999999999998));
#10631=CARTESIAN_POINT('Origin',(3.54553188102693,2.995531881027,1.54999999999998));
#10632=CARTESIAN_POINT('',(-3.5543704798533,3.2,1.54999999999998));
#10633=CARTESIAN_POINT('',(-3.75000000000007,3.2,1.54999999999998));
#10634=CARTESIAN_POINT('',(-3.75000000000007,3.00437047985324,1.54999999999998));
#10635=CARTESIAN_POINT('Origin',(-3.54553188102706,2.995531881027,1.54999999999998));
#10636=CARTESIAN_POINT('',(-3.75000000000007,-3.00437047985324,1.54999999999998));
#10637=CARTESIAN_POINT('',(-3.75000000000007,-3.2,1.54999999999998));
#10638=CARTESIAN_POINT('',(-3.55437047985331,-3.2,1.54999999999998));
#10639=CARTESIAN_POINT('Origin',(-3.54553188102706,-2.99553188102699,1.54999999999998));
#10640=CARTESIAN_POINT('',(3.74999999999993,-3.2,1.54999999999998));
#10641=CARTESIAN_POINT('Origin',(3.74999999999993,-3.2,1.29999999999998));
#10642=CARTESIAN_POINT('',(3.74999999999993,3.00437047985324,1.29999999999998));
#10643=CARTESIAN_POINT('',(3.74999999999993,3.2,1.29999999999998));
#10644=CARTESIAN_POINT('',(3.74999999999993,3.00437047985324,1.54999999999998));
#10645=CARTESIAN_POINT('Ctrl Pts',(-3.55437047985331,-3.2,1.54999999999998));
#10646=CARTESIAN_POINT('Ctrl Pts',(-3.75000000000007,-3.2,1.54999999999998));
#10647=CARTESIAN_POINT('Ctrl Pts',(-3.75000000000007,-3.00437047985324,
1.54999999999998));
#10648=CARTESIAN_POINT('Ctrl Pts',(-3.55437047985331,-3.2,1.29999999999998));
#10649=CARTESIAN_POINT('Ctrl Pts',(-3.75000000000007,-3.2,1.29999999999998));
#10650=CARTESIAN_POINT('Ctrl Pts',(-3.75000000000007,-3.00437047985324,
1.29999999999998));
#10651=CARTESIAN_POINT('',(-3.55437047985331,-3.2,1.29999999999998));
#10652=CARTESIAN_POINT('',(-3.75000000000007,-3.00437047985324,1.29999999999998));
#10653=CARTESIAN_POINT('Origin',(-3.54553188102706,-2.99553188102699,1.29999999999998));
#10654=CARTESIAN_POINT('',(-3.55437047985331,-3.2,1.54999999999998));
#10655=CARTESIAN_POINT('',(-3.75000000000007,-3.00437047985324,1.54999999999998));
#10656=CARTESIAN_POINT('Origin',(-3.75000000000007,3.2,1.29999999999998));
#10657=CARTESIAN_POINT('',(-3.75000000000007,3.00437047985324,1.29999999999998));
#10658=CARTESIAN_POINT('',(-3.75000000000007,3.00437047985324,1.54999999999998));
#10659=CARTESIAN_POINT('',(-3.75000000000007,-3.2,1.29999999999998));
#10660=CARTESIAN_POINT('Ctrl Pts',(3.55437047985317,3.2,1.54999999999998));
#10661=CARTESIAN_POINT('Ctrl Pts',(3.74999999999993,3.2,1.54999999999998));
#10662=CARTESIAN_POINT('Ctrl Pts',(3.74999999999994,3.00437047985324,1.54999999999998));
#10663=CARTESIAN_POINT('Ctrl Pts',(3.55437047985317,3.2,1.29999999999998));
#10664=CARTESIAN_POINT('Ctrl Pts',(3.74999999999993,3.2,1.29999999999998));
#10665=CARTESIAN_POINT('Ctrl Pts',(3.74999999999994,3.00437047985324,1.29999999999998));
#10666=CARTESIAN_POINT('',(3.55437047985317,3.2,1.29999999999998));
#10667=CARTESIAN_POINT('Origin',(3.54553188102693,2.995531881027,1.29999999999998));
#10668=CARTESIAN_POINT('',(3.55437047985317,3.2,1.54999999999998));
#10669=CARTESIAN_POINT('Origin',(3.74999999999993,3.2,1.29999999999998));
#10670=CARTESIAN_POINT('',(-3.5543704798533,3.2,1.29999999999998));
#10671=CARTESIAN_POINT('',(-3.75000000000007,3.2,1.29999999999998));
#10672=CARTESIAN_POINT('',(-3.55437047985331,3.2,1.54999999999998));
#10673=CARTESIAN_POINT('Ctrl Pts',(-3.75000000000007,3.00437047985324,1.54999999999998));
#10674=CARTESIAN_POINT('Ctrl Pts',(-3.75000000000007,3.2,1.54999999999998));
#10675=CARTESIAN_POINT('Ctrl Pts',(-3.5543704798533,3.2,1.54999999999998));
#10676=CARTESIAN_POINT('Ctrl Pts',(-3.75000000000007,3.00437047985324,1.29999999999998));
#10677=CARTESIAN_POINT('Ctrl Pts',(-3.75000000000007,3.2,1.29999999999998));
#10678=CARTESIAN_POINT('Ctrl Pts',(-3.5543704798533,3.2,1.29999999999998));
#10679=CARTESIAN_POINT('Origin',(-3.54553188102706,2.995531881027,1.29999999999998));
#10680=CARTESIAN_POINT('Origin',(-6.3948846218409E-14,0.,1.29999999999998));
#10681=CARTESIAN_POINT('',(3.74999999999993,-3.2,1.29999999999998));
#10682=CARTESIAN_POINT('Origin',(-3.75000000000007,-3.2,1.29999999999998));
#10683=CARTESIAN_POINT('Origin',(-3.19227416888504,1.6,0.599999999999983));
#10684=CARTESIAN_POINT('',(-3.48691095813231,2.93691095893197,0.329465044589945));
#10685=CARTESIAN_POINT('',(-3.19227416888504,2.64227416888497,0.199999999999983));
#10686=CARTESIAN_POINT('Origin',(-3.19227416888504,2.64227416888497,0.599999999999983));
#10687=CARTESIAN_POINT('',(-3.19227416888504,-2.64227416888497,0.199999999999983));
#10688=CARTESIAN_POINT('',(-3.19227416888504,1.6,0.199999999999983));
#10689=CARTESIAN_POINT('',(-3.48691095813231,-2.93691095893197,0.329465044589944));
#10690=CARTESIAN_POINT('Origin',(-3.19227416888504,-2.64227416888497,0.599999999999983));
#10691=CARTESIAN_POINT('',(-3.58353320917856,-2.83790368903173,0.516835323672879));
#10692=CARTESIAN_POINT('Ctrl Pts',(-3.48691095825037,-2.93691095820059,
0.329465044120909));
#10693=CARTESIAN_POINT('Ctrl Pts',(-3.51003445583817,-2.92449332213206,
0.354648603362004));
#10694=CARTESIAN_POINT('Ctrl Pts',(-3.53086082744047,-2.90888236697658,
0.384122094634369));
#10695=CARTESIAN_POINT('Ctrl Pts',(-3.56435035223841,-2.87435779876588,
0.448505572518278));
#10696=CARTESIAN_POINT('Ctrl Pts',(-3.57648153585042,-2.85534759659615,
0.48365980901109));
#10697=CARTESIAN_POINT('Ctrl Pts',(-3.58353320917856,-2.83790368903173,
0.516835323672879));
#10698=CARTESIAN_POINT('',(-3.58353320917856,2.83790368903174,0.516835323672879));
#10699=CARTESIAN_POINT('',(-3.58353320917856,1.6,0.516835323672879));
#10700=CARTESIAN_POINT('Ctrl Pts',(-3.58353320917856,2.83790368903174,0.516835323672879));
#10701=CARTESIAN_POINT('Ctrl Pts',(-3.57576285555214,2.85712541472643,0.480278684040712));
#10702=CARTESIAN_POINT('Ctrl Pts',(-3.56192241197678,2.87803178093349,0.441739085498125));
#10703=CARTESIAN_POINT('Ctrl Pts',(-3.52674415465793,2.91191610600125,0.378378285550872));
#10704=CARTESIAN_POINT('Ctrl Pts',(-3.50798017503016,2.92559649916485,0.352411307631548));
#10705=CARTESIAN_POINT('Ctrl Pts',(-3.48691095825037,2.93691095820059,0.329465044120911));
#10706=CARTESIAN_POINT('Origin',(1.87499999999993,2.64227416888497,0.599999999999983));
#10707=CARTESIAN_POINT('',(-3.3879036890318,3.0335332091785,0.516835323672879));
#10708=CARTESIAN_POINT('Ctrl Pts',(-3.48691095783459,2.93691095893197,0.329465044863312));
#10709=CARTESIAN_POINT('Ctrl Pts',(-3.47559649887061,2.95798017543674,0.352411308190481));
#10710=CARTESIAN_POINT('Ctrl Pts',(-3.46191610584297,2.97674415482226,0.37837828584697));
#10711=CARTESIAN_POINT('Ctrl Pts',(-3.42803178093355,3.01192241197672,0.441739085498119));
#10712=CARTESIAN_POINT('Ctrl Pts',(-3.4071254147265,3.02576285555207,0.480278684040712));
#10713=CARTESIAN_POINT('Ctrl Pts',(-3.3879036890318,3.0335332091785,0.516835323672879));
#10714=CARTESIAN_POINT('',(3.38790368903167,3.0335332091785,0.516835323672879));
#10715=CARTESIAN_POINT('',(1.87499999999993,3.0335332091785,0.516835323672879));
#10716=CARTESIAN_POINT('',(3.48691095821736,2.93691095822234,0.329465044088778));
#10717=CARTESIAN_POINT('Ctrl Pts',(3.38790368903167,3.0335332091785,0.516835323672879));
#10718=CARTESIAN_POINT('Ctrl Pts',(3.40534759659609,3.02648153585035,0.48365980901109));
#10719=CARTESIAN_POINT('Ctrl Pts',(3.42435779876581,3.01435035223835,0.448505572518279));
#10720=CARTESIAN_POINT('Ctrl Pts',(3.45888236698327,2.98086082743385,0.384122094621755));
#10721=CARTESIAN_POINT('Ctrl Pts',(3.47449332214451,2.96003445582117,0.354648603338336));
#10722=CARTESIAN_POINT('Ctrl Pts',(3.48691095821554,2.93691095822234,0.329465044090454));
#10723=CARTESIAN_POINT('',(3.1922741688849,2.64227416888497,0.199999999999983));
#10724=CARTESIAN_POINT('Origin',(3.1922741688849,2.64227416888497,0.599999999999983));
#10725=CARTESIAN_POINT('',(1.87499999999993,2.64227416888497,0.199999999999983));
#10726=CARTESIAN_POINT('Origin',(-3.40709122360018,2.85709122360011,0.648687914693473));
#10727=CARTESIAN_POINT('',(-3.75000000000007,3.00437047985324,1.29999999999998));
#10728=CARTESIAN_POINT('',(-3.60272074374694,2.85709122360011,0.607105576529921));
#10729=CARTESIAN_POINT('',(-3.55437047985331,3.2,1.29999999999998));
#10730=CARTESIAN_POINT('Origin',(-3.54553188102706,2.995531881027,1.29999999999998));
#10731=CARTESIAN_POINT('',(-3.40709122360018,3.05272074374687,0.607105576529921));
#10732=CARTESIAN_POINT('Origin',(-3.75000000000007,3.2,1.29999999999998));
#10733=CARTESIAN_POINT('',(-3.75000000000007,-3.00437047985324,1.29999999999998));
#10734=CARTESIAN_POINT('',(-3.62551059961547,-2.87988107946864,0.714323418639689));
#10735=CARTESIAN_POINT('',(-3.75000000000007,-3.2,1.29999999999998));
#10736=CARTESIAN_POINT('Origin',(-1.87500000000007,-2.64227416888497,0.599999999999983));
#10737=CARTESIAN_POINT('',(3.1922741688849,-2.64227416888497,0.199999999999983));
#10738=CARTESIAN_POINT('',(-1.87500000000007,-2.64227416888497,0.199999999999983));
#10739=CARTESIAN_POINT('',(3.4869109589319,-2.93691095813224,0.329465044589946));
#10740=CARTESIAN_POINT('Origin',(3.1922741688849,-2.64227416888497,0.599999999999983));
#10741=CARTESIAN_POINT('',(3.38790368903167,-3.0335332091785,0.516835323672879));
#10742=CARTESIAN_POINT('Ctrl Pts',(3.48691095820052,-2.9369109582503,0.329465044120912));
#10743=CARTESIAN_POINT('Ctrl Pts',(3.47449332213199,-2.96003445583811,0.354648603362006));
#10744=CARTESIAN_POINT('Ctrl Pts',(3.45888236697651,-2.98086082744041,0.384122094634371));
#10745=CARTESIAN_POINT('Ctrl Pts',(3.42435779876581,-3.01435035223835,0.448505572518278));
#10746=CARTESIAN_POINT('Ctrl Pts',(3.40534759659609,-3.02648153585035,0.48365980901109));
#10747=CARTESIAN_POINT('Ctrl Pts',(3.38790368903167,-3.0335332091785,0.516835323672879));
#10748=CARTESIAN_POINT('',(-3.3879036890318,-3.0335332091785,0.516835323672879));
#10749=CARTESIAN_POINT('',(-1.87500000000007,-3.0335332091785,0.516835323672879));
#10750=CARTESIAN_POINT('Ctrl Pts',(-3.3879036890318,-3.0335332091785,0.516835323672879));
#10751=CARTESIAN_POINT('Ctrl Pts',(-3.4071254147265,-3.02576285555207,0.480278684040712));
#10752=CARTESIAN_POINT('Ctrl Pts',(-3.42803178093355,-3.01192241197671,
0.441739085498119));
#10753=CARTESIAN_POINT('Ctrl Pts',(-3.46191610584297,-2.97674415482226,
0.378378285846969));
#10754=CARTESIAN_POINT('Ctrl Pts',(-3.47559649887061,-2.95798017543674,
0.352411308190481));
#10755=CARTESIAN_POINT('Ctrl Pts',(-3.48691095783459,-2.93691095893197,
0.329465044863311));
#10756=CARTESIAN_POINT('Origin',(3.1922741688849,-1.6,0.599999999999983));
#10757=CARTESIAN_POINT('',(3.1922741688849,-1.6,0.199999999999983));
#10758=CARTESIAN_POINT('',(3.58353320917843,2.83790368903173,0.516835323672879));
#10759=CARTESIAN_POINT('Ctrl Pts',(3.48691095821809,2.93691095821785,0.329465044085902));
#10760=CARTESIAN_POINT('Ctrl Pts',(3.51003445581857,2.92449332214645,0.354648603334796));
#10761=CARTESIAN_POINT('Ctrl Pts',(3.53086082743279,2.90888236698436,0.384122094619871));
#10762=CARTESIAN_POINT('Ctrl Pts',(3.56435035223828,2.87435779876589,0.448505572518281));
#10763=CARTESIAN_POINT('Ctrl Pts',(3.57648153585028,2.85534759659616,0.48365980901109));
#10764=CARTESIAN_POINT('Ctrl Pts',(3.58353320917843,2.83790368903174,0.516835323672879));
#10765=CARTESIAN_POINT('',(3.58353320917843,-2.83790368903173,0.516835323672879));
#10766=CARTESIAN_POINT('',(3.58353320917843,-1.6,0.516835323672879));
#10767=CARTESIAN_POINT('Ctrl Pts',(3.58353320917843,-2.83790368903173,0.516835323672879));
#10768=CARTESIAN_POINT('Ctrl Pts',(3.575762855552,-2.85712541472643,0.480278684040713));
#10769=CARTESIAN_POINT('Ctrl Pts',(3.56192241197665,-2.87803178093349,0.441739085498126));
#10770=CARTESIAN_POINT('Ctrl Pts',(3.52674415482219,-2.9119161058429,0.378378285846974));
#10771=CARTESIAN_POINT('Ctrl Pts',(3.50798017543667,-2.92559649887055,0.352411308190482));
#10772=CARTESIAN_POINT('Ctrl Pts',(3.4869109589319,-2.93691095783452,0.329465044863314));
#10773=CARTESIAN_POINT('Origin',(-6.3948846218409E-14,0.,0.199999999999983));
#10774=CARTESIAN_POINT('',(1.20000000339993,1.33226762955019E-15,0.199999999999984));
#10775=CARTESIAN_POINT('Origin',(3.39993277975736E-9,1.33226762955019E-15,
0.199999999999983));
#10776=CARTESIAN_POINT('Origin',(-3.75000000000007,-3.2,1.29999999999998));
#10777=CARTESIAN_POINT('',(3.55437047985317,-3.2,1.29999999999998));
#10778=CARTESIAN_POINT('',(3.40709122360004,-3.05272074374687,0.60710557652992));
#10779=CARTESIAN_POINT('',(-3.5543704798533,-3.2,1.29999999999998));
#10780=CARTESIAN_POINT('',(3.74999999999993,-3.2,1.29999999999998));
#10781=CARTESIAN_POINT('',(-3.42988107946871,-3.0755105996154,0.714323418639689));
#10782=CARTESIAN_POINT('Origin',(3.40709122360004,-2.85709122360011,0.648687914693473));
#10783=CARTESIAN_POINT('',(3.74999999999993,-3.00437047985324,1.29999999999998));
#10784=CARTESIAN_POINT('',(3.6027207437468,-2.85709122360011,0.607105576529921));
#10785=CARTESIAN_POINT('Origin',(3.54553188102693,-2.99553188102699,1.29999999999998));
#10786=CARTESIAN_POINT('Origin',(3.74999999999993,-3.2,1.29999999999998));
#10787=CARTESIAN_POINT('',(3.74999999999993,3.00437047985324,1.29999999999998));
#10788=CARTESIAN_POINT('',(3.62551059961534,2.87988107946864,0.714323418639689));
#10789=CARTESIAN_POINT('',(3.74999999999993,3.2,1.29999999999998));
#10790=CARTESIAN_POINT('Origin',(-3.42988107946871,-2.87988107946864,0.755905756803241));
#10791=CARTESIAN_POINT('Origin',(-3.54553188102706,-2.99553188102699,1.29999999999998));
#10792=CARTESIAN_POINT('Origin',(3.74999999999993,3.2,1.29999999999998));
#10793=CARTESIAN_POINT('',(3.55437047985317,3.2,1.29999999999998));
#10794=CARTESIAN_POINT('',(-3.75000000000007,3.2,1.29999999999998));
#10795=CARTESIAN_POINT('',(3.42988107946858,3.0755105996154,0.714323418639689));
#10796=CARTESIAN_POINT('Origin',(3.39993277975736E-9,1.33226762955019E-15,
0.279999999999984));
#10797=CARTESIAN_POINT('',(3.39993277975736E-9,-1.18,0.299999999999984));
#10798=CARTESIAN_POINT('Origin',(3.39993277975736E-9,1.33226762955019E-15,
0.299999999999984));
#10799=CARTESIAN_POINT('',(3.39993277975736E-9,-1.2,0.279999999999984));
#10800=CARTESIAN_POINT('Origin',(3.39993277975736E-9,1.33226762955019E-15,
0.279999999999984));
#10801=CARTESIAN_POINT('Origin',(3.39993277975736E-9,1.33226762955019E-15,
0.299999999999984));
#10802=CARTESIAN_POINT('Origin',(3.39993277975736E-9,1.33226762955019E-15,
0.199999999999984));
#10803=CARTESIAN_POINT('Origin',(-6.3948846218409E-14,0.,1.29999999999998));
#10804=CARTESIAN_POINT('Origin',(3.54553188102693,2.995531881027,1.29999999999998));
#10805=CARTESIAN_POINT('Origin',(3.42988107946858,2.87988107946864,0.755905756803241));
#10806=CARTESIAN_POINT('Origin',(1.30564848359282,-1.87330850500251,2.64999999999998));
#10807=CARTESIAN_POINT('',(1.30564848359282,-1.87330850500251,2.64999999999998));
#10808=CARTESIAN_POINT('',(1.30564848359281,-1.97823532170251,2.64999999999998));
#10809=CARTESIAN_POINT('',(1.30564848359282,-1.87330850500251,2.64999999999998));
#10810=CARTESIAN_POINT('',(1.30564848359281,-1.97823532170251,2.65999999999998));
#10811=CARTESIAN_POINT('',(1.30564848359281,-1.97823532170251,2.64999999999998));
#10812=CARTESIAN_POINT('',(1.30564848359282,-1.87330850500251,2.65999999999998));
#10813=CARTESIAN_POINT('',(1.30564848359282,-1.87330850500251,2.65999999999998));
#10814=CARTESIAN_POINT('',(1.30564848359282,-1.87330850500251,2.64999999999998));
#10815=CARTESIAN_POINT('Origin',(1.88236449449281,-1.87330850500252,2.64999999999998));
#10816=CARTESIAN_POINT('',(1.88236449449281,-1.87330850500252,2.64999999999998));
#10817=CARTESIAN_POINT('',(1.88236449449281,-1.87330850500252,2.64999999999998));
#10818=CARTESIAN_POINT('',(1.88236449449281,-1.87330850500252,2.65999999999998));
#10819=CARTESIAN_POINT('',(1.88236449449281,-1.87330850500252,2.65999999999998));
#10820=CARTESIAN_POINT('',(1.88236449449281,-1.87330850500252,2.64999999999998));
#10821=CARTESIAN_POINT('Origin',(1.88236449449281,-1.97823532170251,2.64999999999998));
#10822=CARTESIAN_POINT('',(1.88236449449281,-1.97823532170251,2.64999999999998));
#10823=CARTESIAN_POINT('',(1.88236449449281,-1.97823532170251,2.64999999999998));
#10824=CARTESIAN_POINT('',(1.88236449449281,-1.97823532170251,2.65999999999998));
#10825=CARTESIAN_POINT('',(1.88236449449281,-1.97823532170251,2.65999999999998));
#10826=CARTESIAN_POINT('',(1.88236449449281,-1.97823532170251,2.64999999999998));
#10827=CARTESIAN_POINT('Origin',(1.83360466857405,-1.97823532165275,2.64999999999998));
#10828=CARTESIAN_POINT('',(1.83360466857405,-1.97823532165275,2.64999999999998));
#10829=CARTESIAN_POINT('',(1.83360466857405,-1.97823532165275,2.64999999999998));
#10830=CARTESIAN_POINT('',(1.83360466857405,-1.97823532165275,2.65999999999998));
#10831=CARTESIAN_POINT('',(1.83360466857405,-1.97823532165275,2.65999999999998));
#10832=CARTESIAN_POINT('',(1.83360466857405,-1.97823532165275,2.64999999999998));
#10833=CARTESIAN_POINT('Ctrl Pts',(1.77891728312284,-2.22224639850256,2.64999999999998));
#10834=CARTESIAN_POINT('Ctrl Pts',(1.77891728312284,-2.22224639850256,2.65999999999998));
#10835=CARTESIAN_POINT('Ctrl Pts',(1.84896924611203,-2.21107661452268,2.64999999999998));
#10836=CARTESIAN_POINT('Ctrl Pts',(1.84896924611203,-2.21107661452268,2.65999999999998));
#10837=CARTESIAN_POINT('Ctrl Pts',(1.8915983790233,-2.15327977207282,2.64999999999998));
#10838=CARTESIAN_POINT('Ctrl Pts',(1.8915983790233,-2.15327977207282,2.65999999999998));
#10839=CARTESIAN_POINT('Ctrl Pts',(1.8890711128513,-2.05159172593082,2.64999999999998));
#10840=CARTESIAN_POINT('Ctrl Pts',(1.8890711128513,-2.05159172593082,2.65999999999998));
#10841=CARTESIAN_POINT('Ctrl Pts',(1.85477192455423,-2.00193993883335,2.64999999999998));
#10842=CARTESIAN_POINT('Ctrl Pts',(1.85477192455423,-2.00193993883335,2.65999999999998));
#10843=CARTESIAN_POINT('Ctrl Pts',(1.83360466857405,-1.97823532165275,2.64999999999998));
#10844=CARTESIAN_POINT('Ctrl Pts',(1.83360466857405,-1.97823532165275,2.65999999999998));
#10845=CARTESIAN_POINT('',(1.77891728312284,-2.22224639850256,2.64999999999998));
#10846=CARTESIAN_POINT('Ctrl Pts',(1.77891728312284,-2.22224639850256,2.64999999999998));
#10847=CARTESIAN_POINT('Ctrl Pts',(1.84896924611203,-2.21107661452268,2.64999999999998));
#10848=CARTESIAN_POINT('Ctrl Pts',(1.8915983790233,-2.15327977207282,2.64999999999998));
#10849=CARTESIAN_POINT('Ctrl Pts',(1.8890711128513,-2.05159172593082,2.64999999999998));
#10850=CARTESIAN_POINT('Ctrl Pts',(1.85477192455423,-2.00193993883335,2.64999999999998));
#10851=CARTESIAN_POINT('Ctrl Pts',(1.83360466857405,-1.97823532165275,2.64999999999998));
#10852=CARTESIAN_POINT('',(1.77891728312284,-2.22224639850256,2.65999999999998));
#10853=CARTESIAN_POINT('Ctrl Pts',(1.77891728312284,-2.22224639850256,2.65999999999998));
#10854=CARTESIAN_POINT('Ctrl Pts',(1.84896924611203,-2.21107661452268,2.65999999999998));
#10855=CARTESIAN_POINT('Ctrl Pts',(1.8915983790233,-2.15327977207282,2.65999999999998));
#10856=CARTESIAN_POINT('Ctrl Pts',(1.8890711128513,-2.05159172593082,2.65999999999998));
#10857=CARTESIAN_POINT('Ctrl Pts',(1.85477192455423,-2.00193993883335,2.65999999999998));
#10858=CARTESIAN_POINT('Ctrl Pts',(1.83360466857405,-1.97823532165275,2.65999999999998));
#10859=CARTESIAN_POINT('',(1.77891728312284,-2.22224639850256,2.64999999999998));
#10860=CARTESIAN_POINT('Origin',(1.30564848359281,-2.22224639850251,2.64999999999998));
#10861=CARTESIAN_POINT('',(1.30564848359281,-2.22224639850251,2.64999999999998));
#10862=CARTESIAN_POINT('',(1.30564848359281,-2.22224639850251,2.64999999999998));
#10863=CARTESIAN_POINT('',(1.30564848359281,-2.22224639850251,2.65999999999998));
#10864=CARTESIAN_POINT('',(1.30564848359281,-2.22224639850251,2.65999999999998));
#10865=CARTESIAN_POINT('',(1.30564848359281,-2.22224639850251,2.64999999999998));
#10866=CARTESIAN_POINT('Origin',(1.30564848359281,-2.11795992270251,2.64999999999998));
#10867=CARTESIAN_POINT('',(1.30564848359281,-2.11795992270251,2.64999999999998));
#10868=CARTESIAN_POINT('',(1.30564848359281,-2.11795992270251,2.64999999999998));
#10869=CARTESIAN_POINT('',(1.30564848359281,-2.11795992270251,2.65999999999998));
#10870=CARTESIAN_POINT('',(1.30564848359281,-2.11795992270251,2.65999999999998));
#10871=CARTESIAN_POINT('',(1.30564848359281,-2.11795992270251,2.64999999999998));
#10872=CARTESIAN_POINT('Origin',(1.74414139589025,-2.11795992268346,2.64999999999998));
#10873=CARTESIAN_POINT('',(1.74414139589025,-2.11795992268346,2.64999999999998));
#10874=CARTESIAN_POINT('',(1.74414139589025,-2.11795992268346,2.64999999999998));
#10875=CARTESIAN_POINT('',(1.74414139589025,-2.11795992268346,2.65999999999998));
#10876=CARTESIAN_POINT('',(1.74414139589025,-2.11795992268346,2.65999999999998));
#10877=CARTESIAN_POINT('',(1.74414139589025,-2.11795992268346,2.64999999999998));
#10878=CARTESIAN_POINT('Ctrl Pts',(1.74213394479281,-1.97823532170251,2.64999999999998));
#10879=CARTESIAN_POINT('Ctrl Pts',(1.74213394479281,-1.97823532170251,2.65999999999998));
#10880=CARTESIAN_POINT('Ctrl Pts',(1.74756798717084,-1.97962194003355,2.64999999999998));
#10881=CARTESIAN_POINT('Ctrl Pts',(1.74756798717084,-1.97962194003355,2.65999999999998));
#10882=CARTESIAN_POINT('Ctrl Pts',(1.77145179688918,-1.98555941370931,2.64999999999998));
#10883=CARTESIAN_POINT('Ctrl Pts',(1.77145179688918,-1.98555941370931,2.65999999999998));
#10884=CARTESIAN_POINT('Ctrl Pts',(1.80574428745438,-2.035698430406,2.64999999999998));
#10885=CARTESIAN_POINT('Ctrl Pts',(1.80574428745438,-2.035698430406,2.65999999999998));
#10886=CARTESIAN_POINT('Ctrl Pts',(1.78931780663807,-2.11056533331494,2.64999999999998));
#10887=CARTESIAN_POINT('Ctrl Pts',(1.78931780663807,-2.11056533331494,2.65999999999998));
#10888=CARTESIAN_POINT('Ctrl Pts',(1.74414139589025,-2.11795992268346,2.64999999999998));
#10889=CARTESIAN_POINT('Ctrl Pts',(1.74414139589025,-2.11795992268346,2.65999999999998));
#10890=CARTESIAN_POINT('',(1.74213394479281,-1.97823532170251,2.64999999999998));
#10891=CARTESIAN_POINT('Ctrl Pts',(1.74213394479281,-1.97823532170251,2.64999999999998));
#10892=CARTESIAN_POINT('Ctrl Pts',(1.74756798717084,-1.97962194003355,2.64999999999998));
#10893=CARTESIAN_POINT('Ctrl Pts',(1.77145179688918,-1.98555941370931,2.64999999999998));
#10894=CARTESIAN_POINT('Ctrl Pts',(1.80574428745438,-2.035698430406,2.64999999999998));
#10895=CARTESIAN_POINT('Ctrl Pts',(1.78931780663807,-2.11056533331494,2.64999999999998));
#10896=CARTESIAN_POINT('Ctrl Pts',(1.74414139589025,-2.11795992268346,2.64999999999998));
#10897=CARTESIAN_POINT('',(1.74213394479281,-1.97823532170251,2.65999999999998));
#10898=CARTESIAN_POINT('Ctrl Pts',(1.74213394479281,-1.97823532170251,2.65999999999998));
#10899=CARTESIAN_POINT('Ctrl Pts',(1.74756798717084,-1.97962194003355,2.65999999999998));
#10900=CARTESIAN_POINT('Ctrl Pts',(1.77145179688918,-1.98555941370931,2.65999999999998));
#10901=CARTESIAN_POINT('Ctrl Pts',(1.80574428745438,-2.035698430406,2.65999999999998));
#10902=CARTESIAN_POINT('Ctrl Pts',(1.78931780663807,-2.11056533331494,2.65999999999998));
#10903=CARTESIAN_POINT('Ctrl Pts',(1.74414139589025,-2.11795992268346,2.65999999999998));
#10904=CARTESIAN_POINT('',(1.74213394479281,-1.97823532170251,2.64999999999998));
#10905=CARTESIAN_POINT('Origin',(1.30564848359281,-1.97823532170251,2.64999999999998));
#10906=CARTESIAN_POINT('',(1.30564848359281,-1.97823532170251,2.64999999999998));
#10907=CARTESIAN_POINT('',(1.30564848359281,-1.97823532170251,2.65999999999998));
#10908=CARTESIAN_POINT('Origin',(1.59979143814139,-2.04341519722068,2.65999999999998));
#10909=CARTESIAN_POINT('Origin',(1.59979143814139,-2.04341519722068,2.64999999999998));
#10910=CARTESIAN_POINT('Origin',(1.30564848359282,-0.493840532702512,2.64999999999998));
#10911=CARTESIAN_POINT('',(1.30564848359282,-0.493840532702512,2.64999999999998));
#10912=CARTESIAN_POINT('',(1.30564848359281,-0.602323862102514,2.64999999999998));
#10913=CARTESIAN_POINT('',(1.30564848359282,-0.493840532702512,2.64999999999998));
#10914=CARTESIAN_POINT('',(1.30564848359281,-0.602323862102514,2.65999999999998));
#10915=CARTESIAN_POINT('',(1.30564848359281,-0.602323862102514,2.64999999999998));
#10916=CARTESIAN_POINT('',(1.30564848359282,-0.493840532702512,2.65999999999998));
#10917=CARTESIAN_POINT('',(1.30564848359282,-0.493840532702512,2.65999999999998));
#10918=CARTESIAN_POINT('',(1.30564848359282,-0.493840532702512,2.64999999999998));
#10919=CARTESIAN_POINT('Origin',(1.88236449449281,-0.493840532702515,2.64999999999998));
#10920=CARTESIAN_POINT('',(1.88236449449281,-0.493840532702515,2.64999999999998));
#10921=CARTESIAN_POINT('',(1.88236449449281,-0.493840532702515,2.64999999999998));
#10922=CARTESIAN_POINT('',(1.88236449449281,-0.493840532702515,2.65999999999998));
#10923=CARTESIAN_POINT('',(1.88236449449281,-0.493840532702515,2.65999999999998));
#10924=CARTESIAN_POINT('',(1.88236449449281,-0.493840532702515,2.64999999999998));
#10925=CARTESIAN_POINT('Origin',(1.88236449449281,-0.598767349402513,2.64999999999998));
#10926=CARTESIAN_POINT('',(1.88236449449281,-0.598767349402513,2.64999999999998));
#10927=CARTESIAN_POINT('',(1.88236449449281,-0.598767349402513,2.64999999999998));
#10928=CARTESIAN_POINT('',(1.88236449449281,-0.598767349402513,2.65999999999998));
#10929=CARTESIAN_POINT('',(1.88236449449281,-0.598767349402513,2.65999999999998));
#10930=CARTESIAN_POINT('',(1.88236449449281,-0.598767349402513,2.64999999999998));
#10931=CARTESIAN_POINT('Origin',(1.83360466857405,-0.598767349373352,2.64999999999998));
#10932=CARTESIAN_POINT('',(1.83360466857405,-0.598767349373352,2.64999999999998));
#10933=CARTESIAN_POINT('',(1.83360466857405,-0.598767349373352,2.64999999999998));
#10934=CARTESIAN_POINT('',(1.83360466857405,-0.598767349373352,2.65999999999998));
#10935=CARTESIAN_POINT('',(1.83360466857405,-0.598767349373352,2.65999999999998));
#10936=CARTESIAN_POINT('',(1.83360466857405,-0.598767349373352,2.64999999999998));
#10937=CARTESIAN_POINT('Ctrl Pts',(1.7861562920737,-0.848640383902513,2.64999999999998));
#10938=CARTESIAN_POINT('Ctrl Pts',(1.7861562920737,-0.848640383902513,2.65999999999998));
#10939=CARTESIAN_POINT('Ctrl Pts',(1.84619346846475,-0.83137627023884,2.64999999999998));
#10940=CARTESIAN_POINT('Ctrl Pts',(1.84619346846475,-0.83137627023884,2.65999999999998));
#10941=CARTESIAN_POINT('Ctrl Pts',(1.88826906759726,-0.773851348719404,
2.64999999999998));
#10942=CARTESIAN_POINT('Ctrl Pts',(1.88826906759726,-0.773851348719404,
2.65999999999998));
#10943=CARTESIAN_POINT('Ctrl Pts',(1.8889403681564,-0.671926077614165,2.64999999999998));
#10944=CARTESIAN_POINT('Ctrl Pts',(1.8889403681564,-0.671926077614165,2.65999999999998));
#10945=CARTESIAN_POINT('Ctrl Pts',(1.85479783311903,-0.622511138333909,
2.64999999999998));
#10946=CARTESIAN_POINT('Ctrl Pts',(1.85479783311903,-0.622511138333909,
2.65999999999998));
#10947=CARTESIAN_POINT('Ctrl Pts',(1.83360466857405,-0.598767349373352,
2.64999999999998));
#10948=CARTESIAN_POINT('Ctrl Pts',(1.83360466857405,-0.598767349373352,
2.65999999999998));
#10949=CARTESIAN_POINT('',(1.7861562920737,-0.848640383902513,2.64999999999998));
#10950=CARTESIAN_POINT('Ctrl Pts',(1.7861562920737,-0.848640383902513,2.64999999999998));
#10951=CARTESIAN_POINT('Ctrl Pts',(1.84619346846475,-0.83137627023884,2.64999999999998));
#10952=CARTESIAN_POINT('Ctrl Pts',(1.88826906759726,-0.773851348719404,
2.64999999999998));
#10953=CARTESIAN_POINT('Ctrl Pts',(1.8889403681564,-0.671926077614165,2.64999999999998));
#10954=CARTESIAN_POINT('Ctrl Pts',(1.85479783311903,-0.622511138333909,
2.64999999999998));
#10955=CARTESIAN_POINT('Ctrl Pts',(1.83360466857405,-0.598767349373352,
2.64999999999998));
#10956=CARTESIAN_POINT('',(1.7861562920737,-0.848640383902513,2.65999999999998));
#10957=CARTESIAN_POINT('Ctrl Pts',(1.7861562920737,-0.848640383902513,2.65999999999998));
#10958=CARTESIAN_POINT('Ctrl Pts',(1.84619346846475,-0.83137627023884,2.65999999999998));
#10959=CARTESIAN_POINT('Ctrl Pts',(1.88826906759726,-0.773851348719404,
2.65999999999998));
#10960=CARTESIAN_POINT('Ctrl Pts',(1.8889403681564,-0.671926077614165,2.65999999999998));
#10961=CARTESIAN_POINT('Ctrl Pts',(1.85479783311903,-0.622511138333909,
2.65999999999998));
#10962=CARTESIAN_POINT('Ctrl Pts',(1.83360466857405,-0.598767349373352,
2.65999999999998));
#10963=CARTESIAN_POINT('',(1.7861562920737,-0.848640383902513,2.64999999999998));
#10964=CARTESIAN_POINT('Origin',(1.30564848359281,-0.848640383902513,2.64999999999998));
#10965=CARTESIAN_POINT('',(1.30564848359281,-0.848640383902513,2.64999999999998));
#10966=CARTESIAN_POINT('',(1.30564848359281,-0.848640383902513,2.64999999999998));
#10967=CARTESIAN_POINT('',(1.30564848359281,-0.848640383902513,2.65999999999998));
#10968=CARTESIAN_POINT('',(1.30564848359281,-0.848640383902513,2.65999999999998));
#10969=CARTESIAN_POINT('',(1.30564848359281,-0.848640383902513,2.64999999999998));
#10970=CARTESIAN_POINT('Origin',(1.30564848359282,-0.742823310102512,2.64999999999998));
#10971=CARTESIAN_POINT('',(1.30564848359282,-0.742823310102512,2.64999999999998));
#10972=CARTESIAN_POINT('',(1.30564848359282,-0.742823310102512,2.64999999999998));
#10973=CARTESIAN_POINT('',(1.30564848359282,-0.742823310102512,2.65999999999998));
#10974=CARTESIAN_POINT('',(1.30564848359282,-0.742823310102512,2.65999999999998));
#10975=CARTESIAN_POINT('',(1.30564848359282,-0.742823310102512,2.64999999999998));
#10976=CARTESIAN_POINT('Origin',(1.74101633268187,-0.742823310117302,2.64999999999998));
#10977=CARTESIAN_POINT('',(1.74101633268187,-0.742823310117302,2.64999999999998));
#10978=CARTESIAN_POINT('',(1.74101633268187,-0.742823310117302,2.64999999999998));
#10979=CARTESIAN_POINT('',(1.74101633268187,-0.742823310117302,2.65999999999998));
#10980=CARTESIAN_POINT('',(1.74101633268187,-0.742823310117302,2.65999999999998));
#10981=CARTESIAN_POINT('',(1.74101633268187,-0.742823310117302,2.64999999999998));
#10982=CARTESIAN_POINT('Ctrl Pts',(1.74213394479281,-0.602323862102514,
2.64999999999998));
#10983=CARTESIAN_POINT('Ctrl Pts',(1.74213394479281,-0.602323862102514,
2.65999999999998));
#10984=CARTESIAN_POINT('Ctrl Pts',(1.74756798717084,-0.603710480520695,
2.64999999999998));
#10985=CARTESIAN_POINT('Ctrl Pts',(1.74756798717084,-0.603710480520695,
2.65999999999998));
#10986=CARTESIAN_POINT('Ctrl Pts',(1.76510043726584,-0.603684155553161,
2.64999999999998));
#10987=CARTESIAN_POINT('Ctrl Pts',(1.76510043726584,-0.603684155553161,
2.65999999999998));
#10988=CARTESIAN_POINT('Ctrl Pts',(1.80574428745438,-0.661698360755135,
2.64999999999998));
#10989=CARTESIAN_POINT('Ctrl Pts',(1.80574428745438,-0.661698360755135,
2.65999999999998));
#10990=CARTESIAN_POINT('Ctrl Pts',(1.78990252650273,-0.730361515229863,
2.64999999999998));
#10991=CARTESIAN_POINT('Ctrl Pts',(1.78990252650273,-0.730361515229863,
2.65999999999998));
#10992=CARTESIAN_POINT('Ctrl Pts',(1.74101633268187,-0.742823310117302,
2.64999999999998));
#10993=CARTESIAN_POINT('Ctrl Pts',(1.74101633268187,-0.742823310117302,
2.65999999999998));
#10994=CARTESIAN_POINT('',(1.74213394479281,-0.602323862102514,2.64999999999998));
#10995=CARTESIAN_POINT('Ctrl Pts',(1.74213394479281,-0.602323862102514,
2.64999999999998));
#10996=CARTESIAN_POINT('Ctrl Pts',(1.74756798717084,-0.603710480520695,
2.64999999999998));
#10997=CARTESIAN_POINT('Ctrl Pts',(1.76510043726584,-0.603684155553161,
2.64999999999998));
#10998=CARTESIAN_POINT('Ctrl Pts',(1.80574428745438,-0.661698360755135,
2.64999999999998));
#10999=CARTESIAN_POINT('Ctrl Pts',(1.78990252650273,-0.730361515229863,
2.64999999999998));
#11000=CARTESIAN_POINT('Ctrl Pts',(1.74101633268187,-0.742823310117302,
2.64999999999998));
#11001=CARTESIAN_POINT('',(1.74213394479281,-0.602323862102514,2.65999999999998));
#11002=CARTESIAN_POINT('Ctrl Pts',(1.74213394479281,-0.602323862102514,
2.65999999999998));
#11003=CARTESIAN_POINT('Ctrl Pts',(1.74756798717084,-0.603710480520695,
2.65999999999998));
#11004=CARTESIAN_POINT('Ctrl Pts',(1.76510043726584,-0.603684155553161,
2.65999999999998));
#11005=CARTESIAN_POINT('Ctrl Pts',(1.80574428745438,-0.661698360755135,
2.65999999999998));
#11006=CARTESIAN_POINT('Ctrl Pts',(1.78990252650273,-0.730361515229863,
2.65999999999998));
#11007=CARTESIAN_POINT('Ctrl Pts',(1.74101633268187,-0.742823310117302,
2.65999999999998));
#11008=CARTESIAN_POINT('',(1.74213394479281,-0.602323862102514,2.64999999999998));
#11009=CARTESIAN_POINT('Origin',(1.30564848359281,-0.602323862102514,2.64999999999998));
#11010=CARTESIAN_POINT('',(1.30564848359281,-0.602323862102514,2.64999999999998));
#11011=CARTESIAN_POINT('',(1.30564848359281,-0.602323862102514,2.65999999999998));
#11012=CARTESIAN_POINT('Origin',(1.59898405306083,-0.666731325509216,2.65999999999998));
#11013=CARTESIAN_POINT('Origin',(1.59898405306083,-0.666731325509216,2.64999999999998));
#11014=CARTESIAN_POINT('Origin',(1.67378235465792,-1.49988635336678,2.64999999999998));
#11015=CARTESIAN_POINT('',(1.67378235465792,-1.49988635336678,2.64999999999998));
#11016=CARTESIAN_POINT('',(1.51178172756656,-1.49988635336678,2.64999999999998));
#11017=CARTESIAN_POINT('',(1.629116024179,-1.49988635339634,2.64999999999998));
#11018=CARTESIAN_POINT('',(1.67378235465792,-1.49988635336678,2.65999999999998));
#11019=CARTESIAN_POINT('',(1.67378235465792,-1.49988635336678,2.64999999999998));
#11020=CARTESIAN_POINT('',(1.51178172756656,-1.49988635336678,2.65999999999998));
#11021=CARTESIAN_POINT('',(1.629116024179,-1.49988635339634,2.65999999999998));
#11022=CARTESIAN_POINT('',(1.51178172756656,-1.49988635336678,2.64999999999998));
#11023=CARTESIAN_POINT('Ctrl Pts',(1.67378235469281,-1.67487143070251,2.64999999999998));
#11024=CARTESIAN_POINT('Ctrl Pts',(1.67378235469281,-1.67487143070251,2.65999999999998));
#11025=CARTESIAN_POINT('Ctrl Pts',(1.71623588218806,-1.6723555304744,2.64999999999998));
#11026=CARTESIAN_POINT('Ctrl Pts',(1.71623588218806,-1.6723555304744,2.65999999999998));
#11027=CARTESIAN_POINT('Ctrl Pts',(1.80099224235061,-1.6699146903293,2.64999999999998));
#11028=CARTESIAN_POINT('Ctrl Pts',(1.80099224235061,-1.6699146903293,2.65999999999998));
#11029=CARTESIAN_POINT('Ctrl Pts',(1.80130142687979,-1.52203806225332,2.64999999999998));
#11030=CARTESIAN_POINT('Ctrl Pts',(1.80130142687979,-1.52203806225332,2.65999999999998));
#11031=CARTESIAN_POINT('Ctrl Pts',(1.73242766516501,-1.49665462937903,2.64999999999998));
#11032=CARTESIAN_POINT('Ctrl Pts',(1.73242766516501,-1.49665462937903,2.65999999999998));
#11033=CARTESIAN_POINT('Ctrl Pts',(1.67378235465792,-1.49988635336678,2.64999999999998));
#11034=CARTESIAN_POINT('Ctrl Pts',(1.67378235465792,-1.49988635336678,2.65999999999998));
#11035=CARTESIAN_POINT('',(1.67378235469281,-1.67487143070251,2.64999999999998));
#11036=CARTESIAN_POINT('Ctrl Pts',(1.67378235469281,-1.67487143070251,2.64999999999998));
#11037=CARTESIAN_POINT('Ctrl Pts',(1.71623588218806,-1.6723555304744,2.64999999999998));
#11038=CARTESIAN_POINT('Ctrl Pts',(1.80099224235061,-1.6699146903293,2.64999999999998));
#11039=CARTESIAN_POINT('Ctrl Pts',(1.80130142687979,-1.52203806225332,2.64999999999998));
#11040=CARTESIAN_POINT('Ctrl Pts',(1.73242766516501,-1.49665462937903,2.64999999999998));
#11041=CARTESIAN_POINT('Ctrl Pts',(1.67378235465792,-1.49988635336678,2.64999999999998));
#11042=CARTESIAN_POINT('',(1.67378235469281,-1.67487143070251,2.65999999999998));
#11043=CARTESIAN_POINT('',(1.67378235469281,-1.67487143070251,2.64999999999998));
#11044=CARTESIAN_POINT('Ctrl Pts',(1.67378235465792,-1.49988635336678,2.65999999999998));
#11045=CARTESIAN_POINT('Ctrl Pts',(1.73242766516501,-1.49665462937903,2.65999999999998));
#11046=CARTESIAN_POINT('Ctrl Pts',(1.80130142687979,-1.52203806225332,2.65999999999998));
#11047=CARTESIAN_POINT('Ctrl Pts',(1.80099224235061,-1.6699146903293,2.65999999999998));
#11048=CARTESIAN_POINT('Ctrl Pts',(1.71623588218806,-1.6723555304744,2.65999999999998));
#11049=CARTESIAN_POINT('Ctrl Pts',(1.67378235469281,-1.67487143070251,2.65999999999998));
#11050=CARTESIAN_POINT('Origin',(1.51178172756656,-1.67487143067675,2.64999999999998));
#11051=CARTESIAN_POINT('',(1.51178172756656,-1.67487143067675,2.64999999999998));
#11052=CARTESIAN_POINT('',(1.54811571064235,-1.67487143069408,2.64999999999998));
#11053=CARTESIAN_POINT('',(1.51178172756656,-1.67487143067675,2.65999999999998));
#11054=CARTESIAN_POINT('',(1.51178172756656,-1.67487143067675,2.64999999999998));
#11055=CARTESIAN_POINT('',(1.54811571064235,-1.67487143069408,2.65999999999998));
#11056=CARTESIAN_POINT('Ctrl Pts',(1.51178172756656,-1.49988635336678,2.64999999999998));
#11057=CARTESIAN_POINT('Ctrl Pts',(1.51178172756656,-1.49988635336678,2.65999999999998));
#11058=CARTESIAN_POINT('Ctrl Pts',(1.4714288309322,-1.50254183279431,2.64999999999998));
#11059=CARTESIAN_POINT('Ctrl Pts',(1.4714288309322,-1.50254183279431,2.65999999999998));
#11060=CARTESIAN_POINT('Ctrl Pts',(1.38744971383835,-1.50688693282822,2.64999999999998));
#11061=CARTESIAN_POINT('Ctrl Pts',(1.38744971383835,-1.50688693282822,2.65999999999998));
#11062=CARTESIAN_POINT('Ctrl Pts',(1.38744971383835,-1.66271405723557,2.64999999999998));
#11063=CARTESIAN_POINT('Ctrl Pts',(1.38744971383835,-1.66271405723557,2.65999999999998));
#11064=CARTESIAN_POINT('Ctrl Pts',(1.47380017922515,-1.67542105021547,2.64999999999998));
#11065=CARTESIAN_POINT('Ctrl Pts',(1.47380017922515,-1.67542105021547,2.65999999999998));
#11066=CARTESIAN_POINT('Ctrl Pts',(1.51178172756656,-1.67487143067675,2.64999999999998));
#11067=CARTESIAN_POINT('Ctrl Pts',(1.51178172756656,-1.67487143067675,2.65999999999998));
#11068=CARTESIAN_POINT('Ctrl Pts',(1.51178172756656,-1.49988635336678,2.64999999999998));
#11069=CARTESIAN_POINT('Ctrl Pts',(1.4714288309322,-1.50254183279431,2.64999999999998));
#11070=CARTESIAN_POINT('Ctrl Pts',(1.38744971383835,-1.50688693282822,2.64999999999998));
#11071=CARTESIAN_POINT('Ctrl Pts',(1.38744971383835,-1.66271405723557,2.64999999999998));
#11072=CARTESIAN_POINT('Ctrl Pts',(1.47380017922515,-1.67542105021547,2.64999999999998));
#11073=CARTESIAN_POINT('Ctrl Pts',(1.51178172756656,-1.67487143067675,2.64999999999998));
#11074=CARTESIAN_POINT('Ctrl Pts',(1.51178172756656,-1.67487143067675,2.65999999999998));
#11075=CARTESIAN_POINT('Ctrl Pts',(1.47380017922515,-1.67542105021547,2.65999999999998));
#11076=CARTESIAN_POINT('Ctrl Pts',(1.38744971383835,-1.66271405723557,2.65999999999998));
#11077=CARTESIAN_POINT('Ctrl Pts',(1.38744971383835,-1.50688693282822,2.65999999999998));
#11078=CARTESIAN_POINT('Ctrl Pts',(1.4714288309322,-1.50254183279431,2.65999999999998));
#11079=CARTESIAN_POINT('Ctrl Pts',(1.51178172756656,-1.49988635336678,2.65999999999998));
#11080=CARTESIAN_POINT('Origin',(1.66747597179028,-1.39423498590251,2.64999999999998));
#11081=CARTESIAN_POINT('',(1.66747597179028,-1.39423498590251,2.64999999999998));
#11082=CARTESIAN_POINT('',(1.53115300862414,-1.39423498593434,2.64999999999998));
#11083=CARTESIAN_POINT('',(1.66747597179028,-1.39423498590251,2.64999999999998));
#11084=CARTESIAN_POINT('',(1.53115300862414,-1.39423498593434,2.65999999999998));
#11085=CARTESIAN_POINT('',(1.53115300862414,-1.39423498593434,2.64999999999998));
#11086=CARTESIAN_POINT('',(1.66747597179028,-1.39423498590251,2.65999999999998));
#11087=CARTESIAN_POINT('',(1.66747597179028,-1.39423498590251,2.65999999999998));
#11088=CARTESIAN_POINT('',(1.66747597179028,-1.39423498590251,2.64999999999998));
#11089=CARTESIAN_POINT('Ctrl Pts',(1.66481491709281,-1.78184344020251,2.64999999999998));
#11090=CARTESIAN_POINT('Ctrl Pts',(1.66481491709281,-1.78184344020251,2.65999999999998));
#11091=CARTESIAN_POINT('Ctrl Pts',(1.73052522338477,-1.78483880461366,2.64999999999998));
#11092=CARTESIAN_POINT('Ctrl Pts',(1.73052522338477,-1.78483880461366,2.65999999999998));
#11093=CARTESIAN_POINT('Ctrl Pts',(1.82123463064639,-1.75281556598528,2.64999999999998));
#11094=CARTESIAN_POINT('Ctrl Pts',(1.82123463064639,-1.75281556598528,2.65999999999998));
#11095=CARTESIAN_POINT('Ctrl Pts',(1.88634251671937,-1.65049959409409,2.64999999999998));
#11096=CARTESIAN_POINT('Ctrl Pts',(1.88634251671937,-1.65049959409409,2.65999999999998));
#11097=CARTESIAN_POINT('Ctrl Pts',(1.89015174403856,-1.56554158442797,2.64999999999998));
#11098=CARTESIAN_POINT('Ctrl Pts',(1.89015174403856,-1.56554158442797,2.65999999999998));
#11099=CARTESIAN_POINT('Ctrl Pts',(1.8531468024146,-1.44204330353316,2.64999999999998));
#11100=CARTESIAN_POINT('Ctrl Pts',(1.8531468024146,-1.44204330353316,2.65999999999998));
#11101=CARTESIAN_POINT('Ctrl Pts',(1.74245801416782,-1.39325635050188,2.64999999999998));
#11102=CARTESIAN_POINT('Ctrl Pts',(1.74245801416782,-1.39325635050188,2.65999999999998));
#11103=CARTESIAN_POINT('Ctrl Pts',(1.66747597179028,-1.39423498590251,2.64999999999998));
#11104=CARTESIAN_POINT('Ctrl Pts',(1.66747597179028,-1.39423498590251,2.65999999999998));
#11105=CARTESIAN_POINT('',(1.66481491709281,-1.78184344020251,2.64999999999998));
#11106=CARTESIAN_POINT('Ctrl Pts',(1.66481491709281,-1.78184344020251,2.64999999999998));
#11107=CARTESIAN_POINT('Ctrl Pts',(1.73052522338477,-1.78483880461366,2.64999999999998));
#11108=CARTESIAN_POINT('Ctrl Pts',(1.82123463064639,-1.75281556598528,2.64999999999998));
#11109=CARTESIAN_POINT('Ctrl Pts',(1.88634251671937,-1.65049959409409,2.64999999999998));
#11110=CARTESIAN_POINT('Ctrl Pts',(1.89015174403856,-1.56554158442797,2.64999999999998));
#11111=CARTESIAN_POINT('Ctrl Pts',(1.8531468024146,-1.44204330353316,2.64999999999998));
#11112=CARTESIAN_POINT('Ctrl Pts',(1.74245801416782,-1.39325635050188,2.64999999999998));
#11113=CARTESIAN_POINT('Ctrl Pts',(1.66747597179028,-1.39423498590251,2.64999999999998));
#11114=CARTESIAN_POINT('',(1.66481491709281,-1.78184344020251,2.65999999999998));
#11115=CARTESIAN_POINT('Ctrl Pts',(1.66481491709281,-1.78184344020251,2.65999999999998));
#11116=CARTESIAN_POINT('Ctrl Pts',(1.73052522338477,-1.78483880461366,2.65999999999998));
#11117=CARTESIAN_POINT('Ctrl Pts',(1.82123463064639,-1.75281556598528,2.65999999999998));
#11118=CARTESIAN_POINT('Ctrl Pts',(1.88634251671937,-1.65049959409409,2.65999999999998));
#11119=CARTESIAN_POINT('Ctrl Pts',(1.89015174403856,-1.56554158442797,2.65999999999998));
#11120=CARTESIAN_POINT('Ctrl Pts',(1.8531468024146,-1.44204330353316,2.65999999999998));
#11121=CARTESIAN_POINT('Ctrl Pts',(1.74245801416782,-1.39325635050188,2.65999999999998));
#11122=CARTESIAN_POINT('Ctrl Pts',(1.66747597179028,-1.39423498590251,2.65999999999998));
#11123=CARTESIAN_POINT('',(1.66481491709281,-1.78184344020251,2.64999999999998));
#11124=CARTESIAN_POINT('Origin',(1.54369910850674,-1.78184344020209,2.64999999999998));
#11125=CARTESIAN_POINT('',(1.54369910850674,-1.78184344020209,2.64999999999998));
#11126=CARTESIAN_POINT('',(1.54369910850674,-1.78184344020209,2.64999999999998));
#11127=CARTESIAN_POINT('',(1.54369910850674,-1.78184344020209,2.65999999999998));
#11128=CARTESIAN_POINT('',(1.54369910850674,-1.78184344020209,2.65999999999998));
#11129=CARTESIAN_POINT('',(1.54369910850674,-1.78184344020209,2.64999999999998));
#11130=CARTESIAN_POINT('Ctrl Pts',(1.53115300862414,-1.39423498593434,2.64999999999998));
#11131=CARTESIAN_POINT('Ctrl Pts',(1.53115300862414,-1.39423498593434,2.65999999999998));
#11132=CARTESIAN_POINT('Ctrl Pts',(1.44266090655853,-1.40490462379615,2.64999999999998));
#11133=CARTESIAN_POINT('Ctrl Pts',(1.44266090655853,-1.40490462379615,2.65999999999998));
#11134=CARTESIAN_POINT('Ctrl Pts',(1.34584545805001,-1.41543038012431,2.64999999999998));
#11135=CARTESIAN_POINT('Ctrl Pts',(1.34584545805001,-1.41543038012431,2.65999999999998));
#11136=CARTESIAN_POINT('Ctrl Pts',(1.27069887765548,-1.55563632088052,2.64999999999998));
#11137=CARTESIAN_POINT('Ctrl Pts',(1.27069887765548,-1.55563632088052,2.65999999999998));
#11138=CARTESIAN_POINT('Ctrl Pts',(1.29598398474013,-1.74127181086364,2.64999999999998));
#11139=CARTESIAN_POINT('Ctrl Pts',(1.29598398474013,-1.74127181086364,2.65999999999998));
#11140=CARTESIAN_POINT('Ctrl Pts',(1.42135597886361,-1.78135219409095,2.64999999999998));
#11141=CARTESIAN_POINT('Ctrl Pts',(1.42135597886361,-1.78135219409095,2.65999999999998));
#11142=CARTESIAN_POINT('Ctrl Pts',(1.54369910850674,-1.78184344020209,2.64999999999998));
#11143=CARTESIAN_POINT('Ctrl Pts',(1.54369910850674,-1.78184344020209,2.65999999999998));
#11144=CARTESIAN_POINT('Ctrl Pts',(1.53115300862414,-1.39423498593434,2.64999999999998));
#11145=CARTESIAN_POINT('Ctrl Pts',(1.44266090655853,-1.40490462379615,2.64999999999998));
#11146=CARTESIAN_POINT('Ctrl Pts',(1.34584545805001,-1.41543038012431,2.64999999999998));
#11147=CARTESIAN_POINT('Ctrl Pts',(1.27069887765548,-1.55563632088052,2.64999999999998));
#11148=CARTESIAN_POINT('Ctrl Pts',(1.29598398474013,-1.74127181086364,2.64999999999998));
#11149=CARTESIAN_POINT('Ctrl Pts',(1.42135597886361,-1.78135219409095,2.64999999999998));
#11150=CARTESIAN_POINT('Ctrl Pts',(1.54369910850674,-1.78184344020209,2.64999999999998));
#11151=CARTESIAN_POINT('Ctrl Pts',(1.53115300862414,-1.39423498593434,2.65999999999998));
#11152=CARTESIAN_POINT('Ctrl Pts',(1.44266090655853,-1.40490462379615,2.65999999999998));
#11153=CARTESIAN_POINT('Ctrl Pts',(1.34584545805001,-1.41543038012431,2.65999999999998));
#11154=CARTESIAN_POINT('Ctrl Pts',(1.27069887765548,-1.55563632088052,2.65999999999998));
#11155=CARTESIAN_POINT('Ctrl Pts',(1.29598398474013,-1.74127181086364,2.65999999999998));
#11156=CARTESIAN_POINT('Ctrl Pts',(1.42135597886361,-1.78135219409095,2.65999999999998));
#11157=CARTESIAN_POINT('Ctrl Pts',(1.54369910850674,-1.78184344020209,2.65999999999998));
#11158=CARTESIAN_POINT('Origin',(1.58444969375909,-1.58906880852438,2.65999999999998));
#11159=CARTESIAN_POINT('Origin',(1.58444969375909,-1.58906880852438,2.64999999999998));
#11160=CARTESIAN_POINT('Origin',(1.65780568819281,-1.20756985750251,2.64999999999998));
#11161=CARTESIAN_POINT('',(1.65780568819281,-1.20756985750251,2.64999999999998));
#11162=CARTESIAN_POINT('',(1.71867996550125,-1.20756985749308,2.64999999999998));
#11163=CARTESIAN_POINT('',(1.61055158025174,-1.20756985750252,2.64999999999998));
#11164=CARTESIAN_POINT('',(1.65780568819281,-1.20756985750251,2.65999999999998));
#11165=CARTESIAN_POINT('',(1.65780568819281,-1.20756985750251,2.64999999999998));
#11166=CARTESIAN_POINT('',(1.71867996550125,-1.20756985749308,2.65999999999998));
#11167=CARTESIAN_POINT('',(1.61055158025174,-1.20756985750252,2.65999999999998));
#11168=CARTESIAN_POINT('',(1.71867996550125,-1.20756985749308,2.64999999999998));
#11169=CARTESIAN_POINT('Origin',(1.65780568819281,-1.04479039960251,2.64999999999998));
#11170=CARTESIAN_POINT('',(1.65780568819281,-1.04479039960251,2.64999999999998));
#11171=CARTESIAN_POINT('',(1.65780568819281,-1.08777043997398,2.64999999999998));
#11172=CARTESIAN_POINT('',(1.65780568819281,-1.04479039960251,2.65999999999998));
#11173=CARTESIAN_POINT('',(1.65780568819281,-1.04479039960251,2.64999999999998));
#11174=CARTESIAN_POINT('',(1.65780568819281,-1.08777043997398,2.65999999999998));
#11175=CARTESIAN_POINT('Origin',(1.70204831005179,-1.044790399645,2.64999999999998));
#11176=CARTESIAN_POINT('',(1.70204831005179,-1.044790399645,2.64999999999998));
#11177=CARTESIAN_POINT('',(1.63267289130506,-1.04479039944513,2.64999999999998));
#11178=CARTESIAN_POINT('',(1.70204831005179,-1.044790399645,2.65999999999998));
#11179=CARTESIAN_POINT('',(1.70204831005179,-1.044790399645,2.64999999999998));
#11180=CARTESIAN_POINT('',(1.63267289130506,-1.04479039944513,2.65999999999998));
#11181=CARTESIAN_POINT('Ctrl Pts',(1.71867996550125,-1.20756985749308,2.64999999999998));
#11182=CARTESIAN_POINT('Ctrl Pts',(1.71867996550125,-1.20756985749308,2.65999999999998));
#11183=CARTESIAN_POINT('Ctrl Pts',(1.74891269345689,-1.2078071223096,2.64999999999998));
#11184=CARTESIAN_POINT('Ctrl Pts',(1.74891269345689,-1.2078071223096,2.65999999999998));
#11185=CARTESIAN_POINT('Ctrl Pts',(1.81189585083089,-1.18019514579844,2.64999999999998));
#11186=CARTESIAN_POINT('Ctrl Pts',(1.81189585083089,-1.18019514579844,2.65999999999998));
#11187=CARTESIAN_POINT('Ctrl Pts',(1.81171509164155,-1.0693817407918,2.64999999999998));
#11188=CARTESIAN_POINT('Ctrl Pts',(1.81171509164155,-1.0693817407918,2.65999999999998));
#11189=CARTESIAN_POINT('Ctrl Pts',(1.73636534264099,-1.04278330240231,2.64999999999998));
#11190=CARTESIAN_POINT('Ctrl Pts',(1.73636534264099,-1.04278330240231,2.65999999999998));
#11191=CARTESIAN_POINT('Ctrl Pts',(1.70204831005179,-1.044790399645,2.64999999999998));
#11192=CARTESIAN_POINT('Ctrl Pts',(1.70204831005179,-1.044790399645,2.65999999999998));
#11193=CARTESIAN_POINT('Ctrl Pts',(1.71867996550125,-1.20756985749308,2.64999999999998));
#11194=CARTESIAN_POINT('Ctrl Pts',(1.74891269345689,-1.2078071223096,2.64999999999998));
#11195=CARTESIAN_POINT('Ctrl Pts',(1.81189585083089,-1.18019514579844,2.64999999999998));
#11196=CARTESIAN_POINT('Ctrl Pts',(1.81171509164155,-1.0693817407918,2.64999999999998));
#11197=CARTESIAN_POINT('Ctrl Pts',(1.73636534264099,-1.04278330240231,2.64999999999998));
#11198=CARTESIAN_POINT('Ctrl Pts',(1.70204831005179,-1.044790399645,2.64999999999998));
#11199=CARTESIAN_POINT('Ctrl Pts',(1.70204831005179,-1.044790399645,2.65999999999998));
#11200=CARTESIAN_POINT('Ctrl Pts',(1.73636534264099,-1.04278330240231,2.65999999999998));
#11201=CARTESIAN_POINT('Ctrl Pts',(1.81171509164155,-1.0693817407918,2.65999999999998));
#11202=CARTESIAN_POINT('Ctrl Pts',(1.81189585083089,-1.18019514579844,2.65999999999998));
#11203=CARTESIAN_POINT('Ctrl Pts',(1.74891269345689,-1.2078071223096,2.65999999999998));
#11204=CARTESIAN_POINT('Ctrl Pts',(1.71867996550125,-1.20756985749308,2.65999999999998));
#11205=CARTESIAN_POINT('Origin',(1.56848567799281,-1.04479039960251,2.64999999999998));
#11206=CARTESIAN_POINT('',(1.56848567799281,-1.04479039960251,2.64999999999998));
#11207=CARTESIAN_POINT('',(1.56848567799281,-1.30591085250251,2.64999999999998));
#11208=CARTESIAN_POINT('',(1.56848567799281,-1.04479039960251,2.64999999999998));
#11209=CARTESIAN_POINT('',(1.56848567799281,-1.30591085250251,2.65999999999998));
#11210=CARTESIAN_POINT('',(1.56848567799281,-1.30591085250251,2.64999999999998));
#11211=CARTESIAN_POINT('',(1.56848567799281,-1.04479039960251,2.65999999999998));
#11212=CARTESIAN_POINT('',(1.56848567799281,-1.04479039960251,2.65999999999998));
#11213=CARTESIAN_POINT('',(1.56848567799281,-1.04479039960251,2.64999999999998));
#11214=CARTESIAN_POINT('Origin',(1.51673462023946,-1.044790399645,2.64999999999998));
#11215=CARTESIAN_POINT('',(1.51673462023946,-1.044790399645,2.64999999999998));
#11216=CARTESIAN_POINT('',(1.51673462023946,-1.044790399645,2.64999999999998));
#11217=CARTESIAN_POINT('',(1.51673462023946,-1.044790399645,2.65999999999998));
#11218=CARTESIAN_POINT('',(1.51673462023946,-1.044790399645,2.65999999999998));
#11219=CARTESIAN_POINT('',(1.51673462023946,-1.044790399645,2.64999999999998));
#11220=CARTESIAN_POINT('Ctrl Pts',(1.49290100939281,-1.20756985750251,2.64999999999998));
#11221=CARTESIAN_POINT('Ctrl Pts',(1.49290100939281,-1.20756985750251,2.65999999999998));
#11222=CARTESIAN_POINT('Ctrl Pts',(1.4538896812527,-1.20884080304417,2.64999999999998));
#11223=CARTESIAN_POINT('Ctrl Pts',(1.4538896812527,-1.20884080304417,2.65999999999998));
#11224=CARTESIAN_POINT('Ctrl Pts',(1.37829781389478,-1.19134661823548,2.64999999999998));
#11225=CARTESIAN_POINT('Ctrl Pts',(1.37829781389478,-1.19134661823548,2.65999999999998));
#11226=CARTESIAN_POINT('Ctrl Pts',(1.37976053498933,-1.04702870992705,2.64999999999998));
#11227=CARTESIAN_POINT('Ctrl Pts',(1.37976053498933,-1.04702870992705,2.65999999999998));
#11228=CARTESIAN_POINT('Ctrl Pts',(1.4770062439546,-1.040147783019,2.64999999999998));
#11229=CARTESIAN_POINT('Ctrl Pts',(1.4770062439546,-1.040147783019,2.65999999999998));
#11230=CARTESIAN_POINT('Ctrl Pts',(1.51673462023946,-1.044790399645,2.64999999999998));
#11231=CARTESIAN_POINT('Ctrl Pts',(1.51673462023946,-1.044790399645,2.65999999999998));
#11232=CARTESIAN_POINT('',(1.49290100939281,-1.20756985750251,2.64999999999998));
#11233=CARTESIAN_POINT('Ctrl Pts',(1.49290100939281,-1.20756985750251,2.64999999999998));
#11234=CARTESIAN_POINT('Ctrl Pts',(1.4538896812527,-1.20884080304417,2.64999999999998));
#11235=CARTESIAN_POINT('Ctrl Pts',(1.37829781389478,-1.19134661823548,2.64999999999998));
#11236=CARTESIAN_POINT('Ctrl Pts',(1.37976053498933,-1.04702870992705,2.64999999999998));
#11237=CARTESIAN_POINT('Ctrl Pts',(1.4770062439546,-1.040147783019,2.64999999999998));
#11238=CARTESIAN_POINT('Ctrl Pts',(1.51673462023946,-1.044790399645,2.64999999999998));
#11239=CARTESIAN_POINT('',(1.49290100939281,-1.20756985750251,2.65999999999998));
#11240=CARTESIAN_POINT('Ctrl Pts',(1.49290100939281,-1.20756985750251,2.65999999999998));
#11241=CARTESIAN_POINT('Ctrl Pts',(1.4538896812527,-1.20884080304417,2.65999999999998));
#11242=CARTESIAN_POINT('Ctrl Pts',(1.37829781389478,-1.19134661823548,2.65999999999998));
#11243=CARTESIAN_POINT('Ctrl Pts',(1.37976053498933,-1.04702870992705,2.65999999999998));
#11244=CARTESIAN_POINT('Ctrl Pts',(1.4770062439546,-1.040147783019,2.65999999999998));
#11245=CARTESIAN_POINT('Ctrl Pts',(1.51673462023946,-1.044790399645,2.65999999999998));
#11246=CARTESIAN_POINT('',(1.49290100939281,-1.20756985750251,2.64999999999998));
#11247=CARTESIAN_POINT('Origin',(1.49290100937286,-1.31024613090494,2.64999999999998));
#11248=CARTESIAN_POINT('',(1.49290100937286,-1.31024613090494,2.64999999999998));
#11249=CARTESIAN_POINT('',(1.49290100937286,-1.31024613090494,2.64999999999998));
#11250=CARTESIAN_POINT('',(1.49290100937286,-1.31024613090494,2.65999999999998));
#11251=CARTESIAN_POINT('',(1.49290100937286,-1.31024613090494,2.65999999999998));
#11252=CARTESIAN_POINT('',(1.49290100937286,-1.31024613090494,2.64999999999998));
#11253=CARTESIAN_POINT('Ctrl Pts',(1.51178172759281,-0.945581707902512,
2.64999999999998));
#11254=CARTESIAN_POINT('Ctrl Pts',(1.51178172759281,-0.945581707902512,
2.65999999999998));
#11255=CARTESIAN_POINT('Ctrl Pts',(1.45700737769004,-0.947874199100978,
2.64999999999998));
#11256=CARTESIAN_POINT('Ctrl Pts',(1.45700737769004,-0.947874199100978,
2.65999999999998));
#11257=CARTESIAN_POINT('Ctrl Pts',(1.36304288087616,-0.964262871619049,
2.64999999999998));
#11258=CARTESIAN_POINT('Ctrl Pts',(1.36304288087616,-0.964262871619049,
2.65999999999998));
#11259=CARTESIAN_POINT('Ctrl Pts',(1.2928281590994,-1.07046282370326,2.64999999999998));
#11260=CARTESIAN_POINT('Ctrl Pts',(1.2928281590994,-1.07046282370326,2.65999999999998));
#11261=CARTESIAN_POINT('Ctrl Pts',(1.2874819838932,-1.1648099339205,2.64999999999998));
#11262=CARTESIAN_POINT('Ctrl Pts',(1.2874819838932,-1.1648099339205,2.65999999999998));
#11263=CARTESIAN_POINT('Ctrl Pts',(1.34141682627954,-1.27895464037767,2.64999999999998));
#11264=CARTESIAN_POINT('Ctrl Pts',(1.34141682627954,-1.27895464037767,2.65999999999998));
#11265=CARTESIAN_POINT('Ctrl Pts',(1.43496684909072,-1.3078091776246,2.64999999999998));
#11266=CARTESIAN_POINT('Ctrl Pts',(1.43496684909072,-1.3078091776246,2.65999999999998));
#11267=CARTESIAN_POINT('Ctrl Pts',(1.49290100937286,-1.31024613090494,2.64999999999998));
#11268=CARTESIAN_POINT('Ctrl Pts',(1.49290100937286,-1.31024613090494,2.65999999999998));
#11269=CARTESIAN_POINT('',(1.51178172759281,-0.945581707902512,2.64999999999998));
#11270=CARTESIAN_POINT('Ctrl Pts',(1.51178172759281,-0.945581707902512,
2.64999999999998));
#11271=CARTESIAN_POINT('Ctrl Pts',(1.45700737769004,-0.947874199100978,
2.64999999999998));
#11272=CARTESIAN_POINT('Ctrl Pts',(1.36304288087616,-0.964262871619049,
2.64999999999998));
#11273=CARTESIAN_POINT('Ctrl Pts',(1.2928281590994,-1.07046282370326,2.64999999999998));
#11274=CARTESIAN_POINT('Ctrl Pts',(1.2874819838932,-1.1648099339205,2.64999999999998));
#11275=CARTESIAN_POINT('Ctrl Pts',(1.34141682627954,-1.27895464037767,2.64999999999998));
#11276=CARTESIAN_POINT('Ctrl Pts',(1.43496684909072,-1.3078091776246,2.64999999999998));
#11277=CARTESIAN_POINT('Ctrl Pts',(1.49290100937286,-1.31024613090494,2.64999999999998));
#11278=CARTESIAN_POINT('',(1.51178172759281,-0.945581707902512,2.65999999999998));
#11279=CARTESIAN_POINT('Ctrl Pts',(1.51178172759281,-0.945581707902512,
2.65999999999998));
#11280=CARTESIAN_POINT('Ctrl Pts',(1.45700737769004,-0.947874199100978,
2.65999999999998));
#11281=CARTESIAN_POINT('Ctrl Pts',(1.36304288087616,-0.964262871619049,
2.65999999999998));
#11282=CARTESIAN_POINT('Ctrl Pts',(1.2928281590994,-1.07046282370326,2.65999999999998));
#11283=CARTESIAN_POINT('Ctrl Pts',(1.2874819838932,-1.1648099339205,2.65999999999998));
#11284=CARTESIAN_POINT('Ctrl Pts',(1.34141682627954,-1.27895464037767,2.65999999999998));
#11285=CARTESIAN_POINT('Ctrl Pts',(1.43496684909072,-1.3078091776246,2.65999999999998));
#11286=CARTESIAN_POINT('Ctrl Pts',(1.49290100937286,-1.31024613090494,2.65999999999998));
#11287=CARTESIAN_POINT('',(1.51178172759281,-0.945581707902512,2.64999999999998));
#11288=CARTESIAN_POINT('Origin',(1.66481491713652,-0.945581707904021,2.64999999999998));
#11289=CARTESIAN_POINT('',(1.66481491713652,-0.945581707904021,2.64999999999998));
#11290=CARTESIAN_POINT('',(1.66481491713652,-0.945581707904021,2.64999999999998));
#11291=CARTESIAN_POINT('',(1.66481491713652,-0.945581707904021,2.65999999999998));
#11292=CARTESIAN_POINT('',(1.66481491713652,-0.945581707904021,2.65999999999998));
#11293=CARTESIAN_POINT('',(1.66481491713652,-0.945581707904021,2.64999999999998));
#11294=CARTESIAN_POINT('Ctrl Pts',(1.71429622219281,-1.30591085250251,2.64999999999998));
#11295=CARTESIAN_POINT('Ctrl Pts',(1.71429622219281,-1.30591085250251,2.65999999999998));
#11296=CARTESIAN_POINT('Ctrl Pts',(1.7581343389616,-1.31062104713831,2.64999999999998));
#11297=CARTESIAN_POINT('Ctrl Pts',(1.7581343389616,-1.31062104713831,2.65999999999998));
#11298=CARTESIAN_POINT('Ctrl Pts',(1.84371196892016,-1.27571454548865,2.64999999999998));
#11299=CARTESIAN_POINT('Ctrl Pts',(1.84371196892016,-1.27571454548865,2.65999999999998));
#11300=CARTESIAN_POINT('Ctrl Pts',(1.89989939364145,-1.17734210469256,2.64999999999998));
#11301=CARTESIAN_POINT('Ctrl Pts',(1.89989939364145,-1.17734210469256,2.65999999999998));
#11302=CARTESIAN_POINT('Ctrl Pts',(1.89792090377378,-1.08050053133636,2.64999999999998));
#11303=CARTESIAN_POINT('Ctrl Pts',(1.89792090377378,-1.08050053133636,2.65999999999998));
#11304=CARTESIAN_POINT('Ctrl Pts',(1.82795506204798,-0.966954548938725,
2.64999999999998));
#11305=CARTESIAN_POINT('Ctrl Pts',(1.82795506204798,-0.966954548938725,
2.65999999999998));
#11306=CARTESIAN_POINT('Ctrl Pts',(1.72299826646431,-0.942527511888008,
2.64999999999998));
#11307=CARTESIAN_POINT('Ctrl Pts',(1.72299826646431,-0.942527511888008,
2.65999999999998));
#11308=CARTESIAN_POINT('Ctrl Pts',(1.66481491713652,-0.945581707904021,
2.64999999999998));
#11309=CARTESIAN_POINT('Ctrl Pts',(1.66481491713652,-0.945581707904021,
2.65999999999998));
#11310=CARTESIAN_POINT('',(1.71429622219281,-1.30591085250251,2.64999999999998));
#11311=CARTESIAN_POINT('Ctrl Pts',(1.71429622219281,-1.30591085250251,2.64999999999998));
#11312=CARTESIAN_POINT('Ctrl Pts',(1.7581343389616,-1.31062104713831,2.64999999999998));
#11313=CARTESIAN_POINT('Ctrl Pts',(1.84371196892016,-1.27571454548865,2.64999999999998));
#11314=CARTESIAN_POINT('Ctrl Pts',(1.89989939364145,-1.17734210469256,2.64999999999998));
#11315=CARTESIAN_POINT('Ctrl Pts',(1.89792090377378,-1.08050053133636,2.64999999999998));
#11316=CARTESIAN_POINT('Ctrl Pts',(1.82795506204798,-0.966954548938725,
2.64999999999998));
#11317=CARTESIAN_POINT('Ctrl Pts',(1.72299826646431,-0.942527511888008,
2.64999999999998));
#11318=CARTESIAN_POINT('Ctrl Pts',(1.66481491713652,-0.945581707904021,
2.64999999999998));
#11319=CARTESIAN_POINT('',(1.71429622219281,-1.30591085250251,2.65999999999998));
#11320=CARTESIAN_POINT('Ctrl Pts',(1.71429622219281,-1.30591085250251,2.65999999999998));
#11321=CARTESIAN_POINT('Ctrl Pts',(1.7581343389616,-1.31062104713831,2.65999999999998));
#11322=CARTESIAN_POINT('Ctrl Pts',(1.84371196892016,-1.27571454548865,2.65999999999998));
#11323=CARTESIAN_POINT('Ctrl Pts',(1.89989939364145,-1.17734210469256,2.65999999999998));
#11324=CARTESIAN_POINT('Ctrl Pts',(1.89792090377378,-1.08050053133636,2.65999999999998));
#11325=CARTESIAN_POINT('Ctrl Pts',(1.82795506204798,-0.966954548938725,
2.65999999999998));
#11326=CARTESIAN_POINT('Ctrl Pts',(1.72299826646431,-0.942527511888008,
2.65999999999998));
#11327=CARTESIAN_POINT('Ctrl Pts',(1.66481491713652,-0.945581707904021,
2.65999999999998));
#11328=CARTESIAN_POINT('',(1.71429622219281,-1.30591085250251,2.64999999999998));
#11329=CARTESIAN_POINT('Origin',(1.56848567799281,-1.30591085250251,2.64999999999998));
#11330=CARTESIAN_POINT('',(1.56848567799281,-1.30591085250251,2.64999999999998));
#11331=CARTESIAN_POINT('',(1.56848567799281,-1.30591085250251,2.65999999999998));
#11332=CARTESIAN_POINT('Origin',(1.56329747231067,-1.13075048034544,2.65999999999998));
#11333=CARTESIAN_POINT('Origin',(1.56329747231067,-1.13075048034544,2.64999999999998));
#11334=CARTESIAN_POINT('Origin',(1.88236449449281,0.000168424497488218,
2.64999999999998));
#11335=CARTESIAN_POINT('',(1.88236449449281,0.000168424497488218,2.64999999999998));
#11336=CARTESIAN_POINT('',(1.88236449449281,0.0573599059974885,2.64999999999998));
#11337=CARTESIAN_POINT('',(1.88236449449281,0.000168424497488218,2.64999999999998));
#11338=CARTESIAN_POINT('',(1.88236449449281,0.0573599059974885,2.65999999999998));
#11339=CARTESIAN_POINT('',(1.88236449449281,0.0573599059974885,2.64999999999998));
#11340=CARTESIAN_POINT('',(1.88236449449281,0.000168424497488218,2.65999999999998));
#11341=CARTESIAN_POINT('',(1.88236449449281,0.000168424497488218,2.65999999999998));
#11342=CARTESIAN_POINT('',(1.88236449449281,0.000168424497488218,2.64999999999998));
#11343=CARTESIAN_POINT('Origin',(2.1346427093091,0.000168424474470186,2.64999999999998));
#11344=CARTESIAN_POINT('',(2.1346427093091,0.000168424474470186,2.64999999999998));
#11345=CARTESIAN_POINT('',(2.1346427093091,0.000168424474470186,2.64999999999998));
#11346=CARTESIAN_POINT('',(2.1346427093091,0.000168424474470186,2.65999999999998));
#11347=CARTESIAN_POINT('',(2.1346427093091,0.000168424474470186,2.65999999999998));
#11348=CARTESIAN_POINT('',(2.1346427093091,0.000168424474470186,2.64999999999998));
#11349=CARTESIAN_POINT('Ctrl Pts',(2.21031814509281,-0.193787838302514,
2.64999999999998));
#11350=CARTESIAN_POINT('Ctrl Pts',(2.21031814509281,-0.193787838302514,
2.65999999999998));
#11351=CARTESIAN_POINT('Ctrl Pts',(2.26394466632123,-0.121564173770524,
2.64999999999998));
#11352=CARTESIAN_POINT('Ctrl Pts',(2.26394466632123,-0.121564173770524,
2.65999999999998));
#11353=CARTESIAN_POINT('Ctrl Pts',(2.21002697845804,-0.0236077688016447,
2.64999999999998));
#11354=CARTESIAN_POINT('Ctrl Pts',(2.21002697845804,-0.0236077688016447,
2.65999999999998));
#11355=CARTESIAN_POINT('Ctrl Pts',(2.1346427093091,0.000168424474470186,
2.64999999999998));
#11356=CARTESIAN_POINT('Ctrl Pts',(2.1346427093091,0.000168424474470186,
2.65999999999998));
#11357=CARTESIAN_POINT('',(2.21031814509281,-0.193787838302514,2.64999999999998));
#11358=CARTESIAN_POINT('Ctrl Pts',(2.21031814509281,-0.193787838302514,
2.64999999999998));
#11359=CARTESIAN_POINT('Ctrl Pts',(2.26394466632123,-0.121564173770524,
2.64999999999998));
#11360=CARTESIAN_POINT('Ctrl Pts',(2.21002697845804,-0.0236077688016447,
2.64999999999998));
#11361=CARTESIAN_POINT('Ctrl Pts',(2.1346427093091,0.000168424474470186,
2.64999999999998));
#11362=CARTESIAN_POINT('',(2.21031814509281,-0.193787838302514,2.65999999999998));
#11363=CARTESIAN_POINT('Ctrl Pts',(2.21031814509281,-0.193787838302514,
2.65999999999998));
#11364=CARTESIAN_POINT('Ctrl Pts',(2.26394466632123,-0.121564173770524,
2.65999999999998));
#11365=CARTESIAN_POINT('Ctrl Pts',(2.21002697845804,-0.0236077688016447,
2.65999999999998));
#11366=CARTESIAN_POINT('Ctrl Pts',(2.1346427093091,0.000168424474470186,
2.65999999999998));
#11367=CARTESIAN_POINT('',(2.21031814509281,-0.193787838302514,2.64999999999998));
#11368=CARTESIAN_POINT('Origin',(2.12237199011048,-0.193787838262496,2.64999999999998));
#11369=CARTESIAN_POINT('',(2.12237199011048,-0.193787838262496,2.64999999999998));
#11370=CARTESIAN_POINT('',(2.12237199011048,-0.193787838262496,2.64999999999998));
#11371=CARTESIAN_POINT('',(2.12237199011048,-0.193787838262496,2.65999999999998));
#11372=CARTESIAN_POINT('',(2.12237199011048,-0.193787838262496,2.65999999999998));
#11373=CARTESIAN_POINT('',(2.12237199011048,-0.193787838262496,2.64999999999998));
#11374=CARTESIAN_POINT('Ctrl Pts',(2.09727625879281,-0.106330102502511,
2.64999999999998));
#11375=CARTESIAN_POINT('Ctrl Pts',(2.09727625879281,-0.106330102502511,
2.65999999999998));
#11376=CARTESIAN_POINT('Ctrl Pts',(2.13106837482649,-0.123560206324827,
2.64999999999998));
#11377=CARTESIAN_POINT('Ctrl Pts',(2.13106837482649,-0.123560206324827,
2.65999999999998));
#11378=CARTESIAN_POINT('Ctrl Pts',(2.13943361859848,-0.152712784897203,
2.64999999999998));
#11379=CARTESIAN_POINT('Ctrl Pts',(2.13943361859848,-0.152712784897203,
2.65999999999998));
#11380=CARTESIAN_POINT('Ctrl Pts',(2.12237199011048,-0.193787838262496,
2.64999999999998));
#11381=CARTESIAN_POINT('Ctrl Pts',(2.12237199011048,-0.193787838262496,
2.65999999999998));
#11382=CARTESIAN_POINT('',(2.09727625879281,-0.106330102502511,2.64999999999998));
#11383=CARTESIAN_POINT('Ctrl Pts',(2.09727625879281,-0.106330102502511,
2.64999999999998));
#11384=CARTESIAN_POINT('Ctrl Pts',(2.13106837482649,-0.123560206324827,
2.64999999999998));
#11385=CARTESIAN_POINT('Ctrl Pts',(2.13943361859848,-0.152712784897203,
2.64999999999998));
#11386=CARTESIAN_POINT('Ctrl Pts',(2.12237199011048,-0.193787838262496,
2.64999999999998));
#11387=CARTESIAN_POINT('',(2.09727625879281,-0.106330102502511,2.65999999999998));
#11388=CARTESIAN_POINT('Ctrl Pts',(2.09727625879281,-0.106330102502511,
2.65999999999998));
#11389=CARTESIAN_POINT('Ctrl Pts',(2.13106837482649,-0.123560206324827,
2.65999999999998));
#11390=CARTESIAN_POINT('Ctrl Pts',(2.13943361859848,-0.152712784897203,
2.65999999999998));
#11391=CARTESIAN_POINT('Ctrl Pts',(2.12237199011048,-0.193787838262496,
2.65999999999998));
#11392=CARTESIAN_POINT('',(2.09727625879281,-0.106330102502511,2.64999999999998));
#11393=CARTESIAN_POINT('Origin',(1.88236449449281,-0.106330102502509,2.64999999999998));
#11394=CARTESIAN_POINT('',(1.88236449449281,-0.106330102502509,2.64999999999998));
#11395=CARTESIAN_POINT('',(1.88236449449281,-0.106330102502509,2.64999999999998));
#11396=CARTESIAN_POINT('',(1.88236449449281,-0.106330102502509,2.65999999999998));
#11397=CARTESIAN_POINT('',(1.88236449449281,-0.106330102502509,2.65999999999998));
#11398=CARTESIAN_POINT('',(1.88236449449281,-0.106330102502509,2.64999999999998));
#11399=CARTESIAN_POINT('Origin',(1.88236449449281,-0.186672012902513,2.64999999999998));
#11400=CARTESIAN_POINT('',(1.88236449449281,-0.186672012902513,2.64999999999998));
#11401=CARTESIAN_POINT('',(1.88236449449281,-0.186672012902513,2.64999999999998));
#11402=CARTESIAN_POINT('',(1.88236449449281,-0.186672012902513,2.65999999999998));
#11403=CARTESIAN_POINT('',(1.88236449449281,-0.186672012902513,2.65999999999998));
#11404=CARTESIAN_POINT('',(1.88236449449281,-0.186672012902513,2.64999999999998));
#11405=CARTESIAN_POINT('Origin',(1.79584757429281,-0.186672012902516,2.64999999999998));
#11406=CARTESIAN_POINT('',(1.79584757429281,-0.186672012902516,2.64999999999998));
#11407=CARTESIAN_POINT('',(1.79584757429281,-0.186672012902516,2.64999999999998));
#11408=CARTESIAN_POINT('',(1.79584757429281,-0.186672012902516,2.65999999999998));
#11409=CARTESIAN_POINT('',(1.79584757429281,-0.186672012902516,2.65999999999998));
#11410=CARTESIAN_POINT('',(1.79584757429281,-0.186672012902516,2.64999999999998));
#11411=CARTESIAN_POINT('Origin',(1.79584757429281,-0.106330102502511,2.64999999999998));
#11412=CARTESIAN_POINT('',(1.79584757429281,-0.106330102502511,2.64999999999998));
#11413=CARTESIAN_POINT('',(1.79584757429281,-0.106330102502511,2.64999999999998));
#11414=CARTESIAN_POINT('',(1.79584757429281,-0.106330102502511,2.65999999999998));
#11415=CARTESIAN_POINT('',(1.79584757429281,-0.106330102502511,2.65999999999998));
#11416=CARTESIAN_POINT('',(1.79584757429281,-0.106330102502511,2.64999999999998));
#11417=CARTESIAN_POINT('Origin',(1.30564848359281,-0.106330102502508,2.64999999999998));
#11418=CARTESIAN_POINT('',(1.30564848359281,-0.106330102502508,2.64999999999998));
#11419=CARTESIAN_POINT('',(1.30564848359281,-0.106330102502508,2.64999999999998));
#11420=CARTESIAN_POINT('',(1.30564848359281,-0.106330102502508,2.65999999999998));
#11421=CARTESIAN_POINT('',(1.30564848359281,-0.106330102502508,2.65999999999998));
#11422=CARTESIAN_POINT('',(1.30564848359281,-0.106330102502508,2.64999999999998));
#11423=CARTESIAN_POINT('Origin',(1.30564848359281,0.000168424497488218,
2.64999999999998));
#11424=CARTESIAN_POINT('',(1.30564848359281,0.000168424497488218,2.64999999999998));
#11425=CARTESIAN_POINT('',(1.30564848359281,0.000168424497488218,2.64999999999998));
#11426=CARTESIAN_POINT('',(1.30564848359281,0.000168424497488218,2.65999999999998));
#11427=CARTESIAN_POINT('',(1.30564848359281,0.000168424497488218,2.65999999999998));
#11428=CARTESIAN_POINT('',(1.30564848359281,0.000168424497488218,2.64999999999998));
#11429=CARTESIAN_POINT('Origin',(1.79584757429281,0.000168424497489994,
2.64999999999998));
#11430=CARTESIAN_POINT('',(1.79584757429281,0.000168424497489994,2.64999999999998));
#11431=CARTESIAN_POINT('',(1.79584757429281,0.000168424497489994,2.64999999999998));
#11432=CARTESIAN_POINT('',(1.79584757429281,0.000168424497489994,2.65999999999998));
#11433=CARTESIAN_POINT('',(1.79584757429281,0.000168424497489994,2.65999999999998));
#11434=CARTESIAN_POINT('',(1.79584757429281,0.000168424497489994,2.64999999999998));
#11435=CARTESIAN_POINT('Origin',(1.79584757429281,0.0573599059974885,2.64999999999998));
#11436=CARTESIAN_POINT('',(1.79584757429281,0.0573599059974885,2.64999999999998));
#11437=CARTESIAN_POINT('',(1.79584757429281,0.0573599059974885,2.64999999999998));
#11438=CARTESIAN_POINT('',(1.79584757429281,0.0573599059974885,2.65999999999998));
#11439=CARTESIAN_POINT('',(1.79584757429281,0.0573599059974885,2.65999999999998));
#11440=CARTESIAN_POINT('',(1.79584757429281,0.0573599059974885,2.64999999999998));
#11441=CARTESIAN_POINT('Origin',(1.88236449449281,0.0573599059974885,2.64999999999998));
#11442=CARTESIAN_POINT('',(1.88236449449281,0.0573599059974885,2.64999999999998));
#11443=CARTESIAN_POINT('',(1.88236449449281,0.0573599059974885,2.65999999999998));
#11444=CARTESIAN_POINT('Origin',(1.79055743761838,-0.0676167189041106,2.65999999999998));
#11445=CARTESIAN_POINT('Origin',(1.79055743761838,-0.0676167189041106,2.64999999999998));
#11446=CARTESIAN_POINT('Origin',(2.14847117879301,1.45330139776921,2.64999999999998));
#11447=CARTESIAN_POINT('',(2.14847117879301,1.45330139776921,2.64999999999998));
#11448=CARTESIAN_POINT('',(2.16349714569281,1.62927216489749,2.64999999999998));
#11449=CARTESIAN_POINT('',(2.14847117879301,1.45330139776921,2.64999999999998));
#11450=CARTESIAN_POINT('',(2.16349714569281,1.62927216489749,2.65999999999998));
#11451=CARTESIAN_POINT('',(2.16349714569281,1.62927216489749,2.64999999999998));
#11452=CARTESIAN_POINT('',(2.14847117879301,1.45330139776921,2.65999999999998));
#11453=CARTESIAN_POINT('',(2.14847117879301,1.45330139776921,2.65999999999998));
#11454=CARTESIAN_POINT('',(2.14847117879301,1.45330139776921,2.64999999999998));
#11455=CARTESIAN_POINT('Origin',(2.09327144869274,1.46349511346488,2.64999999999998));
#11456=CARTESIAN_POINT('',(2.10735599179282,1.40915776269749,2.64999999999998));
#11457=CARTESIAN_POINT('Origin',(2.09327144871532,1.46349511344464,2.64999999999998));
#11458=CARTESIAN_POINT('',(2.10735599179282,1.40915776269749,2.65999999999998));
#11459=CARTESIAN_POINT('Origin',(2.09327144871532,1.46349511344464,2.65999999999998));
#11460=CARTESIAN_POINT('',(2.10735599179282,1.40915776269749,2.64999999999998));
#11461=CARTESIAN_POINT('Origin',(1.41050805995983,1.25235699854574,2.64999999999998));
#11462=CARTESIAN_POINT('',(1.41050805995983,1.25235699854574,2.64999999999998));
#11463=CARTESIAN_POINT('',(1.41050805995983,1.25235699854574,2.64999999999998));
#11464=CARTESIAN_POINT('',(1.41050805995983,1.25235699854574,2.65999999999998));
#11465=CARTESIAN_POINT('',(1.41050805995983,1.25235699854574,2.65999999999998));
#11466=CARTESIAN_POINT('',(1.41050805995983,1.25235699854574,2.64999999999998));
#11467=CARTESIAN_POINT('Ctrl Pts',(2.06409239429282,2.03160499429749,2.64999999999998));
#11468=CARTESIAN_POINT('Ctrl Pts',(2.06409239429282,2.03160499429749,2.65999999999998));
#11469=CARTESIAN_POINT('Ctrl Pts',(2.01268274476025,2.11615259992775,2.64999999999998));
#11470=CARTESIAN_POINT('Ctrl Pts',(2.01268274476025,2.11615259992775,2.65999999999998));
#11471=CARTESIAN_POINT('Ctrl Pts',(1.91450875792363,2.25148484763109,2.64999999999998));
#11472=CARTESIAN_POINT('Ctrl Pts',(1.91450875792363,2.25148484763109,2.65999999999998));
#11473=CARTESIAN_POINT('Ctrl Pts',(1.66467407791942,2.28562478422307,2.64999999999998));
#11474=CARTESIAN_POINT('Ctrl Pts',(1.66467407791942,2.28562478422307,2.65999999999998));
#11475=CARTESIAN_POINT('Ctrl Pts',(1.44046648127074,2.15131041536475,2.64999999999998));
#11476=CARTESIAN_POINT('Ctrl Pts',(1.44046648127074,2.15131041536475,2.65999999999998));
#11477=CARTESIAN_POINT('Ctrl Pts',(1.25753810733548,1.78752152025342,2.64999999999998));
#11478=CARTESIAN_POINT('Ctrl Pts',(1.25753810733548,1.78752152025342,2.65999999999998));
#11479=CARTESIAN_POINT('Ctrl Pts',(1.28273466687565,1.44111022642305,2.64999999999998));
#11480=CARTESIAN_POINT('Ctrl Pts',(1.28273466687565,1.44111022642305,2.65999999999998));
#11481=CARTESIAN_POINT('Ctrl Pts',(1.41050805995983,1.25235699854574,2.64999999999998));
#11482=CARTESIAN_POINT('Ctrl Pts',(1.41050805995983,1.25235699854574,2.65999999999998));
#11483=CARTESIAN_POINT('',(2.06409239429282,2.03160499429749,2.64999999999998));
#11484=CARTESIAN_POINT('Ctrl Pts',(2.06409239429282,2.03160499429749,2.64999999999998));
#11485=CARTESIAN_POINT('Ctrl Pts',(2.01268274476025,2.11615259992775,2.64999999999998));
#11486=CARTESIAN_POINT('Ctrl Pts',(1.91450875792363,2.25148484763109,2.64999999999998));
#11487=CARTESIAN_POINT('Ctrl Pts',(1.66467407791942,2.28562478422307,2.64999999999998));
#11488=CARTESIAN_POINT('Ctrl Pts',(1.44046648127074,2.15131041536475,2.64999999999998));
#11489=CARTESIAN_POINT('Ctrl Pts',(1.25753810733548,1.78752152025342,2.64999999999998));
#11490=CARTESIAN_POINT('Ctrl Pts',(1.28273466687565,1.44111022642305,2.64999999999998));
#11491=CARTESIAN_POINT('Ctrl Pts',(1.41050805995983,1.25235699854574,2.64999999999998));
#11492=CARTESIAN_POINT('',(2.06409239429282,2.03160499429749,2.65999999999998));
#11493=CARTESIAN_POINT('Ctrl Pts',(2.06409239429282,2.03160499429749,2.65999999999998));
#11494=CARTESIAN_POINT('Ctrl Pts',(2.01268274476025,2.11615259992775,2.65999999999998));
#11495=CARTESIAN_POINT('Ctrl Pts',(1.91450875792363,2.25148484763109,2.65999999999998));
#11496=CARTESIAN_POINT('Ctrl Pts',(1.66467407791942,2.28562478422307,2.65999999999998));
#11497=CARTESIAN_POINT('Ctrl Pts',(1.44046648127074,2.15131041536475,2.65999999999998));
#11498=CARTESIAN_POINT('Ctrl Pts',(1.25753810733548,1.78752152025342,2.65999999999998));
#11499=CARTESIAN_POINT('Ctrl Pts',(1.28273466687565,1.44111022642305,2.65999999999998));
#11500=CARTESIAN_POINT('Ctrl Pts',(1.41050805995983,1.25235699854574,2.65999999999998));
#11501=CARTESIAN_POINT('',(2.06409239429282,2.03160499429749,2.64999999999998));
#11502=CARTESIAN_POINT('Origin',(1.98703425805665,2.00078173980741,2.64999999999998));
#11503=CARTESIAN_POINT('',(1.98703425805665,2.00078173980741,2.64999999999998));
#11504=CARTESIAN_POINT('',(1.98703425805665,2.00078173980741,2.64999999999998));
#11505=CARTESIAN_POINT('',(1.98703425805665,2.00078173980741,2.65999999999998));
#11506=CARTESIAN_POINT('',(1.98703425805665,2.00078173980741,2.65999999999998));
#11507=CARTESIAN_POINT('',(1.98703425805665,2.00078173980741,2.64999999999998));
#11508=CARTESIAN_POINT('Ctrl Pts',(1.42657461356242,1.32555111415074,2.64999999999998));
#11509=CARTESIAN_POINT('Ctrl Pts',(1.42657461356242,1.32555111415074,2.65999999999998));
#11510=CARTESIAN_POINT('Ctrl Pts',(1.34310634626603,1.47698585397528,2.64999999999998));
#11511=CARTESIAN_POINT('Ctrl Pts',(1.34310634626603,1.47698585397528,2.65999999999998));
#11512=CARTESIAN_POINT('Ctrl Pts',(1.31752440229534,1.74748623560982,2.64999999999998));
#11513=CARTESIAN_POINT('Ctrl Pts',(1.31752440229534,1.74748623560982,2.65999999999998));
#11514=CARTESIAN_POINT('Ctrl Pts',(1.4727586165632,1.99558854236805,2.64999999999998));
#11515=CARTESIAN_POINT('Ctrl Pts',(1.4727586165632,1.99558854236805,2.65999999999998));
#11516=CARTESIAN_POINT('Ctrl Pts',(1.60780073351024,2.11609159102011,2.64999999999998));
#11517=CARTESIAN_POINT('Ctrl Pts',(1.60780073351024,2.11609159102011,2.65999999999998));
#11518=CARTESIAN_POINT('Ctrl Pts',(1.80514825286109,2.14844791775079,2.64999999999998));
#11519=CARTESIAN_POINT('Ctrl Pts',(1.80514825286109,2.14844791775079,2.65999999999998));
#11520=CARTESIAN_POINT('Ctrl Pts',(1.93927469414442,2.06584184002926,2.64999999999998));
#11521=CARTESIAN_POINT('Ctrl Pts',(1.93927469414442,2.06584184002926,2.65999999999998));
#11522=CARTESIAN_POINT('Ctrl Pts',(1.98703425805665,2.00078173980741,2.64999999999998));
#11523=CARTESIAN_POINT('Ctrl Pts',(1.98703425805665,2.00078173980741,2.65999999999998));
#11524=CARTESIAN_POINT('',(1.42657461356242,1.32555111415074,2.64999999999998));
#11525=CARTESIAN_POINT('Ctrl Pts',(1.42657461356242,1.32555111415074,2.64999999999998));
#11526=CARTESIAN_POINT('Ctrl Pts',(1.34310634626603,1.47698585397528,2.64999999999998));
#11527=CARTESIAN_POINT('Ctrl Pts',(1.31752440229534,1.74748623560982,2.64999999999998));
#11528=CARTESIAN_POINT('Ctrl Pts',(1.4727586165632,1.99558854236805,2.64999999999998));
#11529=CARTESIAN_POINT('Ctrl Pts',(1.60780073351024,2.11609159102011,2.64999999999998));
#11530=CARTESIAN_POINT('Ctrl Pts',(1.80514825286109,2.14844791775079,2.64999999999998));
#11531=CARTESIAN_POINT('Ctrl Pts',(1.93927469414442,2.06584184002926,2.64999999999998));
#11532=CARTESIAN_POINT('Ctrl Pts',(1.98703425805665,2.00078173980741,2.64999999999998));
#11533=CARTESIAN_POINT('',(1.42657461356242,1.32555111415074,2.65999999999998));
#11534=CARTESIAN_POINT('Ctrl Pts',(1.42657461356242,1.32555111415074,2.65999999999998));
#11535=CARTESIAN_POINT('Ctrl Pts',(1.34310634626603,1.47698585397528,2.65999999999998));
#11536=CARTESIAN_POINT('Ctrl Pts',(1.31752440229534,1.74748623560982,2.65999999999998));
#11537=CARTESIAN_POINT('Ctrl Pts',(1.4727586165632,1.99558854236805,2.65999999999998));
#11538=CARTESIAN_POINT('Ctrl Pts',(1.60780073351024,2.11609159102011,2.65999999999998));
#11539=CARTESIAN_POINT('Ctrl Pts',(1.80514825286109,2.14844791775079,2.65999999999998));
#11540=CARTESIAN_POINT('Ctrl Pts',(1.93927469414442,2.06584184002926,2.65999999999998));
#11541=CARTESIAN_POINT('Ctrl Pts',(1.98703425805665,2.00078173980741,2.65999999999998));
#11542=CARTESIAN_POINT('',(1.42657461356242,1.32555111415074,2.64999999999998));
#11543=CARTESIAN_POINT('Origin',(2.09206088394462,1.47806296909863,2.64999999999998));
#11544=CARTESIAN_POINT('',(2.09206088394462,1.47806296909863,2.64999999999998));
#11545=CARTESIAN_POINT('',(2.09206088394462,1.47806296909863,2.64999999999998));
#11546=CARTESIAN_POINT('',(2.09206088394462,1.47806296909863,2.65999999999998));
#11547=CARTESIAN_POINT('',(2.09206088394462,1.47806296909863,2.65999999999998));
#11548=CARTESIAN_POINT('',(2.09206088394462,1.47806296909863,2.64999999999998));
#11549=CARTESIAN_POINT('Origin',(2.0791114885824,1.51362048691352,2.64999999999998));
#11550=CARTESIAN_POINT('',(2.11694106679282,1.51459358829749,2.64999999999998));
#11551=CARTESIAN_POINT('Origin',(2.0791114885958,1.51362048691093,2.64999999999998));
#11552=CARTESIAN_POINT('',(2.11694106679282,1.51459358829749,2.65999999999998));
#11553=CARTESIAN_POINT('Origin',(2.0791114885958,1.51362048691093,2.65999999999998));
#11554=CARTESIAN_POINT('',(2.11694106679282,1.51459358829749,2.64999999999998));
#11555=CARTESIAN_POINT('Origin',(2.11694106679281,1.62265500119749,2.64999999999998));
#11556=CARTESIAN_POINT('',(2.11694106679281,1.62265500119749,2.64999999999998));
#11557=CARTESIAN_POINT('',(2.11694106679281,1.62265500119749,2.64999999999998));
#11558=CARTESIAN_POINT('',(2.11694106679281,1.62265500119749,2.65999999999998));
#11559=CARTESIAN_POINT('',(2.11694106679281,1.62265500119749,2.65999999999998));
#11560=CARTESIAN_POINT('',(2.11694106679281,1.62265500119749,2.64999999999998));
#11561=CARTESIAN_POINT('Origin',(2.16349714569281,1.62927216489749,2.64999999999998));
#11562=CARTESIAN_POINT('',(2.16349714569281,1.62927216489749,2.64999999999998));
#11563=CARTESIAN_POINT('',(2.16349714569281,1.62927216489749,2.65999999999998));
#11564=CARTESIAN_POINT('Origin',(1.66315788063969,1.71120164416126,2.65999999999998));
#11565=CARTESIAN_POINT('Origin',(1.66315788063969,1.71120164416126,2.64999999999998));
#11566=CARTESIAN_POINT('Origin',(1.30564848359281,-0.361921961302512,2.64999999999998));
#11567=CARTESIAN_POINT('',(1.30564848359281,-0.361921961302512,2.64999999999998));
#11568=CARTESIAN_POINT('',(1.88236449449281,-0.361921961302512,2.64999999999998));
#11569=CARTESIAN_POINT('',(1.30564848359281,-0.361921961302512,2.64999999999998));
#11570=CARTESIAN_POINT('',(1.88236449449281,-0.361921961302512,2.65999999999998));
#11571=CARTESIAN_POINT('',(1.88236449449281,-0.361921961302512,2.64999999999998));
#11572=CARTESIAN_POINT('',(1.30564848359281,-0.361921961302512,2.65999999999998));
#11573=CARTESIAN_POINT('',(1.30564848359281,-0.361921961302512,2.65999999999998));
#11574=CARTESIAN_POINT('',(1.30564848359281,-0.361921961302512,2.64999999999998));
#11575=CARTESIAN_POINT('Origin',(1.30564848359281,-0.256261244502513,2.64999999999998));
#11576=CARTESIAN_POINT('',(1.30564848359281,-0.256261244502513,2.64999999999998));
#11577=CARTESIAN_POINT('',(1.30564848359281,-0.256261244502513,2.64999999999998));
#11578=CARTESIAN_POINT('',(1.30564848359281,-0.256261244502513,2.65999999999998));
#11579=CARTESIAN_POINT('',(1.30564848359281,-0.256261244502513,2.65999999999998));
#11580=CARTESIAN_POINT('',(1.30564848359281,-0.256261244502513,2.64999999999998));
#11581=CARTESIAN_POINT('Origin',(1.88236449449281,-0.256261244502513,2.64999999999998));
#11582=CARTESIAN_POINT('',(1.88236449449281,-0.256261244502513,2.64999999999998));
#11583=CARTESIAN_POINT('',(1.88236449449281,-0.256261244502513,2.64999999999998));
#11584=CARTESIAN_POINT('',(1.88236449449281,-0.256261244502513,2.65999999999998));
#11585=CARTESIAN_POINT('',(1.88236449449281,-0.256261244502513,2.65999999999998));
#11586=CARTESIAN_POINT('',(1.88236449449281,-0.256261244502513,2.64999999999998));
#11587=CARTESIAN_POINT('Origin',(1.88236449449281,-0.361921961302512,2.64999999999998));
#11588=CARTESIAN_POINT('',(1.88236449449281,-0.361921961302512,2.64999999999998));
#11589=CARTESIAN_POINT('',(1.88236449449281,-0.361921961302512,2.65999999999998));
#11590=CARTESIAN_POINT('Origin',(1.59400648904281,-0.309091602902511,2.65999999999998));
#11591=CARTESIAN_POINT('Origin',(1.59400648904281,-0.309091602902511,2.64999999999998));
#11592=CARTESIAN_POINT('Origin',(1.87690522419281,1.64104227119749,2.64999999999998));
#11593=CARTESIAN_POINT('',(1.87690522419281,1.64104227119749,2.64999999999998));
#11594=CARTESIAN_POINT('',(1.87690522419281,1.91222861979749,2.64999999999998));
#11595=CARTESIAN_POINT('',(1.87690522419281,1.64104227119749,2.64999999999998));
#11596=CARTESIAN_POINT('',(1.87690522419281,1.91222861979749,2.65999999999998));
#11597=CARTESIAN_POINT('',(1.87690522419281,1.91222861979749,2.64999999999998));
#11598=CARTESIAN_POINT('',(1.87690522419281,1.64104227119749,2.65999999999998));
#11599=CARTESIAN_POINT('',(1.87690522419281,1.64104227119749,2.65999999999998));
#11600=CARTESIAN_POINT('',(1.87690522419281,1.64104227119749,2.64999999999998));
#11601=CARTESIAN_POINT('Origin',(1.44637568629281,1.53952817529749,2.64999999999998));
#11602=CARTESIAN_POINT('',(1.44637568629281,1.53952817529749,2.64999999999998));
#11603=CARTESIAN_POINT('',(1.44637568629281,1.53952817529749,2.64999999999998));
#11604=CARTESIAN_POINT('',(1.44637568629281,1.53952817529749,2.65999999999998));
#11605=CARTESIAN_POINT('',(1.44637568629281,1.53952817529749,2.65999999999998));
#11606=CARTESIAN_POINT('',(1.44637568629281,1.53952817529749,2.64999999999998));
#11607=CARTESIAN_POINT('Origin',(1.44271124349281,1.80964995599749,2.64999999999998));
#11608=CARTESIAN_POINT('',(1.44271124349281,1.80964995599749,2.64999999999998));
#11609=CARTESIAN_POINT('',(1.44271124349281,1.80964995599749,2.64999999999998));
#11610=CARTESIAN_POINT('',(1.44271124349281,1.80964995599749,2.65999999999998));
#11611=CARTESIAN_POINT('',(1.44271124349281,1.80964995599749,2.65999999999998));
#11612=CARTESIAN_POINT('',(1.44271124349281,1.80964995599749,2.64999999999998));
#11613=CARTESIAN_POINT('Origin',(1.87690522419281,1.91222861979749,2.64999999999998));
#11614=CARTESIAN_POINT('',(1.87690522419281,1.91222861979749,2.64999999999998));
#11615=CARTESIAN_POINT('',(1.87690522419281,1.91222861979749,2.65999999999998));
#11616=CARTESIAN_POINT('Origin',(1.6608791021985,1.72601005523667,2.65999999999998));
#11617=CARTESIAN_POINT('Origin',(1.6608791021985,1.72601005523667,2.64999999999998));
#11618=CARTESIAN_POINT('Origin',(1.74414139589025,0.244832440273028,2.64999999999998));
#11619=CARTESIAN_POINT('',(1.74414139589025,0.244832440273028,2.64999999999998));
#11620=CARTESIAN_POINT('',(1.30564848359281,0.244832440297488,2.64999999999998));
#11621=CARTESIAN_POINT('',(1.74414139589025,0.244832440273028,2.64999999999998));
#11622=CARTESIAN_POINT('',(1.30564848359281,0.244832440297488,2.65999999999998));
#11623=CARTESIAN_POINT('',(1.30564848359281,0.244832440297488,2.64999999999998));
#11624=CARTESIAN_POINT('',(1.74414139589025,0.244832440273028,2.65999999999998));
#11625=CARTESIAN_POINT('',(1.74414139589025,0.244832440273028,2.65999999999998));
#11626=CARTESIAN_POINT('',(1.74414139589025,0.244832440273028,2.64999999999998));
#11627=CARTESIAN_POINT('Ctrl Pts',(1.74213394479282,0.384557041297489,2.64999999999998));
#11628=CARTESIAN_POINT('Ctrl Pts',(1.74213394479282,0.384557041297489,2.65999999999998));
#11629=CARTESIAN_POINT('Ctrl Pts',(1.74756798717084,0.383170422922937,2.64999999999998));
#11630=CARTESIAN_POINT('Ctrl Pts',(1.74756798717084,0.383170422922937,2.65999999999998));
#11631=CARTESIAN_POINT('Ctrl Pts',(1.76510043726584,0.37555154816574,2.64999999999998));
#11632=CARTESIAN_POINT('Ctrl Pts',(1.76510043726584,0.37555154816574,2.65999999999998));
#11633=CARTESIAN_POINT('Ctrl Pts',(1.80574428745438,0.327093932550488,2.64999999999998));
#11634=CARTESIAN_POINT('Ctrl Pts',(1.80574428745438,0.327093932550488,2.65999999999998));
#11635=CARTESIAN_POINT('Ctrl Pts',(1.78937606868273,0.256257958154023,2.64999999999998));
#11636=CARTESIAN_POINT('Ctrl Pts',(1.78937606868273,0.256257958154023,2.65999999999998));
#11637=CARTESIAN_POINT('Ctrl Pts',(1.74414139589025,0.244832440273028,2.64999999999998));
#11638=CARTESIAN_POINT('Ctrl Pts',(1.74414139589025,0.244832440273028,2.65999999999998));
#11639=CARTESIAN_POINT('',(1.74213394479282,0.384557041297489,2.64999999999998));
#11640=CARTESIAN_POINT('Ctrl Pts',(1.74213394479282,0.384557041297489,2.64999999999998));
#11641=CARTESIAN_POINT('Ctrl Pts',(1.74756798717084,0.383170422922937,2.64999999999998));
#11642=CARTESIAN_POINT('Ctrl Pts',(1.76510043726584,0.37555154816574,2.64999999999998));
#11643=CARTESIAN_POINT('Ctrl Pts',(1.80574428745438,0.327093932550488,2.64999999999998));
#11644=CARTESIAN_POINT('Ctrl Pts',(1.78937606868273,0.256257958154023,2.64999999999998));
#11645=CARTESIAN_POINT('Ctrl Pts',(1.74414139589025,0.244832440273028,2.64999999999998));
#11646=CARTESIAN_POINT('',(1.74213394479282,0.384557041297489,2.65999999999998));
#11647=CARTESIAN_POINT('Ctrl Pts',(1.74213394479282,0.384557041297489,2.65999999999998));
#11648=CARTESIAN_POINT('Ctrl Pts',(1.74756798717084,0.383170422922937,2.65999999999998));
#11649=CARTESIAN_POINT('Ctrl Pts',(1.76510043726584,0.37555154816574,2.65999999999998));
#11650=CARTESIAN_POINT('Ctrl Pts',(1.80574428745438,0.327093932550488,2.65999999999998));
#11651=CARTESIAN_POINT('Ctrl Pts',(1.78937606868273,0.256257958154023,2.65999999999998));
#11652=CARTESIAN_POINT('Ctrl Pts',(1.74414139589025,0.244832440273028,2.65999999999998));
#11653=CARTESIAN_POINT('',(1.74213394479282,0.384557041297489,2.64999999999998));
#11654=CARTESIAN_POINT('Origin',(1.30564848359282,0.384557041297485,2.64999999999998));
#11655=CARTESIAN_POINT('',(1.30564848359282,0.384557041297485,2.64999999999998));
#11656=CARTESIAN_POINT('',(1.30564848359282,0.384557041297485,2.64999999999998));
#11657=CARTESIAN_POINT('',(1.30564848359282,0.384557041297485,2.65999999999998));
#11658=CARTESIAN_POINT('',(1.30564848359282,0.384557041297485,2.65999999999998));
#11659=CARTESIAN_POINT('',(1.30564848359282,0.384557041297485,2.64999999999998));
#11660=CARTESIAN_POINT('Origin',(1.30564848359282,0.489483857997488,2.64999999999998));
#11661=CARTESIAN_POINT('',(1.30564848359282,0.489483857997488,2.64999999999998));
#11662=CARTESIAN_POINT('',(1.30564848359282,0.489483857997488,2.64999999999998));
#11663=CARTESIAN_POINT('',(1.30564848359282,0.489483857997488,2.65999999999998));
#11664=CARTESIAN_POINT('',(1.30564848359282,0.489483857997488,2.65999999999998));
#11665=CARTESIAN_POINT('',(1.30564848359282,0.489483857997488,2.64999999999998));
#11666=CARTESIAN_POINT('Origin',(1.88236449449281,0.48948385799749,2.64999999999998));
#11667=CARTESIAN_POINT('',(1.88236449449281,0.48948385799749,2.64999999999998));
#11668=CARTESIAN_POINT('',(1.88236449449281,0.48948385799749,2.64999999999998));
#11669=CARTESIAN_POINT('',(1.88236449449281,0.48948385799749,2.65999999999998));
#11670=CARTESIAN_POINT('',(1.88236449449281,0.48948385799749,2.65999999999998));
#11671=CARTESIAN_POINT('',(1.88236449449281,0.48948385799749,2.64999999999998));
#11672=CARTESIAN_POINT('Origin',(1.88236449449281,0.384557041297489,2.64999999999998));
#11673=CARTESIAN_POINT('',(1.88236449449281,0.384557041297489,2.64999999999998));
#11674=CARTESIAN_POINT('',(1.88236449449281,0.384557041297489,2.64999999999998));
#11675=CARTESIAN_POINT('',(1.88236449449281,0.384557041297489,2.65999999999998));
#11676=CARTESIAN_POINT('',(1.88236449449281,0.384557041297489,2.65999999999998));
#11677=CARTESIAN_POINT('',(1.88236449449281,0.384557041297489,2.64999999999998));
#11678=CARTESIAN_POINT('Origin',(1.83360466857405,0.384557041303733,2.64999999999998));
#11679=CARTESIAN_POINT('',(1.83360466857405,0.384557041303733,2.64999999999998));
#11680=CARTESIAN_POINT('',(1.83360466857405,0.384557041303733,2.64999999999998));
#11681=CARTESIAN_POINT('',(1.83360466857405,0.384557041303733,2.65999999999998));
#11682=CARTESIAN_POINT('',(1.83360466857405,0.384557041303733,2.65999999999998));
#11683=CARTESIAN_POINT('',(1.83360466857405,0.384557041303733,2.64999999999998));
#11684=CARTESIAN_POINT('Ctrl Pts',(1.7797549558087,0.14054596454096,2.64999999999998));
#11685=CARTESIAN_POINT('Ctrl Pts',(1.7797549558087,0.14054596454096,2.65999999999998));
#11686=CARTESIAN_POINT('Ctrl Pts',(1.84896924611203,0.151715748433801,2.64999999999998));
#11687=CARTESIAN_POINT('Ctrl Pts',(1.84896924611203,0.151715748433801,2.65999999999998));
#11688=CARTESIAN_POINT('Ctrl Pts',(1.88787227592236,0.211204164629736,2.64999999999998));
#11689=CARTESIAN_POINT('Ctrl Pts',(1.88787227592236,0.211204164629736,2.65999999999998));
#11690=CARTESIAN_POINT('Ctrl Pts',(1.8890711128513,0.311200637025658,2.64999999999998));
#11691=CARTESIAN_POINT('Ctrl Pts',(1.8890711128513,0.311200637025658,2.65999999999998));
#11692=CARTESIAN_POINT('Ctrl Pts',(1.85477192455424,0.360852424123131,2.64999999999998));
#11693=CARTESIAN_POINT('Ctrl Pts',(1.85477192455424,0.360852424123131,2.65999999999998));
#11694=CARTESIAN_POINT('Ctrl Pts',(1.83360466857405,0.384557041303733,2.64999999999998));
#11695=CARTESIAN_POINT('Ctrl Pts',(1.83360466857405,0.384557041303733,2.65999999999998));
#11696=CARTESIAN_POINT('',(1.7797549558087,0.14054596454096,2.64999999999998));
#11697=CARTESIAN_POINT('Ctrl Pts',(1.7797549558087,0.14054596454096,2.64999999999998));
#11698=CARTESIAN_POINT('Ctrl Pts',(1.84896924611203,0.151715748433801,2.64999999999998));
#11699=CARTESIAN_POINT('Ctrl Pts',(1.88787227592236,0.211204164629736,2.64999999999998));
#11700=CARTESIAN_POINT('Ctrl Pts',(1.8890711128513,0.311200637025658,2.64999999999998));
#11701=CARTESIAN_POINT('Ctrl Pts',(1.85477192455424,0.360852424123131,2.64999999999998));
#11702=CARTESIAN_POINT('Ctrl Pts',(1.83360466857405,0.384557041303733,2.64999999999998));
#11703=CARTESIAN_POINT('',(1.7797549558087,0.14054596454096,2.65999999999998));
#11704=CARTESIAN_POINT('Ctrl Pts',(1.7797549558087,0.14054596454096,2.65999999999998));
#11705=CARTESIAN_POINT('Ctrl Pts',(1.84896924611203,0.151715748433801,2.65999999999998));
#11706=CARTESIAN_POINT('Ctrl Pts',(1.88787227592236,0.211204164629736,2.65999999999998));
#11707=CARTESIAN_POINT('Ctrl Pts',(1.8890711128513,0.311200637025658,2.65999999999998));
#11708=CARTESIAN_POINT('Ctrl Pts',(1.85477192455424,0.360852424123131,2.65999999999998));
#11709=CARTESIAN_POINT('Ctrl Pts',(1.83360466857405,0.384557041303733,2.65999999999998));
#11710=CARTESIAN_POINT('',(1.7797549558087,0.14054596454096,2.64999999999998));
#11711=CARTESIAN_POINT('Origin',(1.30564848359281,0.140545964497489,2.64999999999998));
#11712=CARTESIAN_POINT('',(1.30564848359281,0.140545964497489,2.64999999999998));
#11713=CARTESIAN_POINT('',(1.30564848359281,0.140545964497489,2.64999999999998));
#11714=CARTESIAN_POINT('',(1.30564848359281,0.140545964497489,2.65999999999998));
#11715=CARTESIAN_POINT('',(1.30564848359281,0.140545964497489,2.65999999999998));
#11716=CARTESIAN_POINT('',(1.30564848359281,0.140545964497489,2.64999999999998));
#11717=CARTESIAN_POINT('Origin',(1.30564848359281,0.244832440297488,2.64999999999998));
#11718=CARTESIAN_POINT('',(1.30564848359281,0.244832440297488,2.64999999999998));
#11719=CARTESIAN_POINT('',(1.30564848359281,0.244832440297488,2.65999999999998));
#11720=CARTESIAN_POINT('Origin',(1.59907914378484,0.319421612356461,2.65999999999998));
#11721=CARTESIAN_POINT('Origin',(1.59907914378484,0.319421612356461,2.64999999999998));
#11722=CARTESIAN_POINT('Origin',(2.16734591589282,0.74730316579749,2.64999999999998));
#11723=CARTESIAN_POINT('',(2.16734591589282,0.74730316579749,2.64999999999998));
#11724=CARTESIAN_POINT('',(1.30564848359282,0.74730316579749,2.64999999999998));
#11725=CARTESIAN_POINT('',(2.16734591589282,0.74730316579749,2.64999999999998));
#11726=CARTESIAN_POINT('',(1.30564848359282,0.74730316579749,2.65999999999998));
#11727=CARTESIAN_POINT('',(1.30564848359282,0.74730316579749,2.64999999999998));
#11728=CARTESIAN_POINT('',(2.16734591589282,0.74730316579749,2.65999999999998));
#11729=CARTESIAN_POINT('',(2.16734591589282,0.74730316579749,2.65999999999998));
#11730=CARTESIAN_POINT('',(2.16734591589282,0.74730316579749,2.64999999999998));
#11731=CARTESIAN_POINT('Origin',(2.16734591589282,0.636414332097489,2.64999999999998));
#11732=CARTESIAN_POINT('',(2.16734591589282,0.636414332097489,2.64999999999998));
#11733=CARTESIAN_POINT('',(2.16734591589282,0.636414332097489,2.64999999999998));
#11734=CARTESIAN_POINT('',(2.16734591589282,0.636414332097489,2.65999999999998));
#11735=CARTESIAN_POINT('',(2.16734591589282,0.636414332097489,2.65999999999998));
#11736=CARTESIAN_POINT('',(2.16734591589282,0.636414332097489,2.64999999999998));
#11737=CARTESIAN_POINT('Origin',(1.30564848359282,0.636414332097489,2.64999999999998));
#11738=CARTESIAN_POINT('',(1.30564848359282,0.636414332097489,2.64999999999998));
#11739=CARTESIAN_POINT('',(1.30564848359282,0.636414332097489,2.64999999999998));
#11740=CARTESIAN_POINT('',(1.30564848359282,0.636414332097489,2.65999999999998));
#11741=CARTESIAN_POINT('',(1.30564848359282,0.636414332097489,2.65999999999998));
#11742=CARTESIAN_POINT('',(1.30564848359282,0.636414332097489,2.64999999999998));
#11743=CARTESIAN_POINT('Origin',(1.30564848359282,0.74730316579749,2.64999999999998));
#11744=CARTESIAN_POINT('',(1.30564848359282,0.74730316579749,2.64999999999998));
#11745=CARTESIAN_POINT('',(1.30564848359282,0.74730316579749,2.65999999999998));
#11746=CARTESIAN_POINT('Origin',(1.73649719974282,0.691858748947491,2.65999999999998));
#11747=CARTESIAN_POINT('Origin',(1.73649719974282,0.691858748947491,2.64999999999998));
#11748=CARTESIAN_POINT('Origin',(2.05542766399281,-0.307873892202513,2.64999999999998));
#11749=CARTESIAN_POINT('',(2.12642299135782,-0.307873892202513,2.65999999999998));
#11750=CARTESIAN_POINT('Origin',(2.05542766399281,-0.307873892202513,2.65999999999998));
#11751=CARTESIAN_POINT('',(2.12642299135782,-0.307873892202513,2.64999999999998));
#11752=CARTESIAN_POINT('Origin',(2.05542766399281,-0.307873892202513,2.64999999999998));
#11753=CARTESIAN_POINT('Origin',(2.05542766399281,-0.307873892202513,2.65999999999998));
#11754=CARTESIAN_POINT('Origin',(2.05542766399281,-0.307873892202513,2.64999999999998));
#11755=CARTESIAN_POINT('Origin',(2.09727625879282,1.82559059509749,2.64999999999998));
#11756=CARTESIAN_POINT('',(2.24093344011712,1.82559059509749,2.65999999999998));
#11757=CARTESIAN_POINT('Origin',(2.09727625879282,1.82559059509749,2.65999999999998));
#11758=CARTESIAN_POINT('',(2.24093344011712,1.82559059509749,2.64999999999998));
#11759=CARTESIAN_POINT('Origin',(2.09727625879282,1.82559059509749,2.64999999999998));
#11760=CARTESIAN_POINT('Origin',(2.09727625879281,1.82559059509749,2.65999999999998));
#11761=CARTESIAN_POINT('Origin',(2.09727625879281,1.82559059509749,2.64999999999998));
#11762=CARTESIAN_POINT('Origin',(-0.150000000000067,-3.2,1.54999999999998));
#11763=CARTESIAN_POINT('',(-0.150000000000067,-3.2,1.54999999999998));
#11764=CARTESIAN_POINT('',(-0.150000000000067,-3.2,1.29999999999998));
#11765=CARTESIAN_POINT('',(-0.150000000000067,-3.2,1.54999999999998));
#11766=CARTESIAN_POINT('',(-0.150000000000067,-3.3,1.29999999999998));
#11767=CARTESIAN_POINT('',(-0.150000000000067,-3.2,1.29999999999998));
#11768=CARTESIAN_POINT('',(-0.150000000000067,-3.3,1.54999999999998));
#11769=CARTESIAN_POINT('',(-0.150000000000067,-3.3,1.54999999999998));
#11770=CARTESIAN_POINT('',(-0.150000000000067,-3.2,1.54999999999998));
#11771=CARTESIAN_POINT('Origin',(0.149999999999933,-3.2,1.54999999999998));
#11772=CARTESIAN_POINT('',(0.149999999999933,-3.2,1.54999999999998));
#11773=CARTESIAN_POINT('',(0.149999999999933,-3.2,1.54999999999998));
#11774=CARTESIAN_POINT('',(0.149999999999933,-3.3,1.54999999999998));
#11775=CARTESIAN_POINT('',(0.149999999999933,-3.3,1.54999999999998));
#11776=CARTESIAN_POINT('',(0.149999999999933,-3.2,1.54999999999998));
#11777=CARTESIAN_POINT('Origin',(0.149999999999933,-3.2,1.29999999999998));
#11778=CARTESIAN_POINT('',(0.149999999999933,-3.2,1.29999999999998));
#11779=CARTESIAN_POINT('',(0.149999999999933,-3.2,1.29999999999998));
#11780=CARTESIAN_POINT('',(0.149999999999933,-3.3,1.29999999999998));
#11781=CARTESIAN_POINT('',(0.149999999999933,-3.3,1.29999999999998));
#11782=CARTESIAN_POINT('',(0.149999999999933,-3.2,1.29999999999998));
#11783=CARTESIAN_POINT('Origin',(-0.150000000000067,-3.2,1.29999999999998));
#11784=CARTESIAN_POINT('',(-0.150000000000067,-3.2,1.29999999999998));
#11785=CARTESIAN_POINT('',(-0.150000000000067,-3.3,1.29999999999998));
#11786=CARTESIAN_POINT('Origin',(-6.70574706873595E-14,-3.3,1.42499999999998));
#11787=CARTESIAN_POINT('Origin',(-6.70628325599216E-14,-3.2,1.42499999999998));
#11788=CARTESIAN_POINT('Origin',(-0.150000000000067,3.2,1.54999999999998));
#11789=CARTESIAN_POINT('',(-0.150000000000067,3.2,1.54999999999998));
#11790=CARTESIAN_POINT('',(-0.150000000000067,3.2,1.29999999999998));
#11791=CARTESIAN_POINT('',(-0.150000000000067,3.2,1.54999999999998));
#11792=CARTESIAN_POINT('',(-0.150000000000067,3.3,1.54999999999998));
#11793=CARTESIAN_POINT('',(-0.150000000000067,3.2,1.54999999999998));
#11794=CARTESIAN_POINT('',(-0.150000000000067,3.3,1.29999999999998));
#11795=CARTESIAN_POINT('',(-0.150000000000067,3.3,1.54999999999998));
#11796=CARTESIAN_POINT('',(-0.150000000000067,3.2,1.29999999999998));
#11797=CARTESIAN_POINT('Origin',(0.149999999999933,3.2,1.54999999999998));
#11798=CARTESIAN_POINT('',(0.149999999999933,3.2,1.54999999999998));
#11799=CARTESIAN_POINT('',(0.149999999999933,3.2,1.54999999999998));
#11800=CARTESIAN_POINT('',(0.149999999999933,3.3,1.54999999999998));
#11801=CARTESIAN_POINT('',(0.149999999999933,3.2,1.54999999999998));
#11802=CARTESIAN_POINT('',(0.149999999999933,3.3,1.54999999999998));
#11803=CARTESIAN_POINT('Origin',(0.149999999999933,3.2,1.29999999999998));
#11804=CARTESIAN_POINT('',(0.149999999999933,3.2,1.29999999999998));
#11805=CARTESIAN_POINT('',(0.149999999999933,3.2,1.29999999999998));
#11806=CARTESIAN_POINT('',(0.149999999999933,3.3,1.29999999999998));
#11807=CARTESIAN_POINT('',(0.149999999999933,3.2,1.29999999999998));
#11808=CARTESIAN_POINT('',(0.149999999999933,3.3,1.29999999999998));
#11809=CARTESIAN_POINT('Origin',(-0.150000000000067,3.2,1.29999999999998));
#11810=CARTESIAN_POINT('',(-0.150000000000067,3.2,1.29999999999998));
#11811=CARTESIAN_POINT('',(-0.150000000000067,3.3,1.29999999999998));
#11812=CARTESIAN_POINT('Origin',(-6.70574706873595E-14,3.3,1.42499999999998));
#11813=CARTESIAN_POINT('Origin',(-6.70628325599216E-14,3.2,1.42499999999998));
#11814=CARTESIAN_POINT('Origin',(-2.22500000000007,2.,2.64949999999999));
#11815=CARTESIAN_POINT('',(-2.62501569198943,2.,2.64899999999999));
#11816=CARTESIAN_POINT('',(-2.22500000000007,1.59998430801064,2.64899999999999));
#11817=CARTESIAN_POINT('Origin',(-2.22500000000007,2.,2.64899999999999));
#11818=CARTESIAN_POINT('Origin',(-2.22500000000007,2.,2.64899999999999));
#11819=CARTESIAN_POINT('',(-2.62501569198943,2.,2.64999999999999));
#11820=CARTESIAN_POINT('Origin',(-2.22500000000007,2.,2.64999999999996));
#11821=CARTESIAN_POINT('Ctrl Pts',(-2.22500000000007,1.59998430801064,2.64899999999999));
#11822=CARTESIAN_POINT('Ctrl Pts',(-2.62501569198943,1.59998430801064,2.64899999999999));
#11823=CARTESIAN_POINT('Ctrl Pts',(-2.62501569198943,2.,2.64899999999999));
#11824=CARTESIAN_POINT('Ctrl Pts',(-2.62501569198943,2.40001569198936,2.64899999999999));
#11825=CARTESIAN_POINT('Ctrl Pts',(-2.22500000000007,2.40001569198936,2.64899999999999));
#11826=CARTESIAN_POINT('Ctrl Pts',(-1.82498430801071,2.40001569198936,2.64899999999999));
#11827=CARTESIAN_POINT('Ctrl Pts',(-1.82498430801071,2.,2.64899999999999));
#11828=CARTESIAN_POINT('Ctrl Pts',(-1.82498430801071,1.59998430801064,2.64899999999999));
#11829=CARTESIAN_POINT('Ctrl Pts',(-2.22500000000007,1.59998430801064,2.64899999999999));
#11830=CARTESIAN_POINT('Ctrl Pts',(-2.22500000000007,1.79400654192894,2.57919191433426));
#11831=CARTESIAN_POINT('Ctrl Pts',(-2.43099345807113,1.79400654192894,2.57919191433426));
#11832=CARTESIAN_POINT('Ctrl Pts',(-2.43099345807113,2.,2.57919191433426));
#11833=CARTESIAN_POINT('Ctrl Pts',(-2.43099345807113,2.20599345807106,2.57919191433426));
#11834=CARTESIAN_POINT('Ctrl Pts',(-2.22500000000007,2.20599345807106,2.57919191433426));
#11835=CARTESIAN_POINT('Ctrl Pts',(-2.01900654192901,2.20599345807106,2.57919191433426));
#11836=CARTESIAN_POINT('Ctrl Pts',(-2.01900654192901,2.,2.57919191433426));
#11837=CARTESIAN_POINT('Ctrl Pts',(-2.01900654192901,1.79400654192894,2.57919191433426));
#11838=CARTESIAN_POINT('Ctrl Pts',(-2.22500000000007,1.79400654192894,2.57919191433426));
#11839=CARTESIAN_POINT('Ctrl Pts',(-2.22500000000007,2.,2.56999999881644));
#11840=CARTESIAN_POINT('Ctrl Pts',(-2.22500000000007,2.,2.56999999881644));
#11841=CARTESIAN_POINT('Ctrl Pts',(-2.22500000000007,2.,2.56999999881644));
#11842=CARTESIAN_POINT('Ctrl Pts',(-2.22500000000007,2.,2.56999999881644));
#11843=CARTESIAN_POINT('Ctrl Pts',(-2.22500000000007,2.,2.56999999881644));
#11844=CARTESIAN_POINT('Ctrl Pts',(-2.22500000000007,2.,2.56999999881644));
#11845=CARTESIAN_POINT('Ctrl Pts',(-2.22500000000007,2.,2.56999999881644));
#11846=CARTESIAN_POINT('Ctrl Pts',(-2.22500000000007,2.,2.56999999881644));
#11847=CARTESIAN_POINT('Ctrl Pts',(-2.22500000000007,2.,2.56999999881644));
#11848=CARTESIAN_POINT('',(-2.22500000000007,2.,2.56999999881644));
#11849=CARTESIAN_POINT('Ctrl Pts',(-2.22500000000007,1.59998430801064,2.64899999999999));
#11850=CARTESIAN_POINT('Ctrl Pts',(-2.22500000000007,1.79400654192894,2.57919191433426));
#11851=CARTESIAN_POINT('Ctrl Pts',(-2.22500000000007,2.,2.56999999881644));
#11852=CARTESIAN_POINT('Origin',(3.19227416888491,1.6,2.24999999999998));
#11853=CARTESIAN_POINT('',(3.48691095813217,-2.93691095893197,2.52053495541002));
#11854=CARTESIAN_POINT('',(3.58353320917843,-2.83790368903173,2.33316467632709));
#11855=CARTESIAN_POINT('Ctrl Pts',(3.48691095825023,-2.93691095820059,2.52053495587906));
#11856=CARTESIAN_POINT('Ctrl Pts',(3.51003445583804,-2.92449332213206,2.49535139663796));
#11857=CARTESIAN_POINT('Ctrl Pts',(3.53086082744034,-2.90888236697658,2.46587790536559));
#11858=CARTESIAN_POINT('Ctrl Pts',(3.56435035223828,-2.87435779876588,2.40149442748169));
#11859=CARTESIAN_POINT('Ctrl Pts',(3.57648153585028,-2.85534759659615,2.36634019098888));
#11860=CARTESIAN_POINT('Ctrl Pts',(3.58353320917843,-2.83790368903173,2.33316467632709));
#11861=CARTESIAN_POINT('',(3.58353320917843,2.83790368903173,2.33316467632709));
#11862=CARTESIAN_POINT('',(3.58353320917843,1.6,2.33316467632709));
#11863=CARTESIAN_POINT('',(3.48691095813217,2.93691095893197,2.52053495541002));
#11864=CARTESIAN_POINT('Ctrl Pts',(3.58353320917843,2.83790368903173,2.33316467632709));
#11865=CARTESIAN_POINT('Ctrl Pts',(3.57576285555201,2.85712541472643,2.36972131595925));
#11866=CARTESIAN_POINT('Ctrl Pts',(3.56192241197665,2.87803178093349,2.40826091450184));
#11867=CARTESIAN_POINT('Ctrl Pts',(3.5267441546578,2.91191610600125,2.47162171444909));
#11868=CARTESIAN_POINT('Ctrl Pts',(3.50798017503003,2.92559649916485,2.49758869236842));
#11869=CARTESIAN_POINT('Ctrl Pts',(3.48691095825023,2.93691095820059,2.52053495587906));
#11870=CARTESIAN_POINT('',(3.19227416888491,2.64227416888497,2.64999999999998));
#11871=CARTESIAN_POINT('Origin',(3.19227416888491,2.64227416888497,2.24999999999998));
#11872=CARTESIAN_POINT('',(3.19227416888491,-2.64227416888497,2.64999999999998));
#11873=CARTESIAN_POINT('',(3.19227416888491,1.6,2.64999999999998));
#11874=CARTESIAN_POINT('Origin',(3.19227416888491,-2.64227416888497,2.24999999999998));
#11875=CARTESIAN_POINT('Origin',(1.87499999999993,-2.64227416888497,2.24999999999998));
#11876=CARTESIAN_POINT('',(-3.0040272443138,-2.64227416888497,2.64999999999998));
#11877=CARTESIAN_POINT('',(1.87499999999993,-2.64227416888497,2.64999999999998));
#11878=CARTESIAN_POINT('',(-3.28686995678842,-2.92511688135959,2.5328427124746));
#11879=CARTESIAN_POINT('Origin',(-3.0040272443138,-2.64227416888497,2.24999999999998));
#11880=CARTESIAN_POINT('',(-3.42218927072078,-3.01407632982886,2.39752339854224));
#11881=CARTESIAN_POINT('Origin',(-3.56971266926304,-2.64227416888497,2.24999999999998));
#11882=CARTESIAN_POINT('',(-3.3879036890318,-3.03353320917849,2.33316467632709));
#11883=CARTESIAN_POINT('Ctrl Pts',(-3.42218927072078,-3.01407632982886,
2.39752339854224));
#11884=CARTESIAN_POINT('Ctrl Pts',(-3.41061182712463,-3.02262703390848,
2.37597312051307));
#11885=CARTESIAN_POINT('Ctrl Pts',(-3.39894408724378,-3.02907014484982,
2.35416174314831));
#11886=CARTESIAN_POINT('Ctrl Pts',(-3.3879036890318,-3.03353320917849,2.33316467632709));
#11887=CARTESIAN_POINT('',(3.38790368903167,-3.0335332091785,2.33316467632709));
#11888=CARTESIAN_POINT('',(1.87499999999993,-3.0335332091785,2.33316467632709));
#11889=CARTESIAN_POINT('Ctrl Pts',(3.38790368903167,-3.0335332091785,2.33316467632709));
#11890=CARTESIAN_POINT('Ctrl Pts',(3.40712541472637,-3.02576285555207,2.36972131595925));
#11891=CARTESIAN_POINT('Ctrl Pts',(3.42803178093342,-3.01192241197672,2.40826091450185));
#11892=CARTESIAN_POINT('Ctrl Pts',(3.46191610584283,-2.97674415482226,2.471621714153));
#11893=CARTESIAN_POINT('Ctrl Pts',(3.47559649887048,-2.95798017543674,2.49758869180949));
#11894=CARTESIAN_POINT('Ctrl Pts',(3.48691095783446,-2.93691095893197,2.52053495513666));
#11895=CARTESIAN_POINT('Origin',(-1.87500000000007,2.64227416888497,2.24999999999998));
#11896=CARTESIAN_POINT('',(3.38790368903167,3.0335332091785,2.33316467632709));
#11897=CARTESIAN_POINT('Ctrl Pts',(3.48691095783446,2.93691095893197,2.52053495513665));
#11898=CARTESIAN_POINT('Ctrl Pts',(3.47559649887048,2.95798017543674,2.49758869180949));
#11899=CARTESIAN_POINT('Ctrl Pts',(3.46191610584284,2.97674415482226,2.471621714153));
#11900=CARTESIAN_POINT('Ctrl Pts',(3.42803178093342,3.01192241197672,2.40826091450185));
#11901=CARTESIAN_POINT('Ctrl Pts',(3.40712541472637,3.02576285555207,2.36972131595925));
#11902=CARTESIAN_POINT('Ctrl Pts',(3.38790368903167,3.0335332091785,2.33316467632709));
#11903=CARTESIAN_POINT('',(-3.3879036890318,3.0335332091785,2.33316467632709));
#11904=CARTESIAN_POINT('',(-1.87500000000007,3.0335332091785,2.33316467632709));
#11905=CARTESIAN_POINT('',(-3.42218927072078,3.01407632982886,2.39752339854224));
#11906=CARTESIAN_POINT('Ctrl Pts',(-3.3879036890318,3.0335332091785,2.33316467632709));
#11907=CARTESIAN_POINT('Ctrl Pts',(-3.39894408724378,3.02907014484982,2.35416174314831));
#11908=CARTESIAN_POINT('Ctrl Pts',(-3.41061182712463,3.02262703390848,2.37597312051307));
#11909=CARTESIAN_POINT('Ctrl Pts',(-3.42218927072078,3.01407632982886,2.39752339854224));
#11910=CARTESIAN_POINT('',(-3.28686995678842,2.92511688135959,2.5328427124746));
#11911=CARTESIAN_POINT('Origin',(-3.56971266926304,2.64227416888497,2.24999999999998));
#11912=CARTESIAN_POINT('',(-3.0040272443138,2.64227416888497,2.64999999999998));
#11913=CARTESIAN_POINT('Origin',(-3.0040272443138,2.64227416888497,2.24999999999998));
#11914=CARTESIAN_POINT('',(-1.87500000000007,2.64227416888497,2.64999999999998));
#11915=CARTESIAN_POINT('Origin',(-3.75000000000007,3.2,1.54999999999998));
#11916=CARTESIAN_POINT('',(3.55437047985317,3.2,1.54999999999998));
#11917=CARTESIAN_POINT('',(3.40709122360005,3.05272074374687,2.24289442347005));
#11918=CARTESIAN_POINT('',(-3.55437047985331,3.2,1.54999999999998));
#11919=CARTESIAN_POINT('',(-3.75000000000007,3.2,1.54999999999998));
#11920=CARTESIAN_POINT('',(-3.42988107946871,3.0755105996154,2.13567658136028));
#11921=CARTESIAN_POINT('Origin',(3.40709122360005,2.85709122360011,2.20131208530649));
#11922=CARTESIAN_POINT('',(3.74999999999993,3.00437047985324,1.54999999999998));
#11923=CARTESIAN_POINT('',(3.6027207437468,2.85709122360011,2.24289442347004));
#11924=CARTESIAN_POINT('Origin',(3.54553188102693,2.99553188102699,1.54999999999998));
#11925=CARTESIAN_POINT('Origin',(3.74999999999993,3.2,1.54999999999998));
#11926=CARTESIAN_POINT('',(3.74999999999993,-3.00437047985324,1.54999999999998));
#11927=CARTESIAN_POINT('',(3.62551059961534,-2.87988107946864,2.13567658136028));
#11928=CARTESIAN_POINT('',(3.74999999999993,3.2,1.54999999999998));
#11929=CARTESIAN_POINT('Origin',(3.42988107946857,-2.87988107946864,2.09409424319672));
#11930=CARTESIAN_POINT('',(3.55437047985317,-3.2,1.54999999999998));
#11931=CARTESIAN_POINT('',(3.42988107946857,-3.0755105996154,2.13567658136028));
#11932=CARTESIAN_POINT('Origin',(3.54553188102693,-2.99553188102699,1.54999999999998));
#11933=CARTESIAN_POINT('Origin',(3.74999999999993,-3.2,1.54999999999998));
#11934=CARTESIAN_POINT('',(-3.55437047985331,-3.2,1.54999999999998));
#11935=CARTESIAN_POINT('',(-3.40709122360018,-3.05272074374687,2.24289442347005));
#11936=CARTESIAN_POINT('',(3.74999999999993,-3.2,1.54999999999998));
#11937=CARTESIAN_POINT('Origin',(-3.0040272443138,2.22178205675628,2.24999999999998));
#11938=CARTESIAN_POINT('',(-3.28686995678842,2.22178205675628,2.5328427124746));
#11939=CARTESIAN_POINT('',(-3.0040272443138,2.22178205675628,2.64999999999998));
#11940=CARTESIAN_POINT('Origin',(-3.60971266926304,4.44356411351255,2.20999999999998));
#11941=CARTESIAN_POINT('',(-3.52593084092059,2.993703187459,2.29378182834244));
#11942=CARTESIAN_POINT('Origin',(-3.35005196350895,2.80005196350888,2.46966070575408));
#11943=CARTESIAN_POINT('',(-3.52593084092059,-2.993703187459,2.29378182834244));
#11944=CARTESIAN_POINT('',(-3.52593084092059,0.621782056756278,2.29378182834244));
#11945=CARTESIAN_POINT('Origin',(-3.35005196350895,-2.80005196350888,2.46966070575408));
#11946=CARTESIAN_POINT('Origin',(-3.24308812844597,0.621782056756278,2.01093911586782));
#11947=CARTESIAN_POINT('',(-3.63434716873949,2.88871764859266,2.09410379219492));
#11948=CARTESIAN_POINT('Ctrl Pts',(-3.52593084092059,2.993703187459,2.29378182834244));
#11949=CARTESIAN_POINT('Ctrl Pts',(-3.52859553148763,2.99243016550117,2.29111713777539));
#11950=CARTESIAN_POINT('Ctrl Pts',(-3.53119238479354,2.99113851942188,2.2884449066763));
#11951=CARTESIAN_POINT('Ctrl Pts',(-3.55841700620299,2.97708474839408,2.25965538968218));
#11952=CARTESIAN_POINT('Ctrl Pts',(-3.58073969171404,2.96066032233102,2.22861473819468));
#11953=CARTESIAN_POINT('Ctrl Pts',(-3.61516431179934,2.92517175832681,2.16243354334952));
#11954=CARTESIAN_POINT('Ctrl Pts',(-3.62729549541135,2.90616155615708,2.12727930685671));
#11955=CARTESIAN_POINT('Ctrl Pts',(-3.63434716873949,2.88871764859266,2.09410379219492));
#11956=CARTESIAN_POINT('',(-3.63434716873949,-2.88871764859266,2.09410379219492));
#11957=CARTESIAN_POINT('',(-3.63434716873949,0.621782056756278,2.09410379219492));
#11958=CARTESIAN_POINT('Ctrl Pts',(-3.63434716873949,-2.88871764859266,
2.09410379219492));
#11959=CARTESIAN_POINT('Ctrl Pts',(-3.62657681511307,-2.90793937428736,
2.13066043182709));
#11960=CARTESIAN_POINT('Ctrl Pts',(-3.61273637153771,-2.92884574049441,
2.16920003036968));
#11961=CARTESIAN_POINT('Ctrl Pts',(-3.57476489462439,-2.96542054450965,
2.23759179664167));
#11962=CARTESIAN_POINT('Ctrl Pts',(-3.55175060041895,-2.9813681264227,2.26796206884408));
#11963=CARTESIAN_POINT('Ctrl Pts',(-3.52593084092059,-2.993703187459,2.29378182834244));
#11964=CARTESIAN_POINT('Origin',(-3.75000000000007,-3.2,1.54999999999998));
#11965=CARTESIAN_POINT('',(-3.75000000000007,3.00437047985324,1.54999999999998));
#11966=CARTESIAN_POINT('',(-3.62551059961547,2.87988107946864,2.13567658136028));
#11967=CARTESIAN_POINT('',(-3.75000000000007,-3.00437047985324,1.54999999999998));
#11968=CARTESIAN_POINT('',(-3.75000000000007,-3.2,1.54999999999998));
#11969=CARTESIAN_POINT('',(-3.60272074374694,-2.85709122360011,2.24289442347004));
#11970=CARTESIAN_POINT('Origin',(-3.42988107946871,2.87988107946864,2.09409424319673));
#11971=CARTESIAN_POINT('Origin',(-3.54553188102706,2.995531881027,1.54999999999998));
#11972=CARTESIAN_POINT('Origin',(-3.40709122360018,-2.85709122360011,2.20131208530649));
#11973=CARTESIAN_POINT('Origin',(-3.54553188102706,-2.99553188102699,1.54999999999998));
#11974=CARTESIAN_POINT('Origin',(-7.105427357601E-14,1.33226762955019E-15,
1.54999999999998));
#11975=CARTESIAN_POINT('Origin',(-1.96922040258146,1.86916580893239,2.64999999999996));
#11976=CARTESIAN_POINT('Ctrl Pts',(-2.22500000000014,1.59998430801072,2.65000000000034));
#11977=CARTESIAN_POINT('Ctrl Pts',(-2.62501569198943,1.59998430801072,2.64999999999999));
#11978=CARTESIAN_POINT('Ctrl Pts',(-2.62501569198943,2.,2.64999999999999));
#11979=CARTESIAN_POINT('Ctrl Pts',(-2.62501569198943,2.40001569198929,2.64999999999999));
#11980=CARTESIAN_POINT('Ctrl Pts',(-2.22500000000014,2.40001569198929,2.65000000000034));
#11981=CARTESIAN_POINT('Ctrl Pts',(-1.82498430801086,2.40001569198929,2.6500000000007));
#11982=CARTESIAN_POINT('Ctrl Pts',(-1.82498430801086,2.,2.6500000000007));
#11983=CARTESIAN_POINT('Ctrl Pts',(-1.82498430801086,1.59998430801072,2.6500000000007));
#11984=CARTESIAN_POINT('Ctrl Pts',(-2.22500000000014,1.59998430801072,2.65000000000034));
#11985=CARTESIAN_POINT('Ctrl Pts',(-2.22500000000008,1.79401640347392,2.58024184826355));
#11986=CARTESIAN_POINT('Ctrl Pts',(-2.43098359652617,1.79401640347392,2.58024184826337));
#11987=CARTESIAN_POINT('Ctrl Pts',(-2.43098359652617,2.,2.58024184826337));
#11988=CARTESIAN_POINT('Ctrl Pts',(-2.43098359652616,2.20598359652609,2.58024184826337));
#11989=CARTESIAN_POINT('Ctrl Pts',(-2.22500000000008,2.20598359652609,2.58024184826355));
#11990=CARTESIAN_POINT('Ctrl Pts',(-2.019016403474,2.20598359652609,2.58024184826373));
#11991=CARTESIAN_POINT('Ctrl Pts',(-2.019016403474,2.,2.58024184826373));
#11992=CARTESIAN_POINT('Ctrl Pts',(-2.019016403474,1.79401640347392,2.58024184826373));
#11993=CARTESIAN_POINT('Ctrl Pts',(-2.22500000000008,1.79401640347392,2.58024184826355));
#11994=CARTESIAN_POINT('Ctrl Pts',(-2.22500000000007,2.,2.5709999996523));
#11995=CARTESIAN_POINT('Ctrl Pts',(-2.22500000000007,2.,2.5709999996523));
#11996=CARTESIAN_POINT('Ctrl Pts',(-2.22500000000007,2.,2.5709999996523));
#11997=CARTESIAN_POINT('Ctrl Pts',(-2.22500000000007,2.,2.5709999996523));
#11998=CARTESIAN_POINT('Ctrl Pts',(-2.22500000000007,2.,2.5709999996523));
#11999=CARTESIAN_POINT('Ctrl Pts',(-2.22500000000007,2.,2.5709999996523));
#12000=CARTESIAN_POINT('Ctrl Pts',(-2.22500000000007,2.,2.5709999996523));
#12001=CARTESIAN_POINT('Ctrl Pts',(-2.22500000000007,2.,2.5709999996523));
#12002=CARTESIAN_POINT('Ctrl Pts',(-2.22500000000007,2.,2.5709999996523));
#12003=CARTESIAN_POINT('',(-2.22500000000007,2.,2.5709999996523));
#12004=CARTESIAN_POINT('',(-2.22500000000014,1.59998430801072,2.65000000000034));
#12005=CARTESIAN_POINT('Ctrl Pts',(-2.22500000000007,2.,2.5709999996523));
#12006=CARTESIAN_POINT('Ctrl Pts',(-2.22500000000008,1.79401640347392,2.58024184826355));
#12007=CARTESIAN_POINT('Ctrl Pts',(-2.22500000000014,1.59998430801072,2.65000000000034));
#12008=CARTESIAN_POINT('',(-2.62501569198943,2.,2.64999999999999));
#12009=CARTESIAN_POINT('Origin',(-2.22500000000014,2.,2.65000000000034));
#12010=CARTESIAN_POINT('Origin',(-2.22500000000014,2.,2.65000000000034));
#12011=CARTESIAN_POINT('Origin',(-2.22500000000014,2.,2.64950000000034));
#12012=CARTESIAN_POINT('',(-2.62501569198943,2.,2.64899999999999));
#12013=CARTESIAN_POINT('',(-2.22500000000014,1.59998430801071,2.64900000000034));
#12014=CARTESIAN_POINT('Origin',(-2.22500000000014,2.,2.64900000000034));
#12015=CARTESIAN_POINT('Origin',(-2.22500000000014,2.,2.64900000000034));
#12016=CARTESIAN_POINT('Ctrl Pts',(-2.22500000000014,1.59998430801071,2.64900000000034));
#12017=CARTESIAN_POINT('Ctrl Pts',(-2.62501569198943,1.59998430801071,2.64899999999999));
#12018=CARTESIAN_POINT('Ctrl Pts',(-2.62501569198943,2.,2.64899999999999));
#12019=CARTESIAN_POINT('Ctrl Pts',(-2.62501569198943,2.40001569198929,2.64899999999999));
#12020=CARTESIAN_POINT('Ctrl Pts',(-2.22500000000014,2.40001569198929,2.64900000000034));
#12021=CARTESIAN_POINT('Ctrl Pts',(-1.82498430801085,2.40001569198929,2.6490000000007));
#12022=CARTESIAN_POINT('Ctrl Pts',(-1.82498430801085,2.,2.6490000000007));
#12023=CARTESIAN_POINT('Ctrl Pts',(-1.82498430801085,1.59998430801071,2.6490000000007));
#12024=CARTESIAN_POINT('Ctrl Pts',(-2.22500000000014,1.59998430801071,2.64900000000034));
#12025=CARTESIAN_POINT('Ctrl Pts',(-2.22500000000008,1.79400654192895,2.57919191433444));
#12026=CARTESIAN_POINT('Ctrl Pts',(-2.43099345807113,1.79400654192895,2.57919191433426));
#12027=CARTESIAN_POINT('Ctrl Pts',(-2.43099345807113,2.,2.57919191433426));
#12028=CARTESIAN_POINT('Ctrl Pts',(-2.43099345807113,2.20599345807105,2.57919191433426));
#12029=CARTESIAN_POINT('Ctrl Pts',(-2.22500000000008,2.20599345807105,2.57919191433444));
#12030=CARTESIAN_POINT('Ctrl Pts',(-2.01900654192903,2.20599345807105,2.57919191433462));
#12031=CARTESIAN_POINT('Ctrl Pts',(-2.01900654192903,2.,2.57919191433462));
#12032=CARTESIAN_POINT('Ctrl Pts',(-2.01900654192903,1.79400654192895,2.57919191433462));
#12033=CARTESIAN_POINT('Ctrl Pts',(-2.22500000000008,1.79400654192895,2.57919191433444));
#12034=CARTESIAN_POINT('Ctrl Pts',(-2.22500000000007,2.,2.56999999881644));
#12035=CARTESIAN_POINT('Ctrl Pts',(-2.22500000000007,2.,2.56999999881644));
#12036=CARTESIAN_POINT('Ctrl Pts',(-2.22500000000007,2.,2.56999999881644));
#12037=CARTESIAN_POINT('Ctrl Pts',(-2.22500000000007,2.,2.56999999881644));
#12038=CARTESIAN_POINT('Ctrl Pts',(-2.22500000000007,2.,2.56999999881644));
#12039=CARTESIAN_POINT('Ctrl Pts',(-2.22500000000007,2.,2.56999999881644));
#12040=CARTESIAN_POINT('Ctrl Pts',(-2.22500000000007,2.,2.56999999881644));
#12041=CARTESIAN_POINT('Ctrl Pts',(-2.22500000000007,2.,2.56999999881644));
#12042=CARTESIAN_POINT('Ctrl Pts',(-2.22500000000007,2.,2.56999999881644));
#12043=CARTESIAN_POINT('',(-2.22500000000007,2.,2.56999999881644));
#12044=CARTESIAN_POINT('Ctrl Pts',(-2.22500000000007,2.,2.56999999881644));
#12045=CARTESIAN_POINT('Ctrl Pts',(-2.22500000000008,1.79400654192895,2.57919191433444));
#12046=CARTESIAN_POINT('Ctrl Pts',(-2.22500000000014,1.59998430801071,2.64900000000034));
#12047=UNCERTAINTY_MEASURE_WITH_UNIT(LENGTH_MEASURE(0.01),#12051,
'DISTANCE_ACCURACY_VALUE',
'Maximum model space distance between geometric entities at asserted c
onnectivities');
#12048=UNCERTAINTY_MEASURE_WITH_UNIT(LENGTH_MEASURE(0.01),#12051,
'DISTANCE_ACCURACY_VALUE',
'Maximum model space distance between geometric entities at asserted c
onnectivities');
#12049=(
GEOMETRIC_REPRESENTATION_CONTEXT(3)
GLOBAL_UNCERTAINTY_ASSIGNED_CONTEXT((#12047))
GLOBAL_UNIT_ASSIGNED_CONTEXT((#12051,#12053,#12052))
REPRESENTATION_CONTEXT('','3D')
);
#12050=(
GEOMETRIC_REPRESENTATION_CONTEXT(3)
GLOBAL_UNCERTAINTY_ASSIGNED_CONTEXT((#12048))
GLOBAL_UNIT_ASSIGNED_CONTEXT((#12051,#12053,#12052))
REPRESENTATION_CONTEXT('','3D')
);
#12051=(
LENGTH_UNIT()
NAMED_UNIT(*)
SI_UNIT(.MILLI.,.METRE.)
);
#12052=(
NAMED_UNIT(*)
SI_UNIT($,.STERADIAN.)
SOLID_ANGLE_UNIT()
);
#12053=(
NAMED_UNIT(*)
PLANE_ANGLE_UNIT()
SI_UNIT($,.RADIAN.)
);
#12054=SHAPE_DEFINITION_REPRESENTATION(#12055,#12056);
#12055=PRODUCT_DEFINITION_SHAPE('',$,#12058);
#12056=SHAPE_REPRESENTATION('',(#7042),#12049);
#12057=PRODUCT_DEFINITION_CONTEXT('part definition',#12062,'design');
#12058=PRODUCT_DEFINITION('Product','Product',#12059,#12057);
#12059=PRODUCT_DEFINITION_FORMATION('',$,#12064);
#12060=PRODUCT_RELATED_PRODUCT_CATEGORY('Product','Product',(#12064));
#12061=APPLICATION_PROTOCOL_DEFINITION('international standard',
'automotive_design',2009,#12062);
#12062=APPLICATION_CONTEXT(
'Core Data for Automotive Mechanical Design Process');
#12063=PRODUCT_CONTEXT('part definition',#12062,'mechanical');
#12064=PRODUCT('Product','Product',$,(#12063));
#12065=PRESENTATION_STYLE_ASSIGNMENT((#12068));
#12066=PRESENTATION_STYLE_ASSIGNMENT((#12069));
#12067=PRESENTATION_STYLE_ASSIGNMENT((#12070));
#12068=SURFACE_STYLE_USAGE(.BOTH.,#12071);
#12069=SURFACE_STYLE_USAGE(.BOTH.,#12072);
#12070=SURFACE_STYLE_USAGE(.BOTH.,#12073);
#12071=SURFACE_SIDE_STYLE('',(#12074));
#12072=SURFACE_SIDE_STYLE('',(#12075));
#12073=SURFACE_SIDE_STYLE('',(#12076));
#12074=SURFACE_STYLE_FILL_AREA(#12077);
#12075=SURFACE_STYLE_FILL_AREA(#12078);
#12076=SURFACE_STYLE_FILL_AREA(#12079);
#12077=FILL_AREA_STYLE('',(#12080));
#12078=FILL_AREA_STYLE('',(#12081));
#12079=FILL_AREA_STYLE('',(#12082));
#12080=FILL_AREA_STYLE_COLOUR('',#12083);
#12081=FILL_AREA_STYLE_COLOUR('',#12084);
#12082=FILL_AREA_STYLE_COLOUR('',#12085);
#12083=COLOUR_RGB('',0.866666666666667,0.866666666666667,0.866666666666667);
#12084=COLOUR_RGB('',0.329411764705882,0.329411764705882,0.329411764705882);
#12085=COLOUR_RGB('',1.,1.,1.);
ENDSEC;
END-ISO-10303-21;
