ISO-10303-21;
HEADER;
/* Generated by software containing ST-Developer
 * from STEP Tools, Inc. (www.steptools.com) 
 */

FILE_DESCRIPTION(
/* description */ (''),
/* implementation_level */ '2;1');

FILE_NAME(
/* name */ 
'\\\\sinsdv020.ap.infineon.com\\DES_S_PS_ACD\\Working Folder\\PG-DSO-8
-47\\PG-DSO-8-47_Z8B00151938_V10_3D.stp',
/* time_stamp */ '2019-05-06T18:26:25+06:00',
/* author */ ('janartha'),
/* organization */ (''),
/* preprocessor_version */ 'ST-DEVELOPER v16.13',
/* originating_system */ 'AutoCAD Mechanical',
/* authorisation */ '');

FILE_SCHEMA (('AUTOMOTIVE_DESIGN { 1 0 10303 214 3 1 1 }'));
ENDSEC;

DATA;
#10=MECHANICAL_DESIGN_GEOMETRIC_PRESENTATION_REPRESENTATION('',(#18,#22,
#19,#20,#21,#31,#29,#30,#23,#24,#25,#26,#27,#28,#37,#38,#39,#33,#32,#34,
#35,#36,#40,#41),#11666);
#11=PRESENTATION_LAYER_ASSIGNMENT('2','3D_Mold',(#42,#43));
#12=PRESENTATION_LAYER_ASSIGNMENT('3','3D_Leadframe',(#44));
#13=PRESENTATION_LAYER_ASSIGNMENT('5','3D_Pin1',(#45));
#14=PRESENTATION_LAYER_ASSIGNMENT('6','3D_Logo',(#46,#47,#48,#49,#50,#51,
#52,#53,#54,#55,#56,#57));
#15=PRESENTATION_LAYER_ASSIGNMENT('4','3D_Pins',(#58,#59,#60,#61,#62,#63,
#64,#65));
#16=SHAPE_REPRESENTATION_RELATIONSHIP('SRR','None',#11672,#17);
#17=ADVANCED_BREP_SHAPE_REPRESENTATION('',(#42,#43,#44,#45,#46,#47,#48,
#49,#50,#51,#52,#53,#54,#55,#56,#57,#58,#59,#60,#61,#62,#63,#64,#65),#11665);
#18=STYLED_ITEM('',(#11681),#42);
#19=STYLED_ITEM('',(#11681),#43);
#20=STYLED_ITEM('',(#11681),#44);
#21=STYLED_ITEM('',(#11682),#45);
#22=STYLED_ITEM('',(#11682),#46);
#23=STYLED_ITEM('',(#11682),#47);
#24=STYLED_ITEM('',(#11682),#48);
#25=STYLED_ITEM('',(#11682),#49);
#26=STYLED_ITEM('',(#11682),#50);
#27=STYLED_ITEM('',(#11682),#51);
#28=STYLED_ITEM('',(#11682),#52);
#29=STYLED_ITEM('',(#11682),#53);
#30=STYLED_ITEM('',(#11682),#54);
#31=STYLED_ITEM('',(#11682),#55);
#32=STYLED_ITEM('',(#11682),#56);
#33=STYLED_ITEM('',(#11682),#57);
#34=STYLED_ITEM('',(#11683),#58);
#35=STYLED_ITEM('',(#11683),#59);
#36=STYLED_ITEM('',(#11683),#60);
#37=STYLED_ITEM('',(#11683),#61);
#38=STYLED_ITEM('',(#11683),#62);
#39=STYLED_ITEM('',(#11683),#63);
#40=STYLED_ITEM('',(#11683),#64);
#41=STYLED_ITEM('',(#11683),#65);
#42=MANIFOLD_SOLID_BREP('80B',#6565);
#43=MANIFOLD_SOLID_BREP('811',#6566);
#44=MANIFOLD_SOLID_BREP('815',#6567);
#45=MANIFOLD_SOLID_BREP('CA4',#6568);
#46=MANIFOLD_SOLID_BREP('CEC',#6569);
#47=MANIFOLD_SOLID_BREP('CF0',#6570);
#48=MANIFOLD_SOLID_BREP('CF4',#6571);
#49=MANIFOLD_SOLID_BREP('CF8',#6572);
#50=MANIFOLD_SOLID_BREP('CFC',#6573);
#51=MANIFOLD_SOLID_BREP('D00',#6574);
#52=MANIFOLD_SOLID_BREP('D04',#6575);
#53=MANIFOLD_SOLID_BREP('D08',#6576);
#54=MANIFOLD_SOLID_BREP('D0C',#6577);
#55=MANIFOLD_SOLID_BREP('D10',#6578);
#56=MANIFOLD_SOLID_BREP('D14',#6579);
#57=MANIFOLD_SOLID_BREP('D18',#6580);
#58=MANIFOLD_SOLID_BREP('138B',#6581);
#59=MANIFOLD_SOLID_BREP('1398',#6582);
#60=MANIFOLD_SOLID_BREP('139C',#6583);
#61=MANIFOLD_SOLID_BREP('13A0',#6584);
#62=MANIFOLD_SOLID_BREP('13A4',#6585);
#63=MANIFOLD_SOLID_BREP('13A8',#6586);
#64=MANIFOLD_SOLID_BREP('13AC',#6587);
#65=MANIFOLD_SOLID_BREP('13B0',#6588);
#66=FACE_BOUND('',#978,.T.);
#67=FACE_BOUND('',#980,.T.);
#68=FACE_BOUND('',#1015,.T.);
#69=FACE_BOUND('',#1079,.T.);
#70=FACE_BOUND('',#1083,.T.);
#71=FACE_BOUND('',#1138,.T.);
#72=FACE_BOUND('',#1140,.T.);
#73=FACE_BOUND('',#1201,.T.);
#74=FACE_BOUND('',#1203,.T.);
#75=B_SPLINE_SURFACE_WITH_KNOTS('',3,3,((#9422,#9423,#9424,#9425,#9426,
#9427),(#9428,#9429,#9430,#9431,#9432,#9433),(#9434,#9435,#9436,#9437,#9438,
#9439),(#9440,#9441,#9442,#9443,#9444,#9445),(#9446,#9447,#9448,#9449,#9450,
#9451)),.UNSPECIFIED.,.F.,.F.,.F.,(4,1,4),(4,1,1,4),(0.,0.571428571428571,
1.),(0.,0.285714285714286,0.571428571428571,1.),.UNSPECIFIED.);
#76=B_SPLINE_SURFACE_WITH_KNOTS('',3,3,((#9458,#9459,#9460,#9461,#9462,
#9463),(#9464,#9465,#9466,#9467,#9468,#9469),(#9470,#9471,#9472,#9473,#9474,
#9475),(#9476,#9477,#9478,#9479,#9480,#9481),(#9482,#9483,#9484,#9485,#9486,
#9487)),.UNSPECIFIED.,.F.,.F.,.F.,(4,1,4),(4,1,1,4),(0.,0.571428571428571,
1.),(0.,0.285714285714286,0.571428571428571,1.),.UNSPECIFIED.);
#77=B_SPLINE_SURFACE_WITH_KNOTS('',3,3,((#9687,#9688,#9689,#9690,#9691,
#9692),(#9693,#9694,#9695,#9696,#9697,#9698),(#9699,#9700,#9701,#9702,#9703,
#9704),(#9705,#9706,#9707,#9708,#9709,#9710),(#9711,#9712,#9713,#9714,#9715,
#9716)),.UNSPECIFIED.,.F.,.F.,.F.,(4,1,4),(4,1,1,4),(0.,0.571428571428571,
1.),(0.,0.285714285714286,0.571428571428571,1.),.UNSPECIFIED.);
#78=B_SPLINE_SURFACE_WITH_KNOTS('',3,3,((#9723,#9724,#9725,#9726,#9727,
#9728),(#9729,#9730,#9731,#9732,#9733,#9734),(#9735,#9736,#9737,#9738,#9739,
#9740),(#9741,#9742,#9743,#9744,#9745,#9746),(#9747,#9748,#9749,#9750,#9751,
#9752)),.UNSPECIFIED.,.F.,.F.,.F.,(4,1,4),(4,1,1,4),(0.,0.571428571428571,
1.),(0.,0.285714285714286,0.571428571428571,1.),.UNSPECIFIED.);
#79=B_SPLINE_SURFACE_WITH_KNOTS('',3,3,((#9812,#9813,#9814,#9815,#9816,
#9817),(#9818,#9819,#9820,#9821,#9822,#9823),(#9824,#9825,#9826,#9827,#9828,
#9829),(#9830,#9831,#9832,#9833,#9834,#9835),(#9836,#9837,#9838,#9839,#9840,
#9841)),.UNSPECIFIED.,.F.,.F.,.F.,(4,1,4),(4,1,1,4),(0.,0.571428571428571,
1.),(0.,0.285714285714286,0.571428571428571,1.),.UNSPECIFIED.);
#80=B_SPLINE_SURFACE_WITH_KNOTS('',3,3,((#9848,#9849,#9850,#9851,#9852,
#9853),(#9854,#9855,#9856,#9857,#9858,#9859),(#9860,#9861,#9862,#9863,#9864,
#9865),(#9866,#9867,#9868,#9869,#9870,#9871),(#9872,#9873,#9874,#9875,#9876,
#9877)),.UNSPECIFIED.,.F.,.F.,.F.,(4,1,4),(4,1,1,4),(0.,0.571428571428571,
1.),(0.,0.285714285714286,0.571428571428571,1.),.UNSPECIFIED.);
#81=CIRCLE('',#6595,0.127);
#82=CIRCLE('',#6611,0.127);
#83=CIRCLE('',#6614,0.35);
#84=CIRCLE('',#6616,0.35);
#85=CIRCLE('',#6619,0.127);
#86=CIRCLE('',#6622,0.127);
#87=CIRCLE('',#6629,0.127);
#88=CIRCLE('',#6632,0.127);
#89=CIRCLE('',#6636,0.127);
#90=CIRCLE('',#6639,0.127);
#91=CIRCLE('',#6643,0.127);
#92=CIRCLE('',#6644,0.127);
#93=CIRCLE('',#6647,0.126999999999999);
#94=CIRCLE('',#6648,0.126999999999999);
#95=CIRCLE('',#6651,0.127);
#96=CIRCLE('',#6652,0.127);
#97=CIRCLE('',#6655,0.127);
#98=CIRCLE('',#6656,0.127);
#99=CIRCLE('',#6661,0.35);
#100=CIRCLE('',#6662,0.35);
#101=CIRCLE('',#6666,0.323090479491027);
#102=CIRCLE('',#6667,0.323090479491027);
#103=CIRCLE('',#6669,0.147475815922633);
#104=CIRCLE('',#6670,0.147475815922633);
#105=CIRCLE('',#6672,0.389877336551492);
#106=CIRCLE('',#6673,0.389877336551492);
#107=CIRCLE('',#6675,0.287392019139293);
#108=CIRCLE('',#6676,0.287392019139293);
#109=CIRCLE('',#6678,0.218598839539652);
#110=CIRCLE('',#6679,0.218598839539652);
#111=CIRCLE('',#6681,0.233658501902392);
#112=CIRCLE('',#6682,0.233658501902392);
#113=CIRCLE('',#6684,0.368735008404762);
#114=CIRCLE('',#6685,0.368735008404762);
#115=CIRCLE('',#6687,0.536614109382362);
#116=CIRCLE('',#6688,0.536614109382362);
#117=CIRCLE('',#6690,0.559385039081694);
#118=CIRCLE('',#6691,0.559385039081694);
#119=CIRCLE('',#6693,0.633401065793984);
#120=CIRCLE('',#6694,0.633401065793984);
#121=CIRCLE('',#6696,0.463687678493063);
#122=CIRCLE('',#6697,0.463687678493063);
#123=CIRCLE('',#6700,0.540301078577578);
#124=CIRCLE('',#6701,0.540301078577578);
#125=CIRCLE('',#6703,0.147475815917158);
#126=CIRCLE('',#6704,0.147475815917158);
#127=CIRCLE('',#6706,0.987998473043044);
#128=CIRCLE('',#6707,0.987998473043044);
#129=CIRCLE('',#6711,0.36507413386269);
#130=CIRCLE('',#6712,0.36507413386269);
#131=CIRCLE('',#6714,0.455158985724714);
#132=CIRCLE('',#6715,0.455158985724714);
#133=CIRCLE('',#6717,0.555919460703766);
#134=CIRCLE('',#6718,0.555919460703766);
#135=CIRCLE('',#6720,0.447845014910877);
#136=CIRCLE('',#6721,0.447845014910877);
#137=CIRCLE('',#6723,0.350208104292122);
#138=CIRCLE('',#6724,0.350208104292122);
#139=CIRCLE('',#6726,0.271421977186454);
#140=CIRCLE('',#6727,0.271421977186454);
#141=CIRCLE('',#6729,0.203633912050601);
#142=CIRCLE('',#6730,0.203633912050601);
#143=CIRCLE('',#6732,0.216697064758164);
#144=CIRCLE('',#6733,0.216697064758164);
#145=CIRCLE('',#6759,0.0423051720792586);
#146=CIRCLE('',#6760,0.0423051720792586);
#147=CIRCLE('',#6762,0.0321939923097719);
#148=CIRCLE('',#6763,0.0321939923097719);
#149=CIRCLE('',#6765,0.0673306275110266);
#150=CIRCLE('',#6766,0.0673306275110266);
#151=CIRCLE('',#6769,0.138117437913234);
#152=CIRCLE('',#6770,0.138117437913234);
#153=CIRCLE('',#6772,0.0970913237654091);
#154=CIRCLE('',#6773,0.0970913237654091);
#155=CIRCLE('',#6775,0.0928836598927446);
#156=CIRCLE('',#6776,0.0928836598927446);
#157=CIRCLE('',#6778,0.0992995400191564);
#158=CIRCLE('',#6779,0.0992995400191564);
#159=CIRCLE('',#6784,0.102644521906248);
#160=CIRCLE('',#6785,0.102644521906248);
#161=CIRCLE('',#6789,0.0497508997992041);
#162=CIRCLE('',#6790,0.0497508997992041);
#163=CIRCLE('',#6799,0.0482524534274666);
#164=CIRCLE('',#6800,0.0482524534274666);
#165=CIRCLE('',#6802,0.0565716047604183);
#166=CIRCLE('',#6803,0.0565716047604183);
#167=CIRCLE('',#6805,0.0895493182026447);
#168=CIRCLE('',#6806,0.0895493182026447);
#169=CIRCLE('',#6811,0.0743969153589407);
#170=CIRCLE('',#6812,0.0743969153589407);
#171=CIRCLE('',#6814,0.0729378299217597);
#172=CIRCLE('',#6815,0.0729378299217597);
#173=CIRCLE('',#6817,0.106778016604327);
#174=CIRCLE('',#6818,0.106778016604327);
#175=CIRCLE('',#6820,0.105952428761973);
#176=CIRCLE('',#6821,0.105952428761973);
#177=CIRCLE('',#6825,0.0446611570037556);
#178=CIRCLE('',#6826,0.0446611570037556);
#179=CIRCLE('',#6828,0.0590874989501499);
#180=CIRCLE('',#6829,0.0590874989501499);
#181=CIRCLE('',#6831,0.0448682318599819);
#182=CIRCLE('',#6832,0.0448682318599819);
#183=CIRCLE('',#6834,0.120761672110349);
#184=CIRCLE('',#6835,0.120761672110349);
#185=CIRCLE('',#6839,0.18362787799204);
#186=CIRCLE('',#6840,0.18362787799204);
#187=CIRCLE('',#6842,0.0666218421213611);
#188=CIRCLE('',#6843,0.0666218421213611);
#189=CIRCLE('',#6845,0.118054725373742);
#190=CIRCLE('',#6846,0.118054725373742);
#191=CIRCLE('',#6848,0.0330655465224943);
#192=CIRCLE('',#6849,0.0330655465224943);
#193=CIRCLE('',#6851,0.0489482237498331);
#194=CIRCLE('',#6852,0.0489482237498331);
#195=CIRCLE('',#6854,0.0537189919701257);
#196=CIRCLE('',#6855,0.0537189919701257);
#197=CIRCLE('',#6857,0.137958773706979);
#198=CIRCLE('',#6858,0.137958773706979);
#199=CIRCLE('',#6860,1.04899255660882);
#200=CIRCLE('',#6861,1.04899255660882);
#201=CIRCLE('',#6865,0.486432929524969);
#202=CIRCLE('',#6866,0.486432929524969);
#203=CIRCLE('',#6868,0.147244111985599);
#204=CIRCLE('',#6869,0.147244111985599);
#205=CIRCLE('',#6871,0.117279522458341);
#206=CIRCLE('',#6872,0.117279522458341);
#207=CIRCLE('',#6874,0.14308354033443);
#208=CIRCLE('',#6875,0.14308354033443);
#209=CIRCLE('',#6877,0.117156088397005);
#210=CIRCLE('',#6878,0.117156088397005);
#211=CIRCLE('',#6880,0.26872220496064);
#212=CIRCLE('',#6881,0.26872220496064);
#213=CIRCLE('',#6883,0.546907365544521);
#214=CIRCLE('',#6884,0.546907365544521);
#215=CIRCLE('',#6886,0.384144521254501);
#216=CIRCLE('',#6887,0.384144521254501);
#217=CIRCLE('',#6889,0.320941181411301);
#218=CIRCLE('',#6890,0.320941181411301);
#219=CIRCLE('',#6892,0.114533534356146);
#220=CIRCLE('',#6893,0.114533534356146);
#221=CIRCLE('',#6895,0.145899617288414);
#222=CIRCLE('',#6896,0.145899617288414);
#223=CIRCLE('',#6898,0.13238797836456);
#224=CIRCLE('',#6899,0.13238797836456);
#225=CIRCLE('',#6901,0.121730808474155);
#226=CIRCLE('',#6902,0.121730808474155);
#227=CIRCLE('',#6905,0.153691418202316);
#228=CIRCLE('',#6906,0.153691418202316);
#229=CIRCLE('',#6918,0.0482524534254827);
#230=CIRCLE('',#6919,0.0482524534254827);
#231=CIRCLE('',#6921,0.0565716047683102);
#232=CIRCLE('',#6922,0.0565716047683102);
#233=CIRCLE('',#6924,0.0895493181984637);
#234=CIRCLE('',#6925,0.0895493181984637);
#235=CIRCLE('',#6930,0.074396915351017);
#236=CIRCLE('',#6931,0.074396915351017);
#237=CIRCLE('',#6933,0.0729378299193985);
#238=CIRCLE('',#6934,0.0729378299193985);
#239=CIRCLE('',#6936,0.106778016613847);
#240=CIRCLE('',#6937,0.106778016613847);
#241=CIRCLE('',#6939,0.105952428754892);
#242=CIRCLE('',#6940,0.105952428754892);
#243=CIRCLE('',#6944,0.0370719970317722);
#244=CIRCLE('',#6945,0.0370719970317722);
#245=CIRCLE('',#6947,0.037071997001789);
#246=CIRCLE('',#6948,0.037071997001789);
#247=CIRCLE('',#6950,0.0390228661210348);
#248=CIRCLE('',#6951,0.0390228661210348);
#249=CIRCLE('',#6954,0.113211634056868);
#250=CIRCLE('',#6955,0.113211634056868);
#251=CIRCLE('',#6957,0.34483798918811);
#252=CIRCLE('',#6958,0.34483798918811);
#253=CIRCLE('',#6960,0.479817439605746);
#254=CIRCLE('',#6961,0.479817439605746);
#255=CIRCLE('',#6963,0.437879673083629);
#256=CIRCLE('',#6964,0.437879673083629);
#257=CIRCLE('',#6966,0.231404735023496);
#258=CIRCLE('',#6967,0.231404735023496);
#259=CIRCLE('',#6969,0.0756573552946929);
#260=CIRCLE('',#6970,0.0756573552946929);
#261=CIRCLE('',#6972,0.0620099313924436);
#262=CIRCLE('',#6973,0.0620099313924436);
#263=CIRCLE('',#6975,0.0620099314028365);
#264=CIRCLE('',#6976,0.0620099314028365);
#265=CIRCLE('',#6978,0.0756573552947519);
#266=CIRCLE('',#6979,0.0756573552947519);
#267=CIRCLE('',#6981,0.231404735022927);
#268=CIRCLE('',#6982,0.231404735022927);
#269=CIRCLE('',#6984,0.437879673084463);
#270=CIRCLE('',#6985,0.437879673084463);
#271=CIRCLE('',#6987,0.479817439607779);
#272=CIRCLE('',#6988,0.479817439607779);
#273=CIRCLE('',#6990,0.344837989186263);
#274=CIRCLE('',#6991,0.344837989186263);
#275=CIRCLE('',#6993,0.113211634033426);
#276=CIRCLE('',#6994,0.113211634033426);
#277=CIRCLE('',#6997,0.0390228661209509);
#278=CIRCLE('',#6998,0.0390228661209509);
#279=CIRCLE('',#7000,0.138965803661436);
#280=CIRCLE('',#7001,0.138965803661436);
#281=CIRCLE('',#7004,0.157494349080622);
#282=CIRCLE('',#7005,0.157494349080622);
#283=CIRCLE('',#7007,0.343273423825689);
#284=CIRCLE('',#7008,0.343273423825689);
#285=CIRCLE('',#7010,0.401723271142101);
#286=CIRCLE('',#7011,0.401723271142101);
#287=CIRCLE('',#7013,0.428110307677766);
#288=CIRCLE('',#7014,0.428110307677766);
#289=CIRCLE('',#7016,0.554950857576969);
#290=CIRCLE('',#7017,0.554950857576969);
#291=CIRCLE('',#7019,0.255498042162182);
#292=CIRCLE('',#7020,0.255498042162182);
#293=CIRCLE('',#7022,0.133630146994996);
#294=CIRCLE('',#7023,0.133630146994996);
#295=CIRCLE('',#7025,0.0973604606641535);
#296=CIRCLE('',#7026,0.0973604606641535);
#297=CIRCLE('',#7028,0.155715382897971);
#298=CIRCLE('',#7029,0.155715382897971);
#299=CIRCLE('',#7031,0.155715382923808);
#300=CIRCLE('',#7032,0.155715382923808);
#301=CIRCLE('',#7034,0.09736046063963);
#302=CIRCLE('',#7035,0.09736046063963);
#303=CIRCLE('',#7037,0.133630147003599);
#304=CIRCLE('',#7038,0.133630147003599);
#305=CIRCLE('',#7040,0.255498042171112);
#306=CIRCLE('',#7041,0.255498042171112);
#307=CIRCLE('',#7043,0.554950857576969);
#308=CIRCLE('',#7044,0.554950857576969);
#309=CIRCLE('',#7046,0.428110307677766);
#310=CIRCLE('',#7047,0.428110307677766);
#311=CIRCLE('',#7049,0.401723271146794);
#312=CIRCLE('',#7050,0.401723271146794);
#313=CIRCLE('',#7052,0.343273423816884);
#314=CIRCLE('',#7053,0.343273423816884);
#315=CIRCLE('',#7055,0.157494349065197);
#316=CIRCLE('',#7056,0.157494349065197);
#317=CIRCLE('',#7059,0.138965803677758);
#318=CIRCLE('',#7060,0.138965803677758);
#319=CIRCLE('',#7069,0.0482524534298512);
#320=CIRCLE('',#7070,0.0482524534298512);
#321=CIRCLE('',#7072,0.0565716047640629);
#322=CIRCLE('',#7073,0.0565716047640629);
#323=CIRCLE('',#7075,0.0895493181984637);
#324=CIRCLE('',#7076,0.0895493181984637);
#325=CIRCLE('',#7081,0.0743969153508944);
#326=CIRCLE('',#7082,0.0743969153508944);
#327=CIRCLE('',#7084,0.0729378299262682);
#328=CIRCLE('',#7085,0.0729378299262682);
#329=CIRCLE('',#7087,0.106778016595499);
#330=CIRCLE('',#7088,0.106778016595499);
#331=CIRCLE('',#7090,0.105952428760264);
#332=CIRCLE('',#7091,0.105952428760264);
#333=CIRCLE('',#7101,0.0800000000000005);
#334=CIRCLE('',#7102,0.0800000000000005);
#335=CIRCLE('',#7107,0.279999999999999);
#336=CIRCLE('',#7108,0.279999999999999);
#337=CIRCLE('',#7111,0.0799999999999998);
#338=CIRCLE('',#7112,0.0799999999999998);
#339=CIRCLE('',#7117,0.280000000000001);
#340=CIRCLE('',#7118,0.280000000000001);
#341=CIRCLE('',#7123,0.0800000000000005);
#342=CIRCLE('',#7124,0.0800000000000005);
#343=CIRCLE('',#7129,0.279999999999999);
#344=CIRCLE('',#7130,0.279999999999999);
#345=CIRCLE('',#7133,0.0799999999999998);
#346=CIRCLE('',#7134,0.0799999999999998);
#347=CIRCLE('',#7139,0.280000000000001);
#348=CIRCLE('',#7140,0.280000000000001);
#349=CIRCLE('',#7145,0.0800000000000005);
#350=CIRCLE('',#7146,0.0800000000000005);
#351=CIRCLE('',#7151,0.279999999999999);
#352=CIRCLE('',#7152,0.279999999999999);
#353=CIRCLE('',#7155,0.0799999999999998);
#354=CIRCLE('',#7156,0.0799999999999998);
#355=CIRCLE('',#7161,0.280000000000001);
#356=CIRCLE('',#7162,0.280000000000001);
#357=CIRCLE('',#7167,0.0800000000000005);
#358=CIRCLE('',#7168,0.0800000000000005);
#359=CIRCLE('',#7173,0.280000000000001);
#360=CIRCLE('',#7174,0.280000000000001);
#361=CIRCLE('',#7177,0.0799999999999998);
#362=CIRCLE('',#7178,0.0799999999999998);
#363=CIRCLE('',#7183,0.280000000000001);
#364=CIRCLE('',#7184,0.280000000000001);
#365=CIRCLE('',#7189,0.0800000000000002);
#366=CIRCLE('',#7190,0.0800000000000002);
#367=CIRCLE('',#7195,0.28);
#368=CIRCLE('',#7196,0.28);
#369=CIRCLE('',#7199,0.0800000000000003);
#370=CIRCLE('',#7200,0.0800000000000003);
#371=CIRCLE('',#7205,0.28);
#372=CIRCLE('',#7206,0.28);
#373=CIRCLE('',#7211,0.0800000000000005);
#374=CIRCLE('',#7212,0.0800000000000005);
#375=CIRCLE('',#7217,0.280000000000001);
#376=CIRCLE('',#7218,0.280000000000001);
#377=CIRCLE('',#7221,0.0800000000000008);
#378=CIRCLE('',#7222,0.0800000000000008);
#379=CIRCLE('',#7227,0.279999999999999);
#380=CIRCLE('',#7228,0.279999999999999);
#381=CIRCLE('',#7233,0.0800000000000005);
#382=CIRCLE('',#7234,0.0800000000000005);
#383=CIRCLE('',#7239,0.280000000000001);
#384=CIRCLE('',#7240,0.280000000000001);
#385=CIRCLE('',#7243,0.0800000000000008);
#386=CIRCLE('',#7244,0.0800000000000008);
#387=CIRCLE('',#7249,0.279999999999999);
#388=CIRCLE('',#7250,0.279999999999999);
#389=CIRCLE('',#7255,0.0800000000000002);
#390=CIRCLE('',#7256,0.0800000000000002);
#391=CIRCLE('',#7261,0.28);
#392=CIRCLE('',#7262,0.28);
#393=CIRCLE('',#7265,0.0800000000000003);
#394=CIRCLE('',#7266,0.0800000000000003);
#395=CIRCLE('',#7271,0.28);
#396=CIRCLE('',#7272,0.28);
#397=CONICAL_SURFACE('',#6594,0.127,0.174532925199433);
#398=CONICAL_SURFACE('',#6610,0.127,0.174532925199433);
#399=CONICAL_SURFACE('',#6618,0.127,0.174532925199433);
#400=CONICAL_SURFACE('',#6621,0.127,0.174532925199433);
#401=CONICAL_SURFACE('',#6628,0.127,0.174532925199433);
#402=CONICAL_SURFACE('',#6631,0.127,0.174532925199433);
#403=CONICAL_SURFACE('',#6635,0.127,0.174532925199433);
#404=CONICAL_SURFACE('',#6638,0.127,0.174532925199433);
#405=PLANE('',#6593);
#406=PLANE('',#6604);
#407=PLANE('',#6609);
#408=PLANE('',#6612);
#409=PLANE('',#6613);
#410=PLANE('',#6617);
#411=PLANE('',#6620);
#412=PLANE('',#6623);
#413=PLANE('',#6630);
#414=PLANE('',#6633);
#415=PLANE('',#6634);
#416=PLANE('',#6637);
#417=PLANE('',#6640);
#418=PLANE('',#6641);
#419=PLANE('',#6645);
#420=PLANE('',#6649);
#421=PLANE('',#6653);
#422=PLANE('',#6657);
#423=PLANE('',#6658);
#424=PLANE('',#6659);
#425=PLANE('',#6663);
#426=PLANE('',#6664);
#427=PLANE('',#6698);
#428=PLANE('',#6708);
#429=PLANE('',#6709);
#430=PLANE('',#6734);
#431=PLANE('',#6735);
#432=PLANE('',#6736);
#433=PLANE('',#6737);
#434=PLANE('',#6738);
#435=PLANE('',#6739);
#436=PLANE('',#6740);
#437=PLANE('',#6741);
#438=PLANE('',#6742);
#439=PLANE('',#6743);
#440=PLANE('',#6744);
#441=PLANE('',#6745);
#442=PLANE('',#6746);
#443=PLANE('',#6747);
#444=PLANE('',#6748);
#445=PLANE('',#6749);
#446=PLANE('',#6750);
#447=PLANE('',#6751);
#448=PLANE('',#6752);
#449=PLANE('',#6753);
#450=PLANE('',#6754);
#451=PLANE('',#6755);
#452=PLANE('',#6756);
#453=PLANE('',#6757);
#454=PLANE('',#6767);
#455=PLANE('',#6780);
#456=PLANE('',#6781);
#457=PLANE('',#6782);
#458=PLANE('',#6786);
#459=PLANE('',#6787);
#460=PLANE('',#6791);
#461=PLANE('',#6792);
#462=PLANE('',#6793);
#463=PLANE('',#6794);
#464=PLANE('',#6795);
#465=PLANE('',#6796);
#466=PLANE('',#6797);
#467=PLANE('',#6807);
#468=PLANE('',#6808);
#469=PLANE('',#6809);
#470=PLANE('',#6822);
#471=PLANE('',#6823);
#472=PLANE('',#6836);
#473=PLANE('',#6837);
#474=PLANE('',#6862);
#475=PLANE('',#6863);
#476=PLANE('',#6903);
#477=PLANE('',#6907);
#478=PLANE('',#6908);
#479=PLANE('',#6909);
#480=PLANE('',#6910);
#481=PLANE('',#6911);
#482=PLANE('',#6912);
#483=PLANE('',#6913);
#484=PLANE('',#6914);
#485=PLANE('',#6915);
#486=PLANE('',#6916);
#487=PLANE('',#6926);
#488=PLANE('',#6927);
#489=PLANE('',#6928);
#490=PLANE('',#6941);
#491=PLANE('',#6942);
#492=PLANE('',#6952);
#493=PLANE('',#6995);
#494=PLANE('',#7002);
#495=PLANE('',#7057);
#496=PLANE('',#7061);
#497=PLANE('',#7062);
#498=PLANE('',#7063);
#499=PLANE('',#7064);
#500=PLANE('',#7065);
#501=PLANE('',#7066);
#502=PLANE('',#7067);
#503=PLANE('',#7077);
#504=PLANE('',#7078);
#505=PLANE('',#7079);
#506=PLANE('',#7092);
#507=PLANE('',#7093);
#508=PLANE('',#7094);
#509=PLANE('',#7095);
#510=PLANE('',#7096);
#511=PLANE('',#7097);
#512=PLANE('',#7098);
#513=PLANE('',#7099);
#514=PLANE('',#7103);
#515=PLANE('',#7104);
#516=PLANE('',#7105);
#517=PLANE('',#7109);
#518=PLANE('',#7113);
#519=PLANE('',#7114);
#520=PLANE('',#7115);
#521=PLANE('',#7119);
#522=PLANE('',#7120);
#523=PLANE('',#7121);
#524=PLANE('',#7125);
#525=PLANE('',#7126);
#526=PLANE('',#7127);
#527=PLANE('',#7131);
#528=PLANE('',#7135);
#529=PLANE('',#7136);
#530=PLANE('',#7137);
#531=PLANE('',#7141);
#532=PLANE('',#7142);
#533=PLANE('',#7143);
#534=PLANE('',#7147);
#535=PLANE('',#7148);
#536=PLANE('',#7149);
#537=PLANE('',#7153);
#538=PLANE('',#7157);
#539=PLANE('',#7158);
#540=PLANE('',#7159);
#541=PLANE('',#7163);
#542=PLANE('',#7164);
#543=PLANE('',#7165);
#544=PLANE('',#7169);
#545=PLANE('',#7170);
#546=PLANE('',#7171);
#547=PLANE('',#7175);
#548=PLANE('',#7179);
#549=PLANE('',#7180);
#550=PLANE('',#7181);
#551=PLANE('',#7185);
#552=PLANE('',#7186);
#553=PLANE('',#7187);
#554=PLANE('',#7191);
#555=PLANE('',#7192);
#556=PLANE('',#7193);
#557=PLANE('',#7197);
#558=PLANE('',#7201);
#559=PLANE('',#7202);
#560=PLANE('',#7203);
#561=PLANE('',#7207);
#562=PLANE('',#7208);
#563=PLANE('',#7209);
#564=PLANE('',#7213);
#565=PLANE('',#7214);
#566=PLANE('',#7215);
#567=PLANE('',#7219);
#568=PLANE('',#7223);
#569=PLANE('',#7224);
#570=PLANE('',#7225);
#571=PLANE('',#7229);
#572=PLANE('',#7230);
#573=PLANE('',#7231);
#574=PLANE('',#7235);
#575=PLANE('',#7236);
#576=PLANE('',#7237);
#577=PLANE('',#7241);
#578=PLANE('',#7245);
#579=PLANE('',#7246);
#580=PLANE('',#7247);
#581=PLANE('',#7251);
#582=PLANE('',#7252);
#583=PLANE('',#7253);
#584=PLANE('',#7257);
#585=PLANE('',#7258);
#586=PLANE('',#7259);
#587=PLANE('',#7263);
#588=PLANE('',#7267);
#589=PLANE('',#7268);
#590=PLANE('',#7269);
#591=PLANE('',#7273);
#592=PLANE('',#7274);
#593=PLANE('',#7275);
#594=FACE_OUTER_BOUND('',#962,.T.);
#595=FACE_OUTER_BOUND('',#963,.T.);
#596=FACE_OUTER_BOUND('',#964,.T.);
#597=FACE_OUTER_BOUND('',#965,.T.);
#598=FACE_OUTER_BOUND('',#966,.T.);
#599=FACE_OUTER_BOUND('',#967,.T.);
#600=FACE_OUTER_BOUND('',#968,.T.);
#601=FACE_OUTER_BOUND('',#969,.T.);
#602=FACE_OUTER_BOUND('',#970,.T.);
#603=FACE_OUTER_BOUND('',#971,.T.);
#604=FACE_OUTER_BOUND('',#972,.T.);
#605=FACE_OUTER_BOUND('',#973,.T.);
#606=FACE_OUTER_BOUND('',#974,.T.);
#607=FACE_OUTER_BOUND('',#975,.T.);
#608=FACE_OUTER_BOUND('',#976,.T.);
#609=FACE_OUTER_BOUND('',#977,.T.);
#610=FACE_OUTER_BOUND('',#979,.T.);
#611=FACE_OUTER_BOUND('',#981,.T.);
#612=FACE_OUTER_BOUND('',#982,.T.);
#613=FACE_OUTER_BOUND('',#983,.T.);
#614=FACE_OUTER_BOUND('',#984,.T.);
#615=FACE_OUTER_BOUND('',#985,.T.);
#616=FACE_OUTER_BOUND('',#986,.T.);
#617=FACE_OUTER_BOUND('',#987,.T.);
#618=FACE_OUTER_BOUND('',#988,.T.);
#619=FACE_OUTER_BOUND('',#989,.T.);
#620=FACE_OUTER_BOUND('',#990,.T.);
#621=FACE_OUTER_BOUND('',#991,.T.);
#622=FACE_OUTER_BOUND('',#992,.T.);
#623=FACE_OUTER_BOUND('',#993,.T.);
#624=FACE_OUTER_BOUND('',#994,.T.);
#625=FACE_OUTER_BOUND('',#995,.T.);
#626=FACE_OUTER_BOUND('',#996,.T.);
#627=FACE_OUTER_BOUND('',#997,.T.);
#628=FACE_OUTER_BOUND('',#998,.T.);
#629=FACE_OUTER_BOUND('',#999,.T.);
#630=FACE_OUTER_BOUND('',#1000,.T.);
#631=FACE_OUTER_BOUND('',#1001,.T.);
#632=FACE_OUTER_BOUND('',#1002,.T.);
#633=FACE_OUTER_BOUND('',#1003,.T.);
#634=FACE_OUTER_BOUND('',#1004,.T.);
#635=FACE_OUTER_BOUND('',#1005,.T.);
#636=FACE_OUTER_BOUND('',#1006,.T.);
#637=FACE_OUTER_BOUND('',#1007,.T.);
#638=FACE_OUTER_BOUND('',#1008,.T.);
#639=FACE_OUTER_BOUND('',#1009,.T.);
#640=FACE_OUTER_BOUND('',#1010,.T.);
#641=FACE_OUTER_BOUND('',#1011,.T.);
#642=FACE_OUTER_BOUND('',#1012,.T.);
#643=FACE_OUTER_BOUND('',#1013,.T.);
#644=FACE_OUTER_BOUND('',#1014,.T.);
#645=FACE_OUTER_BOUND('',#1016,.T.);
#646=FACE_OUTER_BOUND('',#1017,.T.);
#647=FACE_OUTER_BOUND('',#1018,.T.);
#648=FACE_OUTER_BOUND('',#1019,.T.);
#649=FACE_OUTER_BOUND('',#1020,.T.);
#650=FACE_OUTER_BOUND('',#1021,.T.);
#651=FACE_OUTER_BOUND('',#1022,.T.);
#652=FACE_OUTER_BOUND('',#1023,.T.);
#653=FACE_OUTER_BOUND('',#1024,.T.);
#654=FACE_OUTER_BOUND('',#1025,.T.);
#655=FACE_OUTER_BOUND('',#1026,.T.);
#656=FACE_OUTER_BOUND('',#1027,.T.);
#657=FACE_OUTER_BOUND('',#1028,.T.);
#658=FACE_OUTER_BOUND('',#1029,.T.);
#659=FACE_OUTER_BOUND('',#1030,.T.);
#660=FACE_OUTER_BOUND('',#1031,.T.);
#661=FACE_OUTER_BOUND('',#1032,.T.);
#662=FACE_OUTER_BOUND('',#1033,.T.);
#663=FACE_OUTER_BOUND('',#1034,.T.);
#664=FACE_OUTER_BOUND('',#1035,.T.);
#665=FACE_OUTER_BOUND('',#1036,.T.);
#666=FACE_OUTER_BOUND('',#1037,.T.);
#667=FACE_OUTER_BOUND('',#1038,.T.);
#668=FACE_OUTER_BOUND('',#1039,.T.);
#669=FACE_OUTER_BOUND('',#1040,.T.);
#670=FACE_OUTER_BOUND('',#1041,.T.);
#671=FACE_OUTER_BOUND('',#1042,.T.);
#672=FACE_OUTER_BOUND('',#1043,.T.);
#673=FACE_OUTER_BOUND('',#1044,.T.);
#674=FACE_OUTER_BOUND('',#1045,.T.);
#675=FACE_OUTER_BOUND('',#1046,.T.);
#676=FACE_OUTER_BOUND('',#1047,.T.);
#677=FACE_OUTER_BOUND('',#1048,.T.);
#678=FACE_OUTER_BOUND('',#1049,.T.);
#679=FACE_OUTER_BOUND('',#1050,.T.);
#680=FACE_OUTER_BOUND('',#1051,.T.);
#681=FACE_OUTER_BOUND('',#1052,.T.);
#682=FACE_OUTER_BOUND('',#1053,.T.);
#683=FACE_OUTER_BOUND('',#1054,.T.);
#684=FACE_OUTER_BOUND('',#1055,.T.);
#685=FACE_OUTER_BOUND('',#1056,.T.);
#686=FACE_OUTER_BOUND('',#1057,.T.);
#687=FACE_OUTER_BOUND('',#1058,.T.);
#688=FACE_OUTER_BOUND('',#1059,.T.);
#689=FACE_OUTER_BOUND('',#1060,.T.);
#690=FACE_OUTER_BOUND('',#1061,.T.);
#691=FACE_OUTER_BOUND('',#1062,.T.);
#692=FACE_OUTER_BOUND('',#1063,.T.);
#693=FACE_OUTER_BOUND('',#1064,.T.);
#694=FACE_OUTER_BOUND('',#1065,.T.);
#695=FACE_OUTER_BOUND('',#1066,.T.);
#696=FACE_OUTER_BOUND('',#1067,.T.);
#697=FACE_OUTER_BOUND('',#1068,.T.);
#698=FACE_OUTER_BOUND('',#1069,.T.);
#699=FACE_OUTER_BOUND('',#1070,.T.);
#700=FACE_OUTER_BOUND('',#1071,.T.);
#701=FACE_OUTER_BOUND('',#1072,.T.);
#702=FACE_OUTER_BOUND('',#1073,.T.);
#703=FACE_OUTER_BOUND('',#1074,.T.);
#704=FACE_OUTER_BOUND('',#1075,.T.);
#705=FACE_OUTER_BOUND('',#1076,.T.);
#706=FACE_OUTER_BOUND('',#1077,.T.);
#707=FACE_OUTER_BOUND('',#1078,.T.);
#708=FACE_OUTER_BOUND('',#1080,.T.);
#709=FACE_OUTER_BOUND('',#1081,.T.);
#710=FACE_OUTER_BOUND('',#1082,.T.);
#711=FACE_OUTER_BOUND('',#1084,.T.);
#712=FACE_OUTER_BOUND('',#1085,.T.);
#713=FACE_OUTER_BOUND('',#1086,.T.);
#714=FACE_OUTER_BOUND('',#1087,.T.);
#715=FACE_OUTER_BOUND('',#1088,.T.);
#716=FACE_OUTER_BOUND('',#1089,.T.);
#717=FACE_OUTER_BOUND('',#1090,.T.);
#718=FACE_OUTER_BOUND('',#1091,.T.);
#719=FACE_OUTER_BOUND('',#1092,.T.);
#720=FACE_OUTER_BOUND('',#1093,.T.);
#721=FACE_OUTER_BOUND('',#1094,.T.);
#722=FACE_OUTER_BOUND('',#1095,.T.);
#723=FACE_OUTER_BOUND('',#1096,.T.);
#724=FACE_OUTER_BOUND('',#1097,.T.);
#725=FACE_OUTER_BOUND('',#1098,.T.);
#726=FACE_OUTER_BOUND('',#1099,.T.);
#727=FACE_OUTER_BOUND('',#1100,.T.);
#728=FACE_OUTER_BOUND('',#1101,.T.);
#729=FACE_OUTER_BOUND('',#1102,.T.);
#730=FACE_OUTER_BOUND('',#1103,.T.);
#731=FACE_OUTER_BOUND('',#1104,.T.);
#732=FACE_OUTER_BOUND('',#1105,.T.);
#733=FACE_OUTER_BOUND('',#1106,.T.);
#734=FACE_OUTER_BOUND('',#1107,.T.);
#735=FACE_OUTER_BOUND('',#1108,.T.);
#736=FACE_OUTER_BOUND('',#1109,.T.);
#737=FACE_OUTER_BOUND('',#1110,.T.);
#738=FACE_OUTER_BOUND('',#1111,.T.);
#739=FACE_OUTER_BOUND('',#1112,.T.);
#740=FACE_OUTER_BOUND('',#1113,.T.);
#741=FACE_OUTER_BOUND('',#1114,.T.);
#742=FACE_OUTER_BOUND('',#1115,.T.);
#743=FACE_OUTER_BOUND('',#1116,.T.);
#744=FACE_OUTER_BOUND('',#1117,.T.);
#745=FACE_OUTER_BOUND('',#1118,.T.);
#746=FACE_OUTER_BOUND('',#1119,.T.);
#747=FACE_OUTER_BOUND('',#1120,.T.);
#748=FACE_OUTER_BOUND('',#1121,.T.);
#749=FACE_OUTER_BOUND('',#1122,.T.);
#750=FACE_OUTER_BOUND('',#1123,.T.);
#751=FACE_OUTER_BOUND('',#1124,.T.);
#752=FACE_OUTER_BOUND('',#1125,.T.);
#753=FACE_OUTER_BOUND('',#1126,.T.);
#754=FACE_OUTER_BOUND('',#1127,.T.);
#755=FACE_OUTER_BOUND('',#1128,.T.);
#756=FACE_OUTER_BOUND('',#1129,.T.);
#757=FACE_OUTER_BOUND('',#1130,.T.);
#758=FACE_OUTER_BOUND('',#1131,.T.);
#759=FACE_OUTER_BOUND('',#1132,.T.);
#760=FACE_OUTER_BOUND('',#1133,.T.);
#761=FACE_OUTER_BOUND('',#1134,.T.);
#762=FACE_OUTER_BOUND('',#1135,.T.);
#763=FACE_OUTER_BOUND('',#1136,.T.);
#764=FACE_OUTER_BOUND('',#1137,.T.);
#765=FACE_OUTER_BOUND('',#1139,.T.);
#766=FACE_OUTER_BOUND('',#1141,.T.);
#767=FACE_OUTER_BOUND('',#1142,.T.);
#768=FACE_OUTER_BOUND('',#1143,.T.);
#769=FACE_OUTER_BOUND('',#1144,.T.);
#770=FACE_OUTER_BOUND('',#1145,.T.);
#771=FACE_OUTER_BOUND('',#1146,.T.);
#772=FACE_OUTER_BOUND('',#1147,.T.);
#773=FACE_OUTER_BOUND('',#1148,.T.);
#774=FACE_OUTER_BOUND('',#1149,.T.);
#775=FACE_OUTER_BOUND('',#1150,.T.);
#776=FACE_OUTER_BOUND('',#1151,.T.);
#777=FACE_OUTER_BOUND('',#1152,.T.);
#778=FACE_OUTER_BOUND('',#1153,.T.);
#779=FACE_OUTER_BOUND('',#1154,.T.);
#780=FACE_OUTER_BOUND('',#1155,.T.);
#781=FACE_OUTER_BOUND('',#1156,.T.);
#782=FACE_OUTER_BOUND('',#1157,.T.);
#783=FACE_OUTER_BOUND('',#1158,.T.);
#784=FACE_OUTER_BOUND('',#1159,.T.);
#785=FACE_OUTER_BOUND('',#1160,.T.);
#786=FACE_OUTER_BOUND('',#1161,.T.);
#787=FACE_OUTER_BOUND('',#1162,.T.);
#788=FACE_OUTER_BOUND('',#1163,.T.);
#789=FACE_OUTER_BOUND('',#1164,.T.);
#790=FACE_OUTER_BOUND('',#1165,.T.);
#791=FACE_OUTER_BOUND('',#1166,.T.);
#792=FACE_OUTER_BOUND('',#1167,.T.);
#793=FACE_OUTER_BOUND('',#1168,.T.);
#794=FACE_OUTER_BOUND('',#1169,.T.);
#795=FACE_OUTER_BOUND('',#1170,.T.);
#796=FACE_OUTER_BOUND('',#1171,.T.);
#797=FACE_OUTER_BOUND('',#1172,.T.);
#798=FACE_OUTER_BOUND('',#1173,.T.);
#799=FACE_OUTER_BOUND('',#1174,.T.);
#800=FACE_OUTER_BOUND('',#1175,.T.);
#801=FACE_OUTER_BOUND('',#1176,.T.);
#802=FACE_OUTER_BOUND('',#1177,.T.);
#803=FACE_OUTER_BOUND('',#1178,.T.);
#804=FACE_OUTER_BOUND('',#1179,.T.);
#805=FACE_OUTER_BOUND('',#1180,.T.);
#806=FACE_OUTER_BOUND('',#1181,.T.);
#807=FACE_OUTER_BOUND('',#1182,.T.);
#808=FACE_OUTER_BOUND('',#1183,.T.);
#809=FACE_OUTER_BOUND('',#1184,.T.);
#810=FACE_OUTER_BOUND('',#1185,.T.);
#811=FACE_OUTER_BOUND('',#1186,.T.);
#812=FACE_OUTER_BOUND('',#1187,.T.);
#813=FACE_OUTER_BOUND('',#1188,.T.);
#814=FACE_OUTER_BOUND('',#1189,.T.);
#815=FACE_OUTER_BOUND('',#1190,.T.);
#816=FACE_OUTER_BOUND('',#1191,.T.);
#817=FACE_OUTER_BOUND('',#1192,.T.);
#818=FACE_OUTER_BOUND('',#1193,.T.);
#819=FACE_OUTER_BOUND('',#1194,.T.);
#820=FACE_OUTER_BOUND('',#1195,.T.);
#821=FACE_OUTER_BOUND('',#1196,.T.);
#822=FACE_OUTER_BOUND('',#1197,.T.);
#823=FACE_OUTER_BOUND('',#1198,.T.);
#824=FACE_OUTER_BOUND('',#1199,.T.);
#825=FACE_OUTER_BOUND('',#1200,.T.);
#826=FACE_OUTER_BOUND('',#1202,.T.);
#827=FACE_OUTER_BOUND('',#1204,.T.);
#828=FACE_OUTER_BOUND('',#1205,.T.);
#829=FACE_OUTER_BOUND('',#1206,.T.);
#830=FACE_OUTER_BOUND('',#1207,.T.);
#831=FACE_OUTER_BOUND('',#1208,.T.);
#832=FACE_OUTER_BOUND('',#1209,.T.);
#833=FACE_OUTER_BOUND('',#1210,.T.);
#834=FACE_OUTER_BOUND('',#1211,.T.);
#835=FACE_OUTER_BOUND('',#1212,.T.);
#836=FACE_OUTER_BOUND('',#1213,.T.);
#837=FACE_OUTER_BOUND('',#1214,.T.);
#838=FACE_OUTER_BOUND('',#1215,.T.);
#839=FACE_OUTER_BOUND('',#1216,.T.);
#840=FACE_OUTER_BOUND('',#1217,.T.);
#841=FACE_OUTER_BOUND('',#1218,.T.);
#842=FACE_OUTER_BOUND('',#1219,.T.);
#843=FACE_OUTER_BOUND('',#1220,.T.);
#844=FACE_OUTER_BOUND('',#1221,.T.);
#845=FACE_OUTER_BOUND('',#1222,.T.);
#846=FACE_OUTER_BOUND('',#1223,.T.);
#847=FACE_OUTER_BOUND('',#1224,.T.);
#848=FACE_OUTER_BOUND('',#1225,.T.);
#849=FACE_OUTER_BOUND('',#1226,.T.);
#850=FACE_OUTER_BOUND('',#1227,.T.);
#851=FACE_OUTER_BOUND('',#1228,.T.);
#852=FACE_OUTER_BOUND('',#1229,.T.);
#853=FACE_OUTER_BOUND('',#1230,.T.);
#854=FACE_OUTER_BOUND('',#1231,.T.);
#855=FACE_OUTER_BOUND('',#1232,.T.);
#856=FACE_OUTER_BOUND('',#1233,.T.);
#857=FACE_OUTER_BOUND('',#1234,.T.);
#858=FACE_OUTER_BOUND('',#1235,.T.);
#859=FACE_OUTER_BOUND('',#1236,.T.);
#860=FACE_OUTER_BOUND('',#1237,.T.);
#861=FACE_OUTER_BOUND('',#1238,.T.);
#862=FACE_OUTER_BOUND('',#1239,.T.);
#863=FACE_OUTER_BOUND('',#1240,.T.);
#864=FACE_OUTER_BOUND('',#1241,.T.);
#865=FACE_OUTER_BOUND('',#1242,.T.);
#866=FACE_OUTER_BOUND('',#1243,.T.);
#867=FACE_OUTER_BOUND('',#1244,.T.);
#868=FACE_OUTER_BOUND('',#1245,.T.);
#869=FACE_OUTER_BOUND('',#1246,.T.);
#870=FACE_OUTER_BOUND('',#1247,.T.);
#871=FACE_OUTER_BOUND('',#1248,.T.);
#872=FACE_OUTER_BOUND('',#1249,.T.);
#873=FACE_OUTER_BOUND('',#1250,.T.);
#874=FACE_OUTER_BOUND('',#1251,.T.);
#875=FACE_OUTER_BOUND('',#1252,.T.);
#876=FACE_OUTER_BOUND('',#1253,.T.);
#877=FACE_OUTER_BOUND('',#1254,.T.);
#878=FACE_OUTER_BOUND('',#1255,.T.);
#879=FACE_OUTER_BOUND('',#1256,.T.);
#880=FACE_OUTER_BOUND('',#1257,.T.);
#881=FACE_OUTER_BOUND('',#1258,.T.);
#882=FACE_OUTER_BOUND('',#1259,.T.);
#883=FACE_OUTER_BOUND('',#1260,.T.);
#884=FACE_OUTER_BOUND('',#1261,.T.);
#885=FACE_OUTER_BOUND('',#1262,.T.);
#886=FACE_OUTER_BOUND('',#1263,.T.);
#887=FACE_OUTER_BOUND('',#1264,.T.);
#888=FACE_OUTER_BOUND('',#1265,.T.);
#889=FACE_OUTER_BOUND('',#1266,.T.);
#890=FACE_OUTER_BOUND('',#1267,.T.);
#891=FACE_OUTER_BOUND('',#1268,.T.);
#892=FACE_OUTER_BOUND('',#1269,.T.);
#893=FACE_OUTER_BOUND('',#1270,.T.);
#894=FACE_OUTER_BOUND('',#1271,.T.);
#895=FACE_OUTER_BOUND('',#1272,.T.);
#896=FACE_OUTER_BOUND('',#1273,.T.);
#897=FACE_OUTER_BOUND('',#1274,.T.);
#898=FACE_OUTER_BOUND('',#1275,.T.);
#899=FACE_OUTER_BOUND('',#1276,.T.);
#900=FACE_OUTER_BOUND('',#1277,.T.);
#901=FACE_OUTER_BOUND('',#1278,.T.);
#902=FACE_OUTER_BOUND('',#1279,.T.);
#903=FACE_OUTER_BOUND('',#1280,.T.);
#904=FACE_OUTER_BOUND('',#1281,.T.);
#905=FACE_OUTER_BOUND('',#1282,.T.);
#906=FACE_OUTER_BOUND('',#1283,.T.);
#907=FACE_OUTER_BOUND('',#1284,.T.);
#908=FACE_OUTER_BOUND('',#1285,.T.);
#909=FACE_OUTER_BOUND('',#1286,.T.);
#910=FACE_OUTER_BOUND('',#1287,.T.);
#911=FACE_OUTER_BOUND('',#1288,.T.);
#912=FACE_OUTER_BOUND('',#1289,.T.);
#913=FACE_OUTER_BOUND('',#1290,.T.);
#914=FACE_OUTER_BOUND('',#1291,.T.);
#915=FACE_OUTER_BOUND('',#1292,.T.);
#916=FACE_OUTER_BOUND('',#1293,.T.);
#917=FACE_OUTER_BOUND('',#1294,.T.);
#918=FACE_OUTER_BOUND('',#1295,.T.);
#919=FACE_OUTER_BOUND('',#1296,.T.);
#920=FACE_OUTER_BOUND('',#1297,.T.);
#921=FACE_OUTER_BOUND('',#1298,.T.);
#922=FACE_OUTER_BOUND('',#1299,.T.);
#923=FACE_OUTER_BOUND('',#1300,.T.);
#924=FACE_OUTER_BOUND('',#1301,.T.);
#925=FACE_OUTER_BOUND('',#1302,.T.);
#926=FACE_OUTER_BOUND('',#1303,.T.);
#927=FACE_OUTER_BOUND('',#1304,.T.);
#928=FACE_OUTER_BOUND('',#1305,.T.);
#929=FACE_OUTER_BOUND('',#1306,.T.);
#930=FACE_OUTER_BOUND('',#1307,.T.);
#931=FACE_OUTER_BOUND('',#1308,.T.);
#932=FACE_OUTER_BOUND('',#1309,.T.);
#933=FACE_OUTER_BOUND('',#1310,.T.);
#934=FACE_OUTER_BOUND('',#1311,.T.);
#935=FACE_OUTER_BOUND('',#1312,.T.);
#936=FACE_OUTER_BOUND('',#1313,.T.);
#937=FACE_OUTER_BOUND('',#1314,.T.);
#938=FACE_OUTER_BOUND('',#1315,.T.);
#939=FACE_OUTER_BOUND('',#1316,.T.);
#940=FACE_OUTER_BOUND('',#1317,.T.);
#941=FACE_OUTER_BOUND('',#1318,.T.);
#942=FACE_OUTER_BOUND('',#1319,.T.);
#943=FACE_OUTER_BOUND('',#1320,.T.);
#944=FACE_OUTER_BOUND('',#1321,.T.);
#945=FACE_OUTER_BOUND('',#1322,.T.);
#946=FACE_OUTER_BOUND('',#1323,.T.);
#947=FACE_OUTER_BOUND('',#1324,.T.);
#948=FACE_OUTER_BOUND('',#1325,.T.);
#949=FACE_OUTER_BOUND('',#1326,.T.);
#950=FACE_OUTER_BOUND('',#1327,.T.);
#951=FACE_OUTER_BOUND('',#1328,.T.);
#952=FACE_OUTER_BOUND('',#1329,.T.);
#953=FACE_OUTER_BOUND('',#1330,.T.);
#954=FACE_OUTER_BOUND('',#1331,.T.);
#955=FACE_OUTER_BOUND('',#1332,.T.);
#956=FACE_OUTER_BOUND('',#1333,.T.);
#957=FACE_OUTER_BOUND('',#1334,.T.);
#958=FACE_OUTER_BOUND('',#1335,.T.);
#959=FACE_OUTER_BOUND('',#1336,.T.);
#960=FACE_OUTER_BOUND('',#1337,.T.);
#961=FACE_OUTER_BOUND('',#1338,.T.);
#962=EDGE_LOOP('',(#4138,#4139,#4140,#4141,#4142,#4143));
#963=EDGE_LOOP('',(#4144,#4145,#4146,#4147));
#964=EDGE_LOOP('',(#4148,#4149,#4150,#4151,#4152));
#965=EDGE_LOOP('',(#4153,#4154,#4155,#4156,#4157,#4158));
#966=EDGE_LOOP('',(#4159,#4160,#4161,#4162,#4163,#4164));
#967=EDGE_LOOP('',(#4165,#4166,#4167,#4168,#4169,#4170));
#968=EDGE_LOOP('',(#4171,#4172,#4173,#4174));
#969=EDGE_LOOP('',(#4175,#4176,#4177,#4178,#4179,#4180));
#970=EDGE_LOOP('',(#4181,#4182,#4183,#4184,#4185,#4186));
#971=EDGE_LOOP('',(#4187,#4188,#4189,#4190,#4191,#4192));
#972=EDGE_LOOP('',(#4193,#4194,#4195,#4196,#4197));
#973=EDGE_LOOP('',(#4198,#4199,#4200,#4201,#4202));
#974=EDGE_LOOP('',(#4203,#4204,#4205,#4206,#4207));
#975=EDGE_LOOP('',(#4208,#4209,#4210,#4211));
#976=EDGE_LOOP('',(#4212,#4213,#4214,#4215));
#977=EDGE_LOOP('',(#4216,#4217,#4218,#4219));
#978=EDGE_LOOP('',(#4220));
#979=EDGE_LOOP('',(#4221));
#980=EDGE_LOOP('',(#4222));
#981=EDGE_LOOP('',(#4223));
#982=EDGE_LOOP('',(#4224,#4225,#4226,#4227));
#983=EDGE_LOOP('',(#4228,#4229,#4230,#4231,#4232));
#984=EDGE_LOOP('',(#4233,#4234,#4235,#4236,#4237));
#985=EDGE_LOOP('',(#4238,#4239,#4240,#4241,#4242,#4243,#4244,#4245));
#986=EDGE_LOOP('',(#4246,#4247,#4248,#4249,#4250,#4251));
#987=EDGE_LOOP('',(#4252,#4253,#4254,#4255,#4256,#4257));
#988=EDGE_LOOP('',(#4258,#4259,#4260,#4261,#4262,#4263));
#989=EDGE_LOOP('',(#4264,#4265,#4266,#4267,#4268));
#990=EDGE_LOOP('',(#4269,#4270,#4271,#4272,#4273));
#991=EDGE_LOOP('',(#4274,#4275,#4276,#4277,#4278,#4279));
#992=EDGE_LOOP('',(#4280,#4281,#4282,#4283,#4284));
#993=EDGE_LOOP('',(#4285,#4286,#4287,#4288,#4289));
#994=EDGE_LOOP('',(#4290,#4291,#4292,#4293));
#995=EDGE_LOOP('',(#4294,#4295,#4296,#4297));
#996=EDGE_LOOP('',(#4298,#4299,#4300,#4301));
#997=EDGE_LOOP('',(#4302,#4303,#4304,#4305));
#998=EDGE_LOOP('',(#4306,#4307,#4308,#4309));
#999=EDGE_LOOP('',(#4310,#4311,#4312,#4313));
#1000=EDGE_LOOP('',(#4314,#4315,#4316,#4317));
#1001=EDGE_LOOP('',(#4318,#4319,#4320,#4321));
#1002=EDGE_LOOP('',(#4322,#4323,#4324,#4325));
#1003=EDGE_LOOP('',(#4326,#4327,#4328,#4329,#4330,#4331,#4332,#4333));
#1004=EDGE_LOOP('',(#4334,#4335,#4336,#4337));
#1005=EDGE_LOOP('',(#4338,#4339,#4340,#4341));
#1006=EDGE_LOOP('',(#4342,#4343,#4344,#4345));
#1007=EDGE_LOOP('',(#4346,#4347,#4348,#4349));
#1008=EDGE_LOOP('',(#4350,#4351,#4352,#4353));
#1009=EDGE_LOOP('',(#4354,#4355,#4356,#4357));
#1010=EDGE_LOOP('',(#4358,#4359,#4360,#4361));
#1011=EDGE_LOOP('',(#4362,#4363,#4364,#4365));
#1012=EDGE_LOOP('',(#4366,#4367,#4368,#4369,#4370,#4371,#4372,#4373));
#1013=EDGE_LOOP('',(#4374,#4375,#4376,#4377,#4378,#4379,#4380,#4381));
#1014=EDGE_LOOP('',(#4382));
#1015=EDGE_LOOP('',(#4383));
#1016=EDGE_LOOP('',(#4384));
#1017=EDGE_LOOP('',(#4385));
#1018=EDGE_LOOP('',(#4386,#4387,#4388,#4389));
#1019=EDGE_LOOP('',(#4390,#4391,#4392,#4393));
#1020=EDGE_LOOP('',(#4394,#4395,#4396,#4397));
#1021=EDGE_LOOP('',(#4398,#4399,#4400,#4401));
#1022=EDGE_LOOP('',(#4402,#4403,#4404,#4405));
#1023=EDGE_LOOP('',(#4406,#4407,#4408,#4409));
#1024=EDGE_LOOP('',(#4410,#4411,#4412,#4413));
#1025=EDGE_LOOP('',(#4414,#4415,#4416,#4417));
#1026=EDGE_LOOP('',(#4418,#4419,#4420,#4421));
#1027=EDGE_LOOP('',(#4422,#4423,#4424,#4425));
#1028=EDGE_LOOP('',(#4426,#4427,#4428,#4429));
#1029=EDGE_LOOP('',(#4430,#4431,#4432,#4433));
#1030=EDGE_LOOP('',(#4434,#4435,#4436,#4437));
#1031=EDGE_LOOP('',(#4438,#4439,#4440,#4441));
#1032=EDGE_LOOP('',(#4442,#4443,#4444,#4445));
#1033=EDGE_LOOP('',(#4446,#4447,#4448,#4449));
#1034=EDGE_LOOP('',(#4450,#4451,#4452,#4453));
#1035=EDGE_LOOP('',(#4454,#4455,#4456,#4457));
#1036=EDGE_LOOP('',(#4458,#4459,#4460,#4461));
#1037=EDGE_LOOP('',(#4462,#4463,#4464,#4465));
#1038=EDGE_LOOP('',(#4466,#4467,#4468,#4469));
#1039=EDGE_LOOP('',(#4470,#4471,#4472,#4473));
#1040=EDGE_LOOP('',(#4474,#4475,#4476,#4477));
#1041=EDGE_LOOP('',(#4478,#4479,#4480,#4481));
#1042=EDGE_LOOP('',(#4482,#4483,#4484,#4485));
#1043=EDGE_LOOP('',(#4486,#4487,#4488,#4489,#4490,#4491,#4492,#4493,#4494,
#4495,#4496,#4497,#4498,#4499,#4500,#4501,#4502,#4503,#4504,#4505,#4506,
#4507,#4508,#4509,#4510));
#1044=EDGE_LOOP('',(#4511,#4512,#4513,#4514,#4515,#4516,#4517,#4518,#4519,
#4520,#4521,#4522,#4523,#4524,#4525,#4526,#4527,#4528,#4529,#4530,#4531,
#4532,#4533,#4534,#4535));
#1045=EDGE_LOOP('',(#4536,#4537,#4538,#4539));
#1046=EDGE_LOOP('',(#4540,#4541,#4542,#4543));
#1047=EDGE_LOOP('',(#4544,#4545,#4546,#4547));
#1048=EDGE_LOOP('',(#4548,#4549,#4550,#4551));
#1049=EDGE_LOOP('',(#4552,#4553,#4554,#4555));
#1050=EDGE_LOOP('',(#4556,#4557,#4558,#4559));
#1051=EDGE_LOOP('',(#4560,#4561,#4562,#4563));
#1052=EDGE_LOOP('',(#4564,#4565,#4566,#4567));
#1053=EDGE_LOOP('',(#4568,#4569,#4570,#4571));
#1054=EDGE_LOOP('',(#4572,#4573,#4574,#4575));
#1055=EDGE_LOOP('',(#4576,#4577,#4578,#4579));
#1056=EDGE_LOOP('',(#4580,#4581,#4582,#4583));
#1057=EDGE_LOOP('',(#4584,#4585,#4586,#4587));
#1058=EDGE_LOOP('',(#4588,#4589,#4590,#4591));
#1059=EDGE_LOOP('',(#4592,#4593,#4594,#4595));
#1060=EDGE_LOOP('',(#4596,#4597,#4598,#4599));
#1061=EDGE_LOOP('',(#4600,#4601,#4602,#4603));
#1062=EDGE_LOOP('',(#4604,#4605,#4606,#4607));
#1063=EDGE_LOOP('',(#4608,#4609,#4610,#4611));
#1064=EDGE_LOOP('',(#4612,#4613,#4614,#4615));
#1065=EDGE_LOOP('',(#4616,#4617,#4618,#4619));
#1066=EDGE_LOOP('',(#4620,#4621,#4622,#4623));
#1067=EDGE_LOOP('',(#4624,#4625,#4626,#4627));
#1068=EDGE_LOOP('',(#4628,#4629,#4630,#4631));
#1069=EDGE_LOOP('',(#4632,#4633,#4634,#4635));
#1070=EDGE_LOOP('',(#4636,#4637,#4638,#4639));
#1071=EDGE_LOOP('',(#4640,#4641,#4642,#4643));
#1072=EDGE_LOOP('',(#4644,#4645,#4646,#4647));
#1073=EDGE_LOOP('',(#4648,#4649,#4650,#4651));
#1074=EDGE_LOOP('',(#4652,#4653,#4654,#4655));
#1075=EDGE_LOOP('',(#4656,#4657,#4658,#4659));
#1076=EDGE_LOOP('',(#4660,#4661,#4662,#4663,#4664,#4665,#4666,#4667,#4668,
#4669,#4670,#4671,#4672,#4673,#4674,#4675,#4676,#4677,#4678));
#1077=EDGE_LOOP('',(#4679,#4680,#4681,#4682,#4683,#4684,#4685,#4686,#4687,
#4688,#4689,#4690,#4691,#4692,#4693,#4694,#4695,#4696,#4697));
#1078=EDGE_LOOP('',(#4698));
#1079=EDGE_LOOP('',(#4699));
#1080=EDGE_LOOP('',(#4700));
#1081=EDGE_LOOP('',(#4701));
#1082=EDGE_LOOP('',(#4702));
#1083=EDGE_LOOP('',(#4703));
#1084=EDGE_LOOP('',(#4704));
#1085=EDGE_LOOP('',(#4705));
#1086=EDGE_LOOP('',(#4706,#4707,#4708,#4709));
#1087=EDGE_LOOP('',(#4710,#4711,#4712,#4713));
#1088=EDGE_LOOP('',(#4714,#4715,#4716,#4717));
#1089=EDGE_LOOP('',(#4718,#4719,#4720,#4721));
#1090=EDGE_LOOP('',(#4722,#4723,#4724,#4725));
#1091=EDGE_LOOP('',(#4726,#4727,#4728,#4729));
#1092=EDGE_LOOP('',(#4730,#4731,#4732,#4733));
#1093=EDGE_LOOP('',(#4734,#4735,#4736,#4737));
#1094=EDGE_LOOP('',(#4738,#4739,#4740,#4741));
#1095=EDGE_LOOP('',(#4742,#4743,#4744,#4745));
#1096=EDGE_LOOP('',(#4746,#4747,#4748,#4749));
#1097=EDGE_LOOP('',(#4750,#4751,#4752,#4753));
#1098=EDGE_LOOP('',(#4754,#4755,#4756,#4757));
#1099=EDGE_LOOP('',(#4758,#4759,#4760,#4761));
#1100=EDGE_LOOP('',(#4762,#4763,#4764,#4765));
#1101=EDGE_LOOP('',(#4766,#4767,#4768,#4769,#4770,#4771,#4772,#4773,#4774,
#4775,#4776,#4777,#4778,#4779,#4780));
#1102=EDGE_LOOP('',(#4781,#4782,#4783,#4784,#4785,#4786,#4787,#4788,#4789,
#4790,#4791,#4792,#4793,#4794,#4795));
#1103=EDGE_LOOP('',(#4796,#4797,#4798,#4799));
#1104=EDGE_LOOP('',(#4800,#4801,#4802,#4803));
#1105=EDGE_LOOP('',(#4804,#4805,#4806,#4807));
#1106=EDGE_LOOP('',(#4808,#4809,#4810,#4811));
#1107=EDGE_LOOP('',(#4812,#4813,#4814,#4815));
#1108=EDGE_LOOP('',(#4816,#4817,#4818,#4819));
#1109=EDGE_LOOP('',(#4820,#4821,#4822,#4823));
#1110=EDGE_LOOP('',(#4824,#4825,#4826,#4827));
#1111=EDGE_LOOP('',(#4828,#4829,#4830,#4831));
#1112=EDGE_LOOP('',(#4832,#4833,#4834,#4835));
#1113=EDGE_LOOP('',(#4836,#4837,#4838,#4839));
#1114=EDGE_LOOP('',(#4840,#4841,#4842,#4843));
#1115=EDGE_LOOP('',(#4844,#4845,#4846,#4847));
#1116=EDGE_LOOP('',(#4848,#4849,#4850,#4851));
#1117=EDGE_LOOP('',(#4852,#4853,#4854,#4855));
#1118=EDGE_LOOP('',(#4856,#4857,#4858,#4859));
#1119=EDGE_LOOP('',(#4860,#4861,#4862,#4863));
#1120=EDGE_LOOP('',(#4864,#4865,#4866,#4867));
#1121=EDGE_LOOP('',(#4868,#4869,#4870,#4871));
#1122=EDGE_LOOP('',(#4872,#4873,#4874,#4875));
#1123=EDGE_LOOP('',(#4876,#4877,#4878,#4879));
#1124=EDGE_LOOP('',(#4880,#4881,#4882,#4883));
#1125=EDGE_LOOP('',(#4884,#4885,#4886,#4887));
#1126=EDGE_LOOP('',(#4888,#4889,#4890,#4891));
#1127=EDGE_LOOP('',(#4892,#4893,#4894,#4895));
#1128=EDGE_LOOP('',(#4896,#4897,#4898,#4899));
#1129=EDGE_LOOP('',(#4900,#4901,#4902,#4903));
#1130=EDGE_LOOP('',(#4904,#4905,#4906,#4907));
#1131=EDGE_LOOP('',(#4908,#4909,#4910,#4911));
#1132=EDGE_LOOP('',(#4912,#4913,#4914,#4915));
#1133=EDGE_LOOP('',(#4916,#4917,#4918,#4919));
#1134=EDGE_LOOP('',(#4920,#4921,#4922,#4923));
#1135=EDGE_LOOP('',(#4924,#4925,#4926,#4927));
#1136=EDGE_LOOP('',(#4928,#4929,#4930,#4931));
#1137=EDGE_LOOP('',(#4932,#4933,#4934,#4935,#4936,#4937,#4938,#4939,#4940,
#4941,#4942,#4943,#4944,#4945,#4946,#4947,#4948,#4949,#4950,#4951,#4952,
#4953,#4954,#4955,#4956,#4957));
#1138=EDGE_LOOP('',(#4958,#4959,#4960,#4961,#4962,#4963,#4964,#4965));
#1139=EDGE_LOOP('',(#4966,#4967,#4968,#4969,#4970,#4971,#4972,#4973,#4974,
#4975,#4976,#4977,#4978,#4979,#4980,#4981,#4982,#4983,#4984,#4985,#4986,
#4987,#4988,#4989,#4990,#4991));
#1140=EDGE_LOOP('',(#4992,#4993,#4994,#4995,#4996,#4997,#4998,#4999));
#1141=EDGE_LOOP('',(#5000,#5001,#5002,#5003));
#1142=EDGE_LOOP('',(#5004,#5005,#5006,#5007));
#1143=EDGE_LOOP('',(#5008,#5009,#5010,#5011));
#1144=EDGE_LOOP('',(#5012,#5013,#5014,#5015));
#1145=EDGE_LOOP('',(#5016,#5017,#5018,#5019));
#1146=EDGE_LOOP('',(#5020,#5021,#5022,#5023));
#1147=EDGE_LOOP('',(#5024,#5025,#5026,#5027));
#1148=EDGE_LOOP('',(#5028,#5029,#5030,#5031));
#1149=EDGE_LOOP('',(#5032,#5033,#5034,#5035));
#1150=EDGE_LOOP('',(#5036,#5037,#5038,#5039));
#1151=EDGE_LOOP('',(#5040,#5041,#5042,#5043));
#1152=EDGE_LOOP('',(#5044,#5045,#5046,#5047));
#1153=EDGE_LOOP('',(#5048,#5049,#5050,#5051));
#1154=EDGE_LOOP('',(#5052,#5053,#5054,#5055));
#1155=EDGE_LOOP('',(#5056,#5057,#5058,#5059));
#1156=EDGE_LOOP('',(#5060,#5061,#5062,#5063,#5064,#5065,#5066,#5067,#5068,
#5069,#5070,#5071,#5072,#5073,#5074));
#1157=EDGE_LOOP('',(#5075,#5076,#5077,#5078,#5079,#5080,#5081,#5082,#5083,
#5084,#5085,#5086,#5087,#5088,#5089));
#1158=EDGE_LOOP('',(#5090,#5091,#5092,#5093));
#1159=EDGE_LOOP('',(#5094,#5095,#5096,#5097));
#1160=EDGE_LOOP('',(#5098,#5099,#5100,#5101));
#1161=EDGE_LOOP('',(#5102,#5103,#5104,#5105));
#1162=EDGE_LOOP('',(#5106,#5107,#5108,#5109));
#1163=EDGE_LOOP('',(#5110,#5111,#5112,#5113));
#1164=EDGE_LOOP('',(#5114,#5115,#5116,#5117));
#1165=EDGE_LOOP('',(#5118,#5119,#5120,#5121));
#1166=EDGE_LOOP('',(#5122,#5123,#5124,#5125));
#1167=EDGE_LOOP('',(#5126,#5127,#5128,#5129));
#1168=EDGE_LOOP('',(#5130,#5131,#5132,#5133));
#1169=EDGE_LOOP('',(#5134,#5135,#5136,#5137));
#1170=EDGE_LOOP('',(#5138,#5139,#5140,#5141));
#1171=EDGE_LOOP('',(#5142,#5143,#5144,#5145));
#1172=EDGE_LOOP('',(#5146,#5147,#5148,#5149));
#1173=EDGE_LOOP('',(#5150,#5151,#5152,#5153));
#1174=EDGE_LOOP('',(#5154,#5155,#5156,#5157));
#1175=EDGE_LOOP('',(#5158,#5159,#5160,#5161));
#1176=EDGE_LOOP('',(#5162,#5163,#5164,#5165));
#1177=EDGE_LOOP('',(#5166,#5167,#5168,#5169));
#1178=EDGE_LOOP('',(#5170,#5171,#5172,#5173));
#1179=EDGE_LOOP('',(#5174,#5175,#5176,#5177));
#1180=EDGE_LOOP('',(#5178,#5179,#5180,#5181));
#1181=EDGE_LOOP('',(#5182,#5183,#5184,#5185));
#1182=EDGE_LOOP('',(#5186,#5187,#5188,#5189));
#1183=EDGE_LOOP('',(#5190,#5191,#5192,#5193));
#1184=EDGE_LOOP('',(#5194,#5195,#5196,#5197));
#1185=EDGE_LOOP('',(#5198,#5199,#5200,#5201));
#1186=EDGE_LOOP('',(#5202,#5203,#5204,#5205));
#1187=EDGE_LOOP('',(#5206,#5207,#5208,#5209));
#1188=EDGE_LOOP('',(#5210,#5211,#5212,#5213));
#1189=EDGE_LOOP('',(#5214,#5215,#5216,#5217));
#1190=EDGE_LOOP('',(#5218,#5219,#5220,#5221));
#1191=EDGE_LOOP('',(#5222,#5223,#5224,#5225));
#1192=EDGE_LOOP('',(#5226,#5227,#5228,#5229));
#1193=EDGE_LOOP('',(#5230,#5231,#5232,#5233));
#1194=EDGE_LOOP('',(#5234,#5235,#5236,#5237));
#1195=EDGE_LOOP('',(#5238,#5239,#5240,#5241));
#1196=EDGE_LOOP('',(#5242,#5243,#5244,#5245));
#1197=EDGE_LOOP('',(#5246,#5247,#5248,#5249));
#1198=EDGE_LOOP('',(#5250,#5251,#5252,#5253));
#1199=EDGE_LOOP('',(#5254,#5255,#5256,#5257));
#1200=EDGE_LOOP('',(#5258,#5259,#5260,#5261,#5262,#5263,#5264,#5265,#5266,
#5267,#5268,#5269,#5270,#5271,#5272,#5273,#5274,#5275,#5276,#5277,#5278,
#5279));
#1201=EDGE_LOOP('',(#5280,#5281,#5282,#5283,#5284,#5285,#5286,#5287,#5288,
#5289,#5290,#5291,#5292,#5293,#5294,#5295,#5296,#5297,#5298,#5299));
#1202=EDGE_LOOP('',(#5300,#5301,#5302,#5303,#5304,#5305,#5306,#5307,#5308,
#5309,#5310,#5311,#5312,#5313,#5314,#5315,#5316,#5317,#5318,#5319,#5320,
#5321));
#1203=EDGE_LOOP('',(#5322,#5323,#5324,#5325,#5326,#5327,#5328,#5329,#5330,
#5331,#5332,#5333,#5334,#5335,#5336,#5337,#5338,#5339,#5340,#5341));
#1204=EDGE_LOOP('',(#5342,#5343,#5344,#5345));
#1205=EDGE_LOOP('',(#5346,#5347,#5348,#5349));
#1206=EDGE_LOOP('',(#5350,#5351,#5352,#5353));
#1207=EDGE_LOOP('',(#5354,#5355,#5356,#5357));
#1208=EDGE_LOOP('',(#5358,#5359,#5360,#5361));
#1209=EDGE_LOOP('',(#5362,#5363,#5364,#5365));
#1210=EDGE_LOOP('',(#5366,#5367,#5368,#5369));
#1211=EDGE_LOOP('',(#5370,#5371,#5372,#5373));
#1212=EDGE_LOOP('',(#5374,#5375,#5376,#5377));
#1213=EDGE_LOOP('',(#5378,#5379,#5380,#5381));
#1214=EDGE_LOOP('',(#5382,#5383,#5384,#5385));
#1215=EDGE_LOOP('',(#5386,#5387,#5388,#5389));
#1216=EDGE_LOOP('',(#5390,#5391,#5392,#5393));
#1217=EDGE_LOOP('',(#5394,#5395,#5396,#5397));
#1218=EDGE_LOOP('',(#5398,#5399,#5400,#5401));
#1219=EDGE_LOOP('',(#5402,#5403,#5404,#5405,#5406,#5407,#5408,#5409,#5410,
#5411,#5412,#5413,#5414,#5415,#5416));
#1220=EDGE_LOOP('',(#5417,#5418,#5419,#5420,#5421,#5422,#5423,#5424,#5425,
#5426,#5427,#5428,#5429,#5430,#5431));
#1221=EDGE_LOOP('',(#5432,#5433,#5434,#5435));
#1222=EDGE_LOOP('',(#5436,#5437,#5438,#5439));
#1223=EDGE_LOOP('',(#5440,#5441,#5442,#5443));
#1224=EDGE_LOOP('',(#5444,#5445,#5446,#5447));
#1225=EDGE_LOOP('',(#5448,#5449,#5450,#5451));
#1226=EDGE_LOOP('',(#5452,#5453,#5454,#5455));
#1227=EDGE_LOOP('',(#5456,#5457,#5458,#5459));
#1228=EDGE_LOOP('',(#5460,#5461,#5462,#5463));
#1229=EDGE_LOOP('',(#5464,#5465,#5466,#5467));
#1230=EDGE_LOOP('',(#5468,#5469,#5470,#5471));
#1231=EDGE_LOOP('',(#5472,#5473,#5474,#5475));
#1232=EDGE_LOOP('',(#5476,#5477,#5478,#5479));
#1233=EDGE_LOOP('',(#5480,#5481,#5482,#5483));
#1234=EDGE_LOOP('',(#5484,#5485,#5486,#5487));
#1235=EDGE_LOOP('',(#5488,#5489,#5490,#5491));
#1236=EDGE_LOOP('',(#5492,#5493,#5494,#5495));
#1237=EDGE_LOOP('',(#5496,#5497,#5498,#5499));
#1238=EDGE_LOOP('',(#5500,#5501,#5502,#5503));
#1239=EDGE_LOOP('',(#5504,#5505,#5506,#5507,#5508,#5509,#5510,#5511,#5512,
#5513,#5514,#5515));
#1240=EDGE_LOOP('',(#5516,#5517,#5518,#5519,#5520,#5521,#5522,#5523,#5524,
#5525,#5526,#5527));
#1241=EDGE_LOOP('',(#5528,#5529,#5530,#5531));
#1242=EDGE_LOOP('',(#5532,#5533,#5534,#5535));
#1243=EDGE_LOOP('',(#5536,#5537,#5538,#5539));
#1244=EDGE_LOOP('',(#5540,#5541,#5542,#5543));
#1245=EDGE_LOOP('',(#5544,#5545,#5546,#5547));
#1246=EDGE_LOOP('',(#5548,#5549,#5550,#5551));
#1247=EDGE_LOOP('',(#5552,#5553,#5554,#5555));
#1248=EDGE_LOOP('',(#5556,#5557,#5558,#5559));
#1249=EDGE_LOOP('',(#5560,#5561,#5562,#5563));
#1250=EDGE_LOOP('',(#5564,#5565,#5566,#5567));
#1251=EDGE_LOOP('',(#5568,#5569,#5570,#5571));
#1252=EDGE_LOOP('',(#5572,#5573,#5574,#5575));
#1253=EDGE_LOOP('',(#5576,#5577,#5578,#5579,#5580,#5581,#5582,#5583,#5584,
#5585,#5586,#5587));
#1254=EDGE_LOOP('',(#5588,#5589,#5590,#5591,#5592,#5593,#5594,#5595,#5596,
#5597,#5598,#5599));
#1255=EDGE_LOOP('',(#5600,#5601,#5602,#5603));
#1256=EDGE_LOOP('',(#5604,#5605,#5606,#5607));
#1257=EDGE_LOOP('',(#5608,#5609,#5610,#5611));
#1258=EDGE_LOOP('',(#5612,#5613,#5614,#5615));
#1259=EDGE_LOOP('',(#5616,#5617,#5618,#5619));
#1260=EDGE_LOOP('',(#5620,#5621,#5622,#5623));
#1261=EDGE_LOOP('',(#5624,#5625,#5626,#5627));
#1262=EDGE_LOOP('',(#5628,#5629,#5630,#5631));
#1263=EDGE_LOOP('',(#5632,#5633,#5634,#5635));
#1264=EDGE_LOOP('',(#5636,#5637,#5638,#5639));
#1265=EDGE_LOOP('',(#5640,#5641,#5642,#5643));
#1266=EDGE_LOOP('',(#5644,#5645,#5646,#5647));
#1267=EDGE_LOOP('',(#5648,#5649,#5650,#5651,#5652,#5653,#5654,#5655,#5656,
#5657,#5658,#5659));
#1268=EDGE_LOOP('',(#5660,#5661,#5662,#5663,#5664,#5665,#5666,#5667,#5668,
#5669,#5670,#5671));
#1269=EDGE_LOOP('',(#5672,#5673,#5674,#5675));
#1270=EDGE_LOOP('',(#5676,#5677,#5678,#5679));
#1271=EDGE_LOOP('',(#5680,#5681,#5682,#5683));
#1272=EDGE_LOOP('',(#5684,#5685,#5686,#5687));
#1273=EDGE_LOOP('',(#5688,#5689,#5690,#5691));
#1274=EDGE_LOOP('',(#5692,#5693,#5694,#5695));
#1275=EDGE_LOOP('',(#5696,#5697,#5698,#5699));
#1276=EDGE_LOOP('',(#5700,#5701,#5702,#5703));
#1277=EDGE_LOOP('',(#5704,#5705,#5706,#5707));
#1278=EDGE_LOOP('',(#5708,#5709,#5710,#5711));
#1279=EDGE_LOOP('',(#5712,#5713,#5714,#5715));
#1280=EDGE_LOOP('',(#5716,#5717,#5718,#5719));
#1281=EDGE_LOOP('',(#5720,#5721,#5722,#5723,#5724,#5725,#5726,#5727,#5728,
#5729,#5730,#5731));
#1282=EDGE_LOOP('',(#5732,#5733,#5734,#5735,#5736,#5737,#5738,#5739,#5740,
#5741,#5742,#5743));
#1283=EDGE_LOOP('',(#5744,#5745,#5746,#5747));
#1284=EDGE_LOOP('',(#5748,#5749,#5750,#5751));
#1285=EDGE_LOOP('',(#5752,#5753,#5754,#5755));
#1286=EDGE_LOOP('',(#5756,#5757,#5758,#5759));
#1287=EDGE_LOOP('',(#5760,#5761,#5762,#5763));
#1288=EDGE_LOOP('',(#5764,#5765,#5766,#5767));
#1289=EDGE_LOOP('',(#5768,#5769,#5770,#5771));
#1290=EDGE_LOOP('',(#5772,#5773,#5774,#5775));
#1291=EDGE_LOOP('',(#5776,#5777,#5778,#5779));
#1292=EDGE_LOOP('',(#5780,#5781,#5782,#5783));
#1293=EDGE_LOOP('',(#5784,#5785,#5786,#5787));
#1294=EDGE_LOOP('',(#5788,#5789,#5790,#5791));
#1295=EDGE_LOOP('',(#5792,#5793,#5794,#5795,#5796,#5797,#5798,#5799,#5800,
#5801,#5802,#5803));
#1296=EDGE_LOOP('',(#5804,#5805,#5806,#5807,#5808,#5809,#5810,#5811,#5812,
#5813,#5814,#5815));
#1297=EDGE_LOOP('',(#5816,#5817,#5818,#5819));
#1298=EDGE_LOOP('',(#5820,#5821,#5822,#5823));
#1299=EDGE_LOOP('',(#5824,#5825,#5826,#5827));
#1300=EDGE_LOOP('',(#5828,#5829,#5830,#5831));
#1301=EDGE_LOOP('',(#5832,#5833,#5834,#5835));
#1302=EDGE_LOOP('',(#5836,#5837,#5838,#5839));
#1303=EDGE_LOOP('',(#5840,#5841,#5842,#5843));
#1304=EDGE_LOOP('',(#5844,#5845,#5846,#5847));
#1305=EDGE_LOOP('',(#5848,#5849,#5850,#5851));
#1306=EDGE_LOOP('',(#5852,#5853,#5854,#5855));
#1307=EDGE_LOOP('',(#5856,#5857,#5858,#5859));
#1308=EDGE_LOOP('',(#5860,#5861,#5862,#5863));
#1309=EDGE_LOOP('',(#5864,#5865,#5866,#5867,#5868,#5869,#5870,#5871,#5872,
#5873,#5874,#5875));
#1310=EDGE_LOOP('',(#5876,#5877,#5878,#5879,#5880,#5881,#5882,#5883,#5884,
#5885,#5886,#5887));
#1311=EDGE_LOOP('',(#5888,#5889,#5890,#5891));
#1312=EDGE_LOOP('',(#5892,#5893,#5894,#5895));
#1313=EDGE_LOOP('',(#5896,#5897,#5898,#5899));
#1314=EDGE_LOOP('',(#5900,#5901,#5902,#5903));
#1315=EDGE_LOOP('',(#5904,#5905,#5906,#5907));
#1316=EDGE_LOOP('',(#5908,#5909,#5910,#5911));
#1317=EDGE_LOOP('',(#5912,#5913,#5914,#5915));
#1318=EDGE_LOOP('',(#5916,#5917,#5918,#5919));
#1319=EDGE_LOOP('',(#5920,#5921,#5922,#5923));
#1320=EDGE_LOOP('',(#5924,#5925,#5926,#5927));
#1321=EDGE_LOOP('',(#5928,#5929,#5930,#5931));
#1322=EDGE_LOOP('',(#5932,#5933,#5934,#5935));
#1323=EDGE_LOOP('',(#5936,#5937,#5938,#5939,#5940,#5941,#5942,#5943,#5944,
#5945,#5946,#5947));
#1324=EDGE_LOOP('',(#5948,#5949,#5950,#5951,#5952,#5953,#5954,#5955,#5956,
#5957,#5958,#5959));
#1325=EDGE_LOOP('',(#5960,#5961,#5962,#5963));
#1326=EDGE_LOOP('',(#5964,#5965,#5966,#5967));
#1327=EDGE_LOOP('',(#5968,#5969,#5970,#5971));
#1328=EDGE_LOOP('',(#5972,#5973,#5974,#5975));
#1329=EDGE_LOOP('',(#5976,#5977,#5978,#5979));
#1330=EDGE_LOOP('',(#5980,#5981,#5982,#5983));
#1331=EDGE_LOOP('',(#5984,#5985,#5986,#5987));
#1332=EDGE_LOOP('',(#5988,#5989,#5990,#5991));
#1333=EDGE_LOOP('',(#5992,#5993,#5994,#5995));
#1334=EDGE_LOOP('',(#5996,#5997,#5998,#5999));
#1335=EDGE_LOOP('',(#6000,#6001,#6002,#6003));
#1336=EDGE_LOOP('',(#6004,#6005,#6006,#6007));
#1337=EDGE_LOOP('',(#6008,#6009,#6010,#6011,#6012,#6013,#6014,#6015,#6016,
#6017,#6018,#6019));
#1338=EDGE_LOOP('',(#6020,#6021,#6022,#6023,#6024,#6025,#6026,#6027,#6028,
#6029,#6030,#6031));
#1339=ELLIPSE('',#6591,0.151075676189688,0.1);
#1340=ELLIPSE('',#6592,0.151075676189687,0.1);
#1341=ELLIPSE('',#6597,0.133409010738945,0.1);
#1342=ELLIPSE('',#6598,0.108411870138398,0.1);
#1343=ELLIPSE('',#6600,0.14142135623731,0.1);
#1344=ELLIPSE('',#6602,0.133409010738945,0.1);
#1345=ELLIPSE('',#6603,0.14142135623731,0.1);
#1346=ELLIPSE('',#6606,0.108411870138399,0.1);
#1347=LINE('',#9248,#1936);
#1348=LINE('',#9257,#1937);
#1349=LINE('',#9261,#1938);
#1350=LINE('',#9263,#1939);
#1351=LINE('',#9264,#1940);
#1352=LINE('',#9276,#1941);
#1353=LINE('',#9280,#1942);
#1354=LINE('',#9285,#1943);
#1355=LINE('',#9290,#1944);
#1356=LINE('',#9316,#1945);
#1357=LINE('',#9319,#1946);
#1358=LINE('',#9324,#1947);
#1359=LINE('',#9326,#1948);
#1360=LINE('',#9338,#1949);
#1361=LINE('',#9342,#1950);
#1362=LINE('',#9368,#1951);
#1363=LINE('',#9395,#1952);
#1364=LINE('',#9421,#1953);
#1365=LINE('',#9496,#1954);
#1366=LINE('',#9497,#1955);
#1367=LINE('',#9500,#1956);
#1368=LINE('',#9504,#1957);
#1369=LINE('',#9505,#1958);
#1370=LINE('',#9515,#1959);
#1371=LINE('',#9519,#1960);
#1372=LINE('',#9520,#1961);
#1373=LINE('',#9552,#1962);
#1374=LINE('',#9578,#1963);
#1375=LINE('',#9606,#1964);
#1376=LINE('',#9632,#1965);
#1377=LINE('',#9660,#1966);
#1378=LINE('',#9686,#1967);
#1379=LINE('',#9785,#1968);
#1380=LINE('',#9811,#1969);
#1381=LINE('',#9886,#1970);
#1382=LINE('',#9889,#1971);
#1383=LINE('',#9892,#1972);
#1384=LINE('',#9893,#1973);
#1385=LINE('',#9896,#1974);
#1386=LINE('',#9900,#1975);
#1387=LINE('',#9901,#1976);
#1388=LINE('',#9905,#1977);
#1389=LINE('',#9909,#1978);
#1390=LINE('',#9910,#1979);
#1391=LINE('',#9913,#1980);
#1392=LINE('',#9916,#1981);
#1393=LINE('',#9923,#1982);
#1394=LINE('',#9926,#1983);
#1395=LINE('',#9929,#1984);
#1396=LINE('',#9931,#1985);
#1397=LINE('',#9932,#1986);
#1398=LINE('',#9938,#1987);
#1399=LINE('',#9941,#1988);
#1400=LINE('',#9943,#1989);
#1401=LINE('',#9944,#1990);
#1402=LINE('',#9950,#1991);
#1403=LINE('',#9953,#1992);
#1404=LINE('',#9955,#1993);
#1405=LINE('',#9956,#1994);
#1406=LINE('',#9962,#1995);
#1407=LINE('',#9964,#1996);
#1408=LINE('',#9965,#1997);
#1409=LINE('',#9980,#1998);
#1410=LINE('',#9983,#1999);
#1411=LINE('',#9989,#2000);
#1412=LINE('',#9995,#2001);
#1413=LINE('',#10001,#2002);
#1414=LINE('',#10007,#2003);
#1415=LINE('',#10013,#2004);
#1416=LINE('',#10019,#2005);
#1417=LINE('',#10025,#2006);
#1418=LINE('',#10031,#2007);
#1419=LINE('',#10037,#2008);
#1420=LINE('',#10043,#2009);
#1421=LINE('',#10046,#2010);
#1422=LINE('',#10048,#2011);
#1423=LINE('',#10049,#2012);
#1424=LINE('',#10055,#2013);
#1425=LINE('',#10061,#2014);
#1426=LINE('',#10067,#2015);
#1427=LINE('',#10070,#2016);
#1428=LINE('',#10072,#2017);
#1429=LINE('',#10073,#2018);
#1430=LINE('',#10076,#2019);
#1431=LINE('',#10078,#2020);
#1432=LINE('',#10079,#2021);
#1433=LINE('',#10085,#2022);
#1434=LINE('',#10091,#2023);
#1435=LINE('',#10097,#2024);
#1436=LINE('',#10103,#2025);
#1437=LINE('',#10109,#2026);
#1438=LINE('',#10115,#2027);
#1439=LINE('',#10121,#2028);
#1440=LINE('',#10130,#2029);
#1441=LINE('',#10132,#2030);
#1442=LINE('',#10134,#2031);
#1443=LINE('',#10135,#2032);
#1444=LINE('',#10138,#2033);
#1445=LINE('',#10140,#2034);
#1446=LINE('',#10141,#2035);
#1447=LINE('',#10144,#2036);
#1448=LINE('',#10146,#2037);
#1449=LINE('',#10147,#2038);
#1450=LINE('',#10149,#2039);
#1451=LINE('',#10150,#2040);
#1452=LINE('',#10156,#2041);
#1453=LINE('',#10158,#2042);
#1454=LINE('',#10160,#2043);
#1455=LINE('',#10161,#2044);
#1456=LINE('',#10164,#2045);
#1457=LINE('',#10166,#2046);
#1458=LINE('',#10167,#2047);
#1459=LINE('',#10170,#2048);
#1460=LINE('',#10172,#2049);
#1461=LINE('',#10173,#2050);
#1462=LINE('',#10175,#2051);
#1463=LINE('',#10176,#2052);
#1464=LINE('',#10182,#2053);
#1465=LINE('',#10184,#2054);
#1466=LINE('',#10186,#2055);
#1467=LINE('',#10187,#2056);
#1468=LINE('',#10190,#2057);
#1469=LINE('',#10192,#2058);
#1470=LINE('',#10193,#2059);
#1471=LINE('',#10196,#2060);
#1472=LINE('',#10198,#2061);
#1473=LINE('',#10199,#2062);
#1474=LINE('',#10202,#2063);
#1475=LINE('',#10204,#2064);
#1476=LINE('',#10205,#2065);
#1477=LINE('',#10208,#2066);
#1478=LINE('',#10210,#2067);
#1479=LINE('',#10211,#2068);
#1480=LINE('',#10214,#2069);
#1481=LINE('',#10216,#2070);
#1482=LINE('',#10217,#2071);
#1483=LINE('',#10220,#2072);
#1484=LINE('',#10222,#2073);
#1485=LINE('',#10223,#2074);
#1486=LINE('',#10226,#2075);
#1487=LINE('',#10228,#2076);
#1488=LINE('',#10229,#2077);
#1489=LINE('',#10232,#2078);
#1490=LINE('',#10234,#2079);
#1491=LINE('',#10235,#2080);
#1492=LINE('',#10238,#2081);
#1493=LINE('',#10240,#2082);
#1494=LINE('',#10241,#2083);
#1495=LINE('',#10247,#2084);
#1496=LINE('',#10253,#2085);
#1497=LINE('',#10259,#2086);
#1498=LINE('',#10262,#2087);
#1499=LINE('',#10264,#2088);
#1500=LINE('',#10265,#2089);
#1501=LINE('',#10271,#2090);
#1502=LINE('',#10277,#2091);
#1503=LINE('',#10283,#2092);
#1504=LINE('',#10289,#2093);
#1505=LINE('',#10291,#2094);
#1506=LINE('',#10292,#2095);
#1507=LINE('',#10312,#2096);
#1508=LINE('',#10314,#2097);
#1509=LINE('',#10316,#2098);
#1510=LINE('',#10317,#2099);
#1511=LINE('',#10320,#2100);
#1512=LINE('',#10322,#2101);
#1513=LINE('',#10323,#2102);
#1514=LINE('',#10326,#2103);
#1515=LINE('',#10328,#2104);
#1516=LINE('',#10329,#2105);
#1517=LINE('',#10332,#2106);
#1518=LINE('',#10334,#2107);
#1519=LINE('',#10335,#2108);
#1520=LINE('',#10338,#2109);
#1521=LINE('',#10340,#2110);
#1522=LINE('',#10341,#2111);
#1523=LINE('',#10347,#2112);
#1524=LINE('',#10353,#2113);
#1525=LINE('',#10359,#2114);
#1526=LINE('',#10362,#2115);
#1527=LINE('',#10364,#2116);
#1528=LINE('',#10365,#2117);
#1529=LINE('',#10368,#2118);
#1530=LINE('',#10370,#2119);
#1531=LINE('',#10371,#2120);
#1532=LINE('',#10374,#2121);
#1533=LINE('',#10376,#2122);
#1534=LINE('',#10377,#2123);
#1535=LINE('',#10383,#2124);
#1536=LINE('',#10389,#2125);
#1537=LINE('',#10395,#2126);
#1538=LINE('',#10406,#2127);
#1539=LINE('',#10409,#2128);
#1540=LINE('',#10415,#2129);
#1541=LINE('',#10421,#2130);
#1542=LINE('',#10427,#2131);
#1543=LINE('',#10430,#2132);
#1544=LINE('',#10432,#2133);
#1545=LINE('',#10433,#2134);
#1546=LINE('',#10436,#2135);
#1547=LINE('',#10438,#2136);
#1548=LINE('',#10439,#2137);
#1549=LINE('',#10445,#2138);
#1550=LINE('',#10454,#2139);
#1551=LINE('',#10457,#2140);
#1552=LINE('',#10463,#2141);
#1553=LINE('',#10469,#2142);
#1554=LINE('',#10475,#2143);
#1555=LINE('',#10481,#2144);
#1556=LINE('',#10487,#2145);
#1557=LINE('',#10490,#2146);
#1558=LINE('',#10492,#2147);
#1559=LINE('',#10493,#2148);
#1560=LINE('',#10496,#2149);
#1561=LINE('',#10498,#2150);
#1562=LINE('',#10499,#2151);
#1563=LINE('',#10505,#2152);
#1564=LINE('',#10511,#2153);
#1565=LINE('',#10517,#2154);
#1566=LINE('',#10523,#2155);
#1567=LINE('',#10529,#2156);
#1568=LINE('',#10535,#2157);
#1569=LINE('',#10541,#2158);
#1570=LINE('',#10547,#2159);
#1571=LINE('',#10553,#2160);
#1572=LINE('',#10559,#2161);
#1573=LINE('',#10565,#2162);
#1574=LINE('',#10571,#2163);
#1575=LINE('',#10577,#2164);
#1576=LINE('',#10580,#2165);
#1577=LINE('',#10582,#2166);
#1578=LINE('',#10583,#2167);
#1579=LINE('',#10589,#2168);
#1580=LINE('',#10592,#2169);
#1581=LINE('',#10594,#2170);
#1582=LINE('',#10595,#2171);
#1583=LINE('',#10598,#2172);
#1584=LINE('',#10600,#2173);
#1585=LINE('',#10601,#2174);
#1586=LINE('',#10603,#2175);
#1587=LINE('',#10604,#2176);
#1588=LINE('',#10610,#2177);
#1589=LINE('',#10612,#2178);
#1590=LINE('',#10614,#2179);
#1591=LINE('',#10615,#2180);
#1592=LINE('',#10618,#2181);
#1593=LINE('',#10620,#2182);
#1594=LINE('',#10621,#2183);
#1595=LINE('',#10624,#2184);
#1596=LINE('',#10626,#2185);
#1597=LINE('',#10627,#2186);
#1598=LINE('',#10630,#2187);
#1599=LINE('',#10632,#2188);
#1600=LINE('',#10633,#2189);
#1601=LINE('',#10636,#2190);
#1602=LINE('',#10638,#2191);
#1603=LINE('',#10639,#2192);
#1604=LINE('',#10645,#2193);
#1605=LINE('',#10651,#2194);
#1606=LINE('',#10657,#2195);
#1607=LINE('',#10660,#2196);
#1608=LINE('',#10662,#2197);
#1609=LINE('',#10663,#2198);
#1610=LINE('',#10666,#2199);
#1611=LINE('',#10668,#2200);
#1612=LINE('',#10669,#2201);
#1613=LINE('',#10672,#2202);
#1614=LINE('',#10674,#2203);
#1615=LINE('',#10675,#2204);
#1616=LINE('',#10681,#2205);
#1617=LINE('',#10687,#2206);
#1618=LINE('',#10693,#2207);
#1619=LINE('',#10704,#2208);
#1620=LINE('',#10707,#2209);
#1621=LINE('',#10713,#2210);
#1622=LINE('',#10719,#2211);
#1623=LINE('',#10722,#2212);
#1624=LINE('',#10724,#2213);
#1625=LINE('',#10725,#2214);
#1626=LINE('',#10731,#2215);
#1627=LINE('',#10737,#2216);
#1628=LINE('',#10743,#2217);
#1629=LINE('',#10749,#2218);
#1630=LINE('',#10755,#2219);
#1631=LINE('',#10761,#2220);
#1632=LINE('',#10767,#2221);
#1633=LINE('',#10773,#2222);
#1634=LINE('',#10779,#2223);
#1635=LINE('',#10785,#2224);
#1636=LINE('',#10791,#2225);
#1637=LINE('',#10797,#2226);
#1638=LINE('',#10803,#2227);
#1639=LINE('',#10809,#2228);
#1640=LINE('',#10812,#2229);
#1641=LINE('',#10814,#2230);
#1642=LINE('',#10815,#2231);
#1643=LINE('',#10824,#2232);
#1644=LINE('',#10827,#2233);
#1645=LINE('',#10830,#2234);
#1646=LINE('',#10832,#2235);
#1647=LINE('',#10833,#2236);
#1648=LINE('',#10839,#2237);
#1649=LINE('',#10845,#2238);
#1650=LINE('',#10851,#2239);
#1651=LINE('',#10857,#2240);
#1652=LINE('',#10863,#2241);
#1653=LINE('',#10869,#2242);
#1654=LINE('',#10875,#2243);
#1655=LINE('',#10881,#2244);
#1656=LINE('',#10887,#2245);
#1657=LINE('',#10893,#2246);
#1658=LINE('',#10899,#2247);
#1659=LINE('',#10905,#2248);
#1660=LINE('',#10911,#2249);
#1661=LINE('',#10917,#2250);
#1662=LINE('',#10923,#2251);
#1663=LINE('',#10929,#2252);
#1664=LINE('',#10935,#2253);
#1665=LINE('',#10941,#2254);
#1666=LINE('',#10944,#2255);
#1667=LINE('',#10946,#2256);
#1668=LINE('',#10947,#2257);
#1669=LINE('',#10956,#2258);
#1670=LINE('',#10958,#2259);
#1671=LINE('',#10960,#2260);
#1672=LINE('',#10961,#2261);
#1673=LINE('',#10964,#2262);
#1674=LINE('',#10966,#2263);
#1675=LINE('',#10967,#2264);
#1676=LINE('',#10970,#2265);
#1677=LINE('',#10972,#2266);
#1678=LINE('',#10973,#2267);
#1679=LINE('',#10976,#2268);
#1680=LINE('',#10978,#2269);
#1681=LINE('',#10979,#2270);
#1682=LINE('',#10982,#2271);
#1683=LINE('',#10984,#2272);
#1684=LINE('',#10985,#2273);
#1685=LINE('',#10991,#2274);
#1686=LINE('',#10997,#2275);
#1687=LINE('',#11003,#2276);
#1688=LINE('',#11006,#2277);
#1689=LINE('',#11008,#2278);
#1690=LINE('',#11009,#2279);
#1691=LINE('',#11012,#2280);
#1692=LINE('',#11014,#2281);
#1693=LINE('',#11015,#2282);
#1694=LINE('',#11018,#2283);
#1695=LINE('',#11020,#2284);
#1696=LINE('',#11021,#2285);
#1697=LINE('',#11027,#2286);
#1698=LINE('',#11033,#2287);
#1699=LINE('',#11039,#2288);
#1700=LINE('',#11048,#2289);
#1701=LINE('',#11050,#2290);
#1702=LINE('',#11052,#2291);
#1703=LINE('',#11053,#2292);
#1704=LINE('',#11056,#2293);
#1705=LINE('',#11058,#2294);
#1706=LINE('',#11059,#2295);
#1707=LINE('',#11062,#2296);
#1708=LINE('',#11064,#2297);
#1709=LINE('',#11065,#2298);
#1710=LINE('',#11067,#2299);
#1711=LINE('',#11068,#2300);
#1712=LINE('',#11076,#2301);
#1713=LINE('',#11079,#2302);
#1714=LINE('',#11082,#2303);
#1715=LINE('',#11084,#2304);
#1716=LINE('',#11085,#2305);
#1717=LINE('',#11088,#2306);
#1718=LINE('',#11090,#2307);
#1719=LINE('',#11091,#2308);
#1720=LINE('',#11094,#2309);
#1721=LINE('',#11096,#2310);
#1722=LINE('',#11097,#2311);
#1723=LINE('',#11103,#2312);
#1724=LINE('',#11106,#2313);
#1725=LINE('',#11108,#2314);
#1726=LINE('',#11109,#2315);
#1727=LINE('',#11115,#2316);
#1728=LINE('',#11118,#2317);
#1729=LINE('',#11120,#2318);
#1730=LINE('',#11121,#2319);
#1731=LINE('',#11124,#2320);
#1732=LINE('',#11126,#2321);
#1733=LINE('',#11127,#2322);
#1734=LINE('',#11130,#2323);
#1735=LINE('',#11132,#2324);
#1736=LINE('',#11133,#2325);
#1737=LINE('',#11139,#2326);
#1738=LINE('',#11141,#2327);
#1739=LINE('',#11142,#2328);
#1740=LINE('',#11150,#2329);
#1741=LINE('',#11153,#2330);
#1742=LINE('',#11156,#2331);
#1743=LINE('',#11158,#2332);
#1744=LINE('',#11159,#2333);
#1745=LINE('',#11162,#2334);
#1746=LINE('',#11164,#2335);
#1747=LINE('',#11165,#2336);
#1748=LINE('',#11168,#2337);
#1749=LINE('',#11170,#2338);
#1750=LINE('',#11171,#2339);
#1751=LINE('',#11177,#2340);
#1752=LINE('',#11180,#2341);
#1753=LINE('',#11182,#2342);
#1754=LINE('',#11183,#2343);
#1755=LINE('',#11189,#2344);
#1756=LINE('',#11192,#2345);
#1757=LINE('',#11194,#2346);
#1758=LINE('',#11195,#2347);
#1759=LINE('',#11198,#2348);
#1760=LINE('',#11200,#2349);
#1761=LINE('',#11201,#2350);
#1762=LINE('',#11204,#2351);
#1763=LINE('',#11206,#2352);
#1764=LINE('',#11207,#2353);
#1765=LINE('',#11213,#2354);
#1766=LINE('',#11215,#2355);
#1767=LINE('',#11216,#2356);
#1768=LINE('',#11224,#2357);
#1769=LINE('',#11227,#2358);
#1770=LINE('',#11230,#2359);
#1771=LINE('',#11232,#2360);
#1772=LINE('',#11233,#2361);
#1773=LINE('',#11236,#2362);
#1774=LINE('',#11238,#2363);
#1775=LINE('',#11239,#2364);
#1776=LINE('',#11242,#2365);
#1777=LINE('',#11244,#2366);
#1778=LINE('',#11245,#2367);
#1779=LINE('',#11251,#2368);
#1780=LINE('',#11254,#2369);
#1781=LINE('',#11256,#2370);
#1782=LINE('',#11257,#2371);
#1783=LINE('',#11263,#2372);
#1784=LINE('',#11266,#2373);
#1785=LINE('',#11268,#2374);
#1786=LINE('',#11269,#2375);
#1787=LINE('',#11272,#2376);
#1788=LINE('',#11274,#2377);
#1789=LINE('',#11275,#2378);
#1790=LINE('',#11278,#2379);
#1791=LINE('',#11280,#2380);
#1792=LINE('',#11281,#2381);
#1793=LINE('',#11287,#2382);
#1794=LINE('',#11289,#2383);
#1795=LINE('',#11290,#2384);
#1796=LINE('',#11298,#2385);
#1797=LINE('',#11301,#2386);
#1798=LINE('',#11304,#2387);
#1799=LINE('',#11306,#2388);
#1800=LINE('',#11307,#2389);
#1801=LINE('',#11310,#2390);
#1802=LINE('',#11312,#2391);
#1803=LINE('',#11313,#2392);
#1804=LINE('',#11316,#2393);
#1805=LINE('',#11318,#2394);
#1806=LINE('',#11319,#2395);
#1807=LINE('',#11325,#2396);
#1808=LINE('',#11328,#2397);
#1809=LINE('',#11330,#2398);
#1810=LINE('',#11331,#2399);
#1811=LINE('',#11337,#2400);
#1812=LINE('',#11340,#2401);
#1813=LINE('',#11342,#2402);
#1814=LINE('',#11343,#2403);
#1815=LINE('',#11346,#2404);
#1816=LINE('',#11348,#2405);
#1817=LINE('',#11349,#2406);
#1818=LINE('',#11352,#2407);
#1819=LINE('',#11354,#2408);
#1820=LINE('',#11355,#2409);
#1821=LINE('',#11361,#2410);
#1822=LINE('',#11363,#2411);
#1823=LINE('',#11364,#2412);
#1824=LINE('',#11372,#2413);
#1825=LINE('',#11375,#2414);
#1826=LINE('',#11378,#2415);
#1827=LINE('',#11380,#2416);
#1828=LINE('',#11381,#2417);
#1829=LINE('',#11384,#2418);
#1830=LINE('',#11386,#2419);
#1831=LINE('',#11387,#2420);
#1832=LINE('',#11390,#2421);
#1833=LINE('',#11392,#2422);
#1834=LINE('',#11393,#2423);
#1835=LINE('',#11399,#2424);
#1836=LINE('',#11402,#2425);
#1837=LINE('',#11404,#2426);
#1838=LINE('',#11405,#2427);
#1839=LINE('',#11411,#2428);
#1840=LINE('',#11414,#2429);
#1841=LINE('',#11416,#2430);
#1842=LINE('',#11417,#2431);
#1843=LINE('',#11420,#2432);
#1844=LINE('',#11422,#2433);
#1845=LINE('',#11423,#2434);
#1846=LINE('',#11426,#2435);
#1847=LINE('',#11428,#2436);
#1848=LINE('',#11429,#2437);
#1849=LINE('',#11435,#2438);
#1850=LINE('',#11437,#2439);
#1851=LINE('',#11438,#2440);
#1852=LINE('',#11446,#2441);
#1853=LINE('',#11449,#2442);
#1854=LINE('',#11452,#2443);
#1855=LINE('',#11454,#2444);
#1856=LINE('',#11455,#2445);
#1857=LINE('',#11458,#2446);
#1858=LINE('',#11460,#2447);
#1859=LINE('',#11461,#2448);
#1860=LINE('',#11464,#2449);
#1861=LINE('',#11466,#2450);
#1862=LINE('',#11467,#2451);
#1863=LINE('',#11472,#2452);
#1864=LINE('',#11476,#2453);
#1865=LINE('',#11478,#2454);
#1866=LINE('',#11479,#2455);
#1867=LINE('',#11484,#2456);
#1868=LINE('',#11488,#2457);
#1869=LINE('',#11490,#2458);
#1870=LINE('',#11491,#2459);
#1871=LINE('',#11494,#2460);
#1872=LINE('',#11496,#2461);
#1873=LINE('',#11497,#2462);
#1874=LINE('',#11500,#2463);
#1875=LINE('',#11502,#2464);
#1876=LINE('',#11503,#2465);
#1877=LINE('',#11508,#2466);
#1878=LINE('',#11511,#2467);
#1879=LINE('',#11512,#2468);
#1880=LINE('',#11520,#2469);
#1881=LINE('',#11523,#2470);
#1882=LINE('',#11526,#2471);
#1883=LINE('',#11528,#2472);
#1884=LINE('',#11529,#2473);
#1885=LINE('',#11532,#2474);
#1886=LINE('',#11534,#2475);
#1887=LINE('',#11535,#2476);
#1888=LINE('',#11538,#2477);
#1889=LINE('',#11540,#2478);
#1890=LINE('',#11541,#2479);
#1891=LINE('',#11546,#2480);
#1892=LINE('',#11550,#2481);
#1893=LINE('',#11552,#2482);
#1894=LINE('',#11553,#2483);
#1895=LINE('',#11558,#2484);
#1896=LINE('',#11562,#2485);
#1897=LINE('',#11564,#2486);
#1898=LINE('',#11565,#2487);
#1899=LINE('',#11568,#2488);
#1900=LINE('',#11570,#2489);
#1901=LINE('',#11571,#2490);
#1902=LINE('',#11574,#2491);
#1903=LINE('',#11576,#2492);
#1904=LINE('',#11577,#2493);
#1905=LINE('',#11582,#2494);
#1906=LINE('',#11585,#2495);
#1907=LINE('',#11586,#2496);
#1908=LINE('',#11594,#2497);
#1909=LINE('',#11597,#2498);
#1910=LINE('',#11600,#2499);
#1911=LINE('',#11602,#2500);
#1912=LINE('',#11603,#2501);
#1913=LINE('',#11606,#2502);
#1914=LINE('',#11608,#2503);
#1915=LINE('',#11609,#2504);
#1916=LINE('',#11612,#2505);
#1917=LINE('',#11614,#2506);
#1918=LINE('',#11615,#2507);
#1919=LINE('',#11621,#2508);
#1920=LINE('',#11624,#2509);
#1921=LINE('',#11626,#2510);
#1922=LINE('',#11627,#2511);
#1923=LINE('',#11633,#2512);
#1924=LINE('',#11636,#2513);
#1925=LINE('',#11638,#2514);
#1926=LINE('',#11639,#2515);
#1927=LINE('',#11642,#2516);
#1928=LINE('',#11644,#2517);
#1929=LINE('',#11645,#2518);
#1930=LINE('',#11648,#2519);
#1931=LINE('',#11650,#2520);
#1932=LINE('',#11651,#2521);
#1933=LINE('',#11657,#2522);
#1934=LINE('',#11659,#2523);
#1935=LINE('',#11660,#2524);
#1936=VECTOR('',#7280,1.);
#1937=VECTOR('',#7283,1.);
#1938=VECTOR('',#7288,1.);
#1939=VECTOR('',#7289,1.);
#1940=VECTOR('',#7290,1.);
#1941=VECTOR('',#7293,1.);
#1942=VECTOR('',#7298,1.);
#1943=VECTOR('',#7303,1.);
#1944=VECTOR('',#7308,1.);
#1945=VECTOR('',#7309,1.);
#1946=VECTOR('',#7312,1.);
#1947=VECTOR('',#7317,1.);
#1948=VECTOR('',#7320,1.);
#1949=VECTOR('',#7323,1.);
#1950=VECTOR('',#7328,1.);
#1951=VECTOR('',#7329,1.);
#1952=VECTOR('',#7332,1.);
#1953=VECTOR('',#7333,1.);
#1954=VECTOR('',#7336,1.);
#1955=VECTOR('',#7337,1.);
#1956=VECTOR('',#7340,1.);
#1957=VECTOR('',#7345,1.);
#1958=VECTOR('',#7346,1.);
#1959=VECTOR('',#7359,1.);
#1960=VECTOR('',#7364,1.);
#1961=VECTOR('',#7365,1.);
#1962=VECTOR('',#7374,1.);
#1963=VECTOR('',#7375,1.);
#1964=VECTOR('',#7378,1.);
#1965=VECTOR('',#7379,1.);
#1966=VECTOR('',#7382,1.);
#1967=VECTOR('',#7383,1.);
#1968=VECTOR('',#7386,1.);
#1969=VECTOR('',#7387,1.);
#1970=VECTOR('',#7390,1.);
#1971=VECTOR('',#7393,1.);
#1972=VECTOR('',#7396,1.);
#1973=VECTOR('',#7397,1.);
#1974=VECTOR('',#7400,1.);
#1975=VECTOR('',#7405,1.);
#1976=VECTOR('',#7406,1.);
#1977=VECTOR('',#7411,1.);
#1978=VECTOR('',#7416,1.);
#1979=VECTOR('',#7417,1.);
#1980=VECTOR('',#7420,1.);
#1981=VECTOR('',#7425,1.);
#1982=VECTOR('',#7432,1.);
#1983=VECTOR('',#7435,1.);
#1984=VECTOR('',#7438,1.);
#1985=VECTOR('',#7439,1.);
#1986=VECTOR('',#7440,1.);
#1987=VECTOR('',#7447,1.);
#1988=VECTOR('',#7450,1.);
#1989=VECTOR('',#7451,1.);
#1990=VECTOR('',#7452,1.);
#1991=VECTOR('',#7459,1.);
#1992=VECTOR('',#7462,1.);
#1993=VECTOR('',#7463,1.);
#1994=VECTOR('',#7464,1.);
#1995=VECTOR('',#7471,1.);
#1996=VECTOR('',#7474,1.);
#1997=VECTOR('',#7475,1.);
#1998=VECTOR('',#7494,2.37067018155147);
#1999=VECTOR('',#7497,2.37067018155147);
#2000=VECTOR('',#7504,2.37067018155147);
#2001=VECTOR('',#7511,2.37067018155147);
#2002=VECTOR('',#7518,2.37067018155147);
#2003=VECTOR('',#7525,2.37067018155147);
#2004=VECTOR('',#7532,2.37067018155147);
#2005=VECTOR('',#7539,2.37067018155147);
#2006=VECTOR('',#7546,2.37067018155147);
#2007=VECTOR('',#7553,2.37067018155147);
#2008=VECTOR('',#7560,2.37067018155147);
#2009=VECTOR('',#7567,2.37067018155147);
#2010=VECTOR('',#7570,0.325588945229633);
#2011=VECTOR('',#7571,0.325588945229633);
#2012=VECTOR('',#7572,2.37067018155147);
#2013=VECTOR('',#7579,2.37067018155147);
#2014=VECTOR('',#7586,2.37067018155147);
#2015=VECTOR('',#7593,2.37067018155147);
#2016=VECTOR('',#7596,0.325588945229632);
#2017=VECTOR('',#7597,0.325588945229632);
#2018=VECTOR('',#7598,2.37067018155147);
#2019=VECTOR('',#7601,0.325588945229633);
#2020=VECTOR('',#7602,0.325588945229633);
#2021=VECTOR('',#7603,2.37067018155147);
#2022=VECTOR('',#7610,2.37067018155147);
#2023=VECTOR('',#7617,2.37067018155147);
#2024=VECTOR('',#7624,2.37067018155147);
#2025=VECTOR('',#7631,2.37067018155147);
#2026=VECTOR('',#7638,2.37067018155147);
#2027=VECTOR('',#7645,2.37067018155147);
#2028=VECTOR('',#7652,2.37067018155147);
#2029=VECTOR('',#7665,0.325588945229633);
#2030=VECTOR('',#7666,2.37067018155147);
#2031=VECTOR('',#7667,0.325588945229633);
#2032=VECTOR('',#7668,2.37067018155147);
#2033=VECTOR('',#7671,0.325588945229633);
#2034=VECTOR('',#7672,0.325588945229633);
#2035=VECTOR('',#7673,2.37067018155147);
#2036=VECTOR('',#7676,0.325588945229633);
#2037=VECTOR('',#7677,0.325588945229633);
#2038=VECTOR('',#7678,2.37067018155147);
#2039=VECTOR('',#7681,0.325588945229633);
#2040=VECTOR('',#7682,0.325588945229633);
#2041=VECTOR('',#7689,0.325588945229633);
#2042=VECTOR('',#7690,2.37067018155147);
#2043=VECTOR('',#7691,0.325588945229633);
#2044=VECTOR('',#7692,2.37067018155147);
#2045=VECTOR('',#7695,0.325588945229633);
#2046=VECTOR('',#7696,0.325588945229633);
#2047=VECTOR('',#7697,2.37067018155147);
#2048=VECTOR('',#7700,0.325588945229633);
#2049=VECTOR('',#7701,0.325588945229633);
#2050=VECTOR('',#7702,2.37067018155147);
#2051=VECTOR('',#7705,0.325588945229632);
#2052=VECTOR('',#7706,0.325588945229632);
#2053=VECTOR('',#7713,0.325588945229633);
#2054=VECTOR('',#7714,2.37067018155147);
#2055=VECTOR('',#7715,0.325588945229633);
#2056=VECTOR('',#7716,2.37067018155147);
#2057=VECTOR('',#7719,0.325588945229633);
#2058=VECTOR('',#7720,0.325588945229633);
#2059=VECTOR('',#7721,2.37067018155147);
#2060=VECTOR('',#7724,0.325588945229633);
#2061=VECTOR('',#7725,0.325588945229633);
#2062=VECTOR('',#7726,2.37067018155147);
#2063=VECTOR('',#7729,0.325588945229633);
#2064=VECTOR('',#7730,0.325588945229633);
#2065=VECTOR('',#7731,2.37067018155147);
#2066=VECTOR('',#7734,0.325588945229633);
#2067=VECTOR('',#7735,0.325588945229633);
#2068=VECTOR('',#7736,2.37067018155147);
#2069=VECTOR('',#7739,0.325588945229633);
#2070=VECTOR('',#7740,0.325588945229633);
#2071=VECTOR('',#7741,2.37067018155147);
#2072=VECTOR('',#7744,0.325588945229633);
#2073=VECTOR('',#7745,0.325588945229633);
#2074=VECTOR('',#7746,2.37067018155147);
#2075=VECTOR('',#7749,0.325588945229633);
#2076=VECTOR('',#7750,0.325588945229633);
#2077=VECTOR('',#7751,2.37067018155147);
#2078=VECTOR('',#7754,0.325588945229633);
#2079=VECTOR('',#7755,0.325588945229633);
#2080=VECTOR('',#7756,2.37067018155147);
#2081=VECTOR('',#7759,0.325588945229633);
#2082=VECTOR('',#7760,0.325588945229633);
#2083=VECTOR('',#7761,2.37067018155147);
#2084=VECTOR('',#7768,2.37067018155147);
#2085=VECTOR('',#7775,2.37067018155147);
#2086=VECTOR('',#7782,2.37067018155147);
#2087=VECTOR('',#7785,0.325588945229633);
#2088=VECTOR('',#7786,0.325588945229633);
#2089=VECTOR('',#7787,2.37067018155147);
#2090=VECTOR('',#7794,2.37067018155147);
#2091=VECTOR('',#7801,2.37067018155147);
#2092=VECTOR('',#7808,2.37067018155147);
#2093=VECTOR('',#7815,2.37067018155147);
#2094=VECTOR('',#7818,0.325588945229633);
#2095=VECTOR('',#7819,0.325588945229633);
#2096=VECTOR('',#7846,0.325588945229633);
#2097=VECTOR('',#7847,2.37067018155147);
#2098=VECTOR('',#7848,0.325588945229633);
#2099=VECTOR('',#7849,2.37067018155147);
#2100=VECTOR('',#7852,0.325588945229633);
#2101=VECTOR('',#7853,0.325588945229633);
#2102=VECTOR('',#7854,2.37067018155147);
#2103=VECTOR('',#7857,0.325588945229633);
#2104=VECTOR('',#7858,0.325588945229633);
#2105=VECTOR('',#7859,2.37067018155147);
#2106=VECTOR('',#7862,0.325588945229633);
#2107=VECTOR('',#7863,0.325588945229633);
#2108=VECTOR('',#7864,2.37067018155147);
#2109=VECTOR('',#7867,0.325588945229633);
#2110=VECTOR('',#7868,0.325588945229633);
#2111=VECTOR('',#7869,2.37067018155147);
#2112=VECTOR('',#7876,2.37067018155147);
#2113=VECTOR('',#7883,2.37067018155147);
#2114=VECTOR('',#7890,2.37067018155147);
#2115=VECTOR('',#7893,0.325588945229633);
#2116=VECTOR('',#7894,0.325588945229633);
#2117=VECTOR('',#7895,2.37067018155147);
#2118=VECTOR('',#7898,0.325588945229633);
#2119=VECTOR('',#7899,0.325588945229633);
#2120=VECTOR('',#7900,2.37067018155147);
#2121=VECTOR('',#7903,0.325588945229633);
#2122=VECTOR('',#7904,0.325588945229633);
#2123=VECTOR('',#7905,2.37067018155147);
#2124=VECTOR('',#7912,2.37067018155147);
#2125=VECTOR('',#7919,2.37067018155147);
#2126=VECTOR('',#7926,2.37067018155147);
#2127=VECTOR('',#7941,2.37067018155147);
#2128=VECTOR('',#7944,2.37067018155147);
#2129=VECTOR('',#7951,2.37067018155147);
#2130=VECTOR('',#7958,2.37067018155147);
#2131=VECTOR('',#7965,2.37067018155147);
#2132=VECTOR('',#7968,0.325588945229633);
#2133=VECTOR('',#7969,0.325588945229633);
#2134=VECTOR('',#7970,2.37067018155147);
#2135=VECTOR('',#7973,0.325588945229633);
#2136=VECTOR('',#7974,0.325588945229633);
#2137=VECTOR('',#7975,2.37067018155147);
#2138=VECTOR('',#7982,2.37067018155147);
#2139=VECTOR('',#7993,2.37067018155147);
#2140=VECTOR('',#7996,2.37067018155147);
#2141=VECTOR('',#8003,2.37067018155147);
#2142=VECTOR('',#8010,2.37067018155147);
#2143=VECTOR('',#8017,2.37067018155147);
#2144=VECTOR('',#8024,2.37067018155147);
#2145=VECTOR('',#8031,2.37067018155147);
#2146=VECTOR('',#8034,0.325588945229633);
#2147=VECTOR('',#8035,0.325588945229633);
#2148=VECTOR('',#8036,2.37067018155147);
#2149=VECTOR('',#8039,0.325588945229633);
#2150=VECTOR('',#8040,0.325588945229633);
#2151=VECTOR('',#8041,2.37067018155147);
#2152=VECTOR('',#8048,2.37067018155147);
#2153=VECTOR('',#8055,2.37067018155147);
#2154=VECTOR('',#8062,2.37067018155147);
#2155=VECTOR('',#8069,2.37067018155147);
#2156=VECTOR('',#8076,2.37067018155147);
#2157=VECTOR('',#8083,2.37067018155147);
#2158=VECTOR('',#8090,2.37067018155147);
#2159=VECTOR('',#8097,2.37067018155147);
#2160=VECTOR('',#8104,2.37067018155147);
#2161=VECTOR('',#8111,2.37067018155147);
#2162=VECTOR('',#8118,2.37067018155147);
#2163=VECTOR('',#8125,2.37067018155147);
#2164=VECTOR('',#8132,2.37067018155147);
#2165=VECTOR('',#8135,0.325588945229633);
#2166=VECTOR('',#8136,0.325588945229633);
#2167=VECTOR('',#8137,2.37067018155147);
#2168=VECTOR('',#8144,2.37067018155147);
#2169=VECTOR('',#8147,0.325588945229633);
#2170=VECTOR('',#8148,0.325588945229633);
#2171=VECTOR('',#8149,2.37067018155147);
#2172=VECTOR('',#8152,0.325588945229633);
#2173=VECTOR('',#8153,0.325588945229633);
#2174=VECTOR('',#8154,2.37067018155147);
#2175=VECTOR('',#8157,0.325588945229633);
#2176=VECTOR('',#8158,0.325588945229633);
#2177=VECTOR('',#8165,0.325588945229633);
#2178=VECTOR('',#8166,2.37067018155147);
#2179=VECTOR('',#8167,0.325588945229633);
#2180=VECTOR('',#8168,2.37067018155147);
#2181=VECTOR('',#8171,0.325588945229633);
#2182=VECTOR('',#8172,0.325588945229633);
#2183=VECTOR('',#8173,2.37067018155147);
#2184=VECTOR('',#8176,0.325588945229633);
#2185=VECTOR('',#8177,0.325588945229633);
#2186=VECTOR('',#8178,2.37067018155147);
#2187=VECTOR('',#8181,0.325588945229633);
#2188=VECTOR('',#8182,0.325588945229633);
#2189=VECTOR('',#8183,2.37067018155147);
#2190=VECTOR('',#8186,0.325588945229633);
#2191=VECTOR('',#8187,0.325588945229633);
#2192=VECTOR('',#8188,2.37067018155147);
#2193=VECTOR('',#8195,2.37067018155147);
#2194=VECTOR('',#8202,2.37067018155147);
#2195=VECTOR('',#8209,2.37067018155147);
#2196=VECTOR('',#8212,0.325588945229633);
#2197=VECTOR('',#8213,0.325588945229633);
#2198=VECTOR('',#8214,2.37067018155147);
#2199=VECTOR('',#8217,0.325588945229633);
#2200=VECTOR('',#8218,0.325588945229633);
#2201=VECTOR('',#8219,2.37067018155147);
#2202=VECTOR('',#8222,0.325588945229633);
#2203=VECTOR('',#8223,0.325588945229633);
#2204=VECTOR('',#8224,2.37067018155147);
#2205=VECTOR('',#8231,2.37067018155147);
#2206=VECTOR('',#8238,2.37067018155147);
#2207=VECTOR('',#8245,2.37067018155147);
#2208=VECTOR('',#8260,2.37067018155147);
#2209=VECTOR('',#8263,2.37067018155147);
#2210=VECTOR('',#8270,2.37067018155147);
#2211=VECTOR('',#8277,2.37067018155147);
#2212=VECTOR('',#8280,0.325588945229633);
#2213=VECTOR('',#8281,0.325588945229633);
#2214=VECTOR('',#8282,2.37067018155147);
#2215=VECTOR('',#8289,2.37067018155147);
#2216=VECTOR('',#8296,2.37067018155147);
#2217=VECTOR('',#8303,2.37067018155147);
#2218=VECTOR('',#8310,2.37067018155147);
#2219=VECTOR('',#8317,2.37067018155147);
#2220=VECTOR('',#8324,2.37067018155147);
#2221=VECTOR('',#8331,2.37067018155147);
#2222=VECTOR('',#8338,2.37067018155147);
#2223=VECTOR('',#8345,2.37067018155147);
#2224=VECTOR('',#8352,2.37067018155147);
#2225=VECTOR('',#8359,2.37067018155147);
#2226=VECTOR('',#8366,2.37067018155147);
#2227=VECTOR('',#8373,2.37067018155147);
#2228=VECTOR('',#8380,2.37067018155147);
#2229=VECTOR('',#8383,0.325588945229633);
#2230=VECTOR('',#8384,0.325588945229633);
#2231=VECTOR('',#8385,2.37067018155147);
#2232=VECTOR('',#8396,2.37067018155147);
#2233=VECTOR('',#8399,2.37067018155147);
#2234=VECTOR('',#8402,0.325588945229633);
#2235=VECTOR('',#8403,0.325588945229633);
#2236=VECTOR('',#8404,2.37067018155147);
#2237=VECTOR('',#8411,2.37067018155147);
#2238=VECTOR('',#8418,2.37067018155147);
#2239=VECTOR('',#8425,2.37067018155147);
#2240=VECTOR('',#8432,2.37067018155147);
#2241=VECTOR('',#8439,2.37067018155147);
#2242=VECTOR('',#8446,2.37067018155147);
#2243=VECTOR('',#8453,2.37067018155147);
#2244=VECTOR('',#8460,2.37067018155147);
#2245=VECTOR('',#8467,2.37067018155147);
#2246=VECTOR('',#8474,2.37067018155147);
#2247=VECTOR('',#8481,2.37067018155147);
#2248=VECTOR('',#8488,2.37067018155147);
#2249=VECTOR('',#8495,2.37067018155147);
#2250=VECTOR('',#8502,2.37067018155147);
#2251=VECTOR('',#8509,2.37067018155147);
#2252=VECTOR('',#8516,2.37067018155147);
#2253=VECTOR('',#8523,2.37067018155147);
#2254=VECTOR('',#8530,2.37067018155147);
#2255=VECTOR('',#8533,0.325588945229633);
#2256=VECTOR('',#8534,0.325588945229633);
#2257=VECTOR('',#8535,2.37067018155147);
#2258=VECTOR('',#8548,0.325588945229633);
#2259=VECTOR('',#8549,2.37067018155147);
#2260=VECTOR('',#8550,0.325588945229633);
#2261=VECTOR('',#8551,2.37067018155147);
#2262=VECTOR('',#8554,0.325588945229633);
#2263=VECTOR('',#8555,0.325588945229633);
#2264=VECTOR('',#8556,2.37067018155147);
#2265=VECTOR('',#8559,0.325588945229633);
#2266=VECTOR('',#8560,0.325588945229633);
#2267=VECTOR('',#8561,2.37067018155147);
#2268=VECTOR('',#8564,0.325588945229633);
#2269=VECTOR('',#8565,0.325588945229633);
#2270=VECTOR('',#8566,2.37067018155147);
#2271=VECTOR('',#8569,0.325588945229633);
#2272=VECTOR('',#8570,0.325588945229633);
#2273=VECTOR('',#8571,2.37067018155147);
#2274=VECTOR('',#8578,2.37067018155147);
#2275=VECTOR('',#8585,2.37067018155147);
#2276=VECTOR('',#8592,2.37067018155147);
#2277=VECTOR('',#8595,0.325588945229633);
#2278=VECTOR('',#8596,0.325588945229633);
#2279=VECTOR('',#8597,2.37067018155147);
#2280=VECTOR('',#8600,0.325588945229633);
#2281=VECTOR('',#8601,0.325588945229633);
#2282=VECTOR('',#8602,2.37067018155147);
#2283=VECTOR('',#8605,0.325588945229633);
#2284=VECTOR('',#8606,0.325588945229633);
#2285=VECTOR('',#8607,2.37067018155147);
#2286=VECTOR('',#8614,2.37067018155147);
#2287=VECTOR('',#8621,2.37067018155147);
#2288=VECTOR('',#8628,2.37067018155147);
#2289=VECTOR('',#8641,0.325588945229633);
#2290=VECTOR('',#8642,2.37067018155147);
#2291=VECTOR('',#8643,0.325588945229633);
#2292=VECTOR('',#8644,2.37067018155147);
#2293=VECTOR('',#8647,0.325588945229633);
#2294=VECTOR('',#8648,0.325588945229633);
#2295=VECTOR('',#8649,2.37067018155147);
#2296=VECTOR('',#8652,0.325588945229633);
#2297=VECTOR('',#8653,0.325588945229633);
#2298=VECTOR('',#8654,2.37067018155147);
#2299=VECTOR('',#8657,0.325588945229633);
#2300=VECTOR('',#8658,0.325588945229633);
#2301=VECTOR('',#8667,1.);
#2302=VECTOR('',#8670,1.);
#2303=VECTOR('',#8673,1.);
#2304=VECTOR('',#8674,1.);
#2305=VECTOR('',#8675,1.);
#2306=VECTOR('',#8678,1.);
#2307=VECTOR('',#8679,1.);
#2308=VECTOR('',#8680,1.);
#2309=VECTOR('',#8683,1.);
#2310=VECTOR('',#8684,1.);
#2311=VECTOR('',#8685,1.);
#2312=VECTOR('',#8692,1.);
#2313=VECTOR('',#8695,1.);
#2314=VECTOR('',#8696,1.);
#2315=VECTOR('',#8697,1.);
#2316=VECTOR('',#8704,1.);
#2317=VECTOR('',#8707,1.);
#2318=VECTOR('',#8708,1.);
#2319=VECTOR('',#8709,1.);
#2320=VECTOR('',#8712,1.);
#2321=VECTOR('',#8713,1.);
#2322=VECTOR('',#8714,1.);
#2323=VECTOR('',#8717,1.);
#2324=VECTOR('',#8718,1.);
#2325=VECTOR('',#8719,1.);
#2326=VECTOR('',#8726,1.);
#2327=VECTOR('',#8729,1.);
#2328=VECTOR('',#8730,1.);
#2329=VECTOR('',#8739,1.);
#2330=VECTOR('',#8742,1.);
#2331=VECTOR('',#8745,1.);
#2332=VECTOR('',#8746,1.);
#2333=VECTOR('',#8747,1.);
#2334=VECTOR('',#8750,1.);
#2335=VECTOR('',#8751,1.);
#2336=VECTOR('',#8752,1.);
#2337=VECTOR('',#8755,1.);
#2338=VECTOR('',#8756,1.);
#2339=VECTOR('',#8757,1.);
#2340=VECTOR('',#8764,1.);
#2341=VECTOR('',#8767,1.);
#2342=VECTOR('',#8768,1.);
#2343=VECTOR('',#8769,1.);
#2344=VECTOR('',#8776,1.);
#2345=VECTOR('',#8779,1.);
#2346=VECTOR('',#8780,1.);
#2347=VECTOR('',#8781,1.);
#2348=VECTOR('',#8784,1.);
#2349=VECTOR('',#8785,1.);
#2350=VECTOR('',#8786,1.);
#2351=VECTOR('',#8789,1.);
#2352=VECTOR('',#8790,1.);
#2353=VECTOR('',#8791,1.);
#2354=VECTOR('',#8798,1.);
#2355=VECTOR('',#8801,1.);
#2356=VECTOR('',#8802,1.);
#2357=VECTOR('',#8811,1.);
#2358=VECTOR('',#8814,1.);
#2359=VECTOR('',#8817,1.);
#2360=VECTOR('',#8818,1.);
#2361=VECTOR('',#8819,1.);
#2362=VECTOR('',#8822,1.);
#2363=VECTOR('',#8823,1.);
#2364=VECTOR('',#8824,1.);
#2365=VECTOR('',#8827,1.);
#2366=VECTOR('',#8828,1.);
#2367=VECTOR('',#8829,1.);
#2368=VECTOR('',#8836,1.);
#2369=VECTOR('',#8839,1.);
#2370=VECTOR('',#8840,1.);
#2371=VECTOR('',#8841,1.);
#2372=VECTOR('',#8848,1.);
#2373=VECTOR('',#8851,1.);
#2374=VECTOR('',#8852,1.);
#2375=VECTOR('',#8853,1.);
#2376=VECTOR('',#8856,1.);
#2377=VECTOR('',#8857,1.);
#2378=VECTOR('',#8858,1.);
#2379=VECTOR('',#8861,1.);
#2380=VECTOR('',#8862,1.);
#2381=VECTOR('',#8863,1.);
#2382=VECTOR('',#8870,1.);
#2383=VECTOR('',#8873,1.);
#2384=VECTOR('',#8874,1.);
#2385=VECTOR('',#8883,1.);
#2386=VECTOR('',#8886,1.);
#2387=VECTOR('',#8889,1.);
#2388=VECTOR('',#8890,1.);
#2389=VECTOR('',#8891,1.);
#2390=VECTOR('',#8894,1.);
#2391=VECTOR('',#8895,1.);
#2392=VECTOR('',#8896,1.);
#2393=VECTOR('',#8899,1.);
#2394=VECTOR('',#8900,1.);
#2395=VECTOR('',#8901,1.);
#2396=VECTOR('',#8908,1.);
#2397=VECTOR('',#8911,1.);
#2398=VECTOR('',#8912,1.);
#2399=VECTOR('',#8913,1.);
#2400=VECTOR('',#8920,1.);
#2401=VECTOR('',#8923,1.);
#2402=VECTOR('',#8924,1.);
#2403=VECTOR('',#8925,1.);
#2404=VECTOR('',#8928,1.);
#2405=VECTOR('',#8929,1.);
#2406=VECTOR('',#8930,1.);
#2407=VECTOR('',#8933,1.);
#2408=VECTOR('',#8934,1.);
#2409=VECTOR('',#8935,1.);
#2410=VECTOR('',#8942,1.);
#2411=VECTOR('',#8945,1.);
#2412=VECTOR('',#8946,1.);
#2413=VECTOR('',#8955,1.);
#2414=VECTOR('',#8958,1.);
#2415=VECTOR('',#8961,1.);
#2416=VECTOR('',#8962,1.);
#2417=VECTOR('',#8963,1.);
#2418=VECTOR('',#8966,1.);
#2419=VECTOR('',#8967,1.);
#2420=VECTOR('',#8968,1.);
#2421=VECTOR('',#8971,1.);
#2422=VECTOR('',#8972,1.);
#2423=VECTOR('',#8973,1.);
#2424=VECTOR('',#8980,1.);
#2425=VECTOR('',#8983,1.);
#2426=VECTOR('',#8984,1.);
#2427=VECTOR('',#8985,1.);
#2428=VECTOR('',#8992,1.);
#2429=VECTOR('',#8995,1.);
#2430=VECTOR('',#8996,1.);
#2431=VECTOR('',#8997,1.);
#2432=VECTOR('',#9000,1.);
#2433=VECTOR('',#9001,1.);
#2434=VECTOR('',#9002,1.);
#2435=VECTOR('',#9005,1.);
#2436=VECTOR('',#9006,1.);
#2437=VECTOR('',#9007,1.);
#2438=VECTOR('',#9014,1.);
#2439=VECTOR('',#9017,1.);
#2440=VECTOR('',#9018,1.);
#2441=VECTOR('',#9027,1.);
#2442=VECTOR('',#9030,1.);
#2443=VECTOR('',#9033,1.);
#2444=VECTOR('',#9034,1.);
#2445=VECTOR('',#9035,1.);
#2446=VECTOR('',#9038,1.);
#2447=VECTOR('',#9039,1.);
#2448=VECTOR('',#9040,1.);
#2449=VECTOR('',#9043,1.);
#2450=VECTOR('',#9044,1.);
#2451=VECTOR('',#9045,1.);
#2452=VECTOR('',#9050,1.);
#2453=VECTOR('',#9055,1.);
#2454=VECTOR('',#9056,1.);
#2455=VECTOR('',#9057,1.);
#2456=VECTOR('',#9062,1.);
#2457=VECTOR('',#9067,1.);
#2458=VECTOR('',#9068,1.);
#2459=VECTOR('',#9069,1.);
#2460=VECTOR('',#9072,1.);
#2461=VECTOR('',#9073,1.);
#2462=VECTOR('',#9074,1.);
#2463=VECTOR('',#9077,1.);
#2464=VECTOR('',#9078,1.);
#2465=VECTOR('',#9079,1.);
#2466=VECTOR('',#9084,1.);
#2467=VECTOR('',#9089,1.);
#2468=VECTOR('',#9090,1.);
#2469=VECTOR('',#9099,1.);
#2470=VECTOR('',#9102,1.);
#2471=VECTOR('',#9105,1.);
#2472=VECTOR('',#9106,1.);
#2473=VECTOR('',#9107,1.);
#2474=VECTOR('',#9110,1.);
#2475=VECTOR('',#9111,1.);
#2476=VECTOR('',#9112,1.);
#2477=VECTOR('',#9115,1.);
#2478=VECTOR('',#9116,1.);
#2479=VECTOR('',#9117,1.);
#2480=VECTOR('',#9122,1.);
#2481=VECTOR('',#9127,1.);
#2482=VECTOR('',#9128,1.);
#2483=VECTOR('',#9129,1.);
#2484=VECTOR('',#9134,1.);
#2485=VECTOR('',#9139,1.);
#2486=VECTOR('',#9140,1.);
#2487=VECTOR('',#9141,1.);
#2488=VECTOR('',#9144,1.);
#2489=VECTOR('',#9145,1.);
#2490=VECTOR('',#9146,1.);
#2491=VECTOR('',#9149,1.);
#2492=VECTOR('',#9150,1.);
#2493=VECTOR('',#9151,1.);
#2494=VECTOR('',#9156,1.);
#2495=VECTOR('',#9161,1.);
#2496=VECTOR('',#9162,1.);
#2497=VECTOR('',#9171,1.);
#2498=VECTOR('',#9174,1.);
#2499=VECTOR('',#9177,1.);
#2500=VECTOR('',#9178,1.);
#2501=VECTOR('',#9179,1.);
#2502=VECTOR('',#9182,1.);
#2503=VECTOR('',#9183,1.);
#2504=VECTOR('',#9184,1.);
#2505=VECTOR('',#9187,1.);
#2506=VECTOR('',#9188,1.);
#2507=VECTOR('',#9189,1.);
#2508=VECTOR('',#9196,1.);
#2509=VECTOR('',#9199,1.);
#2510=VECTOR('',#9200,1.);
#2511=VECTOR('',#9201,1.);
#2512=VECTOR('',#9208,1.);
#2513=VECTOR('',#9211,1.);
#2514=VECTOR('',#9212,1.);
#2515=VECTOR('',#9213,1.);
#2516=VECTOR('',#9216,1.);
#2517=VECTOR('',#9217,1.);
#2518=VECTOR('',#9218,1.);
#2519=VECTOR('',#9221,1.);
#2520=VECTOR('',#9222,1.);
#2521=VECTOR('',#9223,1.);
#2522=VECTOR('',#9230,1.);
#2523=VECTOR('',#9233,1.);
#2524=VECTOR('',#9234,1.);
#2525=B_SPLINE_CURVE_WITH_KNOTS('',3,(#9243,#9244,#9245,#9246),
 .UNSPECIFIED.,.F.,.F.,(4,4),(0.34854944806961,0.368736532518116),
 .UNSPECIFIED.);
#2526=B_SPLINE_CURVE_WITH_KNOTS('',3,(#9250,#9251,#9252,#9253),
 .UNSPECIFIED.,.F.,.F.,(4,4),(0.,0.0201870844485045),.UNSPECIFIED.);
#2527=B_SPLINE_CURVE_WITH_KNOTS('',3,(#9267,#9268,#9269,#9270,#9271,#9272,
#9273,#9274),.UNSPECIFIED.,.F.,.F.,(4,2,2,4),(0.,0.0313239714139476,0.0626479428278953,
0.0965040399841173),.UNSPECIFIED.);
#2528=B_SPLINE_CURVE_WITH_KNOTS('',3,(#9292,#9293,#9294,#9295,#9296,#9297,
#9298),.UNSPECIFIED.,.F.,.F.,(4,3,4),(0.,0.273019305747294,0.375024940047034),
 .UNSPECIFIED.);
#2529=B_SPLINE_CURVE_WITH_KNOTS('',3,(#9300,#9301,#9302,#9303,#9304,#9305,
#9306,#9307,#9308,#9309,#9310,#9311,#9312,#9313,#9314,#9315),
 .UNSPECIFIED.,.F.,.F.,(4,3,3,3,3,4),(0.375024940047034,0.647986292968713,
0.921122597318397,1.19411407046019,1.46717580078241,1.61089557773291),
 .UNSPECIFIED.);
#2530=B_SPLINE_CURVE_WITH_KNOTS('',3,(#9329,#9330,#9331,#9332,#9333,#9334,
#9335,#9336),.UNSPECIFIED.,.F.,.F.,(4,2,2,4),(0.3584414244088,0.392297521565024,
0.423621492978971,0.454945464392919),.UNSPECIFIED.);
#2531=B_SPLINE_CURVE_WITH_KNOTS('',3,(#9344,#9345,#9346,#9347,#9348,#9349,
#9350,#9351,#9352,#9353,#9354,#9355,#9356,#9357,#9358,#9359),
 .UNSPECIFIED.,.F.,.F.,(4,3,3,3,3,4),(0.,0.272961352921681,0.546097657271368,
0.819089130413163,1.09215086073539,1.23587063768654),.UNSPECIFIED.);
#2532=B_SPLINE_CURVE_WITH_KNOTS('',3,(#9361,#9362,#9363,#9364,#9365,#9366,
#9367),.UNSPECIFIED.,.F.,.F.,(4,3,4),(1.23587063768654,1.50888994343383,
1.61089557773291),.UNSPECIFIED.);
#2533=B_SPLINE_CURVE_WITH_KNOTS('',3,(#9372,#9373,#9374,#9375,#9376,#9377,
#9378,#9379,#9380,#9381,#9382,#9383,#9384,#9385,#9386,#9387),
 .UNSPECIFIED.,.F.,.F.,(4,3,3,3,3,4),(0.,0.272961352921688,0.546097657271374,
0.819089130413163,1.09215086073539,1.23587063768641),.UNSPECIFIED.);
#2534=B_SPLINE_CURVE_WITH_KNOTS('',3,(#9388,#9389,#9390,#9391,#9392,#9393,
#9394),.UNSPECIFIED.,.F.,.F.,(4,3,4),(1.23587063768641,1.50888994343371,
1.61089557773291),.UNSPECIFIED.);
#2535=B_SPLINE_CURVE_WITH_KNOTS('',3,(#9397,#9398,#9399,#9400,#9401,#9402,
#9403),.UNSPECIFIED.,.F.,.F.,(4,3,4),(0.,0.273019305747294,0.375024940046731),
 .UNSPECIFIED.);
#2536=B_SPLINE_CURVE_WITH_KNOTS('',3,(#9405,#9406,#9407,#9408,#9409,#9410,
#9411,#9412,#9413,#9414,#9415,#9416,#9417,#9418,#9419,#9420),
 .UNSPECIFIED.,.F.,.F.,(4,3,3,3,3,4),(0.375024940046731,0.647986292968417,
0.921122597318104,1.19411407045989,1.46717580078212,1.61089557773292),
 .UNSPECIFIED.);
#2537=B_SPLINE_CURVE_WITH_KNOTS('',3,(#9452,#9453,#9454,#9455,#9456,#9457),
 .UNSPECIFIED.,.F.,.F.,(4,1,1,4),(-1.,-0.571428571428571,-0.285714285714286,
0.),.UNSPECIFIED.);
#2538=B_SPLINE_CURVE_WITH_KNOTS('',3,(#9488,#9489,#9490,#9491,#9492,#9493),
 .UNSPECIFIED.,.F.,.F.,(4,1,1,4),(-1.,-0.571428571428571,-0.285714285714286,
0.),.UNSPECIFIED.);
#2539=B_SPLINE_CURVE_WITH_KNOTS('',3,(#9527,#9528,#9529,#9530,#9531,#9532,
#9533),.UNSPECIFIED.,.F.,.F.,(4,3,4),(0.,0.273019278210498,0.374996322096377),
 .UNSPECIFIED.);
#2540=B_SPLINE_CURVE_WITH_KNOTS('',3,(#9535,#9536,#9537,#9538,#9539,#9540,
#9541,#9542,#9543,#9544,#9545,#9546,#9547,#9548,#9549,#9550),
 .UNSPECIFIED.,.F.,.F.,(4,3,3,3,3,4),(0.374996322096377,0.647957680687369,
0.921094002726516,1.19408548851787,1.46714724941684,1.61089557773291),
 .UNSPECIFIED.);
#2541=B_SPLINE_CURVE_WITH_KNOTS('',3,(#9554,#9555,#9556,#9557,#9558,#9559,
#9560,#9561,#9562,#9563,#9564,#9565,#9566,#9567,#9568,#9569),
 .UNSPECIFIED.,.F.,.F.,(4,3,3,3,3,4),(0.,0.272961358590996,0.546097680630144,
0.819089166421503,1.09215092732047,1.23589925563651),.UNSPECIFIED.);
#2542=B_SPLINE_CURVE_WITH_KNOTS('',3,(#9571,#9572,#9573,#9574,#9575,#9576,
#9577),.UNSPECIFIED.,.F.,.F.,(4,3,4),(1.23589925563651,1.508918533847,1.61089557773292),
 .UNSPECIFIED.);
#2543=B_SPLINE_CURVE_WITH_KNOTS('',3,(#9581,#9582,#9583,#9584,#9585,#9586,
#9587),.UNSPECIFIED.,.F.,.F.,(4,3,4),(0.,0.2730192782105,0.374996322096347),
 .UNSPECIFIED.);
#2544=B_SPLINE_CURVE_WITH_KNOTS('',3,(#9589,#9590,#9591,#9592,#9593,#9594,
#9595,#9596,#9597,#9598,#9599,#9600,#9601,#9602,#9603,#9604),
 .UNSPECIFIED.,.F.,.F.,(4,3,3,3,3,4),(0.374996322096347,0.64795768068734,
0.921094002726488,1.19408548851784,1.4671472494168,1.61089557773291),
 .UNSPECIFIED.);
#2545=B_SPLINE_CURVE_WITH_KNOTS('',3,(#9608,#9609,#9610,#9611,#9612,#9613,
#9614,#9615,#9616,#9617,#9618,#9619,#9620,#9621,#9622,#9623),
 .UNSPECIFIED.,.F.,.F.,(4,3,3,3,3,4),(0.,0.272961358590995,0.546097680630141,
0.81908916642149,1.09215092732046,1.23589925563641),.UNSPECIFIED.);
#2546=B_SPLINE_CURVE_WITH_KNOTS('',3,(#9625,#9626,#9627,#9628,#9629,#9630,
#9631),.UNSPECIFIED.,.F.,.F.,(4,3,4),(1.23589925563641,1.5089185338469,
1.61089557773292),.UNSPECIFIED.);
#2547=B_SPLINE_CURVE_WITH_KNOTS('',3,(#9636,#9637,#9638,#9639,#9640,#9641,
#9642,#9643,#9644,#9645,#9646,#9647,#9648,#9649,#9650,#9651),
 .UNSPECIFIED.,.F.,.F.,(4,3,3,3,3,4),(0.,0.272961358590991,0.546097680630142,
0.819089166421497,1.09215092732046,1.23589925563644),.UNSPECIFIED.);
#2548=B_SPLINE_CURVE_WITH_KNOTS('',3,(#9653,#9654,#9655,#9656,#9657,#9658,
#9659),.UNSPECIFIED.,.F.,.F.,(4,3,4),(1.23589925563644,1.50891853384694,
1.61089557773292),.UNSPECIFIED.);
#2549=B_SPLINE_CURVE_WITH_KNOTS('',3,(#9662,#9663,#9664,#9665,#9666,#9667,
#9668),.UNSPECIFIED.,.F.,.F.,(4,3,4),(0.,0.273019278210498,0.374996322096428),
 .UNSPECIFIED.);
#2550=B_SPLINE_CURVE_WITH_KNOTS('',3,(#9670,#9671,#9672,#9673,#9674,#9675,
#9676,#9677,#9678,#9679,#9680,#9681,#9682,#9683,#9684,#9685),
 .UNSPECIFIED.,.F.,.F.,(4,3,3,3,3,4),(0.374996322096428,0.647957680687435,
0.921094002726582,1.19408548851793,1.4671472494169,1.61089557773291),
 .UNSPECIFIED.);
#2551=B_SPLINE_CURVE_WITH_KNOTS('',3,(#9717,#9718,#9719,#9720,#9721,#9722),
 .UNSPECIFIED.,.F.,.F.,(4,1,1,4),(-1.,-0.571428571428571,-0.285714285714286,
0.),.UNSPECIFIED.);
#2552=B_SPLINE_CURVE_WITH_KNOTS('',3,(#9753,#9754,#9755,#9756,#9757,#9758),
 .UNSPECIFIED.,.F.,.F.,(4,1,1,4),(-1.,-0.571428571428571,-0.285714285714286,
0.),.UNSPECIFIED.);
#2553=B_SPLINE_CURVE_WITH_KNOTS('',3,(#9762,#9763,#9764,#9765,#9766,#9767,
#9768,#9769,#9770,#9771,#9772,#9773,#9774,#9775,#9776,#9777),
 .UNSPECIFIED.,.F.,.F.,(4,3,3,3,3,4),(0.,0.272961358590991,0.546097680630138,
0.819089166421484,1.09215092732045,1.23589925563644),.UNSPECIFIED.);
#2554=B_SPLINE_CURVE_WITH_KNOTS('',3,(#9778,#9779,#9780,#9781,#9782,#9783,
#9784),.UNSPECIFIED.,.F.,.F.,(4,3,4),(1.23589925563644,1.50891853384694,
1.61089557773291),.UNSPECIFIED.);
#2555=B_SPLINE_CURVE_WITH_KNOTS('',3,(#9787,#9788,#9789,#9790,#9791,#9792,
#9793),.UNSPECIFIED.,.F.,.F.,(4,3,4),(0.,0.273019278210498,0.374996322096509),
 .UNSPECIFIED.);
#2556=B_SPLINE_CURVE_WITH_KNOTS('',3,(#9795,#9796,#9797,#9798,#9799,#9800,
#9801,#9802,#9803,#9804,#9805,#9806,#9807,#9808,#9809,#9810),
 .UNSPECIFIED.,.F.,.F.,(4,3,3,3,3,4),(0.374996322096509,0.647957680687499,
0.921094002726649,1.194085488518,1.46714724941697,1.61089557773292),
 .UNSPECIFIED.);
#2557=B_SPLINE_CURVE_WITH_KNOTS('',3,(#9842,#9843,#9844,#9845,#9846,#9847),
 .UNSPECIFIED.,.F.,.F.,(4,1,1,4),(-1.,-0.571428571428571,-0.285714285714286,
0.),.UNSPECIFIED.);
#2558=B_SPLINE_CURVE_WITH_KNOTS('',3,(#9878,#9879,#9880,#9881,#9882,#9883),
 .UNSPECIFIED.,.F.,.F.,(4,1,1,4),(-1.,-0.571428571428571,-0.285714285714286,
0.),.UNSPECIFIED.);
#2559=VERTEX_POINT('',#9241);
#2560=VERTEX_POINT('',#9242);
#2561=VERTEX_POINT('',#9247);
#2562=VERTEX_POINT('',#9249);
#2563=VERTEX_POINT('',#9254);
#2564=VERTEX_POINT('',#9256);
#2565=VERTEX_POINT('',#9260);
#2566=VERTEX_POINT('',#9262);
#2567=VERTEX_POINT('',#9266);
#2568=VERTEX_POINT('',#9275);
#2569=VERTEX_POINT('',#9279);
#2570=VERTEX_POINT('',#9281);
#2571=VERTEX_POINT('',#9283);
#2572=VERTEX_POINT('',#9287);
#2573=VERTEX_POINT('',#9289);
#2574=VERTEX_POINT('',#9291);
#2575=VERTEX_POINT('',#9299);
#2576=VERTEX_POINT('',#9318);
#2577=VERTEX_POINT('',#9320);
#2578=VERTEX_POINT('',#9322);
#2579=VERTEX_POINT('',#9328);
#2580=VERTEX_POINT('',#9337);
#2581=VERTEX_POINT('',#9341);
#2582=VERTEX_POINT('',#9343);
#2583=VERTEX_POINT('',#9360);
#2584=VERTEX_POINT('',#9370);
#2585=VERTEX_POINT('',#9371);
#2586=VERTEX_POINT('',#9396);
#2587=VERTEX_POINT('',#9404);
#2588=VERTEX_POINT('',#9495);
#2589=VERTEX_POINT('',#9499);
#2590=VERTEX_POINT('',#9503);
#2591=VERTEX_POINT('',#9507);
#2592=VERTEX_POINT('',#9510);
#2593=VERTEX_POINT('',#9514);
#2594=VERTEX_POINT('',#9518);
#2595=VERTEX_POINT('',#9525);
#2596=VERTEX_POINT('',#9526);
#2597=VERTEX_POINT('',#9534);
#2598=VERTEX_POINT('',#9551);
#2599=VERTEX_POINT('',#9553);
#2600=VERTEX_POINT('',#9570);
#2601=VERTEX_POINT('',#9580);
#2602=VERTEX_POINT('',#9588);
#2603=VERTEX_POINT('',#9605);
#2604=VERTEX_POINT('',#9607);
#2605=VERTEX_POINT('',#9624);
#2606=VERTEX_POINT('',#9634);
#2607=VERTEX_POINT('',#9635);
#2608=VERTEX_POINT('',#9652);
#2609=VERTEX_POINT('',#9661);
#2610=VERTEX_POINT('',#9669);
#2611=VERTEX_POINT('',#9760);
#2612=VERTEX_POINT('',#9761);
#2613=VERTEX_POINT('',#9786);
#2614=VERTEX_POINT('',#9794);
#2615=VERTEX_POINT('',#9885);
#2616=VERTEX_POINT('',#9887);
#2617=VERTEX_POINT('',#9891);
#2618=VERTEX_POINT('',#9895);
#2619=VERTEX_POINT('',#9899);
#2620=VERTEX_POINT('',#9904);
#2621=VERTEX_POINT('',#9908);
#2622=VERTEX_POINT('',#9912);
#2623=VERTEX_POINT('',#9919);
#2624=VERTEX_POINT('',#9920);
#2625=VERTEX_POINT('',#9922);
#2626=VERTEX_POINT('',#9924);
#2627=VERTEX_POINT('',#9928);
#2628=VERTEX_POINT('',#9930);
#2629=VERTEX_POINT('',#9934);
#2630=VERTEX_POINT('',#9936);
#2631=VERTEX_POINT('',#9940);
#2632=VERTEX_POINT('',#9942);
#2633=VERTEX_POINT('',#9946);
#2634=VERTEX_POINT('',#9948);
#2635=VERTEX_POINT('',#9952);
#2636=VERTEX_POINT('',#9954);
#2637=VERTEX_POINT('',#9958);
#2638=VERTEX_POINT('',#9960);
#2639=VERTEX_POINT('',#9969);
#2640=VERTEX_POINT('',#9971);
#2641=VERTEX_POINT('',#9976);
#2642=VERTEX_POINT('',#9977);
#2643=VERTEX_POINT('',#9979);
#2644=VERTEX_POINT('',#9981);
#2645=VERTEX_POINT('',#9985);
#2646=VERTEX_POINT('',#9987);
#2647=VERTEX_POINT('',#9991);
#2648=VERTEX_POINT('',#9993);
#2649=VERTEX_POINT('',#9997);
#2650=VERTEX_POINT('',#9999);
#2651=VERTEX_POINT('',#10003);
#2652=VERTEX_POINT('',#10005);
#2653=VERTEX_POINT('',#10009);
#2654=VERTEX_POINT('',#10011);
#2655=VERTEX_POINT('',#10015);
#2656=VERTEX_POINT('',#10017);
#2657=VERTEX_POINT('',#10021);
#2658=VERTEX_POINT('',#10023);
#2659=VERTEX_POINT('',#10027);
#2660=VERTEX_POINT('',#10029);
#2661=VERTEX_POINT('',#10033);
#2662=VERTEX_POINT('',#10035);
#2663=VERTEX_POINT('',#10039);
#2664=VERTEX_POINT('',#10041);
#2665=VERTEX_POINT('',#10045);
#2666=VERTEX_POINT('',#10047);
#2667=VERTEX_POINT('',#10051);
#2668=VERTEX_POINT('',#10053);
#2669=VERTEX_POINT('',#10057);
#2670=VERTEX_POINT('',#10059);
#2671=VERTEX_POINT('',#10063);
#2672=VERTEX_POINT('',#10065);
#2673=VERTEX_POINT('',#10069);
#2674=VERTEX_POINT('',#10071);
#2675=VERTEX_POINT('',#10075);
#2676=VERTEX_POINT('',#10077);
#2677=VERTEX_POINT('',#10081);
#2678=VERTEX_POINT('',#10083);
#2679=VERTEX_POINT('',#10087);
#2680=VERTEX_POINT('',#10089);
#2681=VERTEX_POINT('',#10093);
#2682=VERTEX_POINT('',#10095);
#2683=VERTEX_POINT('',#10099);
#2684=VERTEX_POINT('',#10101);
#2685=VERTEX_POINT('',#10105);
#2686=VERTEX_POINT('',#10107);
#2687=VERTEX_POINT('',#10111);
#2688=VERTEX_POINT('',#10113);
#2689=VERTEX_POINT('',#10117);
#2690=VERTEX_POINT('',#10119);
#2691=VERTEX_POINT('',#10128);
#2692=VERTEX_POINT('',#10129);
#2693=VERTEX_POINT('',#10131);
#2694=VERTEX_POINT('',#10133);
#2695=VERTEX_POINT('',#10137);
#2696=VERTEX_POINT('',#10139);
#2697=VERTEX_POINT('',#10143);
#2698=VERTEX_POINT('',#10145);
#2699=VERTEX_POINT('',#10154);
#2700=VERTEX_POINT('',#10155);
#2701=VERTEX_POINT('',#10157);
#2702=VERTEX_POINT('',#10159);
#2703=VERTEX_POINT('',#10163);
#2704=VERTEX_POINT('',#10165);
#2705=VERTEX_POINT('',#10169);
#2706=VERTEX_POINT('',#10171);
#2707=VERTEX_POINT('',#10180);
#2708=VERTEX_POINT('',#10181);
#2709=VERTEX_POINT('',#10183);
#2710=VERTEX_POINT('',#10185);
#2711=VERTEX_POINT('',#10189);
#2712=VERTEX_POINT('',#10191);
#2713=VERTEX_POINT('',#10195);
#2714=VERTEX_POINT('',#10197);
#2715=VERTEX_POINT('',#10201);
#2716=VERTEX_POINT('',#10203);
#2717=VERTEX_POINT('',#10207);
#2718=VERTEX_POINT('',#10209);
#2719=VERTEX_POINT('',#10213);
#2720=VERTEX_POINT('',#10215);
#2721=VERTEX_POINT('',#10219);
#2722=VERTEX_POINT('',#10221);
#2723=VERTEX_POINT('',#10225);
#2724=VERTEX_POINT('',#10227);
#2725=VERTEX_POINT('',#10231);
#2726=VERTEX_POINT('',#10233);
#2727=VERTEX_POINT('',#10237);
#2728=VERTEX_POINT('',#10239);
#2729=VERTEX_POINT('',#10243);
#2730=VERTEX_POINT('',#10245);
#2731=VERTEX_POINT('',#10249);
#2732=VERTEX_POINT('',#10251);
#2733=VERTEX_POINT('',#10255);
#2734=VERTEX_POINT('',#10257);
#2735=VERTEX_POINT('',#10261);
#2736=VERTEX_POINT('',#10263);
#2737=VERTEX_POINT('',#10267);
#2738=VERTEX_POINT('',#10269);
#2739=VERTEX_POINT('',#10273);
#2740=VERTEX_POINT('',#10275);
#2741=VERTEX_POINT('',#10279);
#2742=VERTEX_POINT('',#10281);
#2743=VERTEX_POINT('',#10285);
#2744=VERTEX_POINT('',#10287);
#2745=VERTEX_POINT('',#10296);
#2746=VERTEX_POINT('',#10298);
#2747=VERTEX_POINT('',#10303);
#2748=VERTEX_POINT('',#10305);
#2749=VERTEX_POINT('',#10310);
#2750=VERTEX_POINT('',#10311);
#2751=VERTEX_POINT('',#10313);
#2752=VERTEX_POINT('',#10315);
#2753=VERTEX_POINT('',#10319);
#2754=VERTEX_POINT('',#10321);
#2755=VERTEX_POINT('',#10325);
#2756=VERTEX_POINT('',#10327);
#2757=VERTEX_POINT('',#10331);
#2758=VERTEX_POINT('',#10333);
#2759=VERTEX_POINT('',#10337);
#2760=VERTEX_POINT('',#10339);
#2761=VERTEX_POINT('',#10343);
#2762=VERTEX_POINT('',#10345);
#2763=VERTEX_POINT('',#10349);
#2764=VERTEX_POINT('',#10351);
#2765=VERTEX_POINT('',#10355);
#2766=VERTEX_POINT('',#10357);
#2767=VERTEX_POINT('',#10361);
#2768=VERTEX_POINT('',#10363);
#2769=VERTEX_POINT('',#10367);
#2770=VERTEX_POINT('',#10369);
#2771=VERTEX_POINT('',#10373);
#2772=VERTEX_POINT('',#10375);
#2773=VERTEX_POINT('',#10379);
#2774=VERTEX_POINT('',#10381);
#2775=VERTEX_POINT('',#10385);
#2776=VERTEX_POINT('',#10387);
#2777=VERTEX_POINT('',#10391);
#2778=VERTEX_POINT('',#10393);
#2779=VERTEX_POINT('',#10402);
#2780=VERTEX_POINT('',#10403);
#2781=VERTEX_POINT('',#10405);
#2782=VERTEX_POINT('',#10407);
#2783=VERTEX_POINT('',#10411);
#2784=VERTEX_POINT('',#10413);
#2785=VERTEX_POINT('',#10417);
#2786=VERTEX_POINT('',#10419);
#2787=VERTEX_POINT('',#10423);
#2788=VERTEX_POINT('',#10425);
#2789=VERTEX_POINT('',#10429);
#2790=VERTEX_POINT('',#10431);
#2791=VERTEX_POINT('',#10435);
#2792=VERTEX_POINT('',#10437);
#2793=VERTEX_POINT('',#10441);
#2794=VERTEX_POINT('',#10443);
#2795=VERTEX_POINT('',#10450);
#2796=VERTEX_POINT('',#10451);
#2797=VERTEX_POINT('',#10453);
#2798=VERTEX_POINT('',#10455);
#2799=VERTEX_POINT('',#10459);
#2800=VERTEX_POINT('',#10461);
#2801=VERTEX_POINT('',#10465);
#2802=VERTEX_POINT('',#10467);
#2803=VERTEX_POINT('',#10471);
#2804=VERTEX_POINT('',#10473);
#2805=VERTEX_POINT('',#10477);
#2806=VERTEX_POINT('',#10479);
#2807=VERTEX_POINT('',#10483);
#2808=VERTEX_POINT('',#10485);
#2809=VERTEX_POINT('',#10489);
#2810=VERTEX_POINT('',#10491);
#2811=VERTEX_POINT('',#10495);
#2812=VERTEX_POINT('',#10497);
#2813=VERTEX_POINT('',#10501);
#2814=VERTEX_POINT('',#10503);
#2815=VERTEX_POINT('',#10507);
#2816=VERTEX_POINT('',#10509);
#2817=VERTEX_POINT('',#10513);
#2818=VERTEX_POINT('',#10515);
#2819=VERTEX_POINT('',#10519);
#2820=VERTEX_POINT('',#10521);
#2821=VERTEX_POINT('',#10525);
#2822=VERTEX_POINT('',#10527);
#2823=VERTEX_POINT('',#10531);
#2824=VERTEX_POINT('',#10533);
#2825=VERTEX_POINT('',#10537);
#2826=VERTEX_POINT('',#10539);
#2827=VERTEX_POINT('',#10543);
#2828=VERTEX_POINT('',#10545);
#2829=VERTEX_POINT('',#10549);
#2830=VERTEX_POINT('',#10551);
#2831=VERTEX_POINT('',#10555);
#2832=VERTEX_POINT('',#10557);
#2833=VERTEX_POINT('',#10561);
#2834=VERTEX_POINT('',#10563);
#2835=VERTEX_POINT('',#10567);
#2836=VERTEX_POINT('',#10569);
#2837=VERTEX_POINT('',#10573);
#2838=VERTEX_POINT('',#10575);
#2839=VERTEX_POINT('',#10579);
#2840=VERTEX_POINT('',#10581);
#2841=VERTEX_POINT('',#10585);
#2842=VERTEX_POINT('',#10587);
#2843=VERTEX_POINT('',#10591);
#2844=VERTEX_POINT('',#10593);
#2845=VERTEX_POINT('',#10597);
#2846=VERTEX_POINT('',#10599);
#2847=VERTEX_POINT('',#10608);
#2848=VERTEX_POINT('',#10609);
#2849=VERTEX_POINT('',#10611);
#2850=VERTEX_POINT('',#10613);
#2851=VERTEX_POINT('',#10617);
#2852=VERTEX_POINT('',#10619);
#2853=VERTEX_POINT('',#10623);
#2854=VERTEX_POINT('',#10625);
#2855=VERTEX_POINT('',#10629);
#2856=VERTEX_POINT('',#10631);
#2857=VERTEX_POINT('',#10635);
#2858=VERTEX_POINT('',#10637);
#2859=VERTEX_POINT('',#10641);
#2860=VERTEX_POINT('',#10643);
#2861=VERTEX_POINT('',#10647);
#2862=VERTEX_POINT('',#10649);
#2863=VERTEX_POINT('',#10653);
#2864=VERTEX_POINT('',#10655);
#2865=VERTEX_POINT('',#10659);
#2866=VERTEX_POINT('',#10661);
#2867=VERTEX_POINT('',#10665);
#2868=VERTEX_POINT('',#10667);
#2869=VERTEX_POINT('',#10671);
#2870=VERTEX_POINT('',#10673);
#2871=VERTEX_POINT('',#10677);
#2872=VERTEX_POINT('',#10679);
#2873=VERTEX_POINT('',#10683);
#2874=VERTEX_POINT('',#10685);
#2875=VERTEX_POINT('',#10689);
#2876=VERTEX_POINT('',#10691);
#2877=VERTEX_POINT('',#10700);
#2878=VERTEX_POINT('',#10701);
#2879=VERTEX_POINT('',#10703);
#2880=VERTEX_POINT('',#10705);
#2881=VERTEX_POINT('',#10709);
#2882=VERTEX_POINT('',#10711);
#2883=VERTEX_POINT('',#10715);
#2884=VERTEX_POINT('',#10717);
#2885=VERTEX_POINT('',#10721);
#2886=VERTEX_POINT('',#10723);
#2887=VERTEX_POINT('',#10727);
#2888=VERTEX_POINT('',#10729);
#2889=VERTEX_POINT('',#10733);
#2890=VERTEX_POINT('',#10735);
#2891=VERTEX_POINT('',#10739);
#2892=VERTEX_POINT('',#10741);
#2893=VERTEX_POINT('',#10745);
#2894=VERTEX_POINT('',#10747);
#2895=VERTEX_POINT('',#10751);
#2896=VERTEX_POINT('',#10753);
#2897=VERTEX_POINT('',#10757);
#2898=VERTEX_POINT('',#10759);
#2899=VERTEX_POINT('',#10763);
#2900=VERTEX_POINT('',#10765);
#2901=VERTEX_POINT('',#10769);
#2902=VERTEX_POINT('',#10771);
#2903=VERTEX_POINT('',#10775);
#2904=VERTEX_POINT('',#10777);
#2905=VERTEX_POINT('',#10781);
#2906=VERTEX_POINT('',#10783);
#2907=VERTEX_POINT('',#10787);
#2908=VERTEX_POINT('',#10789);
#2909=VERTEX_POINT('',#10793);
#2910=VERTEX_POINT('',#10795);
#2911=VERTEX_POINT('',#10799);
#2912=VERTEX_POINT('',#10801);
#2913=VERTEX_POINT('',#10805);
#2914=VERTEX_POINT('',#10807);
#2915=VERTEX_POINT('',#10811);
#2916=VERTEX_POINT('',#10813);
#2917=VERTEX_POINT('',#10820);
#2918=VERTEX_POINT('',#10821);
#2919=VERTEX_POINT('',#10823);
#2920=VERTEX_POINT('',#10825);
#2921=VERTEX_POINT('',#10829);
#2922=VERTEX_POINT('',#10831);
#2923=VERTEX_POINT('',#10835);
#2924=VERTEX_POINT('',#10837);
#2925=VERTEX_POINT('',#10841);
#2926=VERTEX_POINT('',#10843);
#2927=VERTEX_POINT('',#10847);
#2928=VERTEX_POINT('',#10849);
#2929=VERTEX_POINT('',#10853);
#2930=VERTEX_POINT('',#10855);
#2931=VERTEX_POINT('',#10859);
#2932=VERTEX_POINT('',#10861);
#2933=VERTEX_POINT('',#10865);
#2934=VERTEX_POINT('',#10867);
#2935=VERTEX_POINT('',#10871);
#2936=VERTEX_POINT('',#10873);
#2937=VERTEX_POINT('',#10877);
#2938=VERTEX_POINT('',#10879);
#2939=VERTEX_POINT('',#10883);
#2940=VERTEX_POINT('',#10885);
#2941=VERTEX_POINT('',#10889);
#2942=VERTEX_POINT('',#10891);
#2943=VERTEX_POINT('',#10895);
#2944=VERTEX_POINT('',#10897);
#2945=VERTEX_POINT('',#10901);
#2946=VERTEX_POINT('',#10903);
#2947=VERTEX_POINT('',#10907);
#2948=VERTEX_POINT('',#10909);
#2949=VERTEX_POINT('',#10913);
#2950=VERTEX_POINT('',#10915);
#2951=VERTEX_POINT('',#10919);
#2952=VERTEX_POINT('',#10921);
#2953=VERTEX_POINT('',#10925);
#2954=VERTEX_POINT('',#10927);
#2955=VERTEX_POINT('',#10931);
#2956=VERTEX_POINT('',#10933);
#2957=VERTEX_POINT('',#10937);
#2958=VERTEX_POINT('',#10939);
#2959=VERTEX_POINT('',#10943);
#2960=VERTEX_POINT('',#10945);
#2961=VERTEX_POINT('',#10954);
#2962=VERTEX_POINT('',#10955);
#2963=VERTEX_POINT('',#10957);
#2964=VERTEX_POINT('',#10959);
#2965=VERTEX_POINT('',#10963);
#2966=VERTEX_POINT('',#10965);
#2967=VERTEX_POINT('',#10969);
#2968=VERTEX_POINT('',#10971);
#2969=VERTEX_POINT('',#10975);
#2970=VERTEX_POINT('',#10977);
#2971=VERTEX_POINT('',#10981);
#2972=VERTEX_POINT('',#10983);
#2973=VERTEX_POINT('',#10987);
#2974=VERTEX_POINT('',#10989);
#2975=VERTEX_POINT('',#10993);
#2976=VERTEX_POINT('',#10995);
#2977=VERTEX_POINT('',#10999);
#2978=VERTEX_POINT('',#11001);
#2979=VERTEX_POINT('',#11005);
#2980=VERTEX_POINT('',#11007);
#2981=VERTEX_POINT('',#11011);
#2982=VERTEX_POINT('',#11013);
#2983=VERTEX_POINT('',#11017);
#2984=VERTEX_POINT('',#11019);
#2985=VERTEX_POINT('',#11023);
#2986=VERTEX_POINT('',#11025);
#2987=VERTEX_POINT('',#11029);
#2988=VERTEX_POINT('',#11031);
#2989=VERTEX_POINT('',#11035);
#2990=VERTEX_POINT('',#11037);
#2991=VERTEX_POINT('',#11046);
#2992=VERTEX_POINT('',#11047);
#2993=VERTEX_POINT('',#11049);
#2994=VERTEX_POINT('',#11051);
#2995=VERTEX_POINT('',#11055);
#2996=VERTEX_POINT('',#11057);
#2997=VERTEX_POINT('',#11061);
#2998=VERTEX_POINT('',#11063);
#2999=VERTEX_POINT('',#11072);
#3000=VERTEX_POINT('',#11073);
#3001=VERTEX_POINT('',#11075);
#3002=VERTEX_POINT('',#11077);
#3003=VERTEX_POINT('',#11081);
#3004=VERTEX_POINT('',#11083);
#3005=VERTEX_POINT('',#11087);
#3006=VERTEX_POINT('',#11089);
#3007=VERTEX_POINT('',#11093);
#3008=VERTEX_POINT('',#11095);
#3009=VERTEX_POINT('',#11099);
#3010=VERTEX_POINT('',#11101);
#3011=VERTEX_POINT('',#11105);
#3012=VERTEX_POINT('',#11107);
#3013=VERTEX_POINT('',#11111);
#3014=VERTEX_POINT('',#11113);
#3015=VERTEX_POINT('',#11117);
#3016=VERTEX_POINT('',#11119);
#3017=VERTEX_POINT('',#11123);
#3018=VERTEX_POINT('',#11125);
#3019=VERTEX_POINT('',#11129);
#3020=VERTEX_POINT('',#11131);
#3021=VERTEX_POINT('',#11135);
#3022=VERTEX_POINT('',#11137);
#3023=VERTEX_POINT('',#11146);
#3024=VERTEX_POINT('',#11147);
#3025=VERTEX_POINT('',#11149);
#3026=VERTEX_POINT('',#11151);
#3027=VERTEX_POINT('',#11155);
#3028=VERTEX_POINT('',#11157);
#3029=VERTEX_POINT('',#11161);
#3030=VERTEX_POINT('',#11163);
#3031=VERTEX_POINT('',#11167);
#3032=VERTEX_POINT('',#11169);
#3033=VERTEX_POINT('',#11173);
#3034=VERTEX_POINT('',#11175);
#3035=VERTEX_POINT('',#11179);
#3036=VERTEX_POINT('',#11181);
#3037=VERTEX_POINT('',#11185);
#3038=VERTEX_POINT('',#11187);
#3039=VERTEX_POINT('',#11191);
#3040=VERTEX_POINT('',#11193);
#3041=VERTEX_POINT('',#11197);
#3042=VERTEX_POINT('',#11199);
#3043=VERTEX_POINT('',#11203);
#3044=VERTEX_POINT('',#11205);
#3045=VERTEX_POINT('',#11209);
#3046=VERTEX_POINT('',#11211);
#3047=VERTEX_POINT('',#11220);
#3048=VERTEX_POINT('',#11221);
#3049=VERTEX_POINT('',#11223);
#3050=VERTEX_POINT('',#11225);
#3051=VERTEX_POINT('',#11229);
#3052=VERTEX_POINT('',#11231);
#3053=VERTEX_POINT('',#11235);
#3054=VERTEX_POINT('',#11237);
#3055=VERTEX_POINT('',#11241);
#3056=VERTEX_POINT('',#11243);
#3057=VERTEX_POINT('',#11247);
#3058=VERTEX_POINT('',#11249);
#3059=VERTEX_POINT('',#11253);
#3060=VERTEX_POINT('',#11255);
#3061=VERTEX_POINT('',#11259);
#3062=VERTEX_POINT('',#11261);
#3063=VERTEX_POINT('',#11265);
#3064=VERTEX_POINT('',#11267);
#3065=VERTEX_POINT('',#11271);
#3066=VERTEX_POINT('',#11273);
#3067=VERTEX_POINT('',#11277);
#3068=VERTEX_POINT('',#11279);
#3069=VERTEX_POINT('',#11283);
#3070=VERTEX_POINT('',#11285);
#3071=VERTEX_POINT('',#11294);
#3072=VERTEX_POINT('',#11295);
#3073=VERTEX_POINT('',#11297);
#3074=VERTEX_POINT('',#11299);
#3075=VERTEX_POINT('',#11303);
#3076=VERTEX_POINT('',#11305);
#3077=VERTEX_POINT('',#11309);
#3078=VERTEX_POINT('',#11311);
#3079=VERTEX_POINT('',#11315);
#3080=VERTEX_POINT('',#11317);
#3081=VERTEX_POINT('',#11321);
#3082=VERTEX_POINT('',#11323);
#3083=VERTEX_POINT('',#11327);
#3084=VERTEX_POINT('',#11329);
#3085=VERTEX_POINT('',#11333);
#3086=VERTEX_POINT('',#11335);
#3087=VERTEX_POINT('',#11339);
#3088=VERTEX_POINT('',#11341);
#3089=VERTEX_POINT('',#11345);
#3090=VERTEX_POINT('',#11347);
#3091=VERTEX_POINT('',#11351);
#3092=VERTEX_POINT('',#11353);
#3093=VERTEX_POINT('',#11357);
#3094=VERTEX_POINT('',#11359);
#3095=VERTEX_POINT('',#11368);
#3096=VERTEX_POINT('',#11369);
#3097=VERTEX_POINT('',#11371);
#3098=VERTEX_POINT('',#11373);
#3099=VERTEX_POINT('',#11377);
#3100=VERTEX_POINT('',#11379);
#3101=VERTEX_POINT('',#11383);
#3102=VERTEX_POINT('',#11385);
#3103=VERTEX_POINT('',#11389);
#3104=VERTEX_POINT('',#11391);
#3105=VERTEX_POINT('',#11395);
#3106=VERTEX_POINT('',#11397);
#3107=VERTEX_POINT('',#11401);
#3108=VERTEX_POINT('',#11403);
#3109=VERTEX_POINT('',#11407);
#3110=VERTEX_POINT('',#11409);
#3111=VERTEX_POINT('',#11413);
#3112=VERTEX_POINT('',#11415);
#3113=VERTEX_POINT('',#11419);
#3114=VERTEX_POINT('',#11421);
#3115=VERTEX_POINT('',#11425);
#3116=VERTEX_POINT('',#11427);
#3117=VERTEX_POINT('',#11431);
#3118=VERTEX_POINT('',#11433);
#3119=VERTEX_POINT('',#11442);
#3120=VERTEX_POINT('',#11443);
#3121=VERTEX_POINT('',#11445);
#3122=VERTEX_POINT('',#11447);
#3123=VERTEX_POINT('',#11451);
#3124=VERTEX_POINT('',#11453);
#3125=VERTEX_POINT('',#11457);
#3126=VERTEX_POINT('',#11459);
#3127=VERTEX_POINT('',#11463);
#3128=VERTEX_POINT('',#11465);
#3129=VERTEX_POINT('',#11469);
#3130=VERTEX_POINT('',#11471);
#3131=VERTEX_POINT('',#11475);
#3132=VERTEX_POINT('',#11477);
#3133=VERTEX_POINT('',#11481);
#3134=VERTEX_POINT('',#11483);
#3135=VERTEX_POINT('',#11487);
#3136=VERTEX_POINT('',#11489);
#3137=VERTEX_POINT('',#11493);
#3138=VERTEX_POINT('',#11495);
#3139=VERTEX_POINT('',#11499);
#3140=VERTEX_POINT('',#11501);
#3141=VERTEX_POINT('',#11505);
#3142=VERTEX_POINT('',#11507);
#3143=VERTEX_POINT('',#11516);
#3144=VERTEX_POINT('',#11517);
#3145=VERTEX_POINT('',#11519);
#3146=VERTEX_POINT('',#11521);
#3147=VERTEX_POINT('',#11525);
#3148=VERTEX_POINT('',#11527);
#3149=VERTEX_POINT('',#11531);
#3150=VERTEX_POINT('',#11533);
#3151=VERTEX_POINT('',#11537);
#3152=VERTEX_POINT('',#11539);
#3153=VERTEX_POINT('',#11543);
#3154=VERTEX_POINT('',#11545);
#3155=VERTEX_POINT('',#11549);
#3156=VERTEX_POINT('',#11551);
#3157=VERTEX_POINT('',#11555);
#3158=VERTEX_POINT('',#11557);
#3159=VERTEX_POINT('',#11561);
#3160=VERTEX_POINT('',#11563);
#3161=VERTEX_POINT('',#11567);
#3162=VERTEX_POINT('',#11569);
#3163=VERTEX_POINT('',#11573);
#3164=VERTEX_POINT('',#11575);
#3165=VERTEX_POINT('',#11579);
#3166=VERTEX_POINT('',#11581);
#3167=VERTEX_POINT('',#11590);
#3168=VERTEX_POINT('',#11591);
#3169=VERTEX_POINT('',#11593);
#3170=VERTEX_POINT('',#11595);
#3171=VERTEX_POINT('',#11599);
#3172=VERTEX_POINT('',#11601);
#3173=VERTEX_POINT('',#11605);
#3174=VERTEX_POINT('',#11607);
#3175=VERTEX_POINT('',#11611);
#3176=VERTEX_POINT('',#11613);
#3177=VERTEX_POINT('',#11617);
#3178=VERTEX_POINT('',#11619);
#3179=VERTEX_POINT('',#11623);
#3180=VERTEX_POINT('',#11625);
#3181=VERTEX_POINT('',#11629);
#3182=VERTEX_POINT('',#11631);
#3183=VERTEX_POINT('',#11635);
#3184=VERTEX_POINT('',#11637);
#3185=VERTEX_POINT('',#11641);
#3186=VERTEX_POINT('',#11643);
#3187=VERTEX_POINT('',#11647);
#3188=VERTEX_POINT('',#11649);
#3189=VERTEX_POINT('',#11653);
#3190=VERTEX_POINT('',#11655);
#3191=EDGE_CURVE('',#2559,#2560,#2525,.T.);
#3192=EDGE_CURVE('',#2560,#2561,#1347,.T.);
#3193=EDGE_CURVE('',#2561,#2562,#2526,.T.);
#3194=EDGE_CURVE('',#2562,#2563,#1339,.T.);
#3195=EDGE_CURVE('',#2563,#2564,#1348,.T.);
#3196=EDGE_CURVE('',#2564,#2559,#1340,.T.);
#3197=EDGE_CURVE('',#2565,#2560,#1349,.T.);
#3198=EDGE_CURVE('',#2566,#2565,#1350,.T.);
#3199=EDGE_CURVE('',#2566,#2561,#1351,.T.);
#3200=EDGE_CURVE('',#2567,#2559,#2527,.T.);
#3201=EDGE_CURVE('',#2568,#2567,#1352,.T.);
#3202=EDGE_CURVE('',#2565,#2568,#81,.T.);
#3203=EDGE_CURVE('',#2564,#2569,#1353,.T.);
#3204=EDGE_CURVE('',#2569,#2570,#1341,.T.);
#3205=EDGE_CURVE('',#2570,#2571,#1342,.T.);
#3206=EDGE_CURVE('',#2571,#2567,#1354,.T.);
#3207=EDGE_CURVE('',#2570,#2572,#1343,.T.);
#3208=EDGE_CURVE('',#2572,#2573,#1355,.T.);
#3209=EDGE_CURVE('',#2573,#2574,#2528,.T.);
#3210=EDGE_CURVE('',#2574,#2575,#2529,.T.);
#3211=EDGE_CURVE('',#2575,#2571,#1356,.T.);
#3212=EDGE_CURVE('',#2569,#2576,#1357,.T.);
#3213=EDGE_CURVE('',#2577,#2576,#1344,.T.);
#3214=EDGE_CURVE('',#2578,#2577,#1345,.T.);
#3215=EDGE_CURVE('',#2578,#2572,#1358,.T.);
#3216=EDGE_CURVE('',#2576,#2563,#1359,.T.);
#3217=EDGE_CURVE('',#2562,#2579,#2530,.T.);
#3218=EDGE_CURVE('',#2579,#2580,#1360,.T.);
#3219=EDGE_CURVE('',#2580,#2577,#1346,.T.);
#3220=EDGE_CURVE('',#2580,#2581,#1361,.T.);
#3221=EDGE_CURVE('',#2581,#2582,#2531,.T.);
#3222=EDGE_CURVE('',#2582,#2583,#2532,.T.);
#3223=EDGE_CURVE('',#2583,#2578,#1362,.T.);
#3224=EDGE_CURVE('',#2584,#2585,#2533,.T.);
#3225=EDGE_CURVE('',#2585,#2573,#2534,.T.);
#3226=EDGE_CURVE('',#2573,#2583,#1363,.T.);
#3227=EDGE_CURVE('',#2583,#2586,#2535,.T.);
#3228=EDGE_CURVE('',#2586,#2587,#2536,.T.);
#3229=EDGE_CURVE('',#2587,#2584,#1364,.T.);
#3230=EDGE_CURVE('',#2581,#2587,#2537,.T.);
#3231=EDGE_CURVE('',#2584,#2575,#2538,.T.);
#3232=EDGE_CURVE('',#2588,#2575,#1365,.T.);
#3233=EDGE_CURVE('',#2568,#2588,#1366,.T.);
#3234=EDGE_CURVE('',#2589,#2584,#1367,.T.);
#3235=EDGE_CURVE('',#2588,#2589,#82,.T.);
#3236=EDGE_CURVE('',#2590,#2587,#1368,.T.);
#3237=EDGE_CURVE('',#2589,#2590,#1369,.T.);
#3238=EDGE_CURVE('',#2591,#2591,#83,.T.);
#3239=EDGE_CURVE('',#2592,#2592,#84,.T.);
#3240=EDGE_CURVE('',#2593,#2581,#1370,.T.);
#3241=EDGE_CURVE('',#2590,#2593,#85,.T.);
#3242=EDGE_CURVE('',#2594,#2579,#1371,.T.);
#3243=EDGE_CURVE('',#2593,#2594,#1372,.T.);
#3244=EDGE_CURVE('',#2594,#2566,#86,.T.);
#3245=EDGE_CURVE('',#2595,#2596,#2539,.T.);
#3246=EDGE_CURVE('',#2596,#2597,#2540,.T.);
#3247=EDGE_CURVE('',#2597,#2598,#1373,.T.);
#3248=EDGE_CURVE('',#2598,#2599,#2541,.T.);
#3249=EDGE_CURVE('',#2599,#2600,#2542,.T.);
#3250=EDGE_CURVE('',#2600,#2595,#1374,.T.);
#3251=EDGE_CURVE('',#2600,#2601,#2543,.T.);
#3252=EDGE_CURVE('',#2601,#2602,#2544,.T.);
#3253=EDGE_CURVE('',#2602,#2603,#1375,.T.);
#3254=EDGE_CURVE('',#2603,#2604,#2545,.T.);
#3255=EDGE_CURVE('',#2604,#2605,#2546,.T.);
#3256=EDGE_CURVE('',#2605,#2600,#1376,.T.);
#3257=EDGE_CURVE('',#2606,#2607,#2547,.T.);
#3258=EDGE_CURVE('',#2607,#2608,#2548,.T.);
#3259=EDGE_CURVE('',#2608,#2605,#1377,.T.);
#3260=EDGE_CURVE('',#2605,#2609,#2549,.T.);
#3261=EDGE_CURVE('',#2609,#2610,#2550,.T.);
#3262=EDGE_CURVE('',#2610,#2606,#1378,.T.);
#3263=EDGE_CURVE('',#2603,#2610,#2551,.T.);
#3264=EDGE_CURVE('',#2598,#2602,#2552,.T.);
#3265=EDGE_CURVE('',#2611,#2612,#2553,.T.);
#3266=EDGE_CURVE('',#2612,#2595,#2554,.T.);
#3267=EDGE_CURVE('',#2595,#2608,#1379,.T.);
#3268=EDGE_CURVE('',#2608,#2613,#2555,.T.);
#3269=EDGE_CURVE('',#2613,#2614,#2556,.T.);
#3270=EDGE_CURVE('',#2614,#2611,#1380,.T.);
#3271=EDGE_CURVE('',#2606,#2614,#2557,.T.);
#3272=EDGE_CURVE('',#2611,#2597,#2558,.T.);
#3273=EDGE_CURVE('',#2615,#2598,#1381,.T.);
#3274=EDGE_CURVE('',#2615,#2616,#87,.T.);
#3275=EDGE_CURVE('',#2616,#2602,#1382,.T.);
#3276=EDGE_CURVE('',#2617,#2597,#1383,.T.);
#3277=EDGE_CURVE('',#2617,#2615,#1384,.T.);
#3278=EDGE_CURVE('',#2618,#2611,#1385,.T.);
#3279=EDGE_CURVE('',#2618,#2617,#88,.T.);
#3280=EDGE_CURVE('',#2619,#2614,#1386,.T.);
#3281=EDGE_CURVE('',#2619,#2618,#1387,.T.);
#3282=EDGE_CURVE('',#2620,#2606,#1388,.T.);
#3283=EDGE_CURVE('',#2620,#2619,#89,.T.);
#3284=EDGE_CURVE('',#2621,#2610,#1389,.T.);
#3285=EDGE_CURVE('',#2621,#2620,#1390,.T.);
#3286=EDGE_CURVE('',#2622,#2603,#1391,.T.);
#3287=EDGE_CURVE('',#2622,#2621,#90,.T.);
#3288=EDGE_CURVE('',#2616,#2622,#1392,.T.);
#3289=EDGE_CURVE('',#2623,#2624,#91,.T.);
#3290=EDGE_CURVE('',#2624,#2625,#1393,.T.);
#3291=EDGE_CURVE('',#2626,#2625,#92,.T.);
#3292=EDGE_CURVE('',#2623,#2626,#1394,.T.);
#3293=EDGE_CURVE('',#2627,#2623,#1395,.T.);
#3294=EDGE_CURVE('',#2628,#2626,#1396,.T.);
#3295=EDGE_CURVE('',#2627,#2628,#1397,.T.);
#3296=EDGE_CURVE('',#2629,#2627,#93,.T.);
#3297=EDGE_CURVE('',#2630,#2628,#94,.T.);
#3298=EDGE_CURVE('',#2629,#2630,#1398,.T.);
#3299=EDGE_CURVE('',#2631,#2629,#1399,.T.);
#3300=EDGE_CURVE('',#2632,#2630,#1400,.T.);
#3301=EDGE_CURVE('',#2631,#2632,#1401,.T.);
#3302=EDGE_CURVE('',#2633,#2631,#95,.T.);
#3303=EDGE_CURVE('',#2634,#2632,#96,.T.);
#3304=EDGE_CURVE('',#2633,#2634,#1402,.T.);
#3305=EDGE_CURVE('',#2635,#2633,#1403,.T.);
#3306=EDGE_CURVE('',#2636,#2634,#1404,.T.);
#3307=EDGE_CURVE('',#2635,#2636,#1405,.T.);
#3308=EDGE_CURVE('',#2637,#2635,#97,.T.);
#3309=EDGE_CURVE('',#2638,#2636,#98,.T.);
#3310=EDGE_CURVE('',#2637,#2638,#1406,.T.);
#3311=EDGE_CURVE('',#2624,#2637,#1407,.T.);
#3312=EDGE_CURVE('',#2625,#2638,#1408,.T.);
#3313=EDGE_CURVE('',#2639,#2639,#99,.T.);
#3314=EDGE_CURVE('',#2640,#2640,#100,.T.);
#3315=EDGE_CURVE('',#2641,#2642,#101,.T.);
#3316=EDGE_CURVE('',#2642,#2643,#1409,.T.);
#3317=EDGE_CURVE('',#2644,#2643,#102,.T.);
#3318=EDGE_CURVE('',#2641,#2644,#1410,.T.);
#3319=EDGE_CURVE('',#2645,#2641,#103,.T.);
#3320=EDGE_CURVE('',#2646,#2644,#104,.T.);
#3321=EDGE_CURVE('',#2645,#2646,#1411,.T.);
#3322=EDGE_CURVE('',#2647,#2645,#105,.T.);
#3323=EDGE_CURVE('',#2648,#2646,#106,.T.);
#3324=EDGE_CURVE('',#2647,#2648,#1412,.T.);
#3325=EDGE_CURVE('',#2649,#2647,#107,.T.);
#3326=EDGE_CURVE('',#2650,#2648,#108,.T.);
#3327=EDGE_CURVE('',#2649,#2650,#1413,.T.);
#3328=EDGE_CURVE('',#2651,#2649,#109,.T.);
#3329=EDGE_CURVE('',#2652,#2650,#110,.T.);
#3330=EDGE_CURVE('',#2651,#2652,#1414,.T.);
#3331=EDGE_CURVE('',#2653,#2651,#111,.T.);
#3332=EDGE_CURVE('',#2654,#2652,#112,.T.);
#3333=EDGE_CURVE('',#2653,#2654,#1415,.T.);
#3334=EDGE_CURVE('',#2655,#2653,#113,.T.);
#3335=EDGE_CURVE('',#2656,#2654,#114,.T.);
#3336=EDGE_CURVE('',#2655,#2656,#1416,.T.);
#3337=EDGE_CURVE('',#2657,#2655,#115,.T.);
#3338=EDGE_CURVE('',#2658,#2656,#116,.T.);
#3339=EDGE_CURVE('',#2657,#2658,#1417,.T.);
#3340=EDGE_CURVE('',#2659,#2657,#117,.T.);
#3341=EDGE_CURVE('',#2660,#2658,#118,.T.);
#3342=EDGE_CURVE('',#2659,#2660,#1418,.T.);
#3343=EDGE_CURVE('',#2661,#2659,#119,.T.);
#3344=EDGE_CURVE('',#2662,#2660,#120,.T.);
#3345=EDGE_CURVE('',#2661,#2662,#1419,.T.);
#3346=EDGE_CURVE('',#2663,#2661,#121,.T.);
#3347=EDGE_CURVE('',#2664,#2662,#122,.T.);
#3348=EDGE_CURVE('',#2663,#2664,#1420,.T.);
#3349=EDGE_CURVE('',#2665,#2663,#1421,.T.);
#3350=EDGE_CURVE('',#2666,#2664,#1422,.T.);
#3351=EDGE_CURVE('',#2665,#2666,#1423,.T.);
#3352=EDGE_CURVE('',#2667,#2665,#123,.T.);
#3353=EDGE_CURVE('',#2668,#2666,#124,.T.);
#3354=EDGE_CURVE('',#2667,#2668,#1424,.T.);
#3355=EDGE_CURVE('',#2669,#2667,#125,.T.);
#3356=EDGE_CURVE('',#2670,#2668,#126,.T.);
#3357=EDGE_CURVE('',#2669,#2670,#1425,.T.);
#3358=EDGE_CURVE('',#2671,#2669,#127,.T.);
#3359=EDGE_CURVE('',#2672,#2670,#128,.T.);
#3360=EDGE_CURVE('',#2671,#2672,#1426,.T.);
#3361=EDGE_CURVE('',#2673,#2671,#1427,.T.);
#3362=EDGE_CURVE('',#2674,#2672,#1428,.T.);
#3363=EDGE_CURVE('',#2673,#2674,#1429,.T.);
#3364=EDGE_CURVE('',#2675,#2673,#1430,.T.);
#3365=EDGE_CURVE('',#2676,#2674,#1431,.T.);
#3366=EDGE_CURVE('',#2675,#2676,#1432,.T.);
#3367=EDGE_CURVE('',#2677,#2675,#129,.T.);
#3368=EDGE_CURVE('',#2678,#2676,#130,.T.);
#3369=EDGE_CURVE('',#2677,#2678,#1433,.T.);
#3370=EDGE_CURVE('',#2679,#2677,#131,.T.);
#3371=EDGE_CURVE('',#2680,#2678,#132,.T.);
#3372=EDGE_CURVE('',#2679,#2680,#1434,.T.);
#3373=EDGE_CURVE('',#2681,#2679,#133,.T.);
#3374=EDGE_CURVE('',#2682,#2680,#134,.T.);
#3375=EDGE_CURVE('',#2681,#2682,#1435,.T.);
#3376=EDGE_CURVE('',#2683,#2681,#135,.T.);
#3377=EDGE_CURVE('',#2684,#2682,#136,.T.);
#3378=EDGE_CURVE('',#2683,#2684,#1436,.T.);
#3379=EDGE_CURVE('',#2685,#2683,#137,.T.);
#3380=EDGE_CURVE('',#2686,#2684,#138,.T.);
#3381=EDGE_CURVE('',#2685,#2686,#1437,.T.);
#3382=EDGE_CURVE('',#2687,#2685,#139,.T.);
#3383=EDGE_CURVE('',#2688,#2686,#140,.T.);
#3384=EDGE_CURVE('',#2687,#2688,#1438,.T.);
#3385=EDGE_CURVE('',#2689,#2687,#141,.T.);
#3386=EDGE_CURVE('',#2690,#2688,#142,.T.);
#3387=EDGE_CURVE('',#2689,#2690,#1439,.T.);
#3388=EDGE_CURVE('',#2642,#2689,#143,.T.);
#3389=EDGE_CURVE('',#2643,#2690,#144,.T.);
#3390=EDGE_CURVE('',#2691,#2692,#1440,.T.);
#3391=EDGE_CURVE('',#2692,#2693,#1441,.T.);
#3392=EDGE_CURVE('',#2694,#2693,#1442,.T.);
#3393=EDGE_CURVE('',#2691,#2694,#1443,.T.);
#3394=EDGE_CURVE('',#2695,#2691,#1444,.T.);
#3395=EDGE_CURVE('',#2696,#2694,#1445,.T.);
#3396=EDGE_CURVE('',#2695,#2696,#1446,.T.);
#3397=EDGE_CURVE('',#2697,#2695,#1447,.T.);
#3398=EDGE_CURVE('',#2698,#2696,#1448,.T.);
#3399=EDGE_CURVE('',#2697,#2698,#1449,.T.);
#3400=EDGE_CURVE('',#2692,#2697,#1450,.T.);
#3401=EDGE_CURVE('',#2693,#2698,#1451,.T.);
#3402=EDGE_CURVE('',#2699,#2700,#1452,.T.);
#3403=EDGE_CURVE('',#2700,#2701,#1453,.T.);
#3404=EDGE_CURVE('',#2702,#2701,#1454,.T.);
#3405=EDGE_CURVE('',#2699,#2702,#1455,.T.);
#3406=EDGE_CURVE('',#2703,#2699,#1456,.T.);
#3407=EDGE_CURVE('',#2704,#2702,#1457,.T.);
#3408=EDGE_CURVE('',#2703,#2704,#1458,.T.);
#3409=EDGE_CURVE('',#2705,#2703,#1459,.T.);
#3410=EDGE_CURVE('',#2706,#2704,#1460,.T.);
#3411=EDGE_CURVE('',#2705,#2706,#1461,.T.);
#3412=EDGE_CURVE('',#2700,#2705,#1462,.T.);
#3413=EDGE_CURVE('',#2701,#2706,#1463,.T.);
#3414=EDGE_CURVE('',#2707,#2708,#1464,.T.);
#3415=EDGE_CURVE('',#2708,#2709,#1465,.T.);
#3416=EDGE_CURVE('',#2710,#2709,#1466,.T.);
#3417=EDGE_CURVE('',#2707,#2710,#1467,.T.);
#3418=EDGE_CURVE('',#2711,#2707,#1468,.T.);
#3419=EDGE_CURVE('',#2712,#2710,#1469,.T.);
#3420=EDGE_CURVE('',#2711,#2712,#1470,.T.);
#3421=EDGE_CURVE('',#2713,#2711,#1471,.T.);
#3422=EDGE_CURVE('',#2714,#2712,#1472,.T.);
#3423=EDGE_CURVE('',#2713,#2714,#1473,.T.);
#3424=EDGE_CURVE('',#2715,#2713,#1474,.T.);
#3425=EDGE_CURVE('',#2716,#2714,#1475,.T.);
#3426=EDGE_CURVE('',#2715,#2716,#1476,.T.);
#3427=EDGE_CURVE('',#2717,#2715,#1477,.T.);
#3428=EDGE_CURVE('',#2718,#2716,#1478,.T.);
#3429=EDGE_CURVE('',#2717,#2718,#1479,.T.);
#3430=EDGE_CURVE('',#2719,#2717,#1480,.T.);
#3431=EDGE_CURVE('',#2720,#2718,#1481,.T.);
#3432=EDGE_CURVE('',#2719,#2720,#1482,.T.);
#3433=EDGE_CURVE('',#2721,#2719,#1483,.T.);
#3434=EDGE_CURVE('',#2722,#2720,#1484,.T.);
#3435=EDGE_CURVE('',#2721,#2722,#1485,.T.);
#3436=EDGE_CURVE('',#2723,#2721,#1486,.T.);
#3437=EDGE_CURVE('',#2724,#2722,#1487,.T.);
#3438=EDGE_CURVE('',#2723,#2724,#1488,.T.);
#3439=EDGE_CURVE('',#2725,#2723,#1489,.T.);
#3440=EDGE_CURVE('',#2726,#2724,#1490,.T.);
#3441=EDGE_CURVE('',#2725,#2726,#1491,.T.);
#3442=EDGE_CURVE('',#2727,#2725,#1492,.T.);
#3443=EDGE_CURVE('',#2728,#2726,#1493,.T.);
#3444=EDGE_CURVE('',#2727,#2728,#1494,.T.);
#3445=EDGE_CURVE('',#2729,#2727,#145,.T.);
#3446=EDGE_CURVE('',#2730,#2728,#146,.T.);
#3447=EDGE_CURVE('',#2729,#2730,#1495,.T.);
#3448=EDGE_CURVE('',#2731,#2729,#147,.T.);
#3449=EDGE_CURVE('',#2732,#2730,#148,.T.);
#3450=EDGE_CURVE('',#2731,#2732,#1496,.T.);
#3451=EDGE_CURVE('',#2733,#2731,#149,.T.);
#3452=EDGE_CURVE('',#2734,#2732,#150,.T.);
#3453=EDGE_CURVE('',#2733,#2734,#1497,.T.);
#3454=EDGE_CURVE('',#2735,#2733,#1498,.T.);
#3455=EDGE_CURVE('',#2736,#2734,#1499,.T.);
#3456=EDGE_CURVE('',#2735,#2736,#1500,.T.);
#3457=EDGE_CURVE('',#2737,#2735,#151,.T.);
#3458=EDGE_CURVE('',#2738,#2736,#152,.T.);
#3459=EDGE_CURVE('',#2737,#2738,#1501,.T.);
#3460=EDGE_CURVE('',#2739,#2737,#153,.T.);
#3461=EDGE_CURVE('',#2740,#2738,#154,.T.);
#3462=EDGE_CURVE('',#2739,#2740,#1502,.T.);
#3463=EDGE_CURVE('',#2741,#2739,#155,.T.);
#3464=EDGE_CURVE('',#2742,#2740,#156,.T.);
#3465=EDGE_CURVE('',#2741,#2742,#1503,.T.);
#3466=EDGE_CURVE('',#2743,#2741,#157,.T.);
#3467=EDGE_CURVE('',#2744,#2742,#158,.T.);
#3468=EDGE_CURVE('',#2743,#2744,#1504,.T.);
#3469=EDGE_CURVE('',#2708,#2743,#1505,.T.);
#3470=EDGE_CURVE('',#2709,#2744,#1506,.T.);
#3471=EDGE_CURVE('',#2745,#2745,#159,.T.);
#3472=EDGE_CURVE('',#2746,#2746,#160,.T.);
#3473=EDGE_CURVE('',#2747,#2747,#161,.T.);
#3474=EDGE_CURVE('',#2748,#2748,#162,.T.);
#3475=EDGE_CURVE('',#2749,#2750,#1507,.T.);
#3476=EDGE_CURVE('',#2750,#2751,#1508,.T.);
#3477=EDGE_CURVE('',#2752,#2751,#1509,.T.);
#3478=EDGE_CURVE('',#2749,#2752,#1510,.T.);
#3479=EDGE_CURVE('',#2753,#2749,#1511,.T.);
#3480=EDGE_CURVE('',#2754,#2752,#1512,.T.);
#3481=EDGE_CURVE('',#2753,#2754,#1513,.T.);
#3482=EDGE_CURVE('',#2755,#2753,#1514,.T.);
#3483=EDGE_CURVE('',#2756,#2754,#1515,.T.);
#3484=EDGE_CURVE('',#2755,#2756,#1516,.T.);
#3485=EDGE_CURVE('',#2757,#2755,#1517,.T.);
#3486=EDGE_CURVE('',#2758,#2756,#1518,.T.);
#3487=EDGE_CURVE('',#2757,#2758,#1519,.T.);
#3488=EDGE_CURVE('',#2759,#2757,#1520,.T.);
#3489=EDGE_CURVE('',#2760,#2758,#1521,.T.);
#3490=EDGE_CURVE('',#2759,#2760,#1522,.T.);
#3491=EDGE_CURVE('',#2761,#2759,#163,.T.);
#3492=EDGE_CURVE('',#2762,#2760,#164,.T.);
#3493=EDGE_CURVE('',#2761,#2762,#1523,.T.);
#3494=EDGE_CURVE('',#2763,#2761,#165,.T.);
#3495=EDGE_CURVE('',#2764,#2762,#166,.T.);
#3496=EDGE_CURVE('',#2763,#2764,#1524,.T.);
#3497=EDGE_CURVE('',#2765,#2763,#167,.T.);
#3498=EDGE_CURVE('',#2766,#2764,#168,.T.);
#3499=EDGE_CURVE('',#2765,#2766,#1525,.T.);
#3500=EDGE_CURVE('',#2767,#2765,#1526,.T.);
#3501=EDGE_CURVE('',#2768,#2766,#1527,.T.);
#3502=EDGE_CURVE('',#2767,#2768,#1528,.T.);
#3503=EDGE_CURVE('',#2769,#2767,#1529,.T.);
#3504=EDGE_CURVE('',#2770,#2768,#1530,.T.);
#3505=EDGE_CURVE('',#2769,#2770,#1531,.T.);
#3506=EDGE_CURVE('',#2771,#2769,#1532,.T.);
#3507=EDGE_CURVE('',#2772,#2770,#1533,.T.);
#3508=EDGE_CURVE('',#2771,#2772,#1534,.T.);
#3509=EDGE_CURVE('',#2773,#2771,#169,.T.);
#3510=EDGE_CURVE('',#2774,#2772,#170,.T.);
#3511=EDGE_CURVE('',#2773,#2774,#1535,.T.);
#3512=EDGE_CURVE('',#2775,#2773,#171,.T.);
#3513=EDGE_CURVE('',#2776,#2774,#172,.T.);
#3514=EDGE_CURVE('',#2775,#2776,#1536,.T.);
#3515=EDGE_CURVE('',#2777,#2775,#173,.T.);
#3516=EDGE_CURVE('',#2778,#2776,#174,.T.);
#3517=EDGE_CURVE('',#2777,#2778,#1537,.T.);
#3518=EDGE_CURVE('',#2750,#2777,#175,.T.);
#3519=EDGE_CURVE('',#2751,#2778,#176,.T.);
#3520=EDGE_CURVE('',#2779,#2780,#177,.T.);
#3521=EDGE_CURVE('',#2780,#2781,#1538,.T.);
#3522=EDGE_CURVE('',#2782,#2781,#178,.T.);
#3523=EDGE_CURVE('',#2779,#2782,#1539,.T.);
#3524=EDGE_CURVE('',#2783,#2779,#179,.T.);
#3525=EDGE_CURVE('',#2784,#2782,#180,.T.);
#3526=EDGE_CURVE('',#2783,#2784,#1540,.T.);
#3527=EDGE_CURVE('',#2785,#2783,#181,.T.);
#3528=EDGE_CURVE('',#2786,#2784,#182,.T.);
#3529=EDGE_CURVE('',#2785,#2786,#1541,.T.);
#3530=EDGE_CURVE('',#2787,#2785,#183,.T.);
#3531=EDGE_CURVE('',#2788,#2786,#184,.T.);
#3532=EDGE_CURVE('',#2787,#2788,#1542,.T.);
#3533=EDGE_CURVE('',#2789,#2787,#1543,.T.);
#3534=EDGE_CURVE('',#2790,#2788,#1544,.T.);
#3535=EDGE_CURVE('',#2789,#2790,#1545,.T.);
#3536=EDGE_CURVE('',#2791,#2789,#1546,.T.);
#3537=EDGE_CURVE('',#2792,#2790,#1547,.T.);
#3538=EDGE_CURVE('',#2791,#2792,#1548,.T.);
#3539=EDGE_CURVE('',#2793,#2791,#185,.T.);
#3540=EDGE_CURVE('',#2794,#2792,#186,.T.);
#3541=EDGE_CURVE('',#2793,#2794,#1549,.T.);
#3542=EDGE_CURVE('',#2780,#2793,#187,.T.);
#3543=EDGE_CURVE('',#2781,#2794,#188,.T.);
#3544=EDGE_CURVE('',#2795,#2796,#189,.T.);
#3545=EDGE_CURVE('',#2796,#2797,#1550,.T.);
#3546=EDGE_CURVE('',#2798,#2797,#190,.T.);
#3547=EDGE_CURVE('',#2795,#2798,#1551,.T.);
#3548=EDGE_CURVE('',#2799,#2795,#191,.T.);
#3549=EDGE_CURVE('',#2800,#2798,#192,.T.);
#3550=EDGE_CURVE('',#2799,#2800,#1552,.T.);
#3551=EDGE_CURVE('',#2801,#2799,#193,.T.);
#3552=EDGE_CURVE('',#2802,#2800,#194,.T.);
#3553=EDGE_CURVE('',#2801,#2802,#1553,.T.);
#3554=EDGE_CURVE('',#2803,#2801,#195,.T.);
#3555=EDGE_CURVE('',#2804,#2802,#196,.T.);
#3556=EDGE_CURVE('',#2803,#2804,#1554,.T.);
#3557=EDGE_CURVE('',#2805,#2803,#197,.T.);
#3558=EDGE_CURVE('',#2806,#2804,#198,.T.);
#3559=EDGE_CURVE('',#2805,#2806,#1555,.T.);
#3560=EDGE_CURVE('',#2807,#2805,#199,.T.);
#3561=EDGE_CURVE('',#2808,#2806,#200,.T.);
#3562=EDGE_CURVE('',#2807,#2808,#1556,.T.);
#3563=EDGE_CURVE('',#2809,#2807,#1557,.T.);
#3564=EDGE_CURVE('',#2810,#2808,#1558,.T.);
#3565=EDGE_CURVE('',#2809,#2810,#1559,.T.);
#3566=EDGE_CURVE('',#2811,#2809,#1560,.T.);
#3567=EDGE_CURVE('',#2812,#2810,#1561,.T.);
#3568=EDGE_CURVE('',#2811,#2812,#1562,.T.);
#3569=EDGE_CURVE('',#2813,#2811,#201,.T.);
#3570=EDGE_CURVE('',#2814,#2812,#202,.T.);
#3571=EDGE_CURVE('',#2813,#2814,#1563,.T.);
#3572=EDGE_CURVE('',#2815,#2813,#203,.T.);
#3573=EDGE_CURVE('',#2816,#2814,#204,.T.);
#3574=EDGE_CURVE('',#2815,#2816,#1564,.T.);
#3575=EDGE_CURVE('',#2817,#2815,#205,.T.);
#3576=EDGE_CURVE('',#2818,#2816,#206,.T.);
#3577=EDGE_CURVE('',#2817,#2818,#1565,.T.);
#3578=EDGE_CURVE('',#2819,#2817,#207,.T.);
#3579=EDGE_CURVE('',#2820,#2818,#208,.T.);
#3580=EDGE_CURVE('',#2819,#2820,#1566,.T.);
#3581=EDGE_CURVE('',#2821,#2819,#209,.T.);
#3582=EDGE_CURVE('',#2822,#2820,#210,.T.);
#3583=EDGE_CURVE('',#2821,#2822,#1567,.T.);
#3584=EDGE_CURVE('',#2823,#2821,#211,.T.);
#3585=EDGE_CURVE('',#2824,#2822,#212,.T.);
#3586=EDGE_CURVE('',#2823,#2824,#1568,.T.);
#3587=EDGE_CURVE('',#2825,#2823,#213,.T.);
#3588=EDGE_CURVE('',#2826,#2824,#214,.T.);
#3589=EDGE_CURVE('',#2825,#2826,#1569,.T.);
#3590=EDGE_CURVE('',#2827,#2825,#215,.T.);
#3591=EDGE_CURVE('',#2828,#2826,#216,.T.);
#3592=EDGE_CURVE('',#2827,#2828,#1570,.T.);
#3593=EDGE_CURVE('',#2829,#2827,#217,.T.);
#3594=EDGE_CURVE('',#2830,#2828,#218,.T.);
#3595=EDGE_CURVE('',#2829,#2830,#1571,.T.);
#3596=EDGE_CURVE('',#2831,#2829,#219,.T.);
#3597=EDGE_CURVE('',#2832,#2830,#220,.T.);
#3598=EDGE_CURVE('',#2831,#2832,#1572,.T.);
#3599=EDGE_CURVE('',#2833,#2831,#221,.T.);
#3600=EDGE_CURVE('',#2834,#2832,#222,.T.);
#3601=EDGE_CURVE('',#2833,#2834,#1573,.T.);
#3602=EDGE_CURVE('',#2835,#2833,#223,.T.);
#3603=EDGE_CURVE('',#2836,#2834,#224,.T.);
#3604=EDGE_CURVE('',#2835,#2836,#1574,.T.);
#3605=EDGE_CURVE('',#2837,#2835,#225,.T.);
#3606=EDGE_CURVE('',#2838,#2836,#226,.T.);
#3607=EDGE_CURVE('',#2837,#2838,#1575,.T.);
#3608=EDGE_CURVE('',#2839,#2837,#1576,.T.);
#3609=EDGE_CURVE('',#2840,#2838,#1577,.T.);
#3610=EDGE_CURVE('',#2839,#2840,#1578,.T.);
#3611=EDGE_CURVE('',#2841,#2839,#227,.T.);
#3612=EDGE_CURVE('',#2842,#2840,#228,.T.);
#3613=EDGE_CURVE('',#2841,#2842,#1579,.T.);
#3614=EDGE_CURVE('',#2843,#2841,#1580,.T.);
#3615=EDGE_CURVE('',#2844,#2842,#1581,.T.);
#3616=EDGE_CURVE('',#2843,#2844,#1582,.T.);
#3617=EDGE_CURVE('',#2845,#2843,#1583,.T.);
#3618=EDGE_CURVE('',#2846,#2844,#1584,.T.);
#3619=EDGE_CURVE('',#2845,#2846,#1585,.T.);
#3620=EDGE_CURVE('',#2796,#2845,#1586,.T.);
#3621=EDGE_CURVE('',#2797,#2846,#1587,.T.);
#3622=EDGE_CURVE('',#2847,#2848,#1588,.T.);
#3623=EDGE_CURVE('',#2848,#2849,#1589,.T.);
#3624=EDGE_CURVE('',#2850,#2849,#1590,.T.);
#3625=EDGE_CURVE('',#2847,#2850,#1591,.T.);
#3626=EDGE_CURVE('',#2851,#2847,#1592,.T.);
#3627=EDGE_CURVE('',#2852,#2850,#1593,.T.);
#3628=EDGE_CURVE('',#2851,#2852,#1594,.T.);
#3629=EDGE_CURVE('',#2853,#2851,#1595,.T.);
#3630=EDGE_CURVE('',#2854,#2852,#1596,.T.);
#3631=EDGE_CURVE('',#2853,#2854,#1597,.T.);
#3632=EDGE_CURVE('',#2855,#2853,#1598,.T.);
#3633=EDGE_CURVE('',#2856,#2854,#1599,.T.);
#3634=EDGE_CURVE('',#2855,#2856,#1600,.T.);
#3635=EDGE_CURVE('',#2857,#2855,#1601,.T.);
#3636=EDGE_CURVE('',#2858,#2856,#1602,.T.);
#3637=EDGE_CURVE('',#2857,#2858,#1603,.T.);
#3638=EDGE_CURVE('',#2859,#2857,#229,.T.);
#3639=EDGE_CURVE('',#2860,#2858,#230,.T.);
#3640=EDGE_CURVE('',#2859,#2860,#1604,.T.);
#3641=EDGE_CURVE('',#2861,#2859,#231,.T.);
#3642=EDGE_CURVE('',#2862,#2860,#232,.T.);
#3643=EDGE_CURVE('',#2861,#2862,#1605,.T.);
#3644=EDGE_CURVE('',#2863,#2861,#233,.T.);
#3645=EDGE_CURVE('',#2864,#2862,#234,.T.);
#3646=EDGE_CURVE('',#2863,#2864,#1606,.T.);
#3647=EDGE_CURVE('',#2865,#2863,#1607,.T.);
#3648=EDGE_CURVE('',#2866,#2864,#1608,.T.);
#3649=EDGE_CURVE('',#2865,#2866,#1609,.T.);
#3650=EDGE_CURVE('',#2867,#2865,#1610,.T.);
#3651=EDGE_CURVE('',#2868,#2866,#1611,.T.);
#3652=EDGE_CURVE('',#2867,#2868,#1612,.T.);
#3653=EDGE_CURVE('',#2869,#2867,#1613,.T.);
#3654=EDGE_CURVE('',#2870,#2868,#1614,.T.);
#3655=EDGE_CURVE('',#2869,#2870,#1615,.T.);
#3656=EDGE_CURVE('',#2871,#2869,#235,.T.);
#3657=EDGE_CURVE('',#2872,#2870,#236,.T.);
#3658=EDGE_CURVE('',#2871,#2872,#1616,.T.);
#3659=EDGE_CURVE('',#2873,#2871,#237,.T.);
#3660=EDGE_CURVE('',#2874,#2872,#238,.T.);
#3661=EDGE_CURVE('',#2873,#2874,#1617,.T.);
#3662=EDGE_CURVE('',#2875,#2873,#239,.T.);
#3663=EDGE_CURVE('',#2876,#2874,#240,.T.);
#3664=EDGE_CURVE('',#2875,#2876,#1618,.T.);
#3665=EDGE_CURVE('',#2848,#2875,#241,.T.);
#3666=EDGE_CURVE('',#2849,#2876,#242,.T.);
#3667=EDGE_CURVE('',#2877,#2878,#243,.T.);
#3668=EDGE_CURVE('',#2878,#2879,#1619,.T.);
#3669=EDGE_CURVE('',#2880,#2879,#244,.T.);
#3670=EDGE_CURVE('',#2877,#2880,#1620,.T.);
#3671=EDGE_CURVE('',#2881,#2877,#245,.T.);
#3672=EDGE_CURVE('',#2882,#2880,#246,.T.);
#3673=EDGE_CURVE('',#2881,#2882,#1621,.T.);
#3674=EDGE_CURVE('',#2883,#2881,#247,.T.);
#3675=EDGE_CURVE('',#2884,#2882,#248,.T.);
#3676=EDGE_CURVE('',#2883,#2884,#1622,.T.);
#3677=EDGE_CURVE('',#2885,#2883,#1623,.T.);
#3678=EDGE_CURVE('',#2886,#2884,#1624,.T.);
#3679=EDGE_CURVE('',#2885,#2886,#1625,.T.);
#3680=EDGE_CURVE('',#2887,#2885,#249,.T.);
#3681=EDGE_CURVE('',#2888,#2886,#250,.T.);
#3682=EDGE_CURVE('',#2887,#2888,#1626,.T.);
#3683=EDGE_CURVE('',#2889,#2887,#251,.T.);
#3684=EDGE_CURVE('',#2890,#2888,#252,.T.);
#3685=EDGE_CURVE('',#2889,#2890,#1627,.T.);
#3686=EDGE_CURVE('',#2891,#2889,#253,.T.);
#3687=EDGE_CURVE('',#2892,#2890,#254,.T.);
#3688=EDGE_CURVE('',#2891,#2892,#1628,.T.);
#3689=EDGE_CURVE('',#2893,#2891,#255,.T.);
#3690=EDGE_CURVE('',#2894,#2892,#256,.T.);
#3691=EDGE_CURVE('',#2893,#2894,#1629,.T.);
#3692=EDGE_CURVE('',#2895,#2893,#257,.T.);
#3693=EDGE_CURVE('',#2896,#2894,#258,.T.);
#3694=EDGE_CURVE('',#2895,#2896,#1630,.T.);
#3695=EDGE_CURVE('',#2897,#2895,#259,.T.);
#3696=EDGE_CURVE('',#2898,#2896,#260,.T.);
#3697=EDGE_CURVE('',#2897,#2898,#1631,.T.);
#3698=EDGE_CURVE('',#2899,#2897,#261,.T.);
#3699=EDGE_CURVE('',#2900,#2898,#262,.T.);
#3700=EDGE_CURVE('',#2899,#2900,#1632,.T.);
#3701=EDGE_CURVE('',#2901,#2899,#263,.T.);
#3702=EDGE_CURVE('',#2902,#2900,#264,.T.);
#3703=EDGE_CURVE('',#2901,#2902,#1633,.T.);
#3704=EDGE_CURVE('',#2903,#2901,#265,.T.);
#3705=EDGE_CURVE('',#2904,#2902,#266,.T.);
#3706=EDGE_CURVE('',#2903,#2904,#1634,.T.);
#3707=EDGE_CURVE('',#2905,#2903,#267,.T.);
#3708=EDGE_CURVE('',#2906,#2904,#268,.T.);
#3709=EDGE_CURVE('',#2905,#2906,#1635,.T.);
#3710=EDGE_CURVE('',#2907,#2905,#269,.T.);
#3711=EDGE_CURVE('',#2908,#2906,#270,.T.);
#3712=EDGE_CURVE('',#2907,#2908,#1636,.T.);
#3713=EDGE_CURVE('',#2909,#2907,#271,.T.);
#3714=EDGE_CURVE('',#2910,#2908,#272,.T.);
#3715=EDGE_CURVE('',#2909,#2910,#1637,.T.);
#3716=EDGE_CURVE('',#2911,#2909,#273,.T.);
#3717=EDGE_CURVE('',#2912,#2910,#274,.T.);
#3718=EDGE_CURVE('',#2911,#2912,#1638,.T.);
#3719=EDGE_CURVE('',#2913,#2911,#275,.T.);
#3720=EDGE_CURVE('',#2914,#2912,#276,.T.);
#3721=EDGE_CURVE('',#2913,#2914,#1639,.T.);
#3722=EDGE_CURVE('',#2915,#2913,#1640,.T.);
#3723=EDGE_CURVE('',#2916,#2914,#1641,.T.);
#3724=EDGE_CURVE('',#2915,#2916,#1642,.T.);
#3725=EDGE_CURVE('',#2878,#2915,#277,.T.);
#3726=EDGE_CURVE('',#2879,#2916,#278,.T.);
#3727=EDGE_CURVE('',#2917,#2918,#279,.T.);
#3728=EDGE_CURVE('',#2918,#2919,#1643,.T.);
#3729=EDGE_CURVE('',#2920,#2919,#280,.T.);
#3730=EDGE_CURVE('',#2917,#2920,#1644,.T.);
#3731=EDGE_CURVE('',#2921,#2917,#1645,.T.);
#3732=EDGE_CURVE('',#2922,#2920,#1646,.T.);
#3733=EDGE_CURVE('',#2921,#2922,#1647,.T.);
#3734=EDGE_CURVE('',#2923,#2921,#281,.T.);
#3735=EDGE_CURVE('',#2924,#2922,#282,.T.);
#3736=EDGE_CURVE('',#2923,#2924,#1648,.T.);
#3737=EDGE_CURVE('',#2925,#2923,#283,.T.);
#3738=EDGE_CURVE('',#2926,#2924,#284,.T.);
#3739=EDGE_CURVE('',#2925,#2926,#1649,.T.);
#3740=EDGE_CURVE('',#2927,#2925,#285,.T.);
#3741=EDGE_CURVE('',#2928,#2926,#286,.T.);
#3742=EDGE_CURVE('',#2927,#2928,#1650,.T.);
#3743=EDGE_CURVE('',#2929,#2927,#287,.T.);
#3744=EDGE_CURVE('',#2930,#2928,#288,.T.);
#3745=EDGE_CURVE('',#2929,#2930,#1651,.T.);
#3746=EDGE_CURVE('',#2931,#2929,#289,.T.);
#3747=EDGE_CURVE('',#2932,#2930,#290,.T.);
#3748=EDGE_CURVE('',#2931,#2932,#1652,.T.);
#3749=EDGE_CURVE('',#2933,#2931,#291,.T.);
#3750=EDGE_CURVE('',#2934,#2932,#292,.T.);
#3751=EDGE_CURVE('',#2933,#2934,#1653,.T.);
#3752=EDGE_CURVE('',#2935,#2933,#293,.T.);
#3753=EDGE_CURVE('',#2936,#2934,#294,.T.);
#3754=EDGE_CURVE('',#2935,#2936,#1654,.T.);
#3755=EDGE_CURVE('',#2937,#2935,#295,.T.);
#3756=EDGE_CURVE('',#2938,#2936,#296,.T.);
#3757=EDGE_CURVE('',#2937,#2938,#1655,.T.);
#3758=EDGE_CURVE('',#2939,#2937,#297,.T.);
#3759=EDGE_CURVE('',#2940,#2938,#298,.T.);
#3760=EDGE_CURVE('',#2939,#2940,#1656,.T.);
#3761=EDGE_CURVE('',#2941,#2939,#299,.T.);
#3762=EDGE_CURVE('',#2942,#2940,#300,.T.);
#3763=EDGE_CURVE('',#2941,#2942,#1657,.T.);
#3764=EDGE_CURVE('',#2943,#2941,#301,.T.);
#3765=EDGE_CURVE('',#2944,#2942,#302,.T.);
#3766=EDGE_CURVE('',#2943,#2944,#1658,.T.);
#3767=EDGE_CURVE('',#2945,#2943,#303,.T.);
#3768=EDGE_CURVE('',#2946,#2944,#304,.T.);
#3769=EDGE_CURVE('',#2945,#2946,#1659,.T.);
#3770=EDGE_CURVE('',#2947,#2945,#305,.T.);
#3771=EDGE_CURVE('',#2948,#2946,#306,.T.);
#3772=EDGE_CURVE('',#2947,#2948,#1660,.T.);
#3773=EDGE_CURVE('',#2949,#2947,#307,.T.);
#3774=EDGE_CURVE('',#2950,#2948,#308,.T.);
#3775=EDGE_CURVE('',#2949,#2950,#1661,.T.);
#3776=EDGE_CURVE('',#2951,#2949,#309,.T.);
#3777=EDGE_CURVE('',#2952,#2950,#310,.T.);
#3778=EDGE_CURVE('',#2951,#2952,#1662,.T.);
#3779=EDGE_CURVE('',#2953,#2951,#311,.T.);
#3780=EDGE_CURVE('',#2954,#2952,#312,.T.);
#3781=EDGE_CURVE('',#2953,#2954,#1663,.T.);
#3782=EDGE_CURVE('',#2955,#2953,#313,.T.);
#3783=EDGE_CURVE('',#2956,#2954,#314,.T.);
#3784=EDGE_CURVE('',#2955,#2956,#1664,.T.);
#3785=EDGE_CURVE('',#2957,#2955,#315,.T.);
#3786=EDGE_CURVE('',#2958,#2956,#316,.T.);
#3787=EDGE_CURVE('',#2957,#2958,#1665,.T.);
#3788=EDGE_CURVE('',#2959,#2957,#1666,.T.);
#3789=EDGE_CURVE('',#2960,#2958,#1667,.T.);
#3790=EDGE_CURVE('',#2959,#2960,#1668,.T.);
#3791=EDGE_CURVE('',#2918,#2959,#317,.T.);
#3792=EDGE_CURVE('',#2919,#2960,#318,.T.);
#3793=EDGE_CURVE('',#2961,#2962,#1669,.T.);
#3794=EDGE_CURVE('',#2962,#2963,#1670,.T.);
#3795=EDGE_CURVE('',#2964,#2963,#1671,.T.);
#3796=EDGE_CURVE('',#2961,#2964,#1672,.T.);
#3797=EDGE_CURVE('',#2965,#2961,#1673,.T.);
#3798=EDGE_CURVE('',#2966,#2964,#1674,.T.);
#3799=EDGE_CURVE('',#2965,#2966,#1675,.T.);
#3800=EDGE_CURVE('',#2967,#2965,#1676,.T.);
#3801=EDGE_CURVE('',#2968,#2966,#1677,.T.);
#3802=EDGE_CURVE('',#2967,#2968,#1678,.T.);
#3803=EDGE_CURVE('',#2969,#2967,#1679,.T.);
#3804=EDGE_CURVE('',#2970,#2968,#1680,.T.);
#3805=EDGE_CURVE('',#2969,#2970,#1681,.T.);
#3806=EDGE_CURVE('',#2971,#2969,#1682,.T.);
#3807=EDGE_CURVE('',#2972,#2970,#1683,.T.);
#3808=EDGE_CURVE('',#2971,#2972,#1684,.T.);
#3809=EDGE_CURVE('',#2973,#2971,#319,.T.);
#3810=EDGE_CURVE('',#2974,#2972,#320,.T.);
#3811=EDGE_CURVE('',#2973,#2974,#1685,.T.);
#3812=EDGE_CURVE('',#2975,#2973,#321,.T.);
#3813=EDGE_CURVE('',#2976,#2974,#322,.T.);
#3814=EDGE_CURVE('',#2975,#2976,#1686,.T.);
#3815=EDGE_CURVE('',#2977,#2975,#323,.T.);
#3816=EDGE_CURVE('',#2978,#2976,#324,.T.);
#3817=EDGE_CURVE('',#2977,#2978,#1687,.T.);
#3818=EDGE_CURVE('',#2979,#2977,#1688,.T.);
#3819=EDGE_CURVE('',#2980,#2978,#1689,.T.);
#3820=EDGE_CURVE('',#2979,#2980,#1690,.T.);
#3821=EDGE_CURVE('',#2981,#2979,#1691,.T.);
#3822=EDGE_CURVE('',#2982,#2980,#1692,.T.);
#3823=EDGE_CURVE('',#2981,#2982,#1693,.T.);
#3824=EDGE_CURVE('',#2983,#2981,#1694,.T.);
#3825=EDGE_CURVE('',#2984,#2982,#1695,.T.);
#3826=EDGE_CURVE('',#2983,#2984,#1696,.T.);
#3827=EDGE_CURVE('',#2985,#2983,#325,.T.);
#3828=EDGE_CURVE('',#2986,#2984,#326,.T.);
#3829=EDGE_CURVE('',#2985,#2986,#1697,.T.);
#3830=EDGE_CURVE('',#2987,#2985,#327,.T.);
#3831=EDGE_CURVE('',#2988,#2986,#328,.T.);
#3832=EDGE_CURVE('',#2987,#2988,#1698,.T.);
#3833=EDGE_CURVE('',#2989,#2987,#329,.T.);
#3834=EDGE_CURVE('',#2990,#2988,#330,.T.);
#3835=EDGE_CURVE('',#2989,#2990,#1699,.T.);
#3836=EDGE_CURVE('',#2962,#2989,#331,.T.);
#3837=EDGE_CURVE('',#2963,#2990,#332,.T.);
#3838=EDGE_CURVE('',#2991,#2992,#1700,.T.);
#3839=EDGE_CURVE('',#2992,#2993,#1701,.T.);
#3840=EDGE_CURVE('',#2994,#2993,#1702,.T.);
#3841=EDGE_CURVE('',#2991,#2994,#1703,.T.);
#3842=EDGE_CURVE('',#2995,#2991,#1704,.T.);
#3843=EDGE_CURVE('',#2996,#2994,#1705,.T.);
#3844=EDGE_CURVE('',#2995,#2996,#1706,.T.);
#3845=EDGE_CURVE('',#2997,#2995,#1707,.T.);
#3846=EDGE_CURVE('',#2998,#2996,#1708,.T.);
#3847=EDGE_CURVE('',#2997,#2998,#1709,.T.);
#3848=EDGE_CURVE('',#2992,#2997,#1710,.T.);
#3849=EDGE_CURVE('',#2993,#2998,#1711,.T.);
#3850=EDGE_CURVE('',#2999,#3000,#333,.T.);
#3851=EDGE_CURVE('',#3000,#3001,#1712,.T.);
#3852=EDGE_CURVE('',#3002,#3001,#334,.T.);
#3853=EDGE_CURVE('',#2999,#3002,#1713,.T.);
#3854=EDGE_CURVE('',#3003,#2999,#1714,.T.);
#3855=EDGE_CURVE('',#3004,#3002,#1715,.T.);
#3856=EDGE_CURVE('',#3003,#3004,#1716,.T.);
#3857=EDGE_CURVE('',#3005,#3003,#1717,.T.);
#3858=EDGE_CURVE('',#3006,#3004,#1718,.T.);
#3859=EDGE_CURVE('',#3005,#3006,#1719,.T.);
#3860=EDGE_CURVE('',#3007,#3005,#1720,.T.);
#3861=EDGE_CURVE('',#3008,#3006,#1721,.T.);
#3862=EDGE_CURVE('',#3007,#3008,#1722,.T.);
#3863=EDGE_CURVE('',#3009,#3007,#335,.T.);
#3864=EDGE_CURVE('',#3010,#3008,#336,.T.);
#3865=EDGE_CURVE('',#3009,#3010,#1723,.T.);
#3866=EDGE_CURVE('',#3011,#3009,#1724,.T.);
#3867=EDGE_CURVE('',#3012,#3010,#1725,.T.);
#3868=EDGE_CURVE('',#3011,#3012,#1726,.T.);
#3869=EDGE_CURVE('',#3013,#3011,#337,.T.);
#3870=EDGE_CURVE('',#3014,#3012,#338,.T.);
#3871=EDGE_CURVE('',#3013,#3014,#1727,.T.);
#3872=EDGE_CURVE('',#3015,#3013,#1728,.T.);
#3873=EDGE_CURVE('',#3016,#3014,#1729,.T.);
#3874=EDGE_CURVE('',#3015,#3016,#1730,.T.);
#3875=EDGE_CURVE('',#3017,#3015,#1731,.T.);
#3876=EDGE_CURVE('',#3018,#3016,#1732,.T.);
#3877=EDGE_CURVE('',#3017,#3018,#1733,.T.);
#3878=EDGE_CURVE('',#3019,#3017,#1734,.T.);
#3879=EDGE_CURVE('',#3020,#3018,#1735,.T.);
#3880=EDGE_CURVE('',#3019,#3020,#1736,.T.);
#3881=EDGE_CURVE('',#3021,#3019,#339,.T.);
#3882=EDGE_CURVE('',#3022,#3020,#340,.T.);
#3883=EDGE_CURVE('',#3021,#3022,#1737,.T.);
#3884=EDGE_CURVE('',#3000,#3021,#1738,.T.);
#3885=EDGE_CURVE('',#3001,#3022,#1739,.T.);
#3886=EDGE_CURVE('',#3023,#3024,#341,.T.);
#3887=EDGE_CURVE('',#3024,#3025,#1740,.T.);
#3888=EDGE_CURVE('',#3026,#3025,#342,.T.);
#3889=EDGE_CURVE('',#3023,#3026,#1741,.T.);
#3890=EDGE_CURVE('',#3027,#3023,#1742,.T.);
#3891=EDGE_CURVE('',#3028,#3026,#1743,.T.);
#3892=EDGE_CURVE('',#3027,#3028,#1744,.T.);
#3893=EDGE_CURVE('',#3029,#3027,#1745,.T.);
#3894=EDGE_CURVE('',#3030,#3028,#1746,.T.);
#3895=EDGE_CURVE('',#3029,#3030,#1747,.T.);
#3896=EDGE_CURVE('',#3031,#3029,#1748,.T.);
#3897=EDGE_CURVE('',#3032,#3030,#1749,.T.);
#3898=EDGE_CURVE('',#3031,#3032,#1750,.T.);
#3899=EDGE_CURVE('',#3033,#3031,#343,.T.);
#3900=EDGE_CURVE('',#3034,#3032,#344,.T.);
#3901=EDGE_CURVE('',#3033,#3034,#1751,.T.);
#3902=EDGE_CURVE('',#3035,#3033,#1752,.T.);
#3903=EDGE_CURVE('',#3036,#3034,#1753,.T.);
#3904=EDGE_CURVE('',#3035,#3036,#1754,.T.);
#3905=EDGE_CURVE('',#3037,#3035,#345,.T.);
#3906=EDGE_CURVE('',#3038,#3036,#346,.T.);
#3907=EDGE_CURVE('',#3037,#3038,#1755,.T.);
#3908=EDGE_CURVE('',#3039,#3037,#1756,.T.);
#3909=EDGE_CURVE('',#3040,#3038,#1757,.T.);
#3910=EDGE_CURVE('',#3039,#3040,#1758,.T.);
#3911=EDGE_CURVE('',#3041,#3039,#1759,.T.);
#3912=EDGE_CURVE('',#3042,#3040,#1760,.T.);
#3913=EDGE_CURVE('',#3041,#3042,#1761,.T.);
#3914=EDGE_CURVE('',#3043,#3041,#1762,.T.);
#3915=EDGE_CURVE('',#3044,#3042,#1763,.T.);
#3916=EDGE_CURVE('',#3043,#3044,#1764,.T.);
#3917=EDGE_CURVE('',#3045,#3043,#347,.T.);
#3918=EDGE_CURVE('',#3046,#3044,#348,.T.);
#3919=EDGE_CURVE('',#3045,#3046,#1765,.T.);
#3920=EDGE_CURVE('',#3024,#3045,#1766,.T.);
#3921=EDGE_CURVE('',#3025,#3046,#1767,.T.);
#3922=EDGE_CURVE('',#3047,#3048,#349,.T.);
#3923=EDGE_CURVE('',#3048,#3049,#1768,.T.);
#3924=EDGE_CURVE('',#3050,#3049,#350,.T.);
#3925=EDGE_CURVE('',#3047,#3050,#1769,.T.);
#3926=EDGE_CURVE('',#3051,#3047,#1770,.T.);
#3927=EDGE_CURVE('',#3052,#3050,#1771,.T.);
#3928=EDGE_CURVE('',#3051,#3052,#1772,.T.);
#3929=EDGE_CURVE('',#3053,#3051,#1773,.T.);
#3930=EDGE_CURVE('',#3054,#3052,#1774,.T.);
#3931=EDGE_CURVE('',#3053,#3054,#1775,.T.);
#3932=EDGE_CURVE('',#3055,#3053,#1776,.T.);
#3933=EDGE_CURVE('',#3056,#3054,#1777,.T.);
#3934=EDGE_CURVE('',#3055,#3056,#1778,.T.);
#3935=EDGE_CURVE('',#3057,#3055,#351,.T.);
#3936=EDGE_CURVE('',#3058,#3056,#352,.T.);
#3937=EDGE_CURVE('',#3057,#3058,#1779,.T.);
#3938=EDGE_CURVE('',#3059,#3057,#1780,.T.);
#3939=EDGE_CURVE('',#3060,#3058,#1781,.T.);
#3940=EDGE_CURVE('',#3059,#3060,#1782,.T.);
#3941=EDGE_CURVE('',#3061,#3059,#353,.T.);
#3942=EDGE_CURVE('',#3062,#3060,#354,.T.);
#3943=EDGE_CURVE('',#3061,#3062,#1783,.T.);
#3944=EDGE_CURVE('',#3063,#3061,#1784,.T.);
#3945=EDGE_CURVE('',#3064,#3062,#1785,.T.);
#3946=EDGE_CURVE('',#3063,#3064,#1786,.T.);
#3947=EDGE_CURVE('',#3065,#3063,#1787,.T.);
#3948=EDGE_CURVE('',#3066,#3064,#1788,.T.);
#3949=EDGE_CURVE('',#3065,#3066,#1789,.T.);
#3950=EDGE_CURVE('',#3067,#3065,#1790,.T.);
#3951=EDGE_CURVE('',#3068,#3066,#1791,.T.);
#3952=EDGE_CURVE('',#3067,#3068,#1792,.T.);
#3953=EDGE_CURVE('',#3069,#3067,#355,.T.);
#3954=EDGE_CURVE('',#3070,#3068,#356,.T.);
#3955=EDGE_CURVE('',#3069,#3070,#1793,.T.);
#3956=EDGE_CURVE('',#3048,#3069,#1794,.T.);
#3957=EDGE_CURVE('',#3049,#3070,#1795,.T.);
#3958=EDGE_CURVE('',#3071,#3072,#357,.T.);
#3959=EDGE_CURVE('',#3072,#3073,#1796,.T.);
#3960=EDGE_CURVE('',#3074,#3073,#358,.T.);
#3961=EDGE_CURVE('',#3071,#3074,#1797,.T.);
#3962=EDGE_CURVE('',#3075,#3071,#1798,.T.);
#3963=EDGE_CURVE('',#3076,#3074,#1799,.T.);
#3964=EDGE_CURVE('',#3075,#3076,#1800,.T.);
#3965=EDGE_CURVE('',#3077,#3075,#1801,.T.);
#3966=EDGE_CURVE('',#3078,#3076,#1802,.T.);
#3967=EDGE_CURVE('',#3077,#3078,#1803,.T.);
#3968=EDGE_CURVE('',#3079,#3077,#1804,.T.);
#3969=EDGE_CURVE('',#3080,#3078,#1805,.T.);
#3970=EDGE_CURVE('',#3079,#3080,#1806,.T.);
#3971=EDGE_CURVE('',#3081,#3079,#359,.T.);
#3972=EDGE_CURVE('',#3082,#3080,#360,.T.);
#3973=EDGE_CURVE('',#3081,#3082,#1807,.T.);
#3974=EDGE_CURVE('',#3083,#3081,#1808,.T.);
#3975=EDGE_CURVE('',#3084,#3082,#1809,.T.);
#3976=EDGE_CURVE('',#3083,#3084,#1810,.T.);
#3977=EDGE_CURVE('',#3085,#3083,#361,.T.);
#3978=EDGE_CURVE('',#3086,#3084,#362,.T.);
#3979=EDGE_CURVE('',#3085,#3086,#1811,.T.);
#3980=EDGE_CURVE('',#3087,#3085,#1812,.T.);
#3981=EDGE_CURVE('',#3088,#3086,#1813,.T.);
#3982=EDGE_CURVE('',#3087,#3088,#1814,.T.);
#3983=EDGE_CURVE('',#3089,#3087,#1815,.T.);
#3984=EDGE_CURVE('',#3090,#3088,#1816,.T.);
#3985=EDGE_CURVE('',#3089,#3090,#1817,.T.);
#3986=EDGE_CURVE('',#3091,#3089,#1818,.T.);
#3987=EDGE_CURVE('',#3092,#3090,#1819,.T.);
#3988=EDGE_CURVE('',#3091,#3092,#1820,.T.);
#3989=EDGE_CURVE('',#3093,#3091,#363,.T.);
#3990=EDGE_CURVE('',#3094,#3092,#364,.T.);
#3991=EDGE_CURVE('',#3093,#3094,#1821,.T.);
#3992=EDGE_CURVE('',#3072,#3093,#1822,.T.);
#3993=EDGE_CURVE('',#3073,#3094,#1823,.T.);
#3994=EDGE_CURVE('',#3095,#3096,#365,.T.);
#3995=EDGE_CURVE('',#3097,#3095,#1824,.T.);
#3996=EDGE_CURVE('',#3098,#3097,#366,.T.);
#3997=EDGE_CURVE('',#3098,#3096,#1825,.T.);
#3998=EDGE_CURVE('',#3096,#3099,#1826,.T.);
#3999=EDGE_CURVE('',#3100,#3098,#1827,.T.);
#4000=EDGE_CURVE('',#3100,#3099,#1828,.T.);
#4001=EDGE_CURVE('',#3099,#3101,#1829,.T.);
#4002=EDGE_CURVE('',#3102,#3100,#1830,.T.);
#4003=EDGE_CURVE('',#3102,#3101,#1831,.T.);
#4004=EDGE_CURVE('',#3101,#3103,#1832,.T.);
#4005=EDGE_CURVE('',#3104,#3102,#1833,.T.);
#4006=EDGE_CURVE('',#3104,#3103,#1834,.T.);
#4007=EDGE_CURVE('',#3103,#3105,#367,.T.);
#4008=EDGE_CURVE('',#3106,#3104,#368,.T.);
#4009=EDGE_CURVE('',#3106,#3105,#1835,.T.);
#4010=EDGE_CURVE('',#3105,#3107,#1836,.T.);
#4011=EDGE_CURVE('',#3108,#3106,#1837,.T.);
#4012=EDGE_CURVE('',#3108,#3107,#1838,.T.);
#4013=EDGE_CURVE('',#3107,#3109,#369,.T.);
#4014=EDGE_CURVE('',#3110,#3108,#370,.T.);
#4015=EDGE_CURVE('',#3110,#3109,#1839,.T.);
#4016=EDGE_CURVE('',#3109,#3111,#1840,.T.);
#4017=EDGE_CURVE('',#3112,#3110,#1841,.T.);
#4018=EDGE_CURVE('',#3112,#3111,#1842,.T.);
#4019=EDGE_CURVE('',#3111,#3113,#1843,.T.);
#4020=EDGE_CURVE('',#3114,#3112,#1844,.T.);
#4021=EDGE_CURVE('',#3114,#3113,#1845,.T.);
#4022=EDGE_CURVE('',#3113,#3115,#1846,.T.);
#4023=EDGE_CURVE('',#3116,#3114,#1847,.T.);
#4024=EDGE_CURVE('',#3116,#3115,#1848,.T.);
#4025=EDGE_CURVE('',#3115,#3117,#371,.T.);
#4026=EDGE_CURVE('',#3118,#3116,#372,.T.);
#4027=EDGE_CURVE('',#3118,#3117,#1849,.T.);
#4028=EDGE_CURVE('',#3117,#3095,#1850,.T.);
#4029=EDGE_CURVE('',#3097,#3118,#1851,.T.);
#4030=EDGE_CURVE('',#3119,#3120,#373,.T.);
#4031=EDGE_CURVE('',#3119,#3121,#1852,.T.);
#4032=EDGE_CURVE('',#3121,#3122,#374,.T.);
#4033=EDGE_CURVE('',#3120,#3122,#1853,.T.);
#4034=EDGE_CURVE('',#3123,#3119,#1854,.T.);
#4035=EDGE_CURVE('',#3123,#3124,#1855,.T.);
#4036=EDGE_CURVE('',#3124,#3121,#1856,.T.);
#4037=EDGE_CURVE('',#3125,#3123,#1857,.T.);
#4038=EDGE_CURVE('',#3125,#3126,#1858,.T.);
#4039=EDGE_CURVE('',#3126,#3124,#1859,.T.);
#4040=EDGE_CURVE('',#3127,#3125,#1860,.T.);
#4041=EDGE_CURVE('',#3127,#3128,#1861,.T.);
#4042=EDGE_CURVE('',#3128,#3126,#1862,.T.);
#4043=EDGE_CURVE('',#3129,#3127,#375,.T.);
#4044=EDGE_CURVE('',#3129,#3130,#1863,.T.);
#4045=EDGE_CURVE('',#3130,#3128,#376,.T.);
#4046=EDGE_CURVE('',#3131,#3129,#1864,.T.);
#4047=EDGE_CURVE('',#3131,#3132,#1865,.T.);
#4048=EDGE_CURVE('',#3132,#3130,#1866,.T.);
#4049=EDGE_CURVE('',#3133,#3131,#377,.T.);
#4050=EDGE_CURVE('',#3133,#3134,#1867,.T.);
#4051=EDGE_CURVE('',#3134,#3132,#378,.T.);
#4052=EDGE_CURVE('',#3135,#3133,#1868,.T.);
#4053=EDGE_CURVE('',#3135,#3136,#1869,.T.);
#4054=EDGE_CURVE('',#3136,#3134,#1870,.T.);
#4055=EDGE_CURVE('',#3137,#3135,#1871,.T.);
#4056=EDGE_CURVE('',#3137,#3138,#1872,.T.);
#4057=EDGE_CURVE('',#3138,#3136,#1873,.T.);
#4058=EDGE_CURVE('',#3139,#3137,#1874,.T.);
#4059=EDGE_CURVE('',#3139,#3140,#1875,.T.);
#4060=EDGE_CURVE('',#3140,#3138,#1876,.T.);
#4061=EDGE_CURVE('',#3141,#3139,#379,.T.);
#4062=EDGE_CURVE('',#3141,#3142,#1877,.T.);
#4063=EDGE_CURVE('',#3142,#3140,#380,.T.);
#4064=EDGE_CURVE('',#3120,#3141,#1878,.T.);
#4065=EDGE_CURVE('',#3122,#3142,#1879,.T.);
#4066=EDGE_CURVE('',#3143,#3144,#381,.T.);
#4067=EDGE_CURVE('',#3143,#3145,#1880,.T.);
#4068=EDGE_CURVE('',#3145,#3146,#382,.T.);
#4069=EDGE_CURVE('',#3144,#3146,#1881,.T.);
#4070=EDGE_CURVE('',#3147,#3143,#1882,.T.);
#4071=EDGE_CURVE('',#3147,#3148,#1883,.T.);
#4072=EDGE_CURVE('',#3148,#3145,#1884,.T.);
#4073=EDGE_CURVE('',#3149,#3147,#1885,.T.);
#4074=EDGE_CURVE('',#3149,#3150,#1886,.T.);
#4075=EDGE_CURVE('',#3150,#3148,#1887,.T.);
#4076=EDGE_CURVE('',#3151,#3149,#1888,.T.);
#4077=EDGE_CURVE('',#3151,#3152,#1889,.T.);
#4078=EDGE_CURVE('',#3152,#3150,#1890,.T.);
#4079=EDGE_CURVE('',#3153,#3151,#383,.T.);
#4080=EDGE_CURVE('',#3153,#3154,#1891,.T.);
#4081=EDGE_CURVE('',#3154,#3152,#384,.T.);
#4082=EDGE_CURVE('',#3155,#3153,#1892,.T.);
#4083=EDGE_CURVE('',#3155,#3156,#1893,.T.);
#4084=EDGE_CURVE('',#3156,#3154,#1894,.T.);
#4085=EDGE_CURVE('',#3157,#3155,#385,.T.);
#4086=EDGE_CURVE('',#3157,#3158,#1895,.T.);
#4087=EDGE_CURVE('',#3158,#3156,#386,.T.);
#4088=EDGE_CURVE('',#3159,#3157,#1896,.T.);
#4089=EDGE_CURVE('',#3159,#3160,#1897,.T.);
#4090=EDGE_CURVE('',#3160,#3158,#1898,.T.);
#4091=EDGE_CURVE('',#3161,#3159,#1899,.T.);
#4092=EDGE_CURVE('',#3161,#3162,#1900,.T.);
#4093=EDGE_CURVE('',#3162,#3160,#1901,.T.);
#4094=EDGE_CURVE('',#3163,#3161,#1902,.T.);
#4095=EDGE_CURVE('',#3163,#3164,#1903,.T.);
#4096=EDGE_CURVE('',#3164,#3162,#1904,.T.);
#4097=EDGE_CURVE('',#3165,#3163,#387,.T.);
#4098=EDGE_CURVE('',#3165,#3166,#1905,.T.);
#4099=EDGE_CURVE('',#3166,#3164,#388,.T.);
#4100=EDGE_CURVE('',#3144,#3165,#1906,.T.);
#4101=EDGE_CURVE('',#3146,#3166,#1907,.T.);
#4102=EDGE_CURVE('',#3167,#3168,#389,.T.);
#4103=EDGE_CURVE('',#3169,#3167,#1908,.T.);
#4104=EDGE_CURVE('',#3170,#3169,#390,.T.);
#4105=EDGE_CURVE('',#3170,#3168,#1909,.T.);
#4106=EDGE_CURVE('',#3168,#3171,#1910,.T.);
#4107=EDGE_CURVE('',#3172,#3170,#1911,.T.);
#4108=EDGE_CURVE('',#3172,#3171,#1912,.T.);
#4109=EDGE_CURVE('',#3171,#3173,#1913,.T.);
#4110=EDGE_CURVE('',#3174,#3172,#1914,.T.);
#4111=EDGE_CURVE('',#3174,#3173,#1915,.T.);
#4112=EDGE_CURVE('',#3173,#3175,#1916,.T.);
#4113=EDGE_CURVE('',#3176,#3174,#1917,.T.);
#4114=EDGE_CURVE('',#3176,#3175,#1918,.T.);
#4115=EDGE_CURVE('',#3175,#3177,#391,.T.);
#4116=EDGE_CURVE('',#3178,#3176,#392,.T.);
#4117=EDGE_CURVE('',#3178,#3177,#1919,.T.);
#4118=EDGE_CURVE('',#3177,#3179,#1920,.T.);
#4119=EDGE_CURVE('',#3180,#3178,#1921,.T.);
#4120=EDGE_CURVE('',#3180,#3179,#1922,.T.);
#4121=EDGE_CURVE('',#3179,#3181,#393,.T.);
#4122=EDGE_CURVE('',#3182,#3180,#394,.T.);
#4123=EDGE_CURVE('',#3182,#3181,#1923,.T.);
#4124=EDGE_CURVE('',#3181,#3183,#1924,.T.);
#4125=EDGE_CURVE('',#3184,#3182,#1925,.T.);
#4126=EDGE_CURVE('',#3184,#3183,#1926,.T.);
#4127=EDGE_CURVE('',#3183,#3185,#1927,.T.);
#4128=EDGE_CURVE('',#3186,#3184,#1928,.T.);
#4129=EDGE_CURVE('',#3186,#3185,#1929,.T.);
#4130=EDGE_CURVE('',#3185,#3187,#1930,.T.);
#4131=EDGE_CURVE('',#3188,#3186,#1931,.T.);
#4132=EDGE_CURVE('',#3188,#3187,#1932,.T.);
#4133=EDGE_CURVE('',#3187,#3189,#395,.T.);
#4134=EDGE_CURVE('',#3190,#3188,#396,.T.);
#4135=EDGE_CURVE('',#3190,#3189,#1933,.T.);
#4136=EDGE_CURVE('',#3189,#3167,#1934,.T.);
#4137=EDGE_CURVE('',#3169,#3190,#1935,.T.);
#4138=ORIENTED_EDGE('',*,*,#3191,.T.);
#4139=ORIENTED_EDGE('',*,*,#3192,.T.);
#4140=ORIENTED_EDGE('',*,*,#3193,.T.);
#4141=ORIENTED_EDGE('',*,*,#3194,.T.);
#4142=ORIENTED_EDGE('',*,*,#3195,.T.);
#4143=ORIENTED_EDGE('',*,*,#3196,.T.);
#4144=ORIENTED_EDGE('',*,*,#3192,.F.);
#4145=ORIENTED_EDGE('',*,*,#3197,.F.);
#4146=ORIENTED_EDGE('',*,*,#3198,.F.);
#4147=ORIENTED_EDGE('',*,*,#3199,.T.);
#4148=ORIENTED_EDGE('',*,*,#3191,.F.);
#4149=ORIENTED_EDGE('',*,*,#3200,.F.);
#4150=ORIENTED_EDGE('',*,*,#3201,.F.);
#4151=ORIENTED_EDGE('',*,*,#3202,.F.);
#4152=ORIENTED_EDGE('',*,*,#3197,.T.);
#4153=ORIENTED_EDGE('',*,*,#3196,.F.);
#4154=ORIENTED_EDGE('',*,*,#3203,.T.);
#4155=ORIENTED_EDGE('',*,*,#3204,.T.);
#4156=ORIENTED_EDGE('',*,*,#3205,.T.);
#4157=ORIENTED_EDGE('',*,*,#3206,.T.);
#4158=ORIENTED_EDGE('',*,*,#3200,.T.);
#4159=ORIENTED_EDGE('',*,*,#3205,.F.);
#4160=ORIENTED_EDGE('',*,*,#3207,.T.);
#4161=ORIENTED_EDGE('',*,*,#3208,.T.);
#4162=ORIENTED_EDGE('',*,*,#3209,.T.);
#4163=ORIENTED_EDGE('',*,*,#3210,.T.);
#4164=ORIENTED_EDGE('',*,*,#3211,.T.);
#4165=ORIENTED_EDGE('',*,*,#3204,.F.);
#4166=ORIENTED_EDGE('',*,*,#3212,.T.);
#4167=ORIENTED_EDGE('',*,*,#3213,.F.);
#4168=ORIENTED_EDGE('',*,*,#3214,.F.);
#4169=ORIENTED_EDGE('',*,*,#3215,.T.);
#4170=ORIENTED_EDGE('',*,*,#3207,.F.);
#4171=ORIENTED_EDGE('',*,*,#3195,.F.);
#4172=ORIENTED_EDGE('',*,*,#3216,.F.);
#4173=ORIENTED_EDGE('',*,*,#3212,.F.);
#4174=ORIENTED_EDGE('',*,*,#3203,.F.);
#4175=ORIENTED_EDGE('',*,*,#3194,.F.);
#4176=ORIENTED_EDGE('',*,*,#3217,.T.);
#4177=ORIENTED_EDGE('',*,*,#3218,.T.);
#4178=ORIENTED_EDGE('',*,*,#3219,.T.);
#4179=ORIENTED_EDGE('',*,*,#3213,.T.);
#4180=ORIENTED_EDGE('',*,*,#3216,.T.);
#4181=ORIENTED_EDGE('',*,*,#3219,.F.);
#4182=ORIENTED_EDGE('',*,*,#3220,.T.);
#4183=ORIENTED_EDGE('',*,*,#3221,.T.);
#4184=ORIENTED_EDGE('',*,*,#3222,.T.);
#4185=ORIENTED_EDGE('',*,*,#3223,.T.);
#4186=ORIENTED_EDGE('',*,*,#3214,.T.);
#4187=ORIENTED_EDGE('',*,*,#3224,.T.);
#4188=ORIENTED_EDGE('',*,*,#3225,.T.);
#4189=ORIENTED_EDGE('',*,*,#3226,.T.);
#4190=ORIENTED_EDGE('',*,*,#3227,.T.);
#4191=ORIENTED_EDGE('',*,*,#3228,.T.);
#4192=ORIENTED_EDGE('',*,*,#3229,.T.);
#4193=ORIENTED_EDGE('',*,*,#3227,.F.);
#4194=ORIENTED_EDGE('',*,*,#3222,.F.);
#4195=ORIENTED_EDGE('',*,*,#3221,.F.);
#4196=ORIENTED_EDGE('',*,*,#3230,.T.);
#4197=ORIENTED_EDGE('',*,*,#3228,.F.);
#4198=ORIENTED_EDGE('',*,*,#3209,.F.);
#4199=ORIENTED_EDGE('',*,*,#3225,.F.);
#4200=ORIENTED_EDGE('',*,*,#3224,.F.);
#4201=ORIENTED_EDGE('',*,*,#3231,.T.);
#4202=ORIENTED_EDGE('',*,*,#3210,.F.);
#4203=ORIENTED_EDGE('',*,*,#3206,.F.);
#4204=ORIENTED_EDGE('',*,*,#3211,.F.);
#4205=ORIENTED_EDGE('',*,*,#3232,.F.);
#4206=ORIENTED_EDGE('',*,*,#3233,.F.);
#4207=ORIENTED_EDGE('',*,*,#3201,.T.);
#4208=ORIENTED_EDGE('',*,*,#3231,.F.);
#4209=ORIENTED_EDGE('',*,*,#3234,.F.);
#4210=ORIENTED_EDGE('',*,*,#3235,.F.);
#4211=ORIENTED_EDGE('',*,*,#3232,.T.);
#4212=ORIENTED_EDGE('',*,*,#3229,.F.);
#4213=ORIENTED_EDGE('',*,*,#3236,.F.);
#4214=ORIENTED_EDGE('',*,*,#3237,.F.);
#4215=ORIENTED_EDGE('',*,*,#3234,.T.);
#4216=ORIENTED_EDGE('',*,*,#3223,.F.);
#4217=ORIENTED_EDGE('',*,*,#3226,.F.);
#4218=ORIENTED_EDGE('',*,*,#3208,.F.);
#4219=ORIENTED_EDGE('',*,*,#3215,.F.);
#4220=ORIENTED_EDGE('',*,*,#3238,.T.);
#4221=ORIENTED_EDGE('',*,*,#3239,.F.);
#4222=ORIENTED_EDGE('',*,*,#3238,.F.);
#4223=ORIENTED_EDGE('',*,*,#3239,.T.);
#4224=ORIENTED_EDGE('',*,*,#3230,.F.);
#4225=ORIENTED_EDGE('',*,*,#3240,.F.);
#4226=ORIENTED_EDGE('',*,*,#3241,.F.);
#4227=ORIENTED_EDGE('',*,*,#3236,.T.);
#4228=ORIENTED_EDGE('',*,*,#3218,.F.);
#4229=ORIENTED_EDGE('',*,*,#3242,.F.);
#4230=ORIENTED_EDGE('',*,*,#3243,.F.);
#4231=ORIENTED_EDGE('',*,*,#3240,.T.);
#4232=ORIENTED_EDGE('',*,*,#3220,.F.);
#4233=ORIENTED_EDGE('',*,*,#3193,.F.);
#4234=ORIENTED_EDGE('',*,*,#3199,.F.);
#4235=ORIENTED_EDGE('',*,*,#3244,.F.);
#4236=ORIENTED_EDGE('',*,*,#3242,.T.);
#4237=ORIENTED_EDGE('',*,*,#3217,.F.);
#4238=ORIENTED_EDGE('',*,*,#3198,.T.);
#4239=ORIENTED_EDGE('',*,*,#3202,.T.);
#4240=ORIENTED_EDGE('',*,*,#3233,.T.);
#4241=ORIENTED_EDGE('',*,*,#3235,.T.);
#4242=ORIENTED_EDGE('',*,*,#3237,.T.);
#4243=ORIENTED_EDGE('',*,*,#3241,.T.);
#4244=ORIENTED_EDGE('',*,*,#3243,.T.);
#4245=ORIENTED_EDGE('',*,*,#3244,.T.);
#4246=ORIENTED_EDGE('',*,*,#3245,.T.);
#4247=ORIENTED_EDGE('',*,*,#3246,.T.);
#4248=ORIENTED_EDGE('',*,*,#3247,.T.);
#4249=ORIENTED_EDGE('',*,*,#3248,.T.);
#4250=ORIENTED_EDGE('',*,*,#3249,.T.);
#4251=ORIENTED_EDGE('',*,*,#3250,.T.);
#4252=ORIENTED_EDGE('',*,*,#3251,.T.);
#4253=ORIENTED_EDGE('',*,*,#3252,.T.);
#4254=ORIENTED_EDGE('',*,*,#3253,.T.);
#4255=ORIENTED_EDGE('',*,*,#3254,.T.);
#4256=ORIENTED_EDGE('',*,*,#3255,.T.);
#4257=ORIENTED_EDGE('',*,*,#3256,.T.);
#4258=ORIENTED_EDGE('',*,*,#3257,.T.);
#4259=ORIENTED_EDGE('',*,*,#3258,.T.);
#4260=ORIENTED_EDGE('',*,*,#3259,.T.);
#4261=ORIENTED_EDGE('',*,*,#3260,.T.);
#4262=ORIENTED_EDGE('',*,*,#3261,.T.);
#4263=ORIENTED_EDGE('',*,*,#3262,.T.);
#4264=ORIENTED_EDGE('',*,*,#3260,.F.);
#4265=ORIENTED_EDGE('',*,*,#3255,.F.);
#4266=ORIENTED_EDGE('',*,*,#3254,.F.);
#4267=ORIENTED_EDGE('',*,*,#3263,.T.);
#4268=ORIENTED_EDGE('',*,*,#3261,.F.);
#4269=ORIENTED_EDGE('',*,*,#3251,.F.);
#4270=ORIENTED_EDGE('',*,*,#3249,.F.);
#4271=ORIENTED_EDGE('',*,*,#3248,.F.);
#4272=ORIENTED_EDGE('',*,*,#3264,.T.);
#4273=ORIENTED_EDGE('',*,*,#3252,.F.);
#4274=ORIENTED_EDGE('',*,*,#3265,.T.);
#4275=ORIENTED_EDGE('',*,*,#3266,.T.);
#4276=ORIENTED_EDGE('',*,*,#3267,.T.);
#4277=ORIENTED_EDGE('',*,*,#3268,.T.);
#4278=ORIENTED_EDGE('',*,*,#3269,.T.);
#4279=ORIENTED_EDGE('',*,*,#3270,.T.);
#4280=ORIENTED_EDGE('',*,*,#3268,.F.);
#4281=ORIENTED_EDGE('',*,*,#3258,.F.);
#4282=ORIENTED_EDGE('',*,*,#3257,.F.);
#4283=ORIENTED_EDGE('',*,*,#3271,.T.);
#4284=ORIENTED_EDGE('',*,*,#3269,.F.);
#4285=ORIENTED_EDGE('',*,*,#3245,.F.);
#4286=ORIENTED_EDGE('',*,*,#3266,.F.);
#4287=ORIENTED_EDGE('',*,*,#3265,.F.);
#4288=ORIENTED_EDGE('',*,*,#3272,.T.);
#4289=ORIENTED_EDGE('',*,*,#3246,.F.);
#4290=ORIENTED_EDGE('',*,*,#3264,.F.);
#4291=ORIENTED_EDGE('',*,*,#3273,.F.);
#4292=ORIENTED_EDGE('',*,*,#3274,.T.);
#4293=ORIENTED_EDGE('',*,*,#3275,.T.);
#4294=ORIENTED_EDGE('',*,*,#3247,.F.);
#4295=ORIENTED_EDGE('',*,*,#3276,.F.);
#4296=ORIENTED_EDGE('',*,*,#3277,.T.);
#4297=ORIENTED_EDGE('',*,*,#3273,.T.);
#4298=ORIENTED_EDGE('',*,*,#3272,.F.);
#4299=ORIENTED_EDGE('',*,*,#3278,.F.);
#4300=ORIENTED_EDGE('',*,*,#3279,.T.);
#4301=ORIENTED_EDGE('',*,*,#3276,.T.);
#4302=ORIENTED_EDGE('',*,*,#3270,.F.);
#4303=ORIENTED_EDGE('',*,*,#3280,.F.);
#4304=ORIENTED_EDGE('',*,*,#3281,.T.);
#4305=ORIENTED_EDGE('',*,*,#3278,.T.);
#4306=ORIENTED_EDGE('',*,*,#3250,.F.);
#4307=ORIENTED_EDGE('',*,*,#3256,.F.);
#4308=ORIENTED_EDGE('',*,*,#3259,.F.);
#4309=ORIENTED_EDGE('',*,*,#3267,.F.);
#4310=ORIENTED_EDGE('',*,*,#3271,.F.);
#4311=ORIENTED_EDGE('',*,*,#3282,.F.);
#4312=ORIENTED_EDGE('',*,*,#3283,.T.);
#4313=ORIENTED_EDGE('',*,*,#3280,.T.);
#4314=ORIENTED_EDGE('',*,*,#3262,.F.);
#4315=ORIENTED_EDGE('',*,*,#3284,.F.);
#4316=ORIENTED_EDGE('',*,*,#3285,.T.);
#4317=ORIENTED_EDGE('',*,*,#3282,.T.);
#4318=ORIENTED_EDGE('',*,*,#3263,.F.);
#4319=ORIENTED_EDGE('',*,*,#3286,.F.);
#4320=ORIENTED_EDGE('',*,*,#3287,.T.);
#4321=ORIENTED_EDGE('',*,*,#3284,.T.);
#4322=ORIENTED_EDGE('',*,*,#3253,.F.);
#4323=ORIENTED_EDGE('',*,*,#3275,.F.);
#4324=ORIENTED_EDGE('',*,*,#3288,.T.);
#4325=ORIENTED_EDGE('',*,*,#3286,.T.);
#4326=ORIENTED_EDGE('',*,*,#3277,.F.);
#4327=ORIENTED_EDGE('',*,*,#3279,.F.);
#4328=ORIENTED_EDGE('',*,*,#3281,.F.);
#4329=ORIENTED_EDGE('',*,*,#3283,.F.);
#4330=ORIENTED_EDGE('',*,*,#3285,.F.);
#4331=ORIENTED_EDGE('',*,*,#3287,.F.);
#4332=ORIENTED_EDGE('',*,*,#3288,.F.);
#4333=ORIENTED_EDGE('',*,*,#3274,.F.);
#4334=ORIENTED_EDGE('',*,*,#3289,.T.);
#4335=ORIENTED_EDGE('',*,*,#3290,.T.);
#4336=ORIENTED_EDGE('',*,*,#3291,.F.);
#4337=ORIENTED_EDGE('',*,*,#3292,.F.);
#4338=ORIENTED_EDGE('',*,*,#3293,.T.);
#4339=ORIENTED_EDGE('',*,*,#3292,.T.);
#4340=ORIENTED_EDGE('',*,*,#3294,.F.);
#4341=ORIENTED_EDGE('',*,*,#3295,.F.);
#4342=ORIENTED_EDGE('',*,*,#3296,.T.);
#4343=ORIENTED_EDGE('',*,*,#3295,.T.);
#4344=ORIENTED_EDGE('',*,*,#3297,.F.);
#4345=ORIENTED_EDGE('',*,*,#3298,.F.);
#4346=ORIENTED_EDGE('',*,*,#3299,.T.);
#4347=ORIENTED_EDGE('',*,*,#3298,.T.);
#4348=ORIENTED_EDGE('',*,*,#3300,.F.);
#4349=ORIENTED_EDGE('',*,*,#3301,.F.);
#4350=ORIENTED_EDGE('',*,*,#3302,.T.);
#4351=ORIENTED_EDGE('',*,*,#3301,.T.);
#4352=ORIENTED_EDGE('',*,*,#3303,.F.);
#4353=ORIENTED_EDGE('',*,*,#3304,.F.);
#4354=ORIENTED_EDGE('',*,*,#3305,.T.);
#4355=ORIENTED_EDGE('',*,*,#3304,.T.);
#4356=ORIENTED_EDGE('',*,*,#3306,.F.);
#4357=ORIENTED_EDGE('',*,*,#3307,.F.);
#4358=ORIENTED_EDGE('',*,*,#3308,.T.);
#4359=ORIENTED_EDGE('',*,*,#3307,.T.);
#4360=ORIENTED_EDGE('',*,*,#3309,.F.);
#4361=ORIENTED_EDGE('',*,*,#3310,.F.);
#4362=ORIENTED_EDGE('',*,*,#3311,.T.);
#4363=ORIENTED_EDGE('',*,*,#3310,.T.);
#4364=ORIENTED_EDGE('',*,*,#3312,.F.);
#4365=ORIENTED_EDGE('',*,*,#3290,.F.);
#4366=ORIENTED_EDGE('',*,*,#3312,.T.);
#4367=ORIENTED_EDGE('',*,*,#3309,.T.);
#4368=ORIENTED_EDGE('',*,*,#3306,.T.);
#4369=ORIENTED_EDGE('',*,*,#3303,.T.);
#4370=ORIENTED_EDGE('',*,*,#3300,.T.);
#4371=ORIENTED_EDGE('',*,*,#3297,.T.);
#4372=ORIENTED_EDGE('',*,*,#3294,.T.);
#4373=ORIENTED_EDGE('',*,*,#3291,.T.);
#4374=ORIENTED_EDGE('',*,*,#3311,.F.);
#4375=ORIENTED_EDGE('',*,*,#3289,.F.);
#4376=ORIENTED_EDGE('',*,*,#3293,.F.);
#4377=ORIENTED_EDGE('',*,*,#3296,.F.);
#4378=ORIENTED_EDGE('',*,*,#3299,.F.);
#4379=ORIENTED_EDGE('',*,*,#3302,.F.);
#4380=ORIENTED_EDGE('',*,*,#3305,.F.);
#4381=ORIENTED_EDGE('',*,*,#3308,.F.);
#4382=ORIENTED_EDGE('',*,*,#3313,.F.);
#4383=ORIENTED_EDGE('',*,*,#3314,.F.);
#4384=ORIENTED_EDGE('',*,*,#3314,.T.);
#4385=ORIENTED_EDGE('',*,*,#3313,.T.);
#4386=ORIENTED_EDGE('',*,*,#3315,.T.);
#4387=ORIENTED_EDGE('',*,*,#3316,.T.);
#4388=ORIENTED_EDGE('',*,*,#3317,.F.);
#4389=ORIENTED_EDGE('',*,*,#3318,.F.);
#4390=ORIENTED_EDGE('',*,*,#3319,.T.);
#4391=ORIENTED_EDGE('',*,*,#3318,.T.);
#4392=ORIENTED_EDGE('',*,*,#3320,.F.);
#4393=ORIENTED_EDGE('',*,*,#3321,.F.);
#4394=ORIENTED_EDGE('',*,*,#3322,.T.);
#4395=ORIENTED_EDGE('',*,*,#3321,.T.);
#4396=ORIENTED_EDGE('',*,*,#3323,.F.);
#4397=ORIENTED_EDGE('',*,*,#3324,.F.);
#4398=ORIENTED_EDGE('',*,*,#3325,.T.);
#4399=ORIENTED_EDGE('',*,*,#3324,.T.);
#4400=ORIENTED_EDGE('',*,*,#3326,.F.);
#4401=ORIENTED_EDGE('',*,*,#3327,.F.);
#4402=ORIENTED_EDGE('',*,*,#3328,.T.);
#4403=ORIENTED_EDGE('',*,*,#3327,.T.);
#4404=ORIENTED_EDGE('',*,*,#3329,.F.);
#4405=ORIENTED_EDGE('',*,*,#3330,.F.);
#4406=ORIENTED_EDGE('',*,*,#3331,.T.);
#4407=ORIENTED_EDGE('',*,*,#3330,.T.);
#4408=ORIENTED_EDGE('',*,*,#3332,.F.);
#4409=ORIENTED_EDGE('',*,*,#3333,.F.);
#4410=ORIENTED_EDGE('',*,*,#3334,.T.);
#4411=ORIENTED_EDGE('',*,*,#3333,.T.);
#4412=ORIENTED_EDGE('',*,*,#3335,.F.);
#4413=ORIENTED_EDGE('',*,*,#3336,.F.);
#4414=ORIENTED_EDGE('',*,*,#3337,.T.);
#4415=ORIENTED_EDGE('',*,*,#3336,.T.);
#4416=ORIENTED_EDGE('',*,*,#3338,.F.);
#4417=ORIENTED_EDGE('',*,*,#3339,.F.);
#4418=ORIENTED_EDGE('',*,*,#3340,.T.);
#4419=ORIENTED_EDGE('',*,*,#3339,.T.);
#4420=ORIENTED_EDGE('',*,*,#3341,.F.);
#4421=ORIENTED_EDGE('',*,*,#3342,.F.);
#4422=ORIENTED_EDGE('',*,*,#3343,.T.);
#4423=ORIENTED_EDGE('',*,*,#3342,.T.);
#4424=ORIENTED_EDGE('',*,*,#3344,.F.);
#4425=ORIENTED_EDGE('',*,*,#3345,.F.);
#4426=ORIENTED_EDGE('',*,*,#3346,.T.);
#4427=ORIENTED_EDGE('',*,*,#3345,.T.);
#4428=ORIENTED_EDGE('',*,*,#3347,.F.);
#4429=ORIENTED_EDGE('',*,*,#3348,.F.);
#4430=ORIENTED_EDGE('',*,*,#3349,.T.);
#4431=ORIENTED_EDGE('',*,*,#3348,.T.);
#4432=ORIENTED_EDGE('',*,*,#3350,.F.);
#4433=ORIENTED_EDGE('',*,*,#3351,.F.);
#4434=ORIENTED_EDGE('',*,*,#3352,.T.);
#4435=ORIENTED_EDGE('',*,*,#3351,.T.);
#4436=ORIENTED_EDGE('',*,*,#3353,.F.);
#4437=ORIENTED_EDGE('',*,*,#3354,.F.);
#4438=ORIENTED_EDGE('',*,*,#3355,.T.);
#4439=ORIENTED_EDGE('',*,*,#3354,.T.);
#4440=ORIENTED_EDGE('',*,*,#3356,.F.);
#4441=ORIENTED_EDGE('',*,*,#3357,.F.);
#4442=ORIENTED_EDGE('',*,*,#3358,.T.);
#4443=ORIENTED_EDGE('',*,*,#3357,.T.);
#4444=ORIENTED_EDGE('',*,*,#3359,.F.);
#4445=ORIENTED_EDGE('',*,*,#3360,.F.);
#4446=ORIENTED_EDGE('',*,*,#3361,.T.);
#4447=ORIENTED_EDGE('',*,*,#3360,.T.);
#4448=ORIENTED_EDGE('',*,*,#3362,.F.);
#4449=ORIENTED_EDGE('',*,*,#3363,.F.);
#4450=ORIENTED_EDGE('',*,*,#3364,.T.);
#4451=ORIENTED_EDGE('',*,*,#3363,.T.);
#4452=ORIENTED_EDGE('',*,*,#3365,.F.);
#4453=ORIENTED_EDGE('',*,*,#3366,.F.);
#4454=ORIENTED_EDGE('',*,*,#3367,.T.);
#4455=ORIENTED_EDGE('',*,*,#3366,.T.);
#4456=ORIENTED_EDGE('',*,*,#3368,.F.);
#4457=ORIENTED_EDGE('',*,*,#3369,.F.);
#4458=ORIENTED_EDGE('',*,*,#3370,.T.);
#4459=ORIENTED_EDGE('',*,*,#3369,.T.);
#4460=ORIENTED_EDGE('',*,*,#3371,.F.);
#4461=ORIENTED_EDGE('',*,*,#3372,.F.);
#4462=ORIENTED_EDGE('',*,*,#3373,.T.);
#4463=ORIENTED_EDGE('',*,*,#3372,.T.);
#4464=ORIENTED_EDGE('',*,*,#3374,.F.);
#4465=ORIENTED_EDGE('',*,*,#3375,.F.);
#4466=ORIENTED_EDGE('',*,*,#3376,.T.);
#4467=ORIENTED_EDGE('',*,*,#3375,.T.);
#4468=ORIENTED_EDGE('',*,*,#3377,.F.);
#4469=ORIENTED_EDGE('',*,*,#3378,.F.);
#4470=ORIENTED_EDGE('',*,*,#3379,.T.);
#4471=ORIENTED_EDGE('',*,*,#3378,.T.);
#4472=ORIENTED_EDGE('',*,*,#3380,.F.);
#4473=ORIENTED_EDGE('',*,*,#3381,.F.);
#4474=ORIENTED_EDGE('',*,*,#3382,.T.);
#4475=ORIENTED_EDGE('',*,*,#3381,.T.);
#4476=ORIENTED_EDGE('',*,*,#3383,.F.);
#4477=ORIENTED_EDGE('',*,*,#3384,.F.);
#4478=ORIENTED_EDGE('',*,*,#3385,.T.);
#4479=ORIENTED_EDGE('',*,*,#3384,.T.);
#4480=ORIENTED_EDGE('',*,*,#3386,.F.);
#4481=ORIENTED_EDGE('',*,*,#3387,.F.);
#4482=ORIENTED_EDGE('',*,*,#3388,.T.);
#4483=ORIENTED_EDGE('',*,*,#3387,.T.);
#4484=ORIENTED_EDGE('',*,*,#3389,.F.);
#4485=ORIENTED_EDGE('',*,*,#3316,.F.);
#4486=ORIENTED_EDGE('',*,*,#3389,.T.);
#4487=ORIENTED_EDGE('',*,*,#3386,.T.);
#4488=ORIENTED_EDGE('',*,*,#3383,.T.);
#4489=ORIENTED_EDGE('',*,*,#3380,.T.);
#4490=ORIENTED_EDGE('',*,*,#3377,.T.);
#4491=ORIENTED_EDGE('',*,*,#3374,.T.);
#4492=ORIENTED_EDGE('',*,*,#3371,.T.);
#4493=ORIENTED_EDGE('',*,*,#3368,.T.);
#4494=ORIENTED_EDGE('',*,*,#3365,.T.);
#4495=ORIENTED_EDGE('',*,*,#3362,.T.);
#4496=ORIENTED_EDGE('',*,*,#3359,.T.);
#4497=ORIENTED_EDGE('',*,*,#3356,.T.);
#4498=ORIENTED_EDGE('',*,*,#3353,.T.);
#4499=ORIENTED_EDGE('',*,*,#3350,.T.);
#4500=ORIENTED_EDGE('',*,*,#3347,.T.);
#4501=ORIENTED_EDGE('',*,*,#3344,.T.);
#4502=ORIENTED_EDGE('',*,*,#3341,.T.);
#4503=ORIENTED_EDGE('',*,*,#3338,.T.);
#4504=ORIENTED_EDGE('',*,*,#3335,.T.);
#4505=ORIENTED_EDGE('',*,*,#3332,.T.);
#4506=ORIENTED_EDGE('',*,*,#3329,.T.);
#4507=ORIENTED_EDGE('',*,*,#3326,.T.);
#4508=ORIENTED_EDGE('',*,*,#3323,.T.);
#4509=ORIENTED_EDGE('',*,*,#3320,.T.);
#4510=ORIENTED_EDGE('',*,*,#3317,.T.);
#4511=ORIENTED_EDGE('',*,*,#3388,.F.);
#4512=ORIENTED_EDGE('',*,*,#3315,.F.);
#4513=ORIENTED_EDGE('',*,*,#3319,.F.);
#4514=ORIENTED_EDGE('',*,*,#3322,.F.);
#4515=ORIENTED_EDGE('',*,*,#3325,.F.);
#4516=ORIENTED_EDGE('',*,*,#3328,.F.);
#4517=ORIENTED_EDGE('',*,*,#3331,.F.);
#4518=ORIENTED_EDGE('',*,*,#3334,.F.);
#4519=ORIENTED_EDGE('',*,*,#3337,.F.);
#4520=ORIENTED_EDGE('',*,*,#3340,.F.);
#4521=ORIENTED_EDGE('',*,*,#3343,.F.);
#4522=ORIENTED_EDGE('',*,*,#3346,.F.);
#4523=ORIENTED_EDGE('',*,*,#3349,.F.);
#4524=ORIENTED_EDGE('',*,*,#3352,.F.);
#4525=ORIENTED_EDGE('',*,*,#3355,.F.);
#4526=ORIENTED_EDGE('',*,*,#3358,.F.);
#4527=ORIENTED_EDGE('',*,*,#3361,.F.);
#4528=ORIENTED_EDGE('',*,*,#3364,.F.);
#4529=ORIENTED_EDGE('',*,*,#3367,.F.);
#4530=ORIENTED_EDGE('',*,*,#3370,.F.);
#4531=ORIENTED_EDGE('',*,*,#3373,.F.);
#4532=ORIENTED_EDGE('',*,*,#3376,.F.);
#4533=ORIENTED_EDGE('',*,*,#3379,.F.);
#4534=ORIENTED_EDGE('',*,*,#3382,.F.);
#4535=ORIENTED_EDGE('',*,*,#3385,.F.);
#4536=ORIENTED_EDGE('',*,*,#3390,.T.);
#4537=ORIENTED_EDGE('',*,*,#3391,.T.);
#4538=ORIENTED_EDGE('',*,*,#3392,.F.);
#4539=ORIENTED_EDGE('',*,*,#3393,.F.);
#4540=ORIENTED_EDGE('',*,*,#3394,.T.);
#4541=ORIENTED_EDGE('',*,*,#3393,.T.);
#4542=ORIENTED_EDGE('',*,*,#3395,.F.);
#4543=ORIENTED_EDGE('',*,*,#3396,.F.);
#4544=ORIENTED_EDGE('',*,*,#3397,.T.);
#4545=ORIENTED_EDGE('',*,*,#3396,.T.);
#4546=ORIENTED_EDGE('',*,*,#3398,.F.);
#4547=ORIENTED_EDGE('',*,*,#3399,.F.);
#4548=ORIENTED_EDGE('',*,*,#3400,.T.);
#4549=ORIENTED_EDGE('',*,*,#3399,.T.);
#4550=ORIENTED_EDGE('',*,*,#3401,.F.);
#4551=ORIENTED_EDGE('',*,*,#3391,.F.);
#4552=ORIENTED_EDGE('',*,*,#3401,.T.);
#4553=ORIENTED_EDGE('',*,*,#3398,.T.);
#4554=ORIENTED_EDGE('',*,*,#3395,.T.);
#4555=ORIENTED_EDGE('',*,*,#3392,.T.);
#4556=ORIENTED_EDGE('',*,*,#3400,.F.);
#4557=ORIENTED_EDGE('',*,*,#3390,.F.);
#4558=ORIENTED_EDGE('',*,*,#3394,.F.);
#4559=ORIENTED_EDGE('',*,*,#3397,.F.);
#4560=ORIENTED_EDGE('',*,*,#3402,.T.);
#4561=ORIENTED_EDGE('',*,*,#3403,.T.);
#4562=ORIENTED_EDGE('',*,*,#3404,.F.);
#4563=ORIENTED_EDGE('',*,*,#3405,.F.);
#4564=ORIENTED_EDGE('',*,*,#3406,.T.);
#4565=ORIENTED_EDGE('',*,*,#3405,.T.);
#4566=ORIENTED_EDGE('',*,*,#3407,.F.);
#4567=ORIENTED_EDGE('',*,*,#3408,.F.);
#4568=ORIENTED_EDGE('',*,*,#3409,.T.);
#4569=ORIENTED_EDGE('',*,*,#3408,.T.);
#4570=ORIENTED_EDGE('',*,*,#3410,.F.);
#4571=ORIENTED_EDGE('',*,*,#3411,.F.);
#4572=ORIENTED_EDGE('',*,*,#3412,.T.);
#4573=ORIENTED_EDGE('',*,*,#3411,.T.);
#4574=ORIENTED_EDGE('',*,*,#3413,.F.);
#4575=ORIENTED_EDGE('',*,*,#3403,.F.);
#4576=ORIENTED_EDGE('',*,*,#3413,.T.);
#4577=ORIENTED_EDGE('',*,*,#3410,.T.);
#4578=ORIENTED_EDGE('',*,*,#3407,.T.);
#4579=ORIENTED_EDGE('',*,*,#3404,.T.);
#4580=ORIENTED_EDGE('',*,*,#3412,.F.);
#4581=ORIENTED_EDGE('',*,*,#3402,.F.);
#4582=ORIENTED_EDGE('',*,*,#3406,.F.);
#4583=ORIENTED_EDGE('',*,*,#3409,.F.);
#4584=ORIENTED_EDGE('',*,*,#3414,.T.);
#4585=ORIENTED_EDGE('',*,*,#3415,.T.);
#4586=ORIENTED_EDGE('',*,*,#3416,.F.);
#4587=ORIENTED_EDGE('',*,*,#3417,.F.);
#4588=ORIENTED_EDGE('',*,*,#3418,.T.);
#4589=ORIENTED_EDGE('',*,*,#3417,.T.);
#4590=ORIENTED_EDGE('',*,*,#3419,.F.);
#4591=ORIENTED_EDGE('',*,*,#3420,.F.);
#4592=ORIENTED_EDGE('',*,*,#3421,.T.);
#4593=ORIENTED_EDGE('',*,*,#3420,.T.);
#4594=ORIENTED_EDGE('',*,*,#3422,.F.);
#4595=ORIENTED_EDGE('',*,*,#3423,.F.);
#4596=ORIENTED_EDGE('',*,*,#3424,.T.);
#4597=ORIENTED_EDGE('',*,*,#3423,.T.);
#4598=ORIENTED_EDGE('',*,*,#3425,.F.);
#4599=ORIENTED_EDGE('',*,*,#3426,.F.);
#4600=ORIENTED_EDGE('',*,*,#3427,.T.);
#4601=ORIENTED_EDGE('',*,*,#3426,.T.);
#4602=ORIENTED_EDGE('',*,*,#3428,.F.);
#4603=ORIENTED_EDGE('',*,*,#3429,.F.);
#4604=ORIENTED_EDGE('',*,*,#3430,.T.);
#4605=ORIENTED_EDGE('',*,*,#3429,.T.);
#4606=ORIENTED_EDGE('',*,*,#3431,.F.);
#4607=ORIENTED_EDGE('',*,*,#3432,.F.);
#4608=ORIENTED_EDGE('',*,*,#3433,.T.);
#4609=ORIENTED_EDGE('',*,*,#3432,.T.);
#4610=ORIENTED_EDGE('',*,*,#3434,.F.);
#4611=ORIENTED_EDGE('',*,*,#3435,.F.);
#4612=ORIENTED_EDGE('',*,*,#3436,.T.);
#4613=ORIENTED_EDGE('',*,*,#3435,.T.);
#4614=ORIENTED_EDGE('',*,*,#3437,.F.);
#4615=ORIENTED_EDGE('',*,*,#3438,.F.);
#4616=ORIENTED_EDGE('',*,*,#3439,.T.);
#4617=ORIENTED_EDGE('',*,*,#3438,.T.);
#4618=ORIENTED_EDGE('',*,*,#3440,.F.);
#4619=ORIENTED_EDGE('',*,*,#3441,.F.);
#4620=ORIENTED_EDGE('',*,*,#3442,.T.);
#4621=ORIENTED_EDGE('',*,*,#3441,.T.);
#4622=ORIENTED_EDGE('',*,*,#3443,.F.);
#4623=ORIENTED_EDGE('',*,*,#3444,.F.);
#4624=ORIENTED_EDGE('',*,*,#3445,.T.);
#4625=ORIENTED_EDGE('',*,*,#3444,.T.);
#4626=ORIENTED_EDGE('',*,*,#3446,.F.);
#4627=ORIENTED_EDGE('',*,*,#3447,.F.);
#4628=ORIENTED_EDGE('',*,*,#3448,.T.);
#4629=ORIENTED_EDGE('',*,*,#3447,.T.);
#4630=ORIENTED_EDGE('',*,*,#3449,.F.);
#4631=ORIENTED_EDGE('',*,*,#3450,.F.);
#4632=ORIENTED_EDGE('',*,*,#3451,.T.);
#4633=ORIENTED_EDGE('',*,*,#3450,.T.);
#4634=ORIENTED_EDGE('',*,*,#3452,.F.);
#4635=ORIENTED_EDGE('',*,*,#3453,.F.);
#4636=ORIENTED_EDGE('',*,*,#3454,.T.);
#4637=ORIENTED_EDGE('',*,*,#3453,.T.);
#4638=ORIENTED_EDGE('',*,*,#3455,.F.);
#4639=ORIENTED_EDGE('',*,*,#3456,.F.);
#4640=ORIENTED_EDGE('',*,*,#3457,.T.);
#4641=ORIENTED_EDGE('',*,*,#3456,.T.);
#4642=ORIENTED_EDGE('',*,*,#3458,.F.);
#4643=ORIENTED_EDGE('',*,*,#3459,.F.);
#4644=ORIENTED_EDGE('',*,*,#3460,.T.);
#4645=ORIENTED_EDGE('',*,*,#3459,.T.);
#4646=ORIENTED_EDGE('',*,*,#3461,.F.);
#4647=ORIENTED_EDGE('',*,*,#3462,.F.);
#4648=ORIENTED_EDGE('',*,*,#3463,.T.);
#4649=ORIENTED_EDGE('',*,*,#3462,.T.);
#4650=ORIENTED_EDGE('',*,*,#3464,.F.);
#4651=ORIENTED_EDGE('',*,*,#3465,.F.);
#4652=ORIENTED_EDGE('',*,*,#3466,.T.);
#4653=ORIENTED_EDGE('',*,*,#3465,.T.);
#4654=ORIENTED_EDGE('',*,*,#3467,.F.);
#4655=ORIENTED_EDGE('',*,*,#3468,.F.);
#4656=ORIENTED_EDGE('',*,*,#3469,.T.);
#4657=ORIENTED_EDGE('',*,*,#3468,.T.);
#4658=ORIENTED_EDGE('',*,*,#3470,.F.);
#4659=ORIENTED_EDGE('',*,*,#3415,.F.);
#4660=ORIENTED_EDGE('',*,*,#3470,.T.);
#4661=ORIENTED_EDGE('',*,*,#3467,.T.);
#4662=ORIENTED_EDGE('',*,*,#3464,.T.);
#4663=ORIENTED_EDGE('',*,*,#3461,.T.);
#4664=ORIENTED_EDGE('',*,*,#3458,.T.);
#4665=ORIENTED_EDGE('',*,*,#3455,.T.);
#4666=ORIENTED_EDGE('',*,*,#3452,.T.);
#4667=ORIENTED_EDGE('',*,*,#3449,.T.);
#4668=ORIENTED_EDGE('',*,*,#3446,.T.);
#4669=ORIENTED_EDGE('',*,*,#3443,.T.);
#4670=ORIENTED_EDGE('',*,*,#3440,.T.);
#4671=ORIENTED_EDGE('',*,*,#3437,.T.);
#4672=ORIENTED_EDGE('',*,*,#3434,.T.);
#4673=ORIENTED_EDGE('',*,*,#3431,.T.);
#4674=ORIENTED_EDGE('',*,*,#3428,.T.);
#4675=ORIENTED_EDGE('',*,*,#3425,.T.);
#4676=ORIENTED_EDGE('',*,*,#3422,.T.);
#4677=ORIENTED_EDGE('',*,*,#3419,.T.);
#4678=ORIENTED_EDGE('',*,*,#3416,.T.);
#4679=ORIENTED_EDGE('',*,*,#3469,.F.);
#4680=ORIENTED_EDGE('',*,*,#3414,.F.);
#4681=ORIENTED_EDGE('',*,*,#3418,.F.);
#4682=ORIENTED_EDGE('',*,*,#3421,.F.);
#4683=ORIENTED_EDGE('',*,*,#3424,.F.);
#4684=ORIENTED_EDGE('',*,*,#3427,.F.);
#4685=ORIENTED_EDGE('',*,*,#3430,.F.);
#4686=ORIENTED_EDGE('',*,*,#3433,.F.);
#4687=ORIENTED_EDGE('',*,*,#3436,.F.);
#4688=ORIENTED_EDGE('',*,*,#3439,.F.);
#4689=ORIENTED_EDGE('',*,*,#3442,.F.);
#4690=ORIENTED_EDGE('',*,*,#3445,.F.);
#4691=ORIENTED_EDGE('',*,*,#3448,.F.);
#4692=ORIENTED_EDGE('',*,*,#3451,.F.);
#4693=ORIENTED_EDGE('',*,*,#3454,.F.);
#4694=ORIENTED_EDGE('',*,*,#3457,.F.);
#4695=ORIENTED_EDGE('',*,*,#3460,.F.);
#4696=ORIENTED_EDGE('',*,*,#3463,.F.);
#4697=ORIENTED_EDGE('',*,*,#3466,.F.);
#4698=ORIENTED_EDGE('',*,*,#3471,.T.);
#4699=ORIENTED_EDGE('',*,*,#3472,.T.);
#4700=ORIENTED_EDGE('',*,*,#3471,.F.);
#4701=ORIENTED_EDGE('',*,*,#3472,.F.);
#4702=ORIENTED_EDGE('',*,*,#3473,.F.);
#4703=ORIENTED_EDGE('',*,*,#3474,.T.);
#4704=ORIENTED_EDGE('',*,*,#3473,.T.);
#4705=ORIENTED_EDGE('',*,*,#3474,.F.);
#4706=ORIENTED_EDGE('',*,*,#3475,.T.);
#4707=ORIENTED_EDGE('',*,*,#3476,.T.);
#4708=ORIENTED_EDGE('',*,*,#3477,.F.);
#4709=ORIENTED_EDGE('',*,*,#3478,.F.);
#4710=ORIENTED_EDGE('',*,*,#3479,.T.);
#4711=ORIENTED_EDGE('',*,*,#3478,.T.);
#4712=ORIENTED_EDGE('',*,*,#3480,.F.);
#4713=ORIENTED_EDGE('',*,*,#3481,.F.);
#4714=ORIENTED_EDGE('',*,*,#3482,.T.);
#4715=ORIENTED_EDGE('',*,*,#3481,.T.);
#4716=ORIENTED_EDGE('',*,*,#3483,.F.);
#4717=ORIENTED_EDGE('',*,*,#3484,.F.);
#4718=ORIENTED_EDGE('',*,*,#3485,.T.);
#4719=ORIENTED_EDGE('',*,*,#3484,.T.);
#4720=ORIENTED_EDGE('',*,*,#3486,.F.);
#4721=ORIENTED_EDGE('',*,*,#3487,.F.);
#4722=ORIENTED_EDGE('',*,*,#3488,.T.);
#4723=ORIENTED_EDGE('',*,*,#3487,.T.);
#4724=ORIENTED_EDGE('',*,*,#3489,.F.);
#4725=ORIENTED_EDGE('',*,*,#3490,.F.);
#4726=ORIENTED_EDGE('',*,*,#3491,.T.);
#4727=ORIENTED_EDGE('',*,*,#3490,.T.);
#4728=ORIENTED_EDGE('',*,*,#3492,.F.);
#4729=ORIENTED_EDGE('',*,*,#3493,.F.);
#4730=ORIENTED_EDGE('',*,*,#3494,.T.);
#4731=ORIENTED_EDGE('',*,*,#3493,.T.);
#4732=ORIENTED_EDGE('',*,*,#3495,.F.);
#4733=ORIENTED_EDGE('',*,*,#3496,.F.);
#4734=ORIENTED_EDGE('',*,*,#3497,.T.);
#4735=ORIENTED_EDGE('',*,*,#3496,.T.);
#4736=ORIENTED_EDGE('',*,*,#3498,.F.);
#4737=ORIENTED_EDGE('',*,*,#3499,.F.);
#4738=ORIENTED_EDGE('',*,*,#3500,.T.);
#4739=ORIENTED_EDGE('',*,*,#3499,.T.);
#4740=ORIENTED_EDGE('',*,*,#3501,.F.);
#4741=ORIENTED_EDGE('',*,*,#3502,.F.);
#4742=ORIENTED_EDGE('',*,*,#3503,.T.);
#4743=ORIENTED_EDGE('',*,*,#3502,.T.);
#4744=ORIENTED_EDGE('',*,*,#3504,.F.);
#4745=ORIENTED_EDGE('',*,*,#3505,.F.);
#4746=ORIENTED_EDGE('',*,*,#3506,.T.);
#4747=ORIENTED_EDGE('',*,*,#3505,.T.);
#4748=ORIENTED_EDGE('',*,*,#3507,.F.);
#4749=ORIENTED_EDGE('',*,*,#3508,.F.);
#4750=ORIENTED_EDGE('',*,*,#3509,.T.);
#4751=ORIENTED_EDGE('',*,*,#3508,.T.);
#4752=ORIENTED_EDGE('',*,*,#3510,.F.);
#4753=ORIENTED_EDGE('',*,*,#3511,.F.);
#4754=ORIENTED_EDGE('',*,*,#3512,.T.);
#4755=ORIENTED_EDGE('',*,*,#3511,.T.);
#4756=ORIENTED_EDGE('',*,*,#3513,.F.);
#4757=ORIENTED_EDGE('',*,*,#3514,.F.);
#4758=ORIENTED_EDGE('',*,*,#3515,.T.);
#4759=ORIENTED_EDGE('',*,*,#3514,.T.);
#4760=ORIENTED_EDGE('',*,*,#3516,.F.);
#4761=ORIENTED_EDGE('',*,*,#3517,.F.);
#4762=ORIENTED_EDGE('',*,*,#3518,.T.);
#4763=ORIENTED_EDGE('',*,*,#3517,.T.);
#4764=ORIENTED_EDGE('',*,*,#3519,.F.);
#4765=ORIENTED_EDGE('',*,*,#3476,.F.);
#4766=ORIENTED_EDGE('',*,*,#3519,.T.);
#4767=ORIENTED_EDGE('',*,*,#3516,.T.);
#4768=ORIENTED_EDGE('',*,*,#3513,.T.);
#4769=ORIENTED_EDGE('',*,*,#3510,.T.);
#4770=ORIENTED_EDGE('',*,*,#3507,.T.);
#4771=ORIENTED_EDGE('',*,*,#3504,.T.);
#4772=ORIENTED_EDGE('',*,*,#3501,.T.);
#4773=ORIENTED_EDGE('',*,*,#3498,.T.);
#4774=ORIENTED_EDGE('',*,*,#3495,.T.);
#4775=ORIENTED_EDGE('',*,*,#3492,.T.);
#4776=ORIENTED_EDGE('',*,*,#3489,.T.);
#4777=ORIENTED_EDGE('',*,*,#3486,.T.);
#4778=ORIENTED_EDGE('',*,*,#3483,.T.);
#4779=ORIENTED_EDGE('',*,*,#3480,.T.);
#4780=ORIENTED_EDGE('',*,*,#3477,.T.);
#4781=ORIENTED_EDGE('',*,*,#3518,.F.);
#4782=ORIENTED_EDGE('',*,*,#3475,.F.);
#4783=ORIENTED_EDGE('',*,*,#3479,.F.);
#4784=ORIENTED_EDGE('',*,*,#3482,.F.);
#4785=ORIENTED_EDGE('',*,*,#3485,.F.);
#4786=ORIENTED_EDGE('',*,*,#3488,.F.);
#4787=ORIENTED_EDGE('',*,*,#3491,.F.);
#4788=ORIENTED_EDGE('',*,*,#3494,.F.);
#4789=ORIENTED_EDGE('',*,*,#3497,.F.);
#4790=ORIENTED_EDGE('',*,*,#3500,.F.);
#4791=ORIENTED_EDGE('',*,*,#3503,.F.);
#4792=ORIENTED_EDGE('',*,*,#3506,.F.);
#4793=ORIENTED_EDGE('',*,*,#3509,.F.);
#4794=ORIENTED_EDGE('',*,*,#3512,.F.);
#4795=ORIENTED_EDGE('',*,*,#3515,.F.);
#4796=ORIENTED_EDGE('',*,*,#3520,.T.);
#4797=ORIENTED_EDGE('',*,*,#3521,.T.);
#4798=ORIENTED_EDGE('',*,*,#3522,.F.);
#4799=ORIENTED_EDGE('',*,*,#3523,.F.);
#4800=ORIENTED_EDGE('',*,*,#3524,.T.);
#4801=ORIENTED_EDGE('',*,*,#3523,.T.);
#4802=ORIENTED_EDGE('',*,*,#3525,.F.);
#4803=ORIENTED_EDGE('',*,*,#3526,.F.);
#4804=ORIENTED_EDGE('',*,*,#3527,.T.);
#4805=ORIENTED_EDGE('',*,*,#3526,.T.);
#4806=ORIENTED_EDGE('',*,*,#3528,.F.);
#4807=ORIENTED_EDGE('',*,*,#3529,.F.);
#4808=ORIENTED_EDGE('',*,*,#3530,.T.);
#4809=ORIENTED_EDGE('',*,*,#3529,.T.);
#4810=ORIENTED_EDGE('',*,*,#3531,.F.);
#4811=ORIENTED_EDGE('',*,*,#3532,.F.);
#4812=ORIENTED_EDGE('',*,*,#3533,.T.);
#4813=ORIENTED_EDGE('',*,*,#3532,.T.);
#4814=ORIENTED_EDGE('',*,*,#3534,.F.);
#4815=ORIENTED_EDGE('',*,*,#3535,.F.);
#4816=ORIENTED_EDGE('',*,*,#3536,.T.);
#4817=ORIENTED_EDGE('',*,*,#3535,.T.);
#4818=ORIENTED_EDGE('',*,*,#3537,.F.);
#4819=ORIENTED_EDGE('',*,*,#3538,.F.);
#4820=ORIENTED_EDGE('',*,*,#3539,.T.);
#4821=ORIENTED_EDGE('',*,*,#3538,.T.);
#4822=ORIENTED_EDGE('',*,*,#3540,.F.);
#4823=ORIENTED_EDGE('',*,*,#3541,.F.);
#4824=ORIENTED_EDGE('',*,*,#3542,.T.);
#4825=ORIENTED_EDGE('',*,*,#3541,.T.);
#4826=ORIENTED_EDGE('',*,*,#3543,.F.);
#4827=ORIENTED_EDGE('',*,*,#3521,.F.);
#4828=ORIENTED_EDGE('',*,*,#3544,.T.);
#4829=ORIENTED_EDGE('',*,*,#3545,.T.);
#4830=ORIENTED_EDGE('',*,*,#3546,.F.);
#4831=ORIENTED_EDGE('',*,*,#3547,.F.);
#4832=ORIENTED_EDGE('',*,*,#3548,.T.);
#4833=ORIENTED_EDGE('',*,*,#3547,.T.);
#4834=ORIENTED_EDGE('',*,*,#3549,.F.);
#4835=ORIENTED_EDGE('',*,*,#3550,.F.);
#4836=ORIENTED_EDGE('',*,*,#3551,.T.);
#4837=ORIENTED_EDGE('',*,*,#3550,.T.);
#4838=ORIENTED_EDGE('',*,*,#3552,.F.);
#4839=ORIENTED_EDGE('',*,*,#3553,.F.);
#4840=ORIENTED_EDGE('',*,*,#3554,.T.);
#4841=ORIENTED_EDGE('',*,*,#3553,.T.);
#4842=ORIENTED_EDGE('',*,*,#3555,.F.);
#4843=ORIENTED_EDGE('',*,*,#3556,.F.);
#4844=ORIENTED_EDGE('',*,*,#3557,.T.);
#4845=ORIENTED_EDGE('',*,*,#3556,.T.);
#4846=ORIENTED_EDGE('',*,*,#3558,.F.);
#4847=ORIENTED_EDGE('',*,*,#3559,.F.);
#4848=ORIENTED_EDGE('',*,*,#3560,.T.);
#4849=ORIENTED_EDGE('',*,*,#3559,.T.);
#4850=ORIENTED_EDGE('',*,*,#3561,.F.);
#4851=ORIENTED_EDGE('',*,*,#3562,.F.);
#4852=ORIENTED_EDGE('',*,*,#3563,.T.);
#4853=ORIENTED_EDGE('',*,*,#3562,.T.);
#4854=ORIENTED_EDGE('',*,*,#3564,.F.);
#4855=ORIENTED_EDGE('',*,*,#3565,.F.);
#4856=ORIENTED_EDGE('',*,*,#3566,.T.);
#4857=ORIENTED_EDGE('',*,*,#3565,.T.);
#4858=ORIENTED_EDGE('',*,*,#3567,.F.);
#4859=ORIENTED_EDGE('',*,*,#3568,.F.);
#4860=ORIENTED_EDGE('',*,*,#3569,.T.);
#4861=ORIENTED_EDGE('',*,*,#3568,.T.);
#4862=ORIENTED_EDGE('',*,*,#3570,.F.);
#4863=ORIENTED_EDGE('',*,*,#3571,.F.);
#4864=ORIENTED_EDGE('',*,*,#3572,.T.);
#4865=ORIENTED_EDGE('',*,*,#3571,.T.);
#4866=ORIENTED_EDGE('',*,*,#3573,.F.);
#4867=ORIENTED_EDGE('',*,*,#3574,.F.);
#4868=ORIENTED_EDGE('',*,*,#3575,.T.);
#4869=ORIENTED_EDGE('',*,*,#3574,.T.);
#4870=ORIENTED_EDGE('',*,*,#3576,.F.);
#4871=ORIENTED_EDGE('',*,*,#3577,.F.);
#4872=ORIENTED_EDGE('',*,*,#3578,.T.);
#4873=ORIENTED_EDGE('',*,*,#3577,.T.);
#4874=ORIENTED_EDGE('',*,*,#3579,.F.);
#4875=ORIENTED_EDGE('',*,*,#3580,.F.);
#4876=ORIENTED_EDGE('',*,*,#3581,.T.);
#4877=ORIENTED_EDGE('',*,*,#3580,.T.);
#4878=ORIENTED_EDGE('',*,*,#3582,.F.);
#4879=ORIENTED_EDGE('',*,*,#3583,.F.);
#4880=ORIENTED_EDGE('',*,*,#3584,.T.);
#4881=ORIENTED_EDGE('',*,*,#3583,.T.);
#4882=ORIENTED_EDGE('',*,*,#3585,.F.);
#4883=ORIENTED_EDGE('',*,*,#3586,.F.);
#4884=ORIENTED_EDGE('',*,*,#3587,.T.);
#4885=ORIENTED_EDGE('',*,*,#3586,.T.);
#4886=ORIENTED_EDGE('',*,*,#3588,.F.);
#4887=ORIENTED_EDGE('',*,*,#3589,.F.);
#4888=ORIENTED_EDGE('',*,*,#3590,.T.);
#4889=ORIENTED_EDGE('',*,*,#3589,.T.);
#4890=ORIENTED_EDGE('',*,*,#3591,.F.);
#4891=ORIENTED_EDGE('',*,*,#3592,.F.);
#4892=ORIENTED_EDGE('',*,*,#3593,.T.);
#4893=ORIENTED_EDGE('',*,*,#3592,.T.);
#4894=ORIENTED_EDGE('',*,*,#3594,.F.);
#4895=ORIENTED_EDGE('',*,*,#3595,.F.);
#4896=ORIENTED_EDGE('',*,*,#3596,.T.);
#4897=ORIENTED_EDGE('',*,*,#3595,.T.);
#4898=ORIENTED_EDGE('',*,*,#3597,.F.);
#4899=ORIENTED_EDGE('',*,*,#3598,.F.);
#4900=ORIENTED_EDGE('',*,*,#3599,.T.);
#4901=ORIENTED_EDGE('',*,*,#3598,.T.);
#4902=ORIENTED_EDGE('',*,*,#3600,.F.);
#4903=ORIENTED_EDGE('',*,*,#3601,.F.);
#4904=ORIENTED_EDGE('',*,*,#3602,.T.);
#4905=ORIENTED_EDGE('',*,*,#3601,.T.);
#4906=ORIENTED_EDGE('',*,*,#3603,.F.);
#4907=ORIENTED_EDGE('',*,*,#3604,.F.);
#4908=ORIENTED_EDGE('',*,*,#3605,.T.);
#4909=ORIENTED_EDGE('',*,*,#3604,.T.);
#4910=ORIENTED_EDGE('',*,*,#3606,.F.);
#4911=ORIENTED_EDGE('',*,*,#3607,.F.);
#4912=ORIENTED_EDGE('',*,*,#3608,.T.);
#4913=ORIENTED_EDGE('',*,*,#3607,.T.);
#4914=ORIENTED_EDGE('',*,*,#3609,.F.);
#4915=ORIENTED_EDGE('',*,*,#3610,.F.);
#4916=ORIENTED_EDGE('',*,*,#3611,.T.);
#4917=ORIENTED_EDGE('',*,*,#3610,.T.);
#4918=ORIENTED_EDGE('',*,*,#3612,.F.);
#4919=ORIENTED_EDGE('',*,*,#3613,.F.);
#4920=ORIENTED_EDGE('',*,*,#3614,.T.);
#4921=ORIENTED_EDGE('',*,*,#3613,.T.);
#4922=ORIENTED_EDGE('',*,*,#3615,.F.);
#4923=ORIENTED_EDGE('',*,*,#3616,.F.);
#4924=ORIENTED_EDGE('',*,*,#3617,.T.);
#4925=ORIENTED_EDGE('',*,*,#3616,.T.);
#4926=ORIENTED_EDGE('',*,*,#3618,.F.);
#4927=ORIENTED_EDGE('',*,*,#3619,.F.);
#4928=ORIENTED_EDGE('',*,*,#3620,.T.);
#4929=ORIENTED_EDGE('',*,*,#3619,.T.);
#4930=ORIENTED_EDGE('',*,*,#3621,.F.);
#4931=ORIENTED_EDGE('',*,*,#3545,.F.);
#4932=ORIENTED_EDGE('',*,*,#3621,.T.);
#4933=ORIENTED_EDGE('',*,*,#3618,.T.);
#4934=ORIENTED_EDGE('',*,*,#3615,.T.);
#4935=ORIENTED_EDGE('',*,*,#3612,.T.);
#4936=ORIENTED_EDGE('',*,*,#3609,.T.);
#4937=ORIENTED_EDGE('',*,*,#3606,.T.);
#4938=ORIENTED_EDGE('',*,*,#3603,.T.);
#4939=ORIENTED_EDGE('',*,*,#3600,.T.);
#4940=ORIENTED_EDGE('',*,*,#3597,.T.);
#4941=ORIENTED_EDGE('',*,*,#3594,.T.);
#4942=ORIENTED_EDGE('',*,*,#3591,.T.);
#4943=ORIENTED_EDGE('',*,*,#3588,.T.);
#4944=ORIENTED_EDGE('',*,*,#3585,.T.);
#4945=ORIENTED_EDGE('',*,*,#3582,.T.);
#4946=ORIENTED_EDGE('',*,*,#3579,.T.);
#4947=ORIENTED_EDGE('',*,*,#3576,.T.);
#4948=ORIENTED_EDGE('',*,*,#3573,.T.);
#4949=ORIENTED_EDGE('',*,*,#3570,.T.);
#4950=ORIENTED_EDGE('',*,*,#3567,.T.);
#4951=ORIENTED_EDGE('',*,*,#3564,.T.);
#4952=ORIENTED_EDGE('',*,*,#3561,.T.);
#4953=ORIENTED_EDGE('',*,*,#3558,.T.);
#4954=ORIENTED_EDGE('',*,*,#3555,.T.);
#4955=ORIENTED_EDGE('',*,*,#3552,.T.);
#4956=ORIENTED_EDGE('',*,*,#3549,.T.);
#4957=ORIENTED_EDGE('',*,*,#3546,.T.);
#4958=ORIENTED_EDGE('',*,*,#3543,.T.);
#4959=ORIENTED_EDGE('',*,*,#3540,.T.);
#4960=ORIENTED_EDGE('',*,*,#3537,.T.);
#4961=ORIENTED_EDGE('',*,*,#3534,.T.);
#4962=ORIENTED_EDGE('',*,*,#3531,.T.);
#4963=ORIENTED_EDGE('',*,*,#3528,.T.);
#4964=ORIENTED_EDGE('',*,*,#3525,.T.);
#4965=ORIENTED_EDGE('',*,*,#3522,.T.);
#4966=ORIENTED_EDGE('',*,*,#3620,.F.);
#4967=ORIENTED_EDGE('',*,*,#3544,.F.);
#4968=ORIENTED_EDGE('',*,*,#3548,.F.);
#4969=ORIENTED_EDGE('',*,*,#3551,.F.);
#4970=ORIENTED_EDGE('',*,*,#3554,.F.);
#4971=ORIENTED_EDGE('',*,*,#3557,.F.);
#4972=ORIENTED_EDGE('',*,*,#3560,.F.);
#4973=ORIENTED_EDGE('',*,*,#3563,.F.);
#4974=ORIENTED_EDGE('',*,*,#3566,.F.);
#4975=ORIENTED_EDGE('',*,*,#3569,.F.);
#4976=ORIENTED_EDGE('',*,*,#3572,.F.);
#4977=ORIENTED_EDGE('',*,*,#3575,.F.);
#4978=ORIENTED_EDGE('',*,*,#3578,.F.);
#4979=ORIENTED_EDGE('',*,*,#3581,.F.);
#4980=ORIENTED_EDGE('',*,*,#3584,.F.);
#4981=ORIENTED_EDGE('',*,*,#3587,.F.);
#4982=ORIENTED_EDGE('',*,*,#3590,.F.);
#4983=ORIENTED_EDGE('',*,*,#3593,.F.);
#4984=ORIENTED_EDGE('',*,*,#3596,.F.);
#4985=ORIENTED_EDGE('',*,*,#3599,.F.);
#4986=ORIENTED_EDGE('',*,*,#3602,.F.);
#4987=ORIENTED_EDGE('',*,*,#3605,.F.);
#4988=ORIENTED_EDGE('',*,*,#3608,.F.);
#4989=ORIENTED_EDGE('',*,*,#3611,.F.);
#4990=ORIENTED_EDGE('',*,*,#3614,.F.);
#4991=ORIENTED_EDGE('',*,*,#3617,.F.);
#4992=ORIENTED_EDGE('',*,*,#3542,.F.);
#4993=ORIENTED_EDGE('',*,*,#3520,.F.);
#4994=ORIENTED_EDGE('',*,*,#3524,.F.);
#4995=ORIENTED_EDGE('',*,*,#3527,.F.);
#4996=ORIENTED_EDGE('',*,*,#3530,.F.);
#4997=ORIENTED_EDGE('',*,*,#3533,.F.);
#4998=ORIENTED_EDGE('',*,*,#3536,.F.);
#4999=ORIENTED_EDGE('',*,*,#3539,.F.);
#5000=ORIENTED_EDGE('',*,*,#3622,.T.);
#5001=ORIENTED_EDGE('',*,*,#3623,.T.);
#5002=ORIENTED_EDGE('',*,*,#3624,.F.);
#5003=ORIENTED_EDGE('',*,*,#3625,.F.);
#5004=ORIENTED_EDGE('',*,*,#3626,.T.);
#5005=ORIENTED_EDGE('',*,*,#3625,.T.);
#5006=ORIENTED_EDGE('',*,*,#3627,.F.);
#5007=ORIENTED_EDGE('',*,*,#3628,.F.);
#5008=ORIENTED_EDGE('',*,*,#3629,.T.);
#5009=ORIENTED_EDGE('',*,*,#3628,.T.);
#5010=ORIENTED_EDGE('',*,*,#3630,.F.);
#5011=ORIENTED_EDGE('',*,*,#3631,.F.);
#5012=ORIENTED_EDGE('',*,*,#3632,.T.);
#5013=ORIENTED_EDGE('',*,*,#3631,.T.);
#5014=ORIENTED_EDGE('',*,*,#3633,.F.);
#5015=ORIENTED_EDGE('',*,*,#3634,.F.);
#5016=ORIENTED_EDGE('',*,*,#3635,.T.);
#5017=ORIENTED_EDGE('',*,*,#3634,.T.);
#5018=ORIENTED_EDGE('',*,*,#3636,.F.);
#5019=ORIENTED_EDGE('',*,*,#3637,.F.);
#5020=ORIENTED_EDGE('',*,*,#3638,.T.);
#5021=ORIENTED_EDGE('',*,*,#3637,.T.);
#5022=ORIENTED_EDGE('',*,*,#3639,.F.);
#5023=ORIENTED_EDGE('',*,*,#3640,.F.);
#5024=ORIENTED_EDGE('',*,*,#3641,.T.);
#5025=ORIENTED_EDGE('',*,*,#3640,.T.);
#5026=ORIENTED_EDGE('',*,*,#3642,.F.);
#5027=ORIENTED_EDGE('',*,*,#3643,.F.);
#5028=ORIENTED_EDGE('',*,*,#3644,.T.);
#5029=ORIENTED_EDGE('',*,*,#3643,.T.);
#5030=ORIENTED_EDGE('',*,*,#3645,.F.);
#5031=ORIENTED_EDGE('',*,*,#3646,.F.);
#5032=ORIENTED_EDGE('',*,*,#3647,.T.);
#5033=ORIENTED_EDGE('',*,*,#3646,.T.);
#5034=ORIENTED_EDGE('',*,*,#3648,.F.);
#5035=ORIENTED_EDGE('',*,*,#3649,.F.);
#5036=ORIENTED_EDGE('',*,*,#3650,.T.);
#5037=ORIENTED_EDGE('',*,*,#3649,.T.);
#5038=ORIENTED_EDGE('',*,*,#3651,.F.);
#5039=ORIENTED_EDGE('',*,*,#3652,.F.);
#5040=ORIENTED_EDGE('',*,*,#3653,.T.);
#5041=ORIENTED_EDGE('',*,*,#3652,.T.);
#5042=ORIENTED_EDGE('',*,*,#3654,.F.);
#5043=ORIENTED_EDGE('',*,*,#3655,.F.);
#5044=ORIENTED_EDGE('',*,*,#3656,.T.);
#5045=ORIENTED_EDGE('',*,*,#3655,.T.);
#5046=ORIENTED_EDGE('',*,*,#3657,.F.);
#5047=ORIENTED_EDGE('',*,*,#3658,.F.);
#5048=ORIENTED_EDGE('',*,*,#3659,.T.);
#5049=ORIENTED_EDGE('',*,*,#3658,.T.);
#5050=ORIENTED_EDGE('',*,*,#3660,.F.);
#5051=ORIENTED_EDGE('',*,*,#3661,.F.);
#5052=ORIENTED_EDGE('',*,*,#3662,.T.);
#5053=ORIENTED_EDGE('',*,*,#3661,.T.);
#5054=ORIENTED_EDGE('',*,*,#3663,.F.);
#5055=ORIENTED_EDGE('',*,*,#3664,.F.);
#5056=ORIENTED_EDGE('',*,*,#3665,.T.);
#5057=ORIENTED_EDGE('',*,*,#3664,.T.);
#5058=ORIENTED_EDGE('',*,*,#3666,.F.);
#5059=ORIENTED_EDGE('',*,*,#3623,.F.);
#5060=ORIENTED_EDGE('',*,*,#3666,.T.);
#5061=ORIENTED_EDGE('',*,*,#3663,.T.);
#5062=ORIENTED_EDGE('',*,*,#3660,.T.);
#5063=ORIENTED_EDGE('',*,*,#3657,.T.);
#5064=ORIENTED_EDGE('',*,*,#3654,.T.);
#5065=ORIENTED_EDGE('',*,*,#3651,.T.);
#5066=ORIENTED_EDGE('',*,*,#3648,.T.);
#5067=ORIENTED_EDGE('',*,*,#3645,.T.);
#5068=ORIENTED_EDGE('',*,*,#3642,.T.);
#5069=ORIENTED_EDGE('',*,*,#3639,.T.);
#5070=ORIENTED_EDGE('',*,*,#3636,.T.);
#5071=ORIENTED_EDGE('',*,*,#3633,.T.);
#5072=ORIENTED_EDGE('',*,*,#3630,.T.);
#5073=ORIENTED_EDGE('',*,*,#3627,.T.);
#5074=ORIENTED_EDGE('',*,*,#3624,.T.);
#5075=ORIENTED_EDGE('',*,*,#3665,.F.);
#5076=ORIENTED_EDGE('',*,*,#3622,.F.);
#5077=ORIENTED_EDGE('',*,*,#3626,.F.);
#5078=ORIENTED_EDGE('',*,*,#3629,.F.);
#5079=ORIENTED_EDGE('',*,*,#3632,.F.);
#5080=ORIENTED_EDGE('',*,*,#3635,.F.);
#5081=ORIENTED_EDGE('',*,*,#3638,.F.);
#5082=ORIENTED_EDGE('',*,*,#3641,.F.);
#5083=ORIENTED_EDGE('',*,*,#3644,.F.);
#5084=ORIENTED_EDGE('',*,*,#3647,.F.);
#5085=ORIENTED_EDGE('',*,*,#3650,.F.);
#5086=ORIENTED_EDGE('',*,*,#3653,.F.);
#5087=ORIENTED_EDGE('',*,*,#3656,.F.);
#5088=ORIENTED_EDGE('',*,*,#3659,.F.);
#5089=ORIENTED_EDGE('',*,*,#3662,.F.);
#5090=ORIENTED_EDGE('',*,*,#3667,.T.);
#5091=ORIENTED_EDGE('',*,*,#3668,.T.);
#5092=ORIENTED_EDGE('',*,*,#3669,.F.);
#5093=ORIENTED_EDGE('',*,*,#3670,.F.);
#5094=ORIENTED_EDGE('',*,*,#3671,.T.);
#5095=ORIENTED_EDGE('',*,*,#3670,.T.);
#5096=ORIENTED_EDGE('',*,*,#3672,.F.);
#5097=ORIENTED_EDGE('',*,*,#3673,.F.);
#5098=ORIENTED_EDGE('',*,*,#3674,.T.);
#5099=ORIENTED_EDGE('',*,*,#3673,.T.);
#5100=ORIENTED_EDGE('',*,*,#3675,.F.);
#5101=ORIENTED_EDGE('',*,*,#3676,.F.);
#5102=ORIENTED_EDGE('',*,*,#3677,.T.);
#5103=ORIENTED_EDGE('',*,*,#3676,.T.);
#5104=ORIENTED_EDGE('',*,*,#3678,.F.);
#5105=ORIENTED_EDGE('',*,*,#3679,.F.);
#5106=ORIENTED_EDGE('',*,*,#3680,.T.);
#5107=ORIENTED_EDGE('',*,*,#3679,.T.);
#5108=ORIENTED_EDGE('',*,*,#3681,.F.);
#5109=ORIENTED_EDGE('',*,*,#3682,.F.);
#5110=ORIENTED_EDGE('',*,*,#3683,.T.);
#5111=ORIENTED_EDGE('',*,*,#3682,.T.);
#5112=ORIENTED_EDGE('',*,*,#3684,.F.);
#5113=ORIENTED_EDGE('',*,*,#3685,.F.);
#5114=ORIENTED_EDGE('',*,*,#3686,.T.);
#5115=ORIENTED_EDGE('',*,*,#3685,.T.);
#5116=ORIENTED_EDGE('',*,*,#3687,.F.);
#5117=ORIENTED_EDGE('',*,*,#3688,.F.);
#5118=ORIENTED_EDGE('',*,*,#3689,.T.);
#5119=ORIENTED_EDGE('',*,*,#3688,.T.);
#5120=ORIENTED_EDGE('',*,*,#3690,.F.);
#5121=ORIENTED_EDGE('',*,*,#3691,.F.);
#5122=ORIENTED_EDGE('',*,*,#3692,.T.);
#5123=ORIENTED_EDGE('',*,*,#3691,.T.);
#5124=ORIENTED_EDGE('',*,*,#3693,.F.);
#5125=ORIENTED_EDGE('',*,*,#3694,.F.);
#5126=ORIENTED_EDGE('',*,*,#3695,.T.);
#5127=ORIENTED_EDGE('',*,*,#3694,.T.);
#5128=ORIENTED_EDGE('',*,*,#3696,.F.);
#5129=ORIENTED_EDGE('',*,*,#3697,.F.);
#5130=ORIENTED_EDGE('',*,*,#3698,.T.);
#5131=ORIENTED_EDGE('',*,*,#3697,.T.);
#5132=ORIENTED_EDGE('',*,*,#3699,.F.);
#5133=ORIENTED_EDGE('',*,*,#3700,.F.);
#5134=ORIENTED_EDGE('',*,*,#3701,.T.);
#5135=ORIENTED_EDGE('',*,*,#3700,.T.);
#5136=ORIENTED_EDGE('',*,*,#3702,.F.);
#5137=ORIENTED_EDGE('',*,*,#3703,.F.);
#5138=ORIENTED_EDGE('',*,*,#3704,.T.);
#5139=ORIENTED_EDGE('',*,*,#3703,.T.);
#5140=ORIENTED_EDGE('',*,*,#3705,.F.);
#5141=ORIENTED_EDGE('',*,*,#3706,.F.);
#5142=ORIENTED_EDGE('',*,*,#3707,.T.);
#5143=ORIENTED_EDGE('',*,*,#3706,.T.);
#5144=ORIENTED_EDGE('',*,*,#3708,.F.);
#5145=ORIENTED_EDGE('',*,*,#3709,.F.);
#5146=ORIENTED_EDGE('',*,*,#3710,.T.);
#5147=ORIENTED_EDGE('',*,*,#3709,.T.);
#5148=ORIENTED_EDGE('',*,*,#3711,.F.);
#5149=ORIENTED_EDGE('',*,*,#3712,.F.);
#5150=ORIENTED_EDGE('',*,*,#3713,.T.);
#5151=ORIENTED_EDGE('',*,*,#3712,.T.);
#5152=ORIENTED_EDGE('',*,*,#3714,.F.);
#5153=ORIENTED_EDGE('',*,*,#3715,.F.);
#5154=ORIENTED_EDGE('',*,*,#3716,.T.);
#5155=ORIENTED_EDGE('',*,*,#3715,.T.);
#5156=ORIENTED_EDGE('',*,*,#3717,.F.);
#5157=ORIENTED_EDGE('',*,*,#3718,.F.);
#5158=ORIENTED_EDGE('',*,*,#3719,.T.);
#5159=ORIENTED_EDGE('',*,*,#3718,.T.);
#5160=ORIENTED_EDGE('',*,*,#3720,.F.);
#5161=ORIENTED_EDGE('',*,*,#3721,.F.);
#5162=ORIENTED_EDGE('',*,*,#3722,.T.);
#5163=ORIENTED_EDGE('',*,*,#3721,.T.);
#5164=ORIENTED_EDGE('',*,*,#3723,.F.);
#5165=ORIENTED_EDGE('',*,*,#3724,.F.);
#5166=ORIENTED_EDGE('',*,*,#3725,.T.);
#5167=ORIENTED_EDGE('',*,*,#3724,.T.);
#5168=ORIENTED_EDGE('',*,*,#3726,.F.);
#5169=ORIENTED_EDGE('',*,*,#3668,.F.);
#5170=ORIENTED_EDGE('',*,*,#3727,.T.);
#5171=ORIENTED_EDGE('',*,*,#3728,.T.);
#5172=ORIENTED_EDGE('',*,*,#3729,.F.);
#5173=ORIENTED_EDGE('',*,*,#3730,.F.);
#5174=ORIENTED_EDGE('',*,*,#3731,.T.);
#5175=ORIENTED_EDGE('',*,*,#3730,.T.);
#5176=ORIENTED_EDGE('',*,*,#3732,.F.);
#5177=ORIENTED_EDGE('',*,*,#3733,.F.);
#5178=ORIENTED_EDGE('',*,*,#3734,.T.);
#5179=ORIENTED_EDGE('',*,*,#3733,.T.);
#5180=ORIENTED_EDGE('',*,*,#3735,.F.);
#5181=ORIENTED_EDGE('',*,*,#3736,.F.);
#5182=ORIENTED_EDGE('',*,*,#3737,.T.);
#5183=ORIENTED_EDGE('',*,*,#3736,.T.);
#5184=ORIENTED_EDGE('',*,*,#3738,.F.);
#5185=ORIENTED_EDGE('',*,*,#3739,.F.);
#5186=ORIENTED_EDGE('',*,*,#3740,.T.);
#5187=ORIENTED_EDGE('',*,*,#3739,.T.);
#5188=ORIENTED_EDGE('',*,*,#3741,.F.);
#5189=ORIENTED_EDGE('',*,*,#3742,.F.);
#5190=ORIENTED_EDGE('',*,*,#3743,.T.);
#5191=ORIENTED_EDGE('',*,*,#3742,.T.);
#5192=ORIENTED_EDGE('',*,*,#3744,.F.);
#5193=ORIENTED_EDGE('',*,*,#3745,.F.);
#5194=ORIENTED_EDGE('',*,*,#3746,.T.);
#5195=ORIENTED_EDGE('',*,*,#3745,.T.);
#5196=ORIENTED_EDGE('',*,*,#3747,.F.);
#5197=ORIENTED_EDGE('',*,*,#3748,.F.);
#5198=ORIENTED_EDGE('',*,*,#3749,.T.);
#5199=ORIENTED_EDGE('',*,*,#3748,.T.);
#5200=ORIENTED_EDGE('',*,*,#3750,.F.);
#5201=ORIENTED_EDGE('',*,*,#3751,.F.);
#5202=ORIENTED_EDGE('',*,*,#3752,.T.);
#5203=ORIENTED_EDGE('',*,*,#3751,.T.);
#5204=ORIENTED_EDGE('',*,*,#3753,.F.);
#5205=ORIENTED_EDGE('',*,*,#3754,.F.);
#5206=ORIENTED_EDGE('',*,*,#3755,.T.);
#5207=ORIENTED_EDGE('',*,*,#3754,.T.);
#5208=ORIENTED_EDGE('',*,*,#3756,.F.);
#5209=ORIENTED_EDGE('',*,*,#3757,.F.);
#5210=ORIENTED_EDGE('',*,*,#3758,.T.);
#5211=ORIENTED_EDGE('',*,*,#3757,.T.);
#5212=ORIENTED_EDGE('',*,*,#3759,.F.);
#5213=ORIENTED_EDGE('',*,*,#3760,.F.);
#5214=ORIENTED_EDGE('',*,*,#3761,.T.);
#5215=ORIENTED_EDGE('',*,*,#3760,.T.);
#5216=ORIENTED_EDGE('',*,*,#3762,.F.);
#5217=ORIENTED_EDGE('',*,*,#3763,.F.);
#5218=ORIENTED_EDGE('',*,*,#3764,.T.);
#5219=ORIENTED_EDGE('',*,*,#3763,.T.);
#5220=ORIENTED_EDGE('',*,*,#3765,.F.);
#5221=ORIENTED_EDGE('',*,*,#3766,.F.);
#5222=ORIENTED_EDGE('',*,*,#3767,.T.);
#5223=ORIENTED_EDGE('',*,*,#3766,.T.);
#5224=ORIENTED_EDGE('',*,*,#3768,.F.);
#5225=ORIENTED_EDGE('',*,*,#3769,.F.);
#5226=ORIENTED_EDGE('',*,*,#3770,.T.);
#5227=ORIENTED_EDGE('',*,*,#3769,.T.);
#5228=ORIENTED_EDGE('',*,*,#3771,.F.);
#5229=ORIENTED_EDGE('',*,*,#3772,.F.);
#5230=ORIENTED_EDGE('',*,*,#3773,.T.);
#5231=ORIENTED_EDGE('',*,*,#3772,.T.);
#5232=ORIENTED_EDGE('',*,*,#3774,.F.);
#5233=ORIENTED_EDGE('',*,*,#3775,.F.);
#5234=ORIENTED_EDGE('',*,*,#3776,.T.);
#5235=ORIENTED_EDGE('',*,*,#3775,.T.);
#5236=ORIENTED_EDGE('',*,*,#3777,.F.);
#5237=ORIENTED_EDGE('',*,*,#3778,.F.);
#5238=ORIENTED_EDGE('',*,*,#3779,.T.);
#5239=ORIENTED_EDGE('',*,*,#3778,.T.);
#5240=ORIENTED_EDGE('',*,*,#3780,.F.);
#5241=ORIENTED_EDGE('',*,*,#3781,.F.);
#5242=ORIENTED_EDGE('',*,*,#3782,.T.);
#5243=ORIENTED_EDGE('',*,*,#3781,.T.);
#5244=ORIENTED_EDGE('',*,*,#3783,.F.);
#5245=ORIENTED_EDGE('',*,*,#3784,.F.);
#5246=ORIENTED_EDGE('',*,*,#3785,.T.);
#5247=ORIENTED_EDGE('',*,*,#3784,.T.);
#5248=ORIENTED_EDGE('',*,*,#3786,.F.);
#5249=ORIENTED_EDGE('',*,*,#3787,.F.);
#5250=ORIENTED_EDGE('',*,*,#3788,.T.);
#5251=ORIENTED_EDGE('',*,*,#3787,.T.);
#5252=ORIENTED_EDGE('',*,*,#3789,.F.);
#5253=ORIENTED_EDGE('',*,*,#3790,.F.);
#5254=ORIENTED_EDGE('',*,*,#3791,.T.);
#5255=ORIENTED_EDGE('',*,*,#3790,.T.);
#5256=ORIENTED_EDGE('',*,*,#3792,.F.);
#5257=ORIENTED_EDGE('',*,*,#3728,.F.);
#5258=ORIENTED_EDGE('',*,*,#3792,.T.);
#5259=ORIENTED_EDGE('',*,*,#3789,.T.);
#5260=ORIENTED_EDGE('',*,*,#3786,.T.);
#5261=ORIENTED_EDGE('',*,*,#3783,.T.);
#5262=ORIENTED_EDGE('',*,*,#3780,.T.);
#5263=ORIENTED_EDGE('',*,*,#3777,.T.);
#5264=ORIENTED_EDGE('',*,*,#3774,.T.);
#5265=ORIENTED_EDGE('',*,*,#3771,.T.);
#5266=ORIENTED_EDGE('',*,*,#3768,.T.);
#5267=ORIENTED_EDGE('',*,*,#3765,.T.);
#5268=ORIENTED_EDGE('',*,*,#3762,.T.);
#5269=ORIENTED_EDGE('',*,*,#3759,.T.);
#5270=ORIENTED_EDGE('',*,*,#3756,.T.);
#5271=ORIENTED_EDGE('',*,*,#3753,.T.);
#5272=ORIENTED_EDGE('',*,*,#3750,.T.);
#5273=ORIENTED_EDGE('',*,*,#3747,.T.);
#5274=ORIENTED_EDGE('',*,*,#3744,.T.);
#5275=ORIENTED_EDGE('',*,*,#3741,.T.);
#5276=ORIENTED_EDGE('',*,*,#3738,.T.);
#5277=ORIENTED_EDGE('',*,*,#3735,.T.);
#5278=ORIENTED_EDGE('',*,*,#3732,.T.);
#5279=ORIENTED_EDGE('',*,*,#3729,.T.);
#5280=ORIENTED_EDGE('',*,*,#3726,.T.);
#5281=ORIENTED_EDGE('',*,*,#3723,.T.);
#5282=ORIENTED_EDGE('',*,*,#3720,.T.);
#5283=ORIENTED_EDGE('',*,*,#3717,.T.);
#5284=ORIENTED_EDGE('',*,*,#3714,.T.);
#5285=ORIENTED_EDGE('',*,*,#3711,.T.);
#5286=ORIENTED_EDGE('',*,*,#3708,.T.);
#5287=ORIENTED_EDGE('',*,*,#3705,.T.);
#5288=ORIENTED_EDGE('',*,*,#3702,.T.);
#5289=ORIENTED_EDGE('',*,*,#3699,.T.);
#5290=ORIENTED_EDGE('',*,*,#3696,.T.);
#5291=ORIENTED_EDGE('',*,*,#3693,.T.);
#5292=ORIENTED_EDGE('',*,*,#3690,.T.);
#5293=ORIENTED_EDGE('',*,*,#3687,.T.);
#5294=ORIENTED_EDGE('',*,*,#3684,.T.);
#5295=ORIENTED_EDGE('',*,*,#3681,.T.);
#5296=ORIENTED_EDGE('',*,*,#3678,.T.);
#5297=ORIENTED_EDGE('',*,*,#3675,.T.);
#5298=ORIENTED_EDGE('',*,*,#3672,.T.);
#5299=ORIENTED_EDGE('',*,*,#3669,.T.);
#5300=ORIENTED_EDGE('',*,*,#3791,.F.);
#5301=ORIENTED_EDGE('',*,*,#3727,.F.);
#5302=ORIENTED_EDGE('',*,*,#3731,.F.);
#5303=ORIENTED_EDGE('',*,*,#3734,.F.);
#5304=ORIENTED_EDGE('',*,*,#3737,.F.);
#5305=ORIENTED_EDGE('',*,*,#3740,.F.);
#5306=ORIENTED_EDGE('',*,*,#3743,.F.);
#5307=ORIENTED_EDGE('',*,*,#3746,.F.);
#5308=ORIENTED_EDGE('',*,*,#3749,.F.);
#5309=ORIENTED_EDGE('',*,*,#3752,.F.);
#5310=ORIENTED_EDGE('',*,*,#3755,.F.);
#5311=ORIENTED_EDGE('',*,*,#3758,.F.);
#5312=ORIENTED_EDGE('',*,*,#3761,.F.);
#5313=ORIENTED_EDGE('',*,*,#3764,.F.);
#5314=ORIENTED_EDGE('',*,*,#3767,.F.);
#5315=ORIENTED_EDGE('',*,*,#3770,.F.);
#5316=ORIENTED_EDGE('',*,*,#3773,.F.);
#5317=ORIENTED_EDGE('',*,*,#3776,.F.);
#5318=ORIENTED_EDGE('',*,*,#3779,.F.);
#5319=ORIENTED_EDGE('',*,*,#3782,.F.);
#5320=ORIENTED_EDGE('',*,*,#3785,.F.);
#5321=ORIENTED_EDGE('',*,*,#3788,.F.);
#5322=ORIENTED_EDGE('',*,*,#3725,.F.);
#5323=ORIENTED_EDGE('',*,*,#3667,.F.);
#5324=ORIENTED_EDGE('',*,*,#3671,.F.);
#5325=ORIENTED_EDGE('',*,*,#3674,.F.);
#5326=ORIENTED_EDGE('',*,*,#3677,.F.);
#5327=ORIENTED_EDGE('',*,*,#3680,.F.);
#5328=ORIENTED_EDGE('',*,*,#3683,.F.);
#5329=ORIENTED_EDGE('',*,*,#3686,.F.);
#5330=ORIENTED_EDGE('',*,*,#3689,.F.);
#5331=ORIENTED_EDGE('',*,*,#3692,.F.);
#5332=ORIENTED_EDGE('',*,*,#3695,.F.);
#5333=ORIENTED_EDGE('',*,*,#3698,.F.);
#5334=ORIENTED_EDGE('',*,*,#3701,.F.);
#5335=ORIENTED_EDGE('',*,*,#3704,.F.);
#5336=ORIENTED_EDGE('',*,*,#3707,.F.);
#5337=ORIENTED_EDGE('',*,*,#3710,.F.);
#5338=ORIENTED_EDGE('',*,*,#3713,.F.);
#5339=ORIENTED_EDGE('',*,*,#3716,.F.);
#5340=ORIENTED_EDGE('',*,*,#3719,.F.);
#5341=ORIENTED_EDGE('',*,*,#3722,.F.);
#5342=ORIENTED_EDGE('',*,*,#3793,.T.);
#5343=ORIENTED_EDGE('',*,*,#3794,.T.);
#5344=ORIENTED_EDGE('',*,*,#3795,.F.);
#5345=ORIENTED_EDGE('',*,*,#3796,.F.);
#5346=ORIENTED_EDGE('',*,*,#3797,.T.);
#5347=ORIENTED_EDGE('',*,*,#3796,.T.);
#5348=ORIENTED_EDGE('',*,*,#3798,.F.);
#5349=ORIENTED_EDGE('',*,*,#3799,.F.);
#5350=ORIENTED_EDGE('',*,*,#3800,.T.);
#5351=ORIENTED_EDGE('',*,*,#3799,.T.);
#5352=ORIENTED_EDGE('',*,*,#3801,.F.);
#5353=ORIENTED_EDGE('',*,*,#3802,.F.);
#5354=ORIENTED_EDGE('',*,*,#3803,.T.);
#5355=ORIENTED_EDGE('',*,*,#3802,.T.);
#5356=ORIENTED_EDGE('',*,*,#3804,.F.);
#5357=ORIENTED_EDGE('',*,*,#3805,.F.);
#5358=ORIENTED_EDGE('',*,*,#3806,.T.);
#5359=ORIENTED_EDGE('',*,*,#3805,.T.);
#5360=ORIENTED_EDGE('',*,*,#3807,.F.);
#5361=ORIENTED_EDGE('',*,*,#3808,.F.);
#5362=ORIENTED_EDGE('',*,*,#3809,.T.);
#5363=ORIENTED_EDGE('',*,*,#3808,.T.);
#5364=ORIENTED_EDGE('',*,*,#3810,.F.);
#5365=ORIENTED_EDGE('',*,*,#3811,.F.);
#5366=ORIENTED_EDGE('',*,*,#3812,.T.);
#5367=ORIENTED_EDGE('',*,*,#3811,.T.);
#5368=ORIENTED_EDGE('',*,*,#3813,.F.);
#5369=ORIENTED_EDGE('',*,*,#3814,.F.);
#5370=ORIENTED_EDGE('',*,*,#3815,.T.);
#5371=ORIENTED_EDGE('',*,*,#3814,.T.);
#5372=ORIENTED_EDGE('',*,*,#3816,.F.);
#5373=ORIENTED_EDGE('',*,*,#3817,.F.);
#5374=ORIENTED_EDGE('',*,*,#3818,.T.);
#5375=ORIENTED_EDGE('',*,*,#3817,.T.);
#5376=ORIENTED_EDGE('',*,*,#3819,.F.);
#5377=ORIENTED_EDGE('',*,*,#3820,.F.);
#5378=ORIENTED_EDGE('',*,*,#3821,.T.);
#5379=ORIENTED_EDGE('',*,*,#3820,.T.);
#5380=ORIENTED_EDGE('',*,*,#3822,.F.);
#5381=ORIENTED_EDGE('',*,*,#3823,.F.);
#5382=ORIENTED_EDGE('',*,*,#3824,.T.);
#5383=ORIENTED_EDGE('',*,*,#3823,.T.);
#5384=ORIENTED_EDGE('',*,*,#3825,.F.);
#5385=ORIENTED_EDGE('',*,*,#3826,.F.);
#5386=ORIENTED_EDGE('',*,*,#3827,.T.);
#5387=ORIENTED_EDGE('',*,*,#3826,.T.);
#5388=ORIENTED_EDGE('',*,*,#3828,.F.);
#5389=ORIENTED_EDGE('',*,*,#3829,.F.);
#5390=ORIENTED_EDGE('',*,*,#3830,.T.);
#5391=ORIENTED_EDGE('',*,*,#3829,.T.);
#5392=ORIENTED_EDGE('',*,*,#3831,.F.);
#5393=ORIENTED_EDGE('',*,*,#3832,.F.);
#5394=ORIENTED_EDGE('',*,*,#3833,.T.);
#5395=ORIENTED_EDGE('',*,*,#3832,.T.);
#5396=ORIENTED_EDGE('',*,*,#3834,.F.);
#5397=ORIENTED_EDGE('',*,*,#3835,.F.);
#5398=ORIENTED_EDGE('',*,*,#3836,.T.);
#5399=ORIENTED_EDGE('',*,*,#3835,.T.);
#5400=ORIENTED_EDGE('',*,*,#3837,.F.);
#5401=ORIENTED_EDGE('',*,*,#3794,.F.);
#5402=ORIENTED_EDGE('',*,*,#3837,.T.);
#5403=ORIENTED_EDGE('',*,*,#3834,.T.);
#5404=ORIENTED_EDGE('',*,*,#3831,.T.);
#5405=ORIENTED_EDGE('',*,*,#3828,.T.);
#5406=ORIENTED_EDGE('',*,*,#3825,.T.);
#5407=ORIENTED_EDGE('',*,*,#3822,.T.);
#5408=ORIENTED_EDGE('',*,*,#3819,.T.);
#5409=ORIENTED_EDGE('',*,*,#3816,.T.);
#5410=ORIENTED_EDGE('',*,*,#3813,.T.);
#5411=ORIENTED_EDGE('',*,*,#3810,.T.);
#5412=ORIENTED_EDGE('',*,*,#3807,.T.);
#5413=ORIENTED_EDGE('',*,*,#3804,.T.);
#5414=ORIENTED_EDGE('',*,*,#3801,.T.);
#5415=ORIENTED_EDGE('',*,*,#3798,.T.);
#5416=ORIENTED_EDGE('',*,*,#3795,.T.);
#5417=ORIENTED_EDGE('',*,*,#3836,.F.);
#5418=ORIENTED_EDGE('',*,*,#3793,.F.);
#5419=ORIENTED_EDGE('',*,*,#3797,.F.);
#5420=ORIENTED_EDGE('',*,*,#3800,.F.);
#5421=ORIENTED_EDGE('',*,*,#3803,.F.);
#5422=ORIENTED_EDGE('',*,*,#3806,.F.);
#5423=ORIENTED_EDGE('',*,*,#3809,.F.);
#5424=ORIENTED_EDGE('',*,*,#3812,.F.);
#5425=ORIENTED_EDGE('',*,*,#3815,.F.);
#5426=ORIENTED_EDGE('',*,*,#3818,.F.);
#5427=ORIENTED_EDGE('',*,*,#3821,.F.);
#5428=ORIENTED_EDGE('',*,*,#3824,.F.);
#5429=ORIENTED_EDGE('',*,*,#3827,.F.);
#5430=ORIENTED_EDGE('',*,*,#3830,.F.);
#5431=ORIENTED_EDGE('',*,*,#3833,.F.);
#5432=ORIENTED_EDGE('',*,*,#3838,.T.);
#5433=ORIENTED_EDGE('',*,*,#3839,.T.);
#5434=ORIENTED_EDGE('',*,*,#3840,.F.);
#5435=ORIENTED_EDGE('',*,*,#3841,.F.);
#5436=ORIENTED_EDGE('',*,*,#3842,.T.);
#5437=ORIENTED_EDGE('',*,*,#3841,.T.);
#5438=ORIENTED_EDGE('',*,*,#3843,.F.);
#5439=ORIENTED_EDGE('',*,*,#3844,.F.);
#5440=ORIENTED_EDGE('',*,*,#3845,.T.);
#5441=ORIENTED_EDGE('',*,*,#3844,.T.);
#5442=ORIENTED_EDGE('',*,*,#3846,.F.);
#5443=ORIENTED_EDGE('',*,*,#3847,.F.);
#5444=ORIENTED_EDGE('',*,*,#3848,.T.);
#5445=ORIENTED_EDGE('',*,*,#3847,.T.);
#5446=ORIENTED_EDGE('',*,*,#3849,.F.);
#5447=ORIENTED_EDGE('',*,*,#3839,.F.);
#5448=ORIENTED_EDGE('',*,*,#3849,.T.);
#5449=ORIENTED_EDGE('',*,*,#3846,.T.);
#5450=ORIENTED_EDGE('',*,*,#3843,.T.);
#5451=ORIENTED_EDGE('',*,*,#3840,.T.);
#5452=ORIENTED_EDGE('',*,*,#3848,.F.);
#5453=ORIENTED_EDGE('',*,*,#3838,.F.);
#5454=ORIENTED_EDGE('',*,*,#3842,.F.);
#5455=ORIENTED_EDGE('',*,*,#3845,.F.);
#5456=ORIENTED_EDGE('',*,*,#3850,.T.);
#5457=ORIENTED_EDGE('',*,*,#3851,.T.);
#5458=ORIENTED_EDGE('',*,*,#3852,.F.);
#5459=ORIENTED_EDGE('',*,*,#3853,.F.);
#5460=ORIENTED_EDGE('',*,*,#3854,.T.);
#5461=ORIENTED_EDGE('',*,*,#3853,.T.);
#5462=ORIENTED_EDGE('',*,*,#3855,.F.);
#5463=ORIENTED_EDGE('',*,*,#3856,.F.);
#5464=ORIENTED_EDGE('',*,*,#3857,.T.);
#5465=ORIENTED_EDGE('',*,*,#3856,.T.);
#5466=ORIENTED_EDGE('',*,*,#3858,.F.);
#5467=ORIENTED_EDGE('',*,*,#3859,.F.);
#5468=ORIENTED_EDGE('',*,*,#3860,.T.);
#5469=ORIENTED_EDGE('',*,*,#3859,.T.);
#5470=ORIENTED_EDGE('',*,*,#3861,.F.);
#5471=ORIENTED_EDGE('',*,*,#3862,.F.);
#5472=ORIENTED_EDGE('',*,*,#3863,.T.);
#5473=ORIENTED_EDGE('',*,*,#3862,.T.);
#5474=ORIENTED_EDGE('',*,*,#3864,.F.);
#5475=ORIENTED_EDGE('',*,*,#3865,.F.);
#5476=ORIENTED_EDGE('',*,*,#3866,.T.);
#5477=ORIENTED_EDGE('',*,*,#3865,.T.);
#5478=ORIENTED_EDGE('',*,*,#3867,.F.);
#5479=ORIENTED_EDGE('',*,*,#3868,.F.);
#5480=ORIENTED_EDGE('',*,*,#3869,.T.);
#5481=ORIENTED_EDGE('',*,*,#3868,.T.);
#5482=ORIENTED_EDGE('',*,*,#3870,.F.);
#5483=ORIENTED_EDGE('',*,*,#3871,.F.);
#5484=ORIENTED_EDGE('',*,*,#3872,.T.);
#5485=ORIENTED_EDGE('',*,*,#3871,.T.);
#5486=ORIENTED_EDGE('',*,*,#3873,.F.);
#5487=ORIENTED_EDGE('',*,*,#3874,.F.);
#5488=ORIENTED_EDGE('',*,*,#3875,.T.);
#5489=ORIENTED_EDGE('',*,*,#3874,.T.);
#5490=ORIENTED_EDGE('',*,*,#3876,.F.);
#5491=ORIENTED_EDGE('',*,*,#3877,.F.);
#5492=ORIENTED_EDGE('',*,*,#3878,.T.);
#5493=ORIENTED_EDGE('',*,*,#3877,.T.);
#5494=ORIENTED_EDGE('',*,*,#3879,.F.);
#5495=ORIENTED_EDGE('',*,*,#3880,.F.);
#5496=ORIENTED_EDGE('',*,*,#3881,.T.);
#5497=ORIENTED_EDGE('',*,*,#3880,.T.);
#5498=ORIENTED_EDGE('',*,*,#3882,.F.);
#5499=ORIENTED_EDGE('',*,*,#3883,.F.);
#5500=ORIENTED_EDGE('',*,*,#3884,.T.);
#5501=ORIENTED_EDGE('',*,*,#3883,.T.);
#5502=ORIENTED_EDGE('',*,*,#3885,.F.);
#5503=ORIENTED_EDGE('',*,*,#3851,.F.);
#5504=ORIENTED_EDGE('',*,*,#3885,.T.);
#5505=ORIENTED_EDGE('',*,*,#3882,.T.);
#5506=ORIENTED_EDGE('',*,*,#3879,.T.);
#5507=ORIENTED_EDGE('',*,*,#3876,.T.);
#5508=ORIENTED_EDGE('',*,*,#3873,.T.);
#5509=ORIENTED_EDGE('',*,*,#3870,.T.);
#5510=ORIENTED_EDGE('',*,*,#3867,.T.);
#5511=ORIENTED_EDGE('',*,*,#3864,.T.);
#5512=ORIENTED_EDGE('',*,*,#3861,.T.);
#5513=ORIENTED_EDGE('',*,*,#3858,.T.);
#5514=ORIENTED_EDGE('',*,*,#3855,.T.);
#5515=ORIENTED_EDGE('',*,*,#3852,.T.);
#5516=ORIENTED_EDGE('',*,*,#3884,.F.);
#5517=ORIENTED_EDGE('',*,*,#3850,.F.);
#5518=ORIENTED_EDGE('',*,*,#3854,.F.);
#5519=ORIENTED_EDGE('',*,*,#3857,.F.);
#5520=ORIENTED_EDGE('',*,*,#3860,.F.);
#5521=ORIENTED_EDGE('',*,*,#3863,.F.);
#5522=ORIENTED_EDGE('',*,*,#3866,.F.);
#5523=ORIENTED_EDGE('',*,*,#3869,.F.);
#5524=ORIENTED_EDGE('',*,*,#3872,.F.);
#5525=ORIENTED_EDGE('',*,*,#3875,.F.);
#5526=ORIENTED_EDGE('',*,*,#3878,.F.);
#5527=ORIENTED_EDGE('',*,*,#3881,.F.);
#5528=ORIENTED_EDGE('',*,*,#3886,.T.);
#5529=ORIENTED_EDGE('',*,*,#3887,.T.);
#5530=ORIENTED_EDGE('',*,*,#3888,.F.);
#5531=ORIENTED_EDGE('',*,*,#3889,.F.);
#5532=ORIENTED_EDGE('',*,*,#3890,.T.);
#5533=ORIENTED_EDGE('',*,*,#3889,.T.);
#5534=ORIENTED_EDGE('',*,*,#3891,.F.);
#5535=ORIENTED_EDGE('',*,*,#3892,.F.);
#5536=ORIENTED_EDGE('',*,*,#3893,.T.);
#5537=ORIENTED_EDGE('',*,*,#3892,.T.);
#5538=ORIENTED_EDGE('',*,*,#3894,.F.);
#5539=ORIENTED_EDGE('',*,*,#3895,.F.);
#5540=ORIENTED_EDGE('',*,*,#3896,.T.);
#5541=ORIENTED_EDGE('',*,*,#3895,.T.);
#5542=ORIENTED_EDGE('',*,*,#3897,.F.);
#5543=ORIENTED_EDGE('',*,*,#3898,.F.);
#5544=ORIENTED_EDGE('',*,*,#3899,.T.);
#5545=ORIENTED_EDGE('',*,*,#3898,.T.);
#5546=ORIENTED_EDGE('',*,*,#3900,.F.);
#5547=ORIENTED_EDGE('',*,*,#3901,.F.);
#5548=ORIENTED_EDGE('',*,*,#3902,.T.);
#5549=ORIENTED_EDGE('',*,*,#3901,.T.);
#5550=ORIENTED_EDGE('',*,*,#3903,.F.);
#5551=ORIENTED_EDGE('',*,*,#3904,.F.);
#5552=ORIENTED_EDGE('',*,*,#3905,.T.);
#5553=ORIENTED_EDGE('',*,*,#3904,.T.);
#5554=ORIENTED_EDGE('',*,*,#3906,.F.);
#5555=ORIENTED_EDGE('',*,*,#3907,.F.);
#5556=ORIENTED_EDGE('',*,*,#3908,.T.);
#5557=ORIENTED_EDGE('',*,*,#3907,.T.);
#5558=ORIENTED_EDGE('',*,*,#3909,.F.);
#5559=ORIENTED_EDGE('',*,*,#3910,.F.);
#5560=ORIENTED_EDGE('',*,*,#3911,.T.);
#5561=ORIENTED_EDGE('',*,*,#3910,.T.);
#5562=ORIENTED_EDGE('',*,*,#3912,.F.);
#5563=ORIENTED_EDGE('',*,*,#3913,.F.);
#5564=ORIENTED_EDGE('',*,*,#3914,.T.);
#5565=ORIENTED_EDGE('',*,*,#3913,.T.);
#5566=ORIENTED_EDGE('',*,*,#3915,.F.);
#5567=ORIENTED_EDGE('',*,*,#3916,.F.);
#5568=ORIENTED_EDGE('',*,*,#3917,.T.);
#5569=ORIENTED_EDGE('',*,*,#3916,.T.);
#5570=ORIENTED_EDGE('',*,*,#3918,.F.);
#5571=ORIENTED_EDGE('',*,*,#3919,.F.);
#5572=ORIENTED_EDGE('',*,*,#3920,.T.);
#5573=ORIENTED_EDGE('',*,*,#3919,.T.);
#5574=ORIENTED_EDGE('',*,*,#3921,.F.);
#5575=ORIENTED_EDGE('',*,*,#3887,.F.);
#5576=ORIENTED_EDGE('',*,*,#3921,.T.);
#5577=ORIENTED_EDGE('',*,*,#3918,.T.);
#5578=ORIENTED_EDGE('',*,*,#3915,.T.);
#5579=ORIENTED_EDGE('',*,*,#3912,.T.);
#5580=ORIENTED_EDGE('',*,*,#3909,.T.);
#5581=ORIENTED_EDGE('',*,*,#3906,.T.);
#5582=ORIENTED_EDGE('',*,*,#3903,.T.);
#5583=ORIENTED_EDGE('',*,*,#3900,.T.);
#5584=ORIENTED_EDGE('',*,*,#3897,.T.);
#5585=ORIENTED_EDGE('',*,*,#3894,.T.);
#5586=ORIENTED_EDGE('',*,*,#3891,.T.);
#5587=ORIENTED_EDGE('',*,*,#3888,.T.);
#5588=ORIENTED_EDGE('',*,*,#3920,.F.);
#5589=ORIENTED_EDGE('',*,*,#3886,.F.);
#5590=ORIENTED_EDGE('',*,*,#3890,.F.);
#5591=ORIENTED_EDGE('',*,*,#3893,.F.);
#5592=ORIENTED_EDGE('',*,*,#3896,.F.);
#5593=ORIENTED_EDGE('',*,*,#3899,.F.);
#5594=ORIENTED_EDGE('',*,*,#3902,.F.);
#5595=ORIENTED_EDGE('',*,*,#3905,.F.);
#5596=ORIENTED_EDGE('',*,*,#3908,.F.);
#5597=ORIENTED_EDGE('',*,*,#3911,.F.);
#5598=ORIENTED_EDGE('',*,*,#3914,.F.);
#5599=ORIENTED_EDGE('',*,*,#3917,.F.);
#5600=ORIENTED_EDGE('',*,*,#3922,.T.);
#5601=ORIENTED_EDGE('',*,*,#3923,.T.);
#5602=ORIENTED_EDGE('',*,*,#3924,.F.);
#5603=ORIENTED_EDGE('',*,*,#3925,.F.);
#5604=ORIENTED_EDGE('',*,*,#3926,.T.);
#5605=ORIENTED_EDGE('',*,*,#3925,.T.);
#5606=ORIENTED_EDGE('',*,*,#3927,.F.);
#5607=ORIENTED_EDGE('',*,*,#3928,.F.);
#5608=ORIENTED_EDGE('',*,*,#3929,.T.);
#5609=ORIENTED_EDGE('',*,*,#3928,.T.);
#5610=ORIENTED_EDGE('',*,*,#3930,.F.);
#5611=ORIENTED_EDGE('',*,*,#3931,.F.);
#5612=ORIENTED_EDGE('',*,*,#3932,.T.);
#5613=ORIENTED_EDGE('',*,*,#3931,.T.);
#5614=ORIENTED_EDGE('',*,*,#3933,.F.);
#5615=ORIENTED_EDGE('',*,*,#3934,.F.);
#5616=ORIENTED_EDGE('',*,*,#3935,.T.);
#5617=ORIENTED_EDGE('',*,*,#3934,.T.);
#5618=ORIENTED_EDGE('',*,*,#3936,.F.);
#5619=ORIENTED_EDGE('',*,*,#3937,.F.);
#5620=ORIENTED_EDGE('',*,*,#3938,.T.);
#5621=ORIENTED_EDGE('',*,*,#3937,.T.);
#5622=ORIENTED_EDGE('',*,*,#3939,.F.);
#5623=ORIENTED_EDGE('',*,*,#3940,.F.);
#5624=ORIENTED_EDGE('',*,*,#3941,.T.);
#5625=ORIENTED_EDGE('',*,*,#3940,.T.);
#5626=ORIENTED_EDGE('',*,*,#3942,.F.);
#5627=ORIENTED_EDGE('',*,*,#3943,.F.);
#5628=ORIENTED_EDGE('',*,*,#3944,.T.);
#5629=ORIENTED_EDGE('',*,*,#3943,.T.);
#5630=ORIENTED_EDGE('',*,*,#3945,.F.);
#5631=ORIENTED_EDGE('',*,*,#3946,.F.);
#5632=ORIENTED_EDGE('',*,*,#3947,.T.);
#5633=ORIENTED_EDGE('',*,*,#3946,.T.);
#5634=ORIENTED_EDGE('',*,*,#3948,.F.);
#5635=ORIENTED_EDGE('',*,*,#3949,.F.);
#5636=ORIENTED_EDGE('',*,*,#3950,.T.);
#5637=ORIENTED_EDGE('',*,*,#3949,.T.);
#5638=ORIENTED_EDGE('',*,*,#3951,.F.);
#5639=ORIENTED_EDGE('',*,*,#3952,.F.);
#5640=ORIENTED_EDGE('',*,*,#3953,.T.);
#5641=ORIENTED_EDGE('',*,*,#3952,.T.);
#5642=ORIENTED_EDGE('',*,*,#3954,.F.);
#5643=ORIENTED_EDGE('',*,*,#3955,.F.);
#5644=ORIENTED_EDGE('',*,*,#3956,.T.);
#5645=ORIENTED_EDGE('',*,*,#3955,.T.);
#5646=ORIENTED_EDGE('',*,*,#3957,.F.);
#5647=ORIENTED_EDGE('',*,*,#3923,.F.);
#5648=ORIENTED_EDGE('',*,*,#3957,.T.);
#5649=ORIENTED_EDGE('',*,*,#3954,.T.);
#5650=ORIENTED_EDGE('',*,*,#3951,.T.);
#5651=ORIENTED_EDGE('',*,*,#3948,.T.);
#5652=ORIENTED_EDGE('',*,*,#3945,.T.);
#5653=ORIENTED_EDGE('',*,*,#3942,.T.);
#5654=ORIENTED_EDGE('',*,*,#3939,.T.);
#5655=ORIENTED_EDGE('',*,*,#3936,.T.);
#5656=ORIENTED_EDGE('',*,*,#3933,.T.);
#5657=ORIENTED_EDGE('',*,*,#3930,.T.);
#5658=ORIENTED_EDGE('',*,*,#3927,.T.);
#5659=ORIENTED_EDGE('',*,*,#3924,.T.);
#5660=ORIENTED_EDGE('',*,*,#3956,.F.);
#5661=ORIENTED_EDGE('',*,*,#3922,.F.);
#5662=ORIENTED_EDGE('',*,*,#3926,.F.);
#5663=ORIENTED_EDGE('',*,*,#3929,.F.);
#5664=ORIENTED_EDGE('',*,*,#3932,.F.);
#5665=ORIENTED_EDGE('',*,*,#3935,.F.);
#5666=ORIENTED_EDGE('',*,*,#3938,.F.);
#5667=ORIENTED_EDGE('',*,*,#3941,.F.);
#5668=ORIENTED_EDGE('',*,*,#3944,.F.);
#5669=ORIENTED_EDGE('',*,*,#3947,.F.);
#5670=ORIENTED_EDGE('',*,*,#3950,.F.);
#5671=ORIENTED_EDGE('',*,*,#3953,.F.);
#5672=ORIENTED_EDGE('',*,*,#3958,.T.);
#5673=ORIENTED_EDGE('',*,*,#3959,.T.);
#5674=ORIENTED_EDGE('',*,*,#3960,.F.);
#5675=ORIENTED_EDGE('',*,*,#3961,.F.);
#5676=ORIENTED_EDGE('',*,*,#3962,.T.);
#5677=ORIENTED_EDGE('',*,*,#3961,.T.);
#5678=ORIENTED_EDGE('',*,*,#3963,.F.);
#5679=ORIENTED_EDGE('',*,*,#3964,.F.);
#5680=ORIENTED_EDGE('',*,*,#3965,.T.);
#5681=ORIENTED_EDGE('',*,*,#3964,.T.);
#5682=ORIENTED_EDGE('',*,*,#3966,.F.);
#5683=ORIENTED_EDGE('',*,*,#3967,.F.);
#5684=ORIENTED_EDGE('',*,*,#3968,.T.);
#5685=ORIENTED_EDGE('',*,*,#3967,.T.);
#5686=ORIENTED_EDGE('',*,*,#3969,.F.);
#5687=ORIENTED_EDGE('',*,*,#3970,.F.);
#5688=ORIENTED_EDGE('',*,*,#3971,.T.);
#5689=ORIENTED_EDGE('',*,*,#3970,.T.);
#5690=ORIENTED_EDGE('',*,*,#3972,.F.);
#5691=ORIENTED_EDGE('',*,*,#3973,.F.);
#5692=ORIENTED_EDGE('',*,*,#3974,.T.);
#5693=ORIENTED_EDGE('',*,*,#3973,.T.);
#5694=ORIENTED_EDGE('',*,*,#3975,.F.);
#5695=ORIENTED_EDGE('',*,*,#3976,.F.);
#5696=ORIENTED_EDGE('',*,*,#3977,.T.);
#5697=ORIENTED_EDGE('',*,*,#3976,.T.);
#5698=ORIENTED_EDGE('',*,*,#3978,.F.);
#5699=ORIENTED_EDGE('',*,*,#3979,.F.);
#5700=ORIENTED_EDGE('',*,*,#3980,.T.);
#5701=ORIENTED_EDGE('',*,*,#3979,.T.);
#5702=ORIENTED_EDGE('',*,*,#3981,.F.);
#5703=ORIENTED_EDGE('',*,*,#3982,.F.);
#5704=ORIENTED_EDGE('',*,*,#3983,.T.);
#5705=ORIENTED_EDGE('',*,*,#3982,.T.);
#5706=ORIENTED_EDGE('',*,*,#3984,.F.);
#5707=ORIENTED_EDGE('',*,*,#3985,.F.);
#5708=ORIENTED_EDGE('',*,*,#3986,.T.);
#5709=ORIENTED_EDGE('',*,*,#3985,.T.);
#5710=ORIENTED_EDGE('',*,*,#3987,.F.);
#5711=ORIENTED_EDGE('',*,*,#3988,.F.);
#5712=ORIENTED_EDGE('',*,*,#3989,.T.);
#5713=ORIENTED_EDGE('',*,*,#3988,.T.);
#5714=ORIENTED_EDGE('',*,*,#3990,.F.);
#5715=ORIENTED_EDGE('',*,*,#3991,.F.);
#5716=ORIENTED_EDGE('',*,*,#3992,.T.);
#5717=ORIENTED_EDGE('',*,*,#3991,.T.);
#5718=ORIENTED_EDGE('',*,*,#3993,.F.);
#5719=ORIENTED_EDGE('',*,*,#3959,.F.);
#5720=ORIENTED_EDGE('',*,*,#3993,.T.);
#5721=ORIENTED_EDGE('',*,*,#3990,.T.);
#5722=ORIENTED_EDGE('',*,*,#3987,.T.);
#5723=ORIENTED_EDGE('',*,*,#3984,.T.);
#5724=ORIENTED_EDGE('',*,*,#3981,.T.);
#5725=ORIENTED_EDGE('',*,*,#3978,.T.);
#5726=ORIENTED_EDGE('',*,*,#3975,.T.);
#5727=ORIENTED_EDGE('',*,*,#3972,.T.);
#5728=ORIENTED_EDGE('',*,*,#3969,.T.);
#5729=ORIENTED_EDGE('',*,*,#3966,.T.);
#5730=ORIENTED_EDGE('',*,*,#3963,.T.);
#5731=ORIENTED_EDGE('',*,*,#3960,.T.);
#5732=ORIENTED_EDGE('',*,*,#3992,.F.);
#5733=ORIENTED_EDGE('',*,*,#3958,.F.);
#5734=ORIENTED_EDGE('',*,*,#3962,.F.);
#5735=ORIENTED_EDGE('',*,*,#3965,.F.);
#5736=ORIENTED_EDGE('',*,*,#3968,.F.);
#5737=ORIENTED_EDGE('',*,*,#3971,.F.);
#5738=ORIENTED_EDGE('',*,*,#3974,.F.);
#5739=ORIENTED_EDGE('',*,*,#3977,.F.);
#5740=ORIENTED_EDGE('',*,*,#3980,.F.);
#5741=ORIENTED_EDGE('',*,*,#3983,.F.);
#5742=ORIENTED_EDGE('',*,*,#3986,.F.);
#5743=ORIENTED_EDGE('',*,*,#3989,.F.);
#5744=ORIENTED_EDGE('',*,*,#3994,.F.);
#5745=ORIENTED_EDGE('',*,*,#3995,.F.);
#5746=ORIENTED_EDGE('',*,*,#3996,.F.);
#5747=ORIENTED_EDGE('',*,*,#3997,.T.);
#5748=ORIENTED_EDGE('',*,*,#3998,.F.);
#5749=ORIENTED_EDGE('',*,*,#3997,.F.);
#5750=ORIENTED_EDGE('',*,*,#3999,.F.);
#5751=ORIENTED_EDGE('',*,*,#4000,.T.);
#5752=ORIENTED_EDGE('',*,*,#4001,.F.);
#5753=ORIENTED_EDGE('',*,*,#4000,.F.);
#5754=ORIENTED_EDGE('',*,*,#4002,.F.);
#5755=ORIENTED_EDGE('',*,*,#4003,.T.);
#5756=ORIENTED_EDGE('',*,*,#4004,.F.);
#5757=ORIENTED_EDGE('',*,*,#4003,.F.);
#5758=ORIENTED_EDGE('',*,*,#4005,.F.);
#5759=ORIENTED_EDGE('',*,*,#4006,.T.);
#5760=ORIENTED_EDGE('',*,*,#4007,.F.);
#5761=ORIENTED_EDGE('',*,*,#4006,.F.);
#5762=ORIENTED_EDGE('',*,*,#4008,.F.);
#5763=ORIENTED_EDGE('',*,*,#4009,.T.);
#5764=ORIENTED_EDGE('',*,*,#4010,.F.);
#5765=ORIENTED_EDGE('',*,*,#4009,.F.);
#5766=ORIENTED_EDGE('',*,*,#4011,.F.);
#5767=ORIENTED_EDGE('',*,*,#4012,.T.);
#5768=ORIENTED_EDGE('',*,*,#4013,.F.);
#5769=ORIENTED_EDGE('',*,*,#4012,.F.);
#5770=ORIENTED_EDGE('',*,*,#4014,.F.);
#5771=ORIENTED_EDGE('',*,*,#4015,.T.);
#5772=ORIENTED_EDGE('',*,*,#4016,.F.);
#5773=ORIENTED_EDGE('',*,*,#4015,.F.);
#5774=ORIENTED_EDGE('',*,*,#4017,.F.);
#5775=ORIENTED_EDGE('',*,*,#4018,.T.);
#5776=ORIENTED_EDGE('',*,*,#4019,.F.);
#5777=ORIENTED_EDGE('',*,*,#4018,.F.);
#5778=ORIENTED_EDGE('',*,*,#4020,.F.);
#5779=ORIENTED_EDGE('',*,*,#4021,.T.);
#5780=ORIENTED_EDGE('',*,*,#4022,.F.);
#5781=ORIENTED_EDGE('',*,*,#4021,.F.);
#5782=ORIENTED_EDGE('',*,*,#4023,.F.);
#5783=ORIENTED_EDGE('',*,*,#4024,.T.);
#5784=ORIENTED_EDGE('',*,*,#4025,.F.);
#5785=ORIENTED_EDGE('',*,*,#4024,.F.);
#5786=ORIENTED_EDGE('',*,*,#4026,.F.);
#5787=ORIENTED_EDGE('',*,*,#4027,.T.);
#5788=ORIENTED_EDGE('',*,*,#4028,.F.);
#5789=ORIENTED_EDGE('',*,*,#4027,.F.);
#5790=ORIENTED_EDGE('',*,*,#4029,.F.);
#5791=ORIENTED_EDGE('',*,*,#3995,.T.);
#5792=ORIENTED_EDGE('',*,*,#4029,.T.);
#5793=ORIENTED_EDGE('',*,*,#4026,.T.);
#5794=ORIENTED_EDGE('',*,*,#4023,.T.);
#5795=ORIENTED_EDGE('',*,*,#4020,.T.);
#5796=ORIENTED_EDGE('',*,*,#4017,.T.);
#5797=ORIENTED_EDGE('',*,*,#4014,.T.);
#5798=ORIENTED_EDGE('',*,*,#4011,.T.);
#5799=ORIENTED_EDGE('',*,*,#4008,.T.);
#5800=ORIENTED_EDGE('',*,*,#4005,.T.);
#5801=ORIENTED_EDGE('',*,*,#4002,.T.);
#5802=ORIENTED_EDGE('',*,*,#3999,.T.);
#5803=ORIENTED_EDGE('',*,*,#3996,.T.);
#5804=ORIENTED_EDGE('',*,*,#3994,.T.);
#5805=ORIENTED_EDGE('',*,*,#3998,.T.);
#5806=ORIENTED_EDGE('',*,*,#4001,.T.);
#5807=ORIENTED_EDGE('',*,*,#4004,.T.);
#5808=ORIENTED_EDGE('',*,*,#4007,.T.);
#5809=ORIENTED_EDGE('',*,*,#4010,.T.);
#5810=ORIENTED_EDGE('',*,*,#4013,.T.);
#5811=ORIENTED_EDGE('',*,*,#4016,.T.);
#5812=ORIENTED_EDGE('',*,*,#4019,.T.);
#5813=ORIENTED_EDGE('',*,*,#4022,.T.);
#5814=ORIENTED_EDGE('',*,*,#4025,.T.);
#5815=ORIENTED_EDGE('',*,*,#4028,.T.);
#5816=ORIENTED_EDGE('',*,*,#4030,.F.);
#5817=ORIENTED_EDGE('',*,*,#4031,.T.);
#5818=ORIENTED_EDGE('',*,*,#4032,.T.);
#5819=ORIENTED_EDGE('',*,*,#4033,.F.);
#5820=ORIENTED_EDGE('',*,*,#4034,.F.);
#5821=ORIENTED_EDGE('',*,*,#4035,.T.);
#5822=ORIENTED_EDGE('',*,*,#4036,.T.);
#5823=ORIENTED_EDGE('',*,*,#4031,.F.);
#5824=ORIENTED_EDGE('',*,*,#4037,.F.);
#5825=ORIENTED_EDGE('',*,*,#4038,.T.);
#5826=ORIENTED_EDGE('',*,*,#4039,.T.);
#5827=ORIENTED_EDGE('',*,*,#4035,.F.);
#5828=ORIENTED_EDGE('',*,*,#4040,.F.);
#5829=ORIENTED_EDGE('',*,*,#4041,.T.);
#5830=ORIENTED_EDGE('',*,*,#4042,.T.);
#5831=ORIENTED_EDGE('',*,*,#4038,.F.);
#5832=ORIENTED_EDGE('',*,*,#4043,.F.);
#5833=ORIENTED_EDGE('',*,*,#4044,.T.);
#5834=ORIENTED_EDGE('',*,*,#4045,.T.);
#5835=ORIENTED_EDGE('',*,*,#4041,.F.);
#5836=ORIENTED_EDGE('',*,*,#4046,.F.);
#5837=ORIENTED_EDGE('',*,*,#4047,.T.);
#5838=ORIENTED_EDGE('',*,*,#4048,.T.);
#5839=ORIENTED_EDGE('',*,*,#4044,.F.);
#5840=ORIENTED_EDGE('',*,*,#4049,.F.);
#5841=ORIENTED_EDGE('',*,*,#4050,.T.);
#5842=ORIENTED_EDGE('',*,*,#4051,.T.);
#5843=ORIENTED_EDGE('',*,*,#4047,.F.);
#5844=ORIENTED_EDGE('',*,*,#4052,.F.);
#5845=ORIENTED_EDGE('',*,*,#4053,.T.);
#5846=ORIENTED_EDGE('',*,*,#4054,.T.);
#5847=ORIENTED_EDGE('',*,*,#4050,.F.);
#5848=ORIENTED_EDGE('',*,*,#4055,.F.);
#5849=ORIENTED_EDGE('',*,*,#4056,.T.);
#5850=ORIENTED_EDGE('',*,*,#4057,.T.);
#5851=ORIENTED_EDGE('',*,*,#4053,.F.);
#5852=ORIENTED_EDGE('',*,*,#4058,.F.);
#5853=ORIENTED_EDGE('',*,*,#4059,.T.);
#5854=ORIENTED_EDGE('',*,*,#4060,.T.);
#5855=ORIENTED_EDGE('',*,*,#4056,.F.);
#5856=ORIENTED_EDGE('',*,*,#4061,.F.);
#5857=ORIENTED_EDGE('',*,*,#4062,.T.);
#5858=ORIENTED_EDGE('',*,*,#4063,.T.);
#5859=ORIENTED_EDGE('',*,*,#4059,.F.);
#5860=ORIENTED_EDGE('',*,*,#4064,.F.);
#5861=ORIENTED_EDGE('',*,*,#4033,.T.);
#5862=ORIENTED_EDGE('',*,*,#4065,.T.);
#5863=ORIENTED_EDGE('',*,*,#4062,.F.);
#5864=ORIENTED_EDGE('',*,*,#4065,.F.);
#5865=ORIENTED_EDGE('',*,*,#4032,.F.);
#5866=ORIENTED_EDGE('',*,*,#4036,.F.);
#5867=ORIENTED_EDGE('',*,*,#4039,.F.);
#5868=ORIENTED_EDGE('',*,*,#4042,.F.);
#5869=ORIENTED_EDGE('',*,*,#4045,.F.);
#5870=ORIENTED_EDGE('',*,*,#4048,.F.);
#5871=ORIENTED_EDGE('',*,*,#4051,.F.);
#5872=ORIENTED_EDGE('',*,*,#4054,.F.);
#5873=ORIENTED_EDGE('',*,*,#4057,.F.);
#5874=ORIENTED_EDGE('',*,*,#4060,.F.);
#5875=ORIENTED_EDGE('',*,*,#4063,.F.);
#5876=ORIENTED_EDGE('',*,*,#4064,.T.);
#5877=ORIENTED_EDGE('',*,*,#4061,.T.);
#5878=ORIENTED_EDGE('',*,*,#4058,.T.);
#5879=ORIENTED_EDGE('',*,*,#4055,.T.);
#5880=ORIENTED_EDGE('',*,*,#4052,.T.);
#5881=ORIENTED_EDGE('',*,*,#4049,.T.);
#5882=ORIENTED_EDGE('',*,*,#4046,.T.);
#5883=ORIENTED_EDGE('',*,*,#4043,.T.);
#5884=ORIENTED_EDGE('',*,*,#4040,.T.);
#5885=ORIENTED_EDGE('',*,*,#4037,.T.);
#5886=ORIENTED_EDGE('',*,*,#4034,.T.);
#5887=ORIENTED_EDGE('',*,*,#4030,.T.);
#5888=ORIENTED_EDGE('',*,*,#4066,.F.);
#5889=ORIENTED_EDGE('',*,*,#4067,.T.);
#5890=ORIENTED_EDGE('',*,*,#4068,.T.);
#5891=ORIENTED_EDGE('',*,*,#4069,.F.);
#5892=ORIENTED_EDGE('',*,*,#4070,.F.);
#5893=ORIENTED_EDGE('',*,*,#4071,.T.);
#5894=ORIENTED_EDGE('',*,*,#4072,.T.);
#5895=ORIENTED_EDGE('',*,*,#4067,.F.);
#5896=ORIENTED_EDGE('',*,*,#4073,.F.);
#5897=ORIENTED_EDGE('',*,*,#4074,.T.);
#5898=ORIENTED_EDGE('',*,*,#4075,.T.);
#5899=ORIENTED_EDGE('',*,*,#4071,.F.);
#5900=ORIENTED_EDGE('',*,*,#4076,.F.);
#5901=ORIENTED_EDGE('',*,*,#4077,.T.);
#5902=ORIENTED_EDGE('',*,*,#4078,.T.);
#5903=ORIENTED_EDGE('',*,*,#4074,.F.);
#5904=ORIENTED_EDGE('',*,*,#4079,.F.);
#5905=ORIENTED_EDGE('',*,*,#4080,.T.);
#5906=ORIENTED_EDGE('',*,*,#4081,.T.);
#5907=ORIENTED_EDGE('',*,*,#4077,.F.);
#5908=ORIENTED_EDGE('',*,*,#4082,.F.);
#5909=ORIENTED_EDGE('',*,*,#4083,.T.);
#5910=ORIENTED_EDGE('',*,*,#4084,.T.);
#5911=ORIENTED_EDGE('',*,*,#4080,.F.);
#5912=ORIENTED_EDGE('',*,*,#4085,.F.);
#5913=ORIENTED_EDGE('',*,*,#4086,.T.);
#5914=ORIENTED_EDGE('',*,*,#4087,.T.);
#5915=ORIENTED_EDGE('',*,*,#4083,.F.);
#5916=ORIENTED_EDGE('',*,*,#4088,.F.);
#5917=ORIENTED_EDGE('',*,*,#4089,.T.);
#5918=ORIENTED_EDGE('',*,*,#4090,.T.);
#5919=ORIENTED_EDGE('',*,*,#4086,.F.);
#5920=ORIENTED_EDGE('',*,*,#4091,.F.);
#5921=ORIENTED_EDGE('',*,*,#4092,.T.);
#5922=ORIENTED_EDGE('',*,*,#4093,.T.);
#5923=ORIENTED_EDGE('',*,*,#4089,.F.);
#5924=ORIENTED_EDGE('',*,*,#4094,.F.);
#5925=ORIENTED_EDGE('',*,*,#4095,.T.);
#5926=ORIENTED_EDGE('',*,*,#4096,.T.);
#5927=ORIENTED_EDGE('',*,*,#4092,.F.);
#5928=ORIENTED_EDGE('',*,*,#4097,.F.);
#5929=ORIENTED_EDGE('',*,*,#4098,.T.);
#5930=ORIENTED_EDGE('',*,*,#4099,.T.);
#5931=ORIENTED_EDGE('',*,*,#4095,.F.);
#5932=ORIENTED_EDGE('',*,*,#4100,.F.);
#5933=ORIENTED_EDGE('',*,*,#4069,.T.);
#5934=ORIENTED_EDGE('',*,*,#4101,.T.);
#5935=ORIENTED_EDGE('',*,*,#4098,.F.);
#5936=ORIENTED_EDGE('',*,*,#4101,.F.);
#5937=ORIENTED_EDGE('',*,*,#4068,.F.);
#5938=ORIENTED_EDGE('',*,*,#4072,.F.);
#5939=ORIENTED_EDGE('',*,*,#4075,.F.);
#5940=ORIENTED_EDGE('',*,*,#4078,.F.);
#5941=ORIENTED_EDGE('',*,*,#4081,.F.);
#5942=ORIENTED_EDGE('',*,*,#4084,.F.);
#5943=ORIENTED_EDGE('',*,*,#4087,.F.);
#5944=ORIENTED_EDGE('',*,*,#4090,.F.);
#5945=ORIENTED_EDGE('',*,*,#4093,.F.);
#5946=ORIENTED_EDGE('',*,*,#4096,.F.);
#5947=ORIENTED_EDGE('',*,*,#4099,.F.);
#5948=ORIENTED_EDGE('',*,*,#4100,.T.);
#5949=ORIENTED_EDGE('',*,*,#4097,.T.);
#5950=ORIENTED_EDGE('',*,*,#4094,.T.);
#5951=ORIENTED_EDGE('',*,*,#4091,.T.);
#5952=ORIENTED_EDGE('',*,*,#4088,.T.);
#5953=ORIENTED_EDGE('',*,*,#4085,.T.);
#5954=ORIENTED_EDGE('',*,*,#4082,.T.);
#5955=ORIENTED_EDGE('',*,*,#4079,.T.);
#5956=ORIENTED_EDGE('',*,*,#4076,.T.);
#5957=ORIENTED_EDGE('',*,*,#4073,.T.);
#5958=ORIENTED_EDGE('',*,*,#4070,.T.);
#5959=ORIENTED_EDGE('',*,*,#4066,.T.);
#5960=ORIENTED_EDGE('',*,*,#4102,.F.);
#5961=ORIENTED_EDGE('',*,*,#4103,.F.);
#5962=ORIENTED_EDGE('',*,*,#4104,.F.);
#5963=ORIENTED_EDGE('',*,*,#4105,.T.);
#5964=ORIENTED_EDGE('',*,*,#4106,.F.);
#5965=ORIENTED_EDGE('',*,*,#4105,.F.);
#5966=ORIENTED_EDGE('',*,*,#4107,.F.);
#5967=ORIENTED_EDGE('',*,*,#4108,.T.);
#5968=ORIENTED_EDGE('',*,*,#4109,.F.);
#5969=ORIENTED_EDGE('',*,*,#4108,.F.);
#5970=ORIENTED_EDGE('',*,*,#4110,.F.);
#5971=ORIENTED_EDGE('',*,*,#4111,.T.);
#5972=ORIENTED_EDGE('',*,*,#4112,.F.);
#5973=ORIENTED_EDGE('',*,*,#4111,.F.);
#5974=ORIENTED_EDGE('',*,*,#4113,.F.);
#5975=ORIENTED_EDGE('',*,*,#4114,.T.);
#5976=ORIENTED_EDGE('',*,*,#4115,.F.);
#5977=ORIENTED_EDGE('',*,*,#4114,.F.);
#5978=ORIENTED_EDGE('',*,*,#4116,.F.);
#5979=ORIENTED_EDGE('',*,*,#4117,.T.);
#5980=ORIENTED_EDGE('',*,*,#4118,.F.);
#5981=ORIENTED_EDGE('',*,*,#4117,.F.);
#5982=ORIENTED_EDGE('',*,*,#4119,.F.);
#5983=ORIENTED_EDGE('',*,*,#4120,.T.);
#5984=ORIENTED_EDGE('',*,*,#4121,.F.);
#5985=ORIENTED_EDGE('',*,*,#4120,.F.);
#5986=ORIENTED_EDGE('',*,*,#4122,.F.);
#5987=ORIENTED_EDGE('',*,*,#4123,.T.);
#5988=ORIENTED_EDGE('',*,*,#4124,.F.);
#5989=ORIENTED_EDGE('',*,*,#4123,.F.);
#5990=ORIENTED_EDGE('',*,*,#4125,.F.);
#5991=ORIENTED_EDGE('',*,*,#4126,.T.);
#5992=ORIENTED_EDGE('',*,*,#4127,.F.);
#5993=ORIENTED_EDGE('',*,*,#4126,.F.);
#5994=ORIENTED_EDGE('',*,*,#4128,.F.);
#5995=ORIENTED_EDGE('',*,*,#4129,.T.);
#5996=ORIENTED_EDGE('',*,*,#4130,.F.);
#5997=ORIENTED_EDGE('',*,*,#4129,.F.);
#5998=ORIENTED_EDGE('',*,*,#4131,.F.);
#5999=ORIENTED_EDGE('',*,*,#4132,.T.);
#6000=ORIENTED_EDGE('',*,*,#4133,.F.);
#6001=ORIENTED_EDGE('',*,*,#4132,.F.);
#6002=ORIENTED_EDGE('',*,*,#4134,.F.);
#6003=ORIENTED_EDGE('',*,*,#4135,.T.);
#6004=ORIENTED_EDGE('',*,*,#4136,.F.);
#6005=ORIENTED_EDGE('',*,*,#4135,.F.);
#6006=ORIENTED_EDGE('',*,*,#4137,.F.);
#6007=ORIENTED_EDGE('',*,*,#4103,.T.);
#6008=ORIENTED_EDGE('',*,*,#4137,.T.);
#6009=ORIENTED_EDGE('',*,*,#4134,.T.);
#6010=ORIENTED_EDGE('',*,*,#4131,.T.);
#6011=ORIENTED_EDGE('',*,*,#4128,.T.);
#6012=ORIENTED_EDGE('',*,*,#4125,.T.);
#6013=ORIENTED_EDGE('',*,*,#4122,.T.);
#6014=ORIENTED_EDGE('',*,*,#4119,.T.);
#6015=ORIENTED_EDGE('',*,*,#4116,.T.);
#6016=ORIENTED_EDGE('',*,*,#4113,.T.);
#6017=ORIENTED_EDGE('',*,*,#4110,.T.);
#6018=ORIENTED_EDGE('',*,*,#4107,.T.);
#6019=ORIENTED_EDGE('',*,*,#4104,.T.);
#6020=ORIENTED_EDGE('',*,*,#4102,.T.);
#6021=ORIENTED_EDGE('',*,*,#4106,.T.);
#6022=ORIENTED_EDGE('',*,*,#4109,.T.);
#6023=ORIENTED_EDGE('',*,*,#4112,.T.);
#6024=ORIENTED_EDGE('',*,*,#4115,.T.);
#6025=ORIENTED_EDGE('',*,*,#4118,.T.);
#6026=ORIENTED_EDGE('',*,*,#4121,.T.);
#6027=ORIENTED_EDGE('',*,*,#4124,.T.);
#6028=ORIENTED_EDGE('',*,*,#4127,.T.);
#6029=ORIENTED_EDGE('',*,*,#4130,.T.);
#6030=ORIENTED_EDGE('',*,*,#4133,.T.);
#6031=ORIENTED_EDGE('',*,*,#4136,.T.);
#6032=CYLINDRICAL_SURFACE('',#6590,0.1);
#6033=CYLINDRICAL_SURFACE('',#6596,0.1);
#6034=CYLINDRICAL_SURFACE('',#6599,0.1);
#6035=CYLINDRICAL_SURFACE('',#6601,0.1);
#6036=CYLINDRICAL_SURFACE('',#6605,0.1);
#6037=CYLINDRICAL_SURFACE('',#6607,0.1);
#6038=CYLINDRICAL_SURFACE('',#6608,0.1);
#6039=CYLINDRICAL_SURFACE('',#6615,0.35);
#6040=CYLINDRICAL_SURFACE('',#6624,0.1);
#6041=CYLINDRICAL_SURFACE('',#6625,0.1);
#6042=CYLINDRICAL_SURFACE('',#6626,0.1);
#6043=CYLINDRICAL_SURFACE('',#6627,0.1);
#6044=CYLINDRICAL_SURFACE('',#6642,0.127);
#6045=CYLINDRICAL_SURFACE('',#6646,0.126999999999999);
#6046=CYLINDRICAL_SURFACE('',#6650,0.127);
#6047=CYLINDRICAL_SURFACE('',#6654,0.127);
#6048=CYLINDRICAL_SURFACE('',#6660,0.35);
#6049=CYLINDRICAL_SURFACE('',#6665,0.323090479491027);
#6050=CYLINDRICAL_SURFACE('',#6668,0.147475815922633);
#6051=CYLINDRICAL_SURFACE('',#6671,0.389877336551492);
#6052=CYLINDRICAL_SURFACE('',#6674,0.287392019139293);
#6053=CYLINDRICAL_SURFACE('',#6677,0.218598839539652);
#6054=CYLINDRICAL_SURFACE('',#6680,0.233658501902392);
#6055=CYLINDRICAL_SURFACE('',#6683,0.368735008404762);
#6056=CYLINDRICAL_SURFACE('',#6686,0.536614109382362);
#6057=CYLINDRICAL_SURFACE('',#6689,0.559385039081694);
#6058=CYLINDRICAL_SURFACE('',#6692,0.633401065793984);
#6059=CYLINDRICAL_SURFACE('',#6695,0.463687678493063);
#6060=CYLINDRICAL_SURFACE('',#6699,0.540301078577578);
#6061=CYLINDRICAL_SURFACE('',#6702,0.147475815917158);
#6062=CYLINDRICAL_SURFACE('',#6705,0.987998473043044);
#6063=CYLINDRICAL_SURFACE('',#6710,0.36507413386269);
#6064=CYLINDRICAL_SURFACE('',#6713,0.455158985724714);
#6065=CYLINDRICAL_SURFACE('',#6716,0.555919460703766);
#6066=CYLINDRICAL_SURFACE('',#6719,0.447845014910877);
#6067=CYLINDRICAL_SURFACE('',#6722,0.350208104292122);
#6068=CYLINDRICAL_SURFACE('',#6725,0.271421977186454);
#6069=CYLINDRICAL_SURFACE('',#6728,0.203633912050601);
#6070=CYLINDRICAL_SURFACE('',#6731,0.216697064758164);
#6071=CYLINDRICAL_SURFACE('',#6758,0.0423051720792586);
#6072=CYLINDRICAL_SURFACE('',#6761,0.0321939923097719);
#6073=CYLINDRICAL_SURFACE('',#6764,0.0673306275110266);
#6074=CYLINDRICAL_SURFACE('',#6768,0.138117437913234);
#6075=CYLINDRICAL_SURFACE('',#6771,0.0970913237654091);
#6076=CYLINDRICAL_SURFACE('',#6774,0.0928836598927446);
#6077=CYLINDRICAL_SURFACE('',#6777,0.0992995400191564);
#6078=CYLINDRICAL_SURFACE('',#6783,0.102644521906248);
#6079=CYLINDRICAL_SURFACE('',#6788,0.0497508997992041);
#6080=CYLINDRICAL_SURFACE('',#6798,0.0482524534274666);
#6081=CYLINDRICAL_SURFACE('',#6801,0.0565716047604183);
#6082=CYLINDRICAL_SURFACE('',#6804,0.0895493182026447);
#6083=CYLINDRICAL_SURFACE('',#6810,0.0743969153589407);
#6084=CYLINDRICAL_SURFACE('',#6813,0.0729378299217597);
#6085=CYLINDRICAL_SURFACE('',#6816,0.106778016604327);
#6086=CYLINDRICAL_SURFACE('',#6819,0.105952428761973);
#6087=CYLINDRICAL_SURFACE('',#6824,0.0446611570037556);
#6088=CYLINDRICAL_SURFACE('',#6827,0.0590874989501499);
#6089=CYLINDRICAL_SURFACE('',#6830,0.0448682318599819);
#6090=CYLINDRICAL_SURFACE('',#6833,0.120761672110349);
#6091=CYLINDRICAL_SURFACE('',#6838,0.18362787799204);
#6092=CYLINDRICAL_SURFACE('',#6841,0.0666218421213611);
#6093=CYLINDRICAL_SURFACE('',#6844,0.118054725373742);
#6094=CYLINDRICAL_SURFACE('',#6847,0.0330655465224943);
#6095=CYLINDRICAL_SURFACE('',#6850,0.0489482237498331);
#6096=CYLINDRICAL_SURFACE('',#6853,0.0537189919701257);
#6097=CYLINDRICAL_SURFACE('',#6856,0.137958773706979);
#6098=CYLINDRICAL_SURFACE('',#6859,1.04899255660882);
#6099=CYLINDRICAL_SURFACE('',#6864,0.486432929524969);
#6100=CYLINDRICAL_SURFACE('',#6867,0.147244111985599);
#6101=CYLINDRICAL_SURFACE('',#6870,0.117279522458341);
#6102=CYLINDRICAL_SURFACE('',#6873,0.14308354033443);
#6103=CYLINDRICAL_SURFACE('',#6876,0.117156088397005);
#6104=CYLINDRICAL_SURFACE('',#6879,0.26872220496064);
#6105=CYLINDRICAL_SURFACE('',#6882,0.546907365544521);
#6106=CYLINDRICAL_SURFACE('',#6885,0.384144521254501);
#6107=CYLINDRICAL_SURFACE('',#6888,0.320941181411301);
#6108=CYLINDRICAL_SURFACE('',#6891,0.114533534356146);
#6109=CYLINDRICAL_SURFACE('',#6894,0.145899617288414);
#6110=CYLINDRICAL_SURFACE('',#6897,0.13238797836456);
#6111=CYLINDRICAL_SURFACE('',#6900,0.121730808474155);
#6112=CYLINDRICAL_SURFACE('',#6904,0.153691418202316);
#6113=CYLINDRICAL_SURFACE('',#6917,0.0482524534254827);
#6114=CYLINDRICAL_SURFACE('',#6920,0.0565716047683102);
#6115=CYLINDRICAL_SURFACE('',#6923,0.0895493181984637);
#6116=CYLINDRICAL_SURFACE('',#6929,0.074396915351017);
#6117=CYLINDRICAL_SURFACE('',#6932,0.0729378299193985);
#6118=CYLINDRICAL_SURFACE('',#6935,0.106778016613847);
#6119=CYLINDRICAL_SURFACE('',#6938,0.105952428754892);
#6120=CYLINDRICAL_SURFACE('',#6943,0.0370719970317722);
#6121=CYLINDRICAL_SURFACE('',#6946,0.037071997001789);
#6122=CYLINDRICAL_SURFACE('',#6949,0.0390228661210348);
#6123=CYLINDRICAL_SURFACE('',#6953,0.113211634056868);
#6124=CYLINDRICAL_SURFACE('',#6956,0.34483798918811);
#6125=CYLINDRICAL_SURFACE('',#6959,0.479817439605746);
#6126=CYLINDRICAL_SURFACE('',#6962,0.437879673083629);
#6127=CYLINDRICAL_SURFACE('',#6965,0.231404735023496);
#6128=CYLINDRICAL_SURFACE('',#6968,0.0756573552946929);
#6129=CYLINDRICAL_SURFACE('',#6971,0.0620099313924436);
#6130=CYLINDRICAL_SURFACE('',#6974,0.0620099314028365);
#6131=CYLINDRICAL_SURFACE('',#6977,0.0756573552947519);
#6132=CYLINDRICAL_SURFACE('',#6980,0.231404735022927);
#6133=CYLINDRICAL_SURFACE('',#6983,0.437879673084463);
#6134=CYLINDRICAL_SURFACE('',#6986,0.479817439607779);
#6135=CYLINDRICAL_SURFACE('',#6989,0.344837989186263);
#6136=CYLINDRICAL_SURFACE('',#6992,0.113211634033426);
#6137=CYLINDRICAL_SURFACE('',#6996,0.0390228661209509);
#6138=CYLINDRICAL_SURFACE('',#6999,0.138965803661436);
#6139=CYLINDRICAL_SURFACE('',#7003,0.157494349080622);
#6140=CYLINDRICAL_SURFACE('',#7006,0.343273423825689);
#6141=CYLINDRICAL_SURFACE('',#7009,0.401723271142101);
#6142=CYLINDRICAL_SURFACE('',#7012,0.428110307677766);
#6143=CYLINDRICAL_SURFACE('',#7015,0.554950857576969);
#6144=CYLINDRICAL_SURFACE('',#7018,0.255498042162182);
#6145=CYLINDRICAL_SURFACE('',#7021,0.133630146994996);
#6146=CYLINDRICAL_SURFACE('',#7024,0.0973604606641535);
#6147=CYLINDRICAL_SURFACE('',#7027,0.155715382897971);
#6148=CYLINDRICAL_SURFACE('',#7030,0.155715382923808);
#6149=CYLINDRICAL_SURFACE('',#7033,0.09736046063963);
#6150=CYLINDRICAL_SURFACE('',#7036,0.133630147003599);
#6151=CYLINDRICAL_SURFACE('',#7039,0.255498042171112);
#6152=CYLINDRICAL_SURFACE('',#7042,0.554950857576969);
#6153=CYLINDRICAL_SURFACE('',#7045,0.428110307677766);
#6154=CYLINDRICAL_SURFACE('',#7048,0.401723271146794);
#6155=CYLINDRICAL_SURFACE('',#7051,0.343273423816884);
#6156=CYLINDRICAL_SURFACE('',#7054,0.157494349065197);
#6157=CYLINDRICAL_SURFACE('',#7058,0.138965803677758);
#6158=CYLINDRICAL_SURFACE('',#7068,0.0482524534298512);
#6159=CYLINDRICAL_SURFACE('',#7071,0.0565716047640629);
#6160=CYLINDRICAL_SURFACE('',#7074,0.0895493181984637);
#6161=CYLINDRICAL_SURFACE('',#7080,0.0743969153508944);
#6162=CYLINDRICAL_SURFACE('',#7083,0.0729378299262682);
#6163=CYLINDRICAL_SURFACE('',#7086,0.106778016595499);
#6164=CYLINDRICAL_SURFACE('',#7089,0.105952428760264);
#6165=CYLINDRICAL_SURFACE('',#7100,0.0800000000000005);
#6166=CYLINDRICAL_SURFACE('',#7106,0.279999999999999);
#6167=CYLINDRICAL_SURFACE('',#7110,0.0799999999999998);
#6168=CYLINDRICAL_SURFACE('',#7116,0.280000000000001);
#6169=CYLINDRICAL_SURFACE('',#7122,0.0800000000000005);
#6170=CYLINDRICAL_SURFACE('',#7128,0.279999999999999);
#6171=CYLINDRICAL_SURFACE('',#7132,0.0799999999999998);
#6172=CYLINDRICAL_SURFACE('',#7138,0.280000000000001);
#6173=CYLINDRICAL_SURFACE('',#7144,0.0800000000000005);
#6174=CYLINDRICAL_SURFACE('',#7150,0.279999999999999);
#6175=CYLINDRICAL_SURFACE('',#7154,0.0799999999999998);
#6176=CYLINDRICAL_SURFACE('',#7160,0.280000000000001);
#6177=CYLINDRICAL_SURFACE('',#7166,0.0800000000000005);
#6178=CYLINDRICAL_SURFACE('',#7172,0.280000000000001);
#6179=CYLINDRICAL_SURFACE('',#7176,0.0799999999999998);
#6180=CYLINDRICAL_SURFACE('',#7182,0.280000000000001);
#6181=CYLINDRICAL_SURFACE('',#7188,0.0800000000000002);
#6182=CYLINDRICAL_SURFACE('',#7194,0.28);
#6183=CYLINDRICAL_SURFACE('',#7198,0.0800000000000003);
#6184=CYLINDRICAL_SURFACE('',#7204,0.28);
#6185=CYLINDRICAL_SURFACE('',#7210,0.0800000000000005);
#6186=CYLINDRICAL_SURFACE('',#7216,0.280000000000001);
#6187=CYLINDRICAL_SURFACE('',#7220,0.0800000000000008);
#6188=CYLINDRICAL_SURFACE('',#7226,0.279999999999999);
#6189=CYLINDRICAL_SURFACE('',#7232,0.0800000000000005);
#6190=CYLINDRICAL_SURFACE('',#7238,0.280000000000001);
#6191=CYLINDRICAL_SURFACE('',#7242,0.0800000000000008);
#6192=CYLINDRICAL_SURFACE('',#7248,0.279999999999999);
#6193=CYLINDRICAL_SURFACE('',#7254,0.0800000000000002);
#6194=CYLINDRICAL_SURFACE('',#7260,0.28);
#6195=CYLINDRICAL_SURFACE('',#7264,0.0800000000000003);
#6196=CYLINDRICAL_SURFACE('',#7270,0.28);
#6197=ADVANCED_FACE('',(#594),#6032,.T.);
#6198=ADVANCED_FACE('',(#595),#405,.T.);
#6199=ADVANCED_FACE('',(#596),#397,.T.);
#6200=ADVANCED_FACE('',(#597),#6033,.T.);
#6201=ADVANCED_FACE('',(#598),#6034,.T.);
#6202=ADVANCED_FACE('',(#599),#6035,.T.);
#6203=ADVANCED_FACE('',(#600),#406,.F.);
#6204=ADVANCED_FACE('',(#601),#6036,.T.);
#6205=ADVANCED_FACE('',(#602),#6037,.T.);
#6206=ADVANCED_FACE('',(#603),#6038,.T.);
#6207=ADVANCED_FACE('',(#604),#75,.F.);
#6208=ADVANCED_FACE('',(#605),#76,.F.);
#6209=ADVANCED_FACE('',(#606),#407,.T.);
#6210=ADVANCED_FACE('',(#607),#398,.T.);
#6211=ADVANCED_FACE('',(#608),#408,.T.);
#6212=ADVANCED_FACE('',(#609,#66),#409,.T.);
#6213=ADVANCED_FACE('',(#610,#67),#6039,.F.);
#6214=ADVANCED_FACE('',(#611),#410,.T.);
#6215=ADVANCED_FACE('',(#612),#399,.T.);
#6216=ADVANCED_FACE('',(#613),#411,.T.);
#6217=ADVANCED_FACE('',(#614),#400,.T.);
#6218=ADVANCED_FACE('',(#615),#412,.F.);
#6219=ADVANCED_FACE('',(#616),#6040,.T.);
#6220=ADVANCED_FACE('',(#617),#6041,.T.);
#6221=ADVANCED_FACE('',(#618),#6042,.T.);
#6222=ADVANCED_FACE('',(#619),#77,.F.);
#6223=ADVANCED_FACE('',(#620),#78,.F.);
#6224=ADVANCED_FACE('',(#621),#6043,.T.);
#6225=ADVANCED_FACE('',(#622),#79,.F.);
#6226=ADVANCED_FACE('',(#623),#80,.F.);
#6227=ADVANCED_FACE('',(#624),#401,.T.);
#6228=ADVANCED_FACE('',(#625),#413,.T.);
#6229=ADVANCED_FACE('',(#626),#402,.T.);
#6230=ADVANCED_FACE('',(#627),#414,.T.);
#6231=ADVANCED_FACE('',(#628),#415,.F.);
#6232=ADVANCED_FACE('',(#629),#403,.T.);
#6233=ADVANCED_FACE('',(#630),#416,.T.);
#6234=ADVANCED_FACE('',(#631),#404,.T.);
#6235=ADVANCED_FACE('',(#632),#417,.T.);
#6236=ADVANCED_FACE('',(#633),#418,.T.);
#6237=ADVANCED_FACE('',(#634),#6044,.T.);
#6238=ADVANCED_FACE('',(#635),#419,.T.);
#6239=ADVANCED_FACE('',(#636),#6045,.T.);
#6240=ADVANCED_FACE('',(#637),#420,.T.);
#6241=ADVANCED_FACE('',(#638),#6046,.T.);
#6242=ADVANCED_FACE('',(#639),#421,.T.);
#6243=ADVANCED_FACE('',(#640),#6047,.T.);
#6244=ADVANCED_FACE('',(#641),#422,.T.);
#6245=ADVANCED_FACE('',(#642),#423,.F.);
#6246=ADVANCED_FACE('',(#643),#424,.T.);
#6247=ADVANCED_FACE('',(#644,#68),#6048,.T.);
#6248=ADVANCED_FACE('',(#645),#425,.T.);
#6249=ADVANCED_FACE('',(#646),#426,.F.);
#6250=ADVANCED_FACE('',(#647),#6049,.F.);
#6251=ADVANCED_FACE('',(#648),#6050,.F.);
#6252=ADVANCED_FACE('',(#649),#6051,.T.);
#6253=ADVANCED_FACE('',(#650),#6052,.T.);
#6254=ADVANCED_FACE('',(#651),#6053,.T.);
#6255=ADVANCED_FACE('',(#652),#6054,.T.);
#6256=ADVANCED_FACE('',(#653),#6055,.T.);
#6257=ADVANCED_FACE('',(#654),#6056,.T.);
#6258=ADVANCED_FACE('',(#655),#6057,.T.);
#6259=ADVANCED_FACE('',(#656),#6058,.T.);
#6260=ADVANCED_FACE('',(#657),#6059,.T.);
#6261=ADVANCED_FACE('',(#658),#427,.T.);
#6262=ADVANCED_FACE('',(#659),#6060,.T.);
#6263=ADVANCED_FACE('',(#660),#6061,.F.);
#6264=ADVANCED_FACE('',(#661),#6062,.F.);
#6265=ADVANCED_FACE('',(#662),#428,.T.);
#6266=ADVANCED_FACE('',(#663),#429,.T.);
#6267=ADVANCED_FACE('',(#664),#6063,.F.);
#6268=ADVANCED_FACE('',(#665),#6064,.F.);
#6269=ADVANCED_FACE('',(#666),#6065,.F.);
#6270=ADVANCED_FACE('',(#667),#6066,.F.);
#6271=ADVANCED_FACE('',(#668),#6067,.F.);
#6272=ADVANCED_FACE('',(#669),#6068,.F.);
#6273=ADVANCED_FACE('',(#670),#6069,.F.);
#6274=ADVANCED_FACE('',(#671),#6070,.F.);
#6275=ADVANCED_FACE('',(#672),#430,.F.);
#6276=ADVANCED_FACE('',(#673),#431,.T.);
#6277=ADVANCED_FACE('',(#674),#432,.T.);
#6278=ADVANCED_FACE('',(#675),#433,.T.);
#6279=ADVANCED_FACE('',(#676),#434,.T.);
#6280=ADVANCED_FACE('',(#677),#435,.T.);
#6281=ADVANCED_FACE('',(#678),#436,.T.);
#6282=ADVANCED_FACE('',(#679),#437,.T.);
#6283=ADVANCED_FACE('',(#680),#438,.T.);
#6284=ADVANCED_FACE('',(#681),#439,.T.);
#6285=ADVANCED_FACE('',(#682),#440,.T.);
#6286=ADVANCED_FACE('',(#683),#441,.T.);
#6287=ADVANCED_FACE('',(#684),#442,.T.);
#6288=ADVANCED_FACE('',(#685),#443,.T.);
#6289=ADVANCED_FACE('',(#686),#444,.T.);
#6290=ADVANCED_FACE('',(#687),#445,.T.);
#6291=ADVANCED_FACE('',(#688),#446,.T.);
#6292=ADVANCED_FACE('',(#689),#447,.T.);
#6293=ADVANCED_FACE('',(#690),#448,.T.);
#6294=ADVANCED_FACE('',(#691),#449,.T.);
#6295=ADVANCED_FACE('',(#692),#450,.T.);
#6296=ADVANCED_FACE('',(#693),#451,.T.);
#6297=ADVANCED_FACE('',(#694),#452,.T.);
#6298=ADVANCED_FACE('',(#695),#453,.T.);
#6299=ADVANCED_FACE('',(#696),#6071,.F.);
#6300=ADVANCED_FACE('',(#697),#6072,.F.);
#6301=ADVANCED_FACE('',(#698),#6073,.F.);
#6302=ADVANCED_FACE('',(#699),#454,.T.);
#6303=ADVANCED_FACE('',(#700),#6074,.T.);
#6304=ADVANCED_FACE('',(#701),#6075,.T.);
#6305=ADVANCED_FACE('',(#702),#6076,.T.);
#6306=ADVANCED_FACE('',(#703),#6077,.T.);
#6307=ADVANCED_FACE('',(#704),#455,.T.);
#6308=ADVANCED_FACE('',(#705),#456,.F.);
#6309=ADVANCED_FACE('',(#706),#457,.T.);
#6310=ADVANCED_FACE('',(#707,#69),#6078,.T.);
#6311=ADVANCED_FACE('',(#708),#458,.F.);
#6312=ADVANCED_FACE('',(#709),#459,.T.);
#6313=ADVANCED_FACE('',(#710,#70),#6079,.T.);
#6314=ADVANCED_FACE('',(#711),#460,.F.);
#6315=ADVANCED_FACE('',(#712),#461,.T.);
#6316=ADVANCED_FACE('',(#713),#462,.T.);
#6317=ADVANCED_FACE('',(#714),#463,.T.);
#6318=ADVANCED_FACE('',(#715),#464,.T.);
#6319=ADVANCED_FACE('',(#716),#465,.T.);
#6320=ADVANCED_FACE('',(#717),#466,.T.);
#6321=ADVANCED_FACE('',(#718),#6080,.F.);
#6322=ADVANCED_FACE('',(#719),#6081,.F.);
#6323=ADVANCED_FACE('',(#720),#6082,.F.);
#6324=ADVANCED_FACE('',(#721),#467,.T.);
#6325=ADVANCED_FACE('',(#722),#468,.T.);
#6326=ADVANCED_FACE('',(#723),#469,.T.);
#6327=ADVANCED_FACE('',(#724),#6083,.T.);
#6328=ADVANCED_FACE('',(#725),#6084,.T.);
#6329=ADVANCED_FACE('',(#726),#6085,.T.);
#6330=ADVANCED_FACE('',(#727),#6086,.T.);
#6331=ADVANCED_FACE('',(#728),#470,.F.);
#6332=ADVANCED_FACE('',(#729),#471,.T.);
#6333=ADVANCED_FACE('',(#730),#6087,.F.);
#6334=ADVANCED_FACE('',(#731),#6088,.F.);
#6335=ADVANCED_FACE('',(#732),#6089,.F.);
#6336=ADVANCED_FACE('',(#733),#6090,.F.);
#6337=ADVANCED_FACE('',(#734),#472,.T.);
#6338=ADVANCED_FACE('',(#735),#473,.T.);
#6339=ADVANCED_FACE('',(#736),#6091,.F.);
#6340=ADVANCED_FACE('',(#737),#6092,.F.);
#6341=ADVANCED_FACE('',(#738),#6093,.F.);
#6342=ADVANCED_FACE('',(#739),#6094,.F.);
#6343=ADVANCED_FACE('',(#740),#6095,.F.);
#6344=ADVANCED_FACE('',(#741),#6096,.F.);
#6345=ADVANCED_FACE('',(#742),#6097,.F.);
#6346=ADVANCED_FACE('',(#743),#6098,.F.);
#6347=ADVANCED_FACE('',(#744),#474,.T.);
#6348=ADVANCED_FACE('',(#745),#475,.T.);
#6349=ADVANCED_FACE('',(#746),#6099,.T.);
#6350=ADVANCED_FACE('',(#747),#6100,.T.);
#6351=ADVANCED_FACE('',(#748),#6101,.T.);
#6352=ADVANCED_FACE('',(#749),#6102,.T.);
#6353=ADVANCED_FACE('',(#750),#6103,.T.);
#6354=ADVANCED_FACE('',(#751),#6104,.T.);
#6355=ADVANCED_FACE('',(#752),#6105,.T.);
#6356=ADVANCED_FACE('',(#753),#6106,.T.);
#6357=ADVANCED_FACE('',(#754),#6107,.T.);
#6358=ADVANCED_FACE('',(#755),#6108,.T.);
#6359=ADVANCED_FACE('',(#756),#6109,.T.);
#6360=ADVANCED_FACE('',(#757),#6110,.T.);
#6361=ADVANCED_FACE('',(#758),#6111,.T.);
#6362=ADVANCED_FACE('',(#759),#476,.T.);
#6363=ADVANCED_FACE('',(#760),#6112,.T.);
#6364=ADVANCED_FACE('',(#761),#477,.T.);
#6365=ADVANCED_FACE('',(#762),#478,.T.);
#6366=ADVANCED_FACE('',(#763),#479,.T.);
#6367=ADVANCED_FACE('',(#764,#71),#480,.F.);
#6368=ADVANCED_FACE('',(#765,#72),#481,.T.);
#6369=ADVANCED_FACE('',(#766),#482,.T.);
#6370=ADVANCED_FACE('',(#767),#483,.T.);
#6371=ADVANCED_FACE('',(#768),#484,.T.);
#6372=ADVANCED_FACE('',(#769),#485,.T.);
#6373=ADVANCED_FACE('',(#770),#486,.T.);
#6374=ADVANCED_FACE('',(#771),#6113,.F.);
#6375=ADVANCED_FACE('',(#772),#6114,.F.);
#6376=ADVANCED_FACE('',(#773),#6115,.F.);
#6377=ADVANCED_FACE('',(#774),#487,.T.);
#6378=ADVANCED_FACE('',(#775),#488,.T.);
#6379=ADVANCED_FACE('',(#776),#489,.T.);
#6380=ADVANCED_FACE('',(#777),#6116,.T.);
#6381=ADVANCED_FACE('',(#778),#6117,.T.);
#6382=ADVANCED_FACE('',(#779),#6118,.T.);
#6383=ADVANCED_FACE('',(#780),#6119,.T.);
#6384=ADVANCED_FACE('',(#781),#490,.F.);
#6385=ADVANCED_FACE('',(#782),#491,.T.);
#6386=ADVANCED_FACE('',(#783),#6120,.F.);
#6387=ADVANCED_FACE('',(#784),#6121,.F.);
#6388=ADVANCED_FACE('',(#785),#6122,.F.);
#6389=ADVANCED_FACE('',(#786),#492,.T.);
#6390=ADVANCED_FACE('',(#787),#6123,.F.);
#6391=ADVANCED_FACE('',(#788),#6124,.F.);
#6392=ADVANCED_FACE('',(#789),#6125,.F.);
#6393=ADVANCED_FACE('',(#790),#6126,.F.);
#6394=ADVANCED_FACE('',(#791),#6127,.F.);
#6395=ADVANCED_FACE('',(#792),#6128,.F.);
#6396=ADVANCED_FACE('',(#793),#6129,.F.);
#6397=ADVANCED_FACE('',(#794),#6130,.F.);
#6398=ADVANCED_FACE('',(#795),#6131,.F.);
#6399=ADVANCED_FACE('',(#796),#6132,.F.);
#6400=ADVANCED_FACE('',(#797),#6133,.F.);
#6401=ADVANCED_FACE('',(#798),#6134,.F.);
#6402=ADVANCED_FACE('',(#799),#6135,.F.);
#6403=ADVANCED_FACE('',(#800),#6136,.F.);
#6404=ADVANCED_FACE('',(#801),#493,.T.);
#6405=ADVANCED_FACE('',(#802),#6137,.F.);
#6406=ADVANCED_FACE('',(#803),#6138,.T.);
#6407=ADVANCED_FACE('',(#804),#494,.T.);
#6408=ADVANCED_FACE('',(#805),#6139,.T.);
#6409=ADVANCED_FACE('',(#806),#6140,.T.);
#6410=ADVANCED_FACE('',(#807),#6141,.T.);
#6411=ADVANCED_FACE('',(#808),#6142,.T.);
#6412=ADVANCED_FACE('',(#809),#6143,.T.);
#6413=ADVANCED_FACE('',(#810),#6144,.T.);
#6414=ADVANCED_FACE('',(#811),#6145,.T.);
#6415=ADVANCED_FACE('',(#812),#6146,.T.);
#6416=ADVANCED_FACE('',(#813),#6147,.T.);
#6417=ADVANCED_FACE('',(#814),#6148,.T.);
#6418=ADVANCED_FACE('',(#815),#6149,.T.);
#6419=ADVANCED_FACE('',(#816),#6150,.T.);
#6420=ADVANCED_FACE('',(#817),#6151,.T.);
#6421=ADVANCED_FACE('',(#818),#6152,.T.);
#6422=ADVANCED_FACE('',(#819),#6153,.T.);
#6423=ADVANCED_FACE('',(#820),#6154,.T.);
#6424=ADVANCED_FACE('',(#821),#6155,.T.);
#6425=ADVANCED_FACE('',(#822),#6156,.T.);
#6426=ADVANCED_FACE('',(#823),#495,.T.);
#6427=ADVANCED_FACE('',(#824),#6157,.T.);
#6428=ADVANCED_FACE('',(#825,#73),#496,.F.);
#6429=ADVANCED_FACE('',(#826,#74),#497,.T.);
#6430=ADVANCED_FACE('',(#827),#498,.T.);
#6431=ADVANCED_FACE('',(#828),#499,.T.);
#6432=ADVANCED_FACE('',(#829),#500,.T.);
#6433=ADVANCED_FACE('',(#830),#501,.T.);
#6434=ADVANCED_FACE('',(#831),#502,.T.);
#6435=ADVANCED_FACE('',(#832),#6158,.F.);
#6436=ADVANCED_FACE('',(#833),#6159,.F.);
#6437=ADVANCED_FACE('',(#834),#6160,.F.);
#6438=ADVANCED_FACE('',(#835),#503,.T.);
#6439=ADVANCED_FACE('',(#836),#504,.T.);
#6440=ADVANCED_FACE('',(#837),#505,.T.);
#6441=ADVANCED_FACE('',(#838),#6161,.T.);
#6442=ADVANCED_FACE('',(#839),#6162,.T.);
#6443=ADVANCED_FACE('',(#840),#6163,.T.);
#6444=ADVANCED_FACE('',(#841),#6164,.T.);
#6445=ADVANCED_FACE('',(#842),#506,.F.);
#6446=ADVANCED_FACE('',(#843),#507,.T.);
#6447=ADVANCED_FACE('',(#844),#508,.T.);
#6448=ADVANCED_FACE('',(#845),#509,.T.);
#6449=ADVANCED_FACE('',(#846),#510,.T.);
#6450=ADVANCED_FACE('',(#847),#511,.T.);
#6451=ADVANCED_FACE('',(#848),#512,.T.);
#6452=ADVANCED_FACE('',(#849),#513,.T.);
#6453=ADVANCED_FACE('',(#850),#6165,.F.);
#6454=ADVANCED_FACE('',(#851),#514,.T.);
#6455=ADVANCED_FACE('',(#852),#515,.T.);
#6456=ADVANCED_FACE('',(#853),#516,.T.);
#6457=ADVANCED_FACE('',(#854),#6166,.T.);
#6458=ADVANCED_FACE('',(#855),#517,.T.);
#6459=ADVANCED_FACE('',(#856),#6167,.F.);
#6460=ADVANCED_FACE('',(#857),#518,.T.);
#6461=ADVANCED_FACE('',(#858),#519,.T.);
#6462=ADVANCED_FACE('',(#859),#520,.T.);
#6463=ADVANCED_FACE('',(#860),#6168,.T.);
#6464=ADVANCED_FACE('',(#861),#521,.T.);
#6465=ADVANCED_FACE('',(#862),#522,.T.);
#6466=ADVANCED_FACE('',(#863),#523,.F.);
#6467=ADVANCED_FACE('',(#864),#6169,.F.);
#6468=ADVANCED_FACE('',(#865),#524,.T.);
#6469=ADVANCED_FACE('',(#866),#525,.T.);
#6470=ADVANCED_FACE('',(#867),#526,.T.);
#6471=ADVANCED_FACE('',(#868),#6170,.T.);
#6472=ADVANCED_FACE('',(#869),#527,.T.);
#6473=ADVANCED_FACE('',(#870),#6171,.F.);
#6474=ADVANCED_FACE('',(#871),#528,.T.);
#6475=ADVANCED_FACE('',(#872),#529,.T.);
#6476=ADVANCED_FACE('',(#873),#530,.T.);
#6477=ADVANCED_FACE('',(#874),#6172,.T.);
#6478=ADVANCED_FACE('',(#875),#531,.T.);
#6479=ADVANCED_FACE('',(#876),#532,.T.);
#6480=ADVANCED_FACE('',(#877),#533,.F.);
#6481=ADVANCED_FACE('',(#878),#6173,.F.);
#6482=ADVANCED_FACE('',(#879),#534,.T.);
#6483=ADVANCED_FACE('',(#880),#535,.T.);
#6484=ADVANCED_FACE('',(#881),#536,.T.);
#6485=ADVANCED_FACE('',(#882),#6174,.T.);
#6486=ADVANCED_FACE('',(#883),#537,.T.);
#6487=ADVANCED_FACE('',(#884),#6175,.F.);
#6488=ADVANCED_FACE('',(#885),#538,.T.);
#6489=ADVANCED_FACE('',(#886),#539,.T.);
#6490=ADVANCED_FACE('',(#887),#540,.T.);
#6491=ADVANCED_FACE('',(#888),#6176,.T.);
#6492=ADVANCED_FACE('',(#889),#541,.T.);
#6493=ADVANCED_FACE('',(#890),#542,.T.);
#6494=ADVANCED_FACE('',(#891),#543,.F.);
#6495=ADVANCED_FACE('',(#892),#6177,.F.);
#6496=ADVANCED_FACE('',(#893),#544,.T.);
#6497=ADVANCED_FACE('',(#894),#545,.T.);
#6498=ADVANCED_FACE('',(#895),#546,.T.);
#6499=ADVANCED_FACE('',(#896),#6178,.T.);
#6500=ADVANCED_FACE('',(#897),#547,.T.);
#6501=ADVANCED_FACE('',(#898),#6179,.F.);
#6502=ADVANCED_FACE('',(#899),#548,.T.);
#6503=ADVANCED_FACE('',(#900),#549,.T.);
#6504=ADVANCED_FACE('',(#901),#550,.T.);
#6505=ADVANCED_FACE('',(#902),#6180,.T.);
#6506=ADVANCED_FACE('',(#903),#551,.T.);
#6507=ADVANCED_FACE('',(#904),#552,.T.);
#6508=ADVANCED_FACE('',(#905),#553,.F.);
#6509=ADVANCED_FACE('',(#906),#6181,.F.);
#6510=ADVANCED_FACE('',(#907),#554,.F.);
#6511=ADVANCED_FACE('',(#908),#555,.F.);
#6512=ADVANCED_FACE('',(#909),#556,.F.);
#6513=ADVANCED_FACE('',(#910),#6182,.T.);
#6514=ADVANCED_FACE('',(#911),#557,.F.);
#6515=ADVANCED_FACE('',(#912),#6183,.F.);
#6516=ADVANCED_FACE('',(#913),#558,.F.);
#6517=ADVANCED_FACE('',(#914),#559,.F.);
#6518=ADVANCED_FACE('',(#915),#560,.F.);
#6519=ADVANCED_FACE('',(#916),#6184,.T.);
#6520=ADVANCED_FACE('',(#917),#561,.F.);
#6521=ADVANCED_FACE('',(#918),#562,.T.);
#6522=ADVANCED_FACE('',(#919),#563,.F.);
#6523=ADVANCED_FACE('',(#920),#6185,.F.);
#6524=ADVANCED_FACE('',(#921),#564,.F.);
#6525=ADVANCED_FACE('',(#922),#565,.F.);
#6526=ADVANCED_FACE('',(#923),#566,.F.);
#6527=ADVANCED_FACE('',(#924),#6186,.T.);
#6528=ADVANCED_FACE('',(#925),#567,.F.);
#6529=ADVANCED_FACE('',(#926),#6187,.F.);
#6530=ADVANCED_FACE('',(#927),#568,.F.);
#6531=ADVANCED_FACE('',(#928),#569,.F.);
#6532=ADVANCED_FACE('',(#929),#570,.F.);
#6533=ADVANCED_FACE('',(#930),#6188,.T.);
#6534=ADVANCED_FACE('',(#931),#571,.F.);
#6535=ADVANCED_FACE('',(#932),#572,.F.);
#6536=ADVANCED_FACE('',(#933),#573,.T.);
#6537=ADVANCED_FACE('',(#934),#6189,.F.);
#6538=ADVANCED_FACE('',(#935),#574,.F.);
#6539=ADVANCED_FACE('',(#936),#575,.F.);
#6540=ADVANCED_FACE('',(#937),#576,.F.);
#6541=ADVANCED_FACE('',(#938),#6190,.T.);
#6542=ADVANCED_FACE('',(#939),#577,.F.);
#6543=ADVANCED_FACE('',(#940),#6191,.F.);
#6544=ADVANCED_FACE('',(#941),#578,.F.);
#6545=ADVANCED_FACE('',(#942),#579,.F.);
#6546=ADVANCED_FACE('',(#943),#580,.F.);
#6547=ADVANCED_FACE('',(#944),#6192,.T.);
#6548=ADVANCED_FACE('',(#945),#581,.F.);
#6549=ADVANCED_FACE('',(#946),#582,.F.);
#6550=ADVANCED_FACE('',(#947),#583,.T.);
#6551=ADVANCED_FACE('',(#948),#6193,.F.);
#6552=ADVANCED_FACE('',(#949),#584,.F.);
#6553=ADVANCED_FACE('',(#950),#585,.F.);
#6554=ADVANCED_FACE('',(#951),#586,.F.);
#6555=ADVANCED_FACE('',(#952),#6194,.T.);
#6556=ADVANCED_FACE('',(#953),#587,.F.);
#6557=ADVANCED_FACE('',(#954),#6195,.F.);
#6558=ADVANCED_FACE('',(#955),#588,.F.);
#6559=ADVANCED_FACE('',(#956),#589,.F.);
#6560=ADVANCED_FACE('',(#957),#590,.F.);
#6561=ADVANCED_FACE('',(#958),#6196,.T.);
#6562=ADVANCED_FACE('',(#959),#591,.F.);
#6563=ADVANCED_FACE('',(#960),#592,.T.);
#6564=ADVANCED_FACE('',(#961),#593,.F.);
#6565=CLOSED_SHELL('',(#6197,#6198,#6199,#6200,#6201,#6202,#6203,#6204,
#6205,#6206,#6207,#6208,#6209,#6210,#6211,#6212,#6213,#6214,#6215,#6216,
#6217,#6218));
#6566=CLOSED_SHELL('',(#6219,#6220,#6221,#6222,#6223,#6224,#6225,#6226,
#6227,#6228,#6229,#6230,#6231,#6232,#6233,#6234,#6235,#6236));
#6567=CLOSED_SHELL('',(#6237,#6238,#6239,#6240,#6241,#6242,#6243,#6244,
#6245,#6246));
#6568=CLOSED_SHELL('',(#6247,#6248,#6249));
#6569=CLOSED_SHELL('',(#6250,#6251,#6252,#6253,#6254,#6255,#6256,#6257,
#6258,#6259,#6260,#6261,#6262,#6263,#6264,#6265,#6266,#6267,#6268,#6269,
#6270,#6271,#6272,#6273,#6274,#6275,#6276));
#6570=CLOSED_SHELL('',(#6277,#6278,#6279,#6280,#6281,#6282));
#6571=CLOSED_SHELL('',(#6283,#6284,#6285,#6286,#6287,#6288));
#6572=CLOSED_SHELL('',(#6289,#6290,#6291,#6292,#6293,#6294,#6295,#6296,
#6297,#6298,#6299,#6300,#6301,#6302,#6303,#6304,#6305,#6306,#6307,#6308,
#6309));
#6573=CLOSED_SHELL('',(#6310,#6311,#6312));
#6574=CLOSED_SHELL('',(#6313,#6314,#6315));
#6575=CLOSED_SHELL('',(#6316,#6317,#6318,#6319,#6320,#6321,#6322,#6323,
#6324,#6325,#6326,#6327,#6328,#6329,#6330,#6331,#6332));
#6576=CLOSED_SHELL('',(#6333,#6334,#6335,#6336,#6337,#6338,#6339,#6340,
#6341,#6342,#6343,#6344,#6345,#6346,#6347,#6348,#6349,#6350,#6351,#6352,
#6353,#6354,#6355,#6356,#6357,#6358,#6359,#6360,#6361,#6362,#6363,#6364,
#6365,#6366,#6367,#6368));
#6577=CLOSED_SHELL('',(#6369,#6370,#6371,#6372,#6373,#6374,#6375,#6376,
#6377,#6378,#6379,#6380,#6381,#6382,#6383,#6384,#6385));
#6578=CLOSED_SHELL('',(#6386,#6387,#6388,#6389,#6390,#6391,#6392,#6393,
#6394,#6395,#6396,#6397,#6398,#6399,#6400,#6401,#6402,#6403,#6404,#6405,
#6406,#6407,#6408,#6409,#6410,#6411,#6412,#6413,#6414,#6415,#6416,#6417,
#6418,#6419,#6420,#6421,#6422,#6423,#6424,#6425,#6426,#6427,#6428,#6429));
#6579=CLOSED_SHELL('',(#6430,#6431,#6432,#6433,#6434,#6435,#6436,#6437,
#6438,#6439,#6440,#6441,#6442,#6443,#6444,#6445,#6446));
#6580=CLOSED_SHELL('',(#6447,#6448,#6449,#6450,#6451,#6452));
#6581=CLOSED_SHELL('',(#6453,#6454,#6455,#6456,#6457,#6458,#6459,#6460,
#6461,#6462,#6463,#6464,#6465,#6466));
#6582=CLOSED_SHELL('',(#6467,#6468,#6469,#6470,#6471,#6472,#6473,#6474,
#6475,#6476,#6477,#6478,#6479,#6480));
#6583=CLOSED_SHELL('',(#6481,#6482,#6483,#6484,#6485,#6486,#6487,#6488,
#6489,#6490,#6491,#6492,#6493,#6494));
#6584=CLOSED_SHELL('',(#6495,#6496,#6497,#6498,#6499,#6500,#6501,#6502,
#6503,#6504,#6505,#6506,#6507,#6508));
#6585=CLOSED_SHELL('',(#6509,#6510,#6511,#6512,#6513,#6514,#6515,#6516,
#6517,#6518,#6519,#6520,#6521,#6522));
#6586=CLOSED_SHELL('',(#6523,#6524,#6525,#6526,#6527,#6528,#6529,#6530,
#6531,#6532,#6533,#6534,#6535,#6536));
#6587=CLOSED_SHELL('',(#6537,#6538,#6539,#6540,#6541,#6542,#6543,#6544,
#6545,#6546,#6547,#6548,#6549,#6550));
#6588=CLOSED_SHELL('',(#6551,#6552,#6553,#6554,#6555,#6556,#6557,#6558,
#6559,#6560,#6561,#6562,#6563,#6564));
#6589=AXIS2_PLACEMENT_3D('placement',#9239,#7276,#7277);
#6590=AXIS2_PLACEMENT_3D('',#9240,#7278,#7279);
#6591=AXIS2_PLACEMENT_3D('',#9255,#7281,#7282);
#6592=AXIS2_PLACEMENT_3D('',#9258,#7284,#7285);
#6593=AXIS2_PLACEMENT_3D('',#9259,#7286,#7287);
#6594=AXIS2_PLACEMENT_3D('',#9265,#7291,#7292);
#6595=AXIS2_PLACEMENT_3D('',#9277,#7294,#7295);
#6596=AXIS2_PLACEMENT_3D('',#9278,#7296,#7297);
#6597=AXIS2_PLACEMENT_3D('',#9282,#7299,#7300);
#6598=AXIS2_PLACEMENT_3D('',#9284,#7301,#7302);
#6599=AXIS2_PLACEMENT_3D('',#9286,#7304,#7305);
#6600=AXIS2_PLACEMENT_3D('',#9288,#7306,#7307);
#6601=AXIS2_PLACEMENT_3D('',#9317,#7310,#7311);
#6602=AXIS2_PLACEMENT_3D('',#9321,#7313,#7314);
#6603=AXIS2_PLACEMENT_3D('',#9323,#7315,#7316);
#6604=AXIS2_PLACEMENT_3D('',#9325,#7318,#7319);
#6605=AXIS2_PLACEMENT_3D('',#9327,#7321,#7322);
#6606=AXIS2_PLACEMENT_3D('',#9339,#7324,#7325);
#6607=AXIS2_PLACEMENT_3D('',#9340,#7326,#7327);
#6608=AXIS2_PLACEMENT_3D('',#9369,#7330,#7331);
#6609=AXIS2_PLACEMENT_3D('',#9494,#7334,#7335);
#6610=AXIS2_PLACEMENT_3D('',#9498,#7338,#7339);
#6611=AXIS2_PLACEMENT_3D('',#9501,#7341,#7342);
#6612=AXIS2_PLACEMENT_3D('',#9502,#7343,#7344);
#6613=AXIS2_PLACEMENT_3D('',#9506,#7347,#7348);
#6614=AXIS2_PLACEMENT_3D('',#9508,#7349,#7350);
#6615=AXIS2_PLACEMENT_3D('',#9509,#7351,#7352);
#6616=AXIS2_PLACEMENT_3D('',#9511,#7353,#7354);
#6617=AXIS2_PLACEMENT_3D('',#9512,#7355,#7356);
#6618=AXIS2_PLACEMENT_3D('',#9513,#7357,#7358);
#6619=AXIS2_PLACEMENT_3D('',#9516,#7360,#7361);
#6620=AXIS2_PLACEMENT_3D('',#9517,#7362,#7363);
#6621=AXIS2_PLACEMENT_3D('',#9521,#7366,#7367);
#6622=AXIS2_PLACEMENT_3D('',#9522,#7368,#7369);
#6623=AXIS2_PLACEMENT_3D('',#9523,#7370,#7371);
#6624=AXIS2_PLACEMENT_3D('',#9524,#7372,#7373);
#6625=AXIS2_PLACEMENT_3D('',#9579,#7376,#7377);
#6626=AXIS2_PLACEMENT_3D('',#9633,#7380,#7381);
#6627=AXIS2_PLACEMENT_3D('',#9759,#7384,#7385);
#6628=AXIS2_PLACEMENT_3D('',#9884,#7388,#7389);
#6629=AXIS2_PLACEMENT_3D('',#9888,#7391,#7392);
#6630=AXIS2_PLACEMENT_3D('',#9890,#7394,#7395);
#6631=AXIS2_PLACEMENT_3D('',#9894,#7398,#7399);
#6632=AXIS2_PLACEMENT_3D('',#9897,#7401,#7402);
#6633=AXIS2_PLACEMENT_3D('',#9898,#7403,#7404);
#6634=AXIS2_PLACEMENT_3D('',#9902,#7407,#7408);
#6635=AXIS2_PLACEMENT_3D('',#9903,#7409,#7410);
#6636=AXIS2_PLACEMENT_3D('',#9906,#7412,#7413);
#6637=AXIS2_PLACEMENT_3D('',#9907,#7414,#7415);
#6638=AXIS2_PLACEMENT_3D('',#9911,#7418,#7419);
#6639=AXIS2_PLACEMENT_3D('',#9914,#7421,#7422);
#6640=AXIS2_PLACEMENT_3D('',#9915,#7423,#7424);
#6641=AXIS2_PLACEMENT_3D('',#9917,#7426,#7427);
#6642=AXIS2_PLACEMENT_3D('',#9918,#7428,#7429);
#6643=AXIS2_PLACEMENT_3D('',#9921,#7430,#7431);
#6644=AXIS2_PLACEMENT_3D('',#9925,#7433,#7434);
#6645=AXIS2_PLACEMENT_3D('',#9927,#7436,#7437);
#6646=AXIS2_PLACEMENT_3D('',#9933,#7441,#7442);
#6647=AXIS2_PLACEMENT_3D('',#9935,#7443,#7444);
#6648=AXIS2_PLACEMENT_3D('',#9937,#7445,#7446);
#6649=AXIS2_PLACEMENT_3D('',#9939,#7448,#7449);
#6650=AXIS2_PLACEMENT_3D('',#9945,#7453,#7454);
#6651=AXIS2_PLACEMENT_3D('',#9947,#7455,#7456);
#6652=AXIS2_PLACEMENT_3D('',#9949,#7457,#7458);
#6653=AXIS2_PLACEMENT_3D('',#9951,#7460,#7461);
#6654=AXIS2_PLACEMENT_3D('',#9957,#7465,#7466);
#6655=AXIS2_PLACEMENT_3D('',#9959,#7467,#7468);
#6656=AXIS2_PLACEMENT_3D('',#9961,#7469,#7470);
#6657=AXIS2_PLACEMENT_3D('',#9963,#7472,#7473);
#6658=AXIS2_PLACEMENT_3D('',#9966,#7476,#7477);
#6659=AXIS2_PLACEMENT_3D('',#9967,#7478,#7479);
#6660=AXIS2_PLACEMENT_3D('',#9968,#7480,#7481);
#6661=AXIS2_PLACEMENT_3D('',#9970,#7482,#7483);
#6662=AXIS2_PLACEMENT_3D('',#9972,#7484,#7485);
#6663=AXIS2_PLACEMENT_3D('',#9973,#7486,#7487);
#6664=AXIS2_PLACEMENT_3D('',#9974,#7488,#7489);
#6665=AXIS2_PLACEMENT_3D('',#9975,#7490,#7491);
#6666=AXIS2_PLACEMENT_3D('',#9978,#7492,#7493);
#6667=AXIS2_PLACEMENT_3D('',#9982,#7495,#7496);
#6668=AXIS2_PLACEMENT_3D('',#9984,#7498,#7499);
#6669=AXIS2_PLACEMENT_3D('',#9986,#7500,#7501);
#6670=AXIS2_PLACEMENT_3D('',#9988,#7502,#7503);
#6671=AXIS2_PLACEMENT_3D('',#9990,#7505,#7506);
#6672=AXIS2_PLACEMENT_3D('',#9992,#7507,#7508);
#6673=AXIS2_PLACEMENT_3D('',#9994,#7509,#7510);
#6674=AXIS2_PLACEMENT_3D('',#9996,#7512,#7513);
#6675=AXIS2_PLACEMENT_3D('',#9998,#7514,#7515);
#6676=AXIS2_PLACEMENT_3D('',#10000,#7516,#7517);
#6677=AXIS2_PLACEMENT_3D('',#10002,#7519,#7520);
#6678=AXIS2_PLACEMENT_3D('',#10004,#7521,#7522);
#6679=AXIS2_PLACEMENT_3D('',#10006,#7523,#7524);
#6680=AXIS2_PLACEMENT_3D('',#10008,#7526,#7527);
#6681=AXIS2_PLACEMENT_3D('',#10010,#7528,#7529);
#6682=AXIS2_PLACEMENT_3D('',#10012,#7530,#7531);
#6683=AXIS2_PLACEMENT_3D('',#10014,#7533,#7534);
#6684=AXIS2_PLACEMENT_3D('',#10016,#7535,#7536);
#6685=AXIS2_PLACEMENT_3D('',#10018,#7537,#7538);
#6686=AXIS2_PLACEMENT_3D('',#10020,#7540,#7541);
#6687=AXIS2_PLACEMENT_3D('',#10022,#7542,#7543);
#6688=AXIS2_PLACEMENT_3D('',#10024,#7544,#7545);
#6689=AXIS2_PLACEMENT_3D('',#10026,#7547,#7548);
#6690=AXIS2_PLACEMENT_3D('',#10028,#7549,#7550);
#6691=AXIS2_PLACEMENT_3D('',#10030,#7551,#7552);
#6692=AXIS2_PLACEMENT_3D('',#10032,#7554,#7555);
#6693=AXIS2_PLACEMENT_3D('',#10034,#7556,#7557);
#6694=AXIS2_PLACEMENT_3D('',#10036,#7558,#7559);
#6695=AXIS2_PLACEMENT_3D('',#10038,#7561,#7562);
#6696=AXIS2_PLACEMENT_3D('',#10040,#7563,#7564);
#6697=AXIS2_PLACEMENT_3D('',#10042,#7565,#7566);
#6698=AXIS2_PLACEMENT_3D('',#10044,#7568,#7569);
#6699=AXIS2_PLACEMENT_3D('',#10050,#7573,#7574);
#6700=AXIS2_PLACEMENT_3D('',#10052,#7575,#7576);
#6701=AXIS2_PLACEMENT_3D('',#10054,#7577,#7578);
#6702=AXIS2_PLACEMENT_3D('',#10056,#7580,#7581);
#6703=AXIS2_PLACEMENT_3D('',#10058,#7582,#7583);
#6704=AXIS2_PLACEMENT_3D('',#10060,#7584,#7585);
#6705=AXIS2_PLACEMENT_3D('',#10062,#7587,#7588);
#6706=AXIS2_PLACEMENT_3D('',#10064,#7589,#7590);
#6707=AXIS2_PLACEMENT_3D('',#10066,#7591,#7592);
#6708=AXIS2_PLACEMENT_3D('',#10068,#7594,#7595);
#6709=AXIS2_PLACEMENT_3D('',#10074,#7599,#7600);
#6710=AXIS2_PLACEMENT_3D('',#10080,#7604,#7605);
#6711=AXIS2_PLACEMENT_3D('',#10082,#7606,#7607);
#6712=AXIS2_PLACEMENT_3D('',#10084,#7608,#7609);
#6713=AXIS2_PLACEMENT_3D('',#10086,#7611,#7612);
#6714=AXIS2_PLACEMENT_3D('',#10088,#7613,#7614);
#6715=AXIS2_PLACEMENT_3D('',#10090,#7615,#7616);
#6716=AXIS2_PLACEMENT_3D('',#10092,#7618,#7619);
#6717=AXIS2_PLACEMENT_3D('',#10094,#7620,#7621);
#6718=AXIS2_PLACEMENT_3D('',#10096,#7622,#7623);
#6719=AXIS2_PLACEMENT_3D('',#10098,#7625,#7626);
#6720=AXIS2_PLACEMENT_3D('',#10100,#7627,#7628);
#6721=AXIS2_PLACEMENT_3D('',#10102,#7629,#7630);
#6722=AXIS2_PLACEMENT_3D('',#10104,#7632,#7633);
#6723=AXIS2_PLACEMENT_3D('',#10106,#7634,#7635);
#6724=AXIS2_PLACEMENT_3D('',#10108,#7636,#7637);
#6725=AXIS2_PLACEMENT_3D('',#10110,#7639,#7640);
#6726=AXIS2_PLACEMENT_3D('',#10112,#7641,#7642);
#6727=AXIS2_PLACEMENT_3D('',#10114,#7643,#7644);
#6728=AXIS2_PLACEMENT_3D('',#10116,#7646,#7647);
#6729=AXIS2_PLACEMENT_3D('',#10118,#7648,#7649);
#6730=AXIS2_PLACEMENT_3D('',#10120,#7650,#7651);
#6731=AXIS2_PLACEMENT_3D('',#10122,#7653,#7654);
#6732=AXIS2_PLACEMENT_3D('',#10123,#7655,#7656);
#6733=AXIS2_PLACEMENT_3D('',#10124,#7657,#7658);
#6734=AXIS2_PLACEMENT_3D('',#10125,#7659,#7660);
#6735=AXIS2_PLACEMENT_3D('',#10126,#7661,#7662);
#6736=AXIS2_PLACEMENT_3D('',#10127,#7663,#7664);
#6737=AXIS2_PLACEMENT_3D('',#10136,#7669,#7670);
#6738=AXIS2_PLACEMENT_3D('',#10142,#7674,#7675);
#6739=AXIS2_PLACEMENT_3D('',#10148,#7679,#7680);
#6740=AXIS2_PLACEMENT_3D('',#10151,#7683,#7684);
#6741=AXIS2_PLACEMENT_3D('',#10152,#7685,#7686);
#6742=AXIS2_PLACEMENT_3D('',#10153,#7687,#7688);
#6743=AXIS2_PLACEMENT_3D('',#10162,#7693,#7694);
#6744=AXIS2_PLACEMENT_3D('',#10168,#7698,#7699);
#6745=AXIS2_PLACEMENT_3D('',#10174,#7703,#7704);
#6746=AXIS2_PLACEMENT_3D('',#10177,#7707,#7708);
#6747=AXIS2_PLACEMENT_3D('',#10178,#7709,#7710);
#6748=AXIS2_PLACEMENT_3D('',#10179,#7711,#7712);
#6749=AXIS2_PLACEMENT_3D('',#10188,#7717,#7718);
#6750=AXIS2_PLACEMENT_3D('',#10194,#7722,#7723);
#6751=AXIS2_PLACEMENT_3D('',#10200,#7727,#7728);
#6752=AXIS2_PLACEMENT_3D('',#10206,#7732,#7733);
#6753=AXIS2_PLACEMENT_3D('',#10212,#7737,#7738);
#6754=AXIS2_PLACEMENT_3D('',#10218,#7742,#7743);
#6755=AXIS2_PLACEMENT_3D('',#10224,#7747,#7748);
#6756=AXIS2_PLACEMENT_3D('',#10230,#7752,#7753);
#6757=AXIS2_PLACEMENT_3D('',#10236,#7757,#7758);
#6758=AXIS2_PLACEMENT_3D('',#10242,#7762,#7763);
#6759=AXIS2_PLACEMENT_3D('',#10244,#7764,#7765);
#6760=AXIS2_PLACEMENT_3D('',#10246,#7766,#7767);
#6761=AXIS2_PLACEMENT_3D('',#10248,#7769,#7770);
#6762=AXIS2_PLACEMENT_3D('',#10250,#7771,#7772);
#6763=AXIS2_PLACEMENT_3D('',#10252,#7773,#7774);
#6764=AXIS2_PLACEMENT_3D('',#10254,#7776,#7777);
#6765=AXIS2_PLACEMENT_3D('',#10256,#7778,#7779);
#6766=AXIS2_PLACEMENT_3D('',#10258,#7780,#7781);
#6767=AXIS2_PLACEMENT_3D('',#10260,#7783,#7784);
#6768=AXIS2_PLACEMENT_3D('',#10266,#7788,#7789);
#6769=AXIS2_PLACEMENT_3D('',#10268,#7790,#7791);
#6770=AXIS2_PLACEMENT_3D('',#10270,#7792,#7793);
#6771=AXIS2_PLACEMENT_3D('',#10272,#7795,#7796);
#6772=AXIS2_PLACEMENT_3D('',#10274,#7797,#7798);
#6773=AXIS2_PLACEMENT_3D('',#10276,#7799,#7800);
#6774=AXIS2_PLACEMENT_3D('',#10278,#7802,#7803);
#6775=AXIS2_PLACEMENT_3D('',#10280,#7804,#7805);
#6776=AXIS2_PLACEMENT_3D('',#10282,#7806,#7807);
#6777=AXIS2_PLACEMENT_3D('',#10284,#7809,#7810);
#6778=AXIS2_PLACEMENT_3D('',#10286,#7811,#7812);
#6779=AXIS2_PLACEMENT_3D('',#10288,#7813,#7814);
#6780=AXIS2_PLACEMENT_3D('',#10290,#7816,#7817);
#6781=AXIS2_PLACEMENT_3D('',#10293,#7820,#7821);
#6782=AXIS2_PLACEMENT_3D('',#10294,#7822,#7823);
#6783=AXIS2_PLACEMENT_3D('',#10295,#7824,#7825);
#6784=AXIS2_PLACEMENT_3D('',#10297,#7826,#7827);
#6785=AXIS2_PLACEMENT_3D('',#10299,#7828,#7829);
#6786=AXIS2_PLACEMENT_3D('',#10300,#7830,#7831);
#6787=AXIS2_PLACEMENT_3D('',#10301,#7832,#7833);
#6788=AXIS2_PLACEMENT_3D('',#10302,#7834,#7835);
#6789=AXIS2_PLACEMENT_3D('',#10304,#7836,#7837);
#6790=AXIS2_PLACEMENT_3D('',#10306,#7838,#7839);
#6791=AXIS2_PLACEMENT_3D('',#10307,#7840,#7841);
#6792=AXIS2_PLACEMENT_3D('',#10308,#7842,#7843);
#6793=AXIS2_PLACEMENT_3D('',#10309,#7844,#7845);
#6794=AXIS2_PLACEMENT_3D('',#10318,#7850,#7851);
#6795=AXIS2_PLACEMENT_3D('',#10324,#7855,#7856);
#6796=AXIS2_PLACEMENT_3D('',#10330,#7860,#7861);
#6797=AXIS2_PLACEMENT_3D('',#10336,#7865,#7866);
#6798=AXIS2_PLACEMENT_3D('',#10342,#7870,#7871);
#6799=AXIS2_PLACEMENT_3D('',#10344,#7872,#7873);
#6800=AXIS2_PLACEMENT_3D('',#10346,#7874,#7875);
#6801=AXIS2_PLACEMENT_3D('',#10348,#7877,#7878);
#6802=AXIS2_PLACEMENT_3D('',#10350,#7879,#7880);
#6803=AXIS2_PLACEMENT_3D('',#10352,#7881,#7882);
#6804=AXIS2_PLACEMENT_3D('',#10354,#7884,#7885);
#6805=AXIS2_PLACEMENT_3D('',#10356,#7886,#7887);
#6806=AXIS2_PLACEMENT_3D('',#10358,#7888,#7889);
#6807=AXIS2_PLACEMENT_3D('',#10360,#7891,#7892);
#6808=AXIS2_PLACEMENT_3D('',#10366,#7896,#7897);
#6809=AXIS2_PLACEMENT_3D('',#10372,#7901,#7902);
#6810=AXIS2_PLACEMENT_3D('',#10378,#7906,#7907);
#6811=AXIS2_PLACEMENT_3D('',#10380,#7908,#7909);
#6812=AXIS2_PLACEMENT_3D('',#10382,#7910,#7911);
#6813=AXIS2_PLACEMENT_3D('',#10384,#7913,#7914);
#6814=AXIS2_PLACEMENT_3D('',#10386,#7915,#7916);
#6815=AXIS2_PLACEMENT_3D('',#10388,#7917,#7918);
#6816=AXIS2_PLACEMENT_3D('',#10390,#7920,#7921);
#6817=AXIS2_PLACEMENT_3D('',#10392,#7922,#7923);
#6818=AXIS2_PLACEMENT_3D('',#10394,#7924,#7925);
#6819=AXIS2_PLACEMENT_3D('',#10396,#7927,#7928);
#6820=AXIS2_PLACEMENT_3D('',#10397,#7929,#7930);
#6821=AXIS2_PLACEMENT_3D('',#10398,#7931,#7932);
#6822=AXIS2_PLACEMENT_3D('',#10399,#7933,#7934);
#6823=AXIS2_PLACEMENT_3D('',#10400,#7935,#7936);
#6824=AXIS2_PLACEMENT_3D('',#10401,#7937,#7938);
#6825=AXIS2_PLACEMENT_3D('',#10404,#7939,#7940);
#6826=AXIS2_PLACEMENT_3D('',#10408,#7942,#7943);
#6827=AXIS2_PLACEMENT_3D('',#10410,#7945,#7946);
#6828=AXIS2_PLACEMENT_3D('',#10412,#7947,#7948);
#6829=AXIS2_PLACEMENT_3D('',#10414,#7949,#7950);
#6830=AXIS2_PLACEMENT_3D('',#10416,#7952,#7953);
#6831=AXIS2_PLACEMENT_3D('',#10418,#7954,#7955);
#6832=AXIS2_PLACEMENT_3D('',#10420,#7956,#7957);
#6833=AXIS2_PLACEMENT_3D('',#10422,#7959,#7960);
#6834=AXIS2_PLACEMENT_3D('',#10424,#7961,#7962);
#6835=AXIS2_PLACEMENT_3D('',#10426,#7963,#7964);
#6836=AXIS2_PLACEMENT_3D('',#10428,#7966,#7967);
#6837=AXIS2_PLACEMENT_3D('',#10434,#7971,#7972);
#6838=AXIS2_PLACEMENT_3D('',#10440,#7976,#7977);
#6839=AXIS2_PLACEMENT_3D('',#10442,#7978,#7979);
#6840=AXIS2_PLACEMENT_3D('',#10444,#7980,#7981);
#6841=AXIS2_PLACEMENT_3D('',#10446,#7983,#7984);
#6842=AXIS2_PLACEMENT_3D('',#10447,#7985,#7986);
#6843=AXIS2_PLACEMENT_3D('',#10448,#7987,#7988);
#6844=AXIS2_PLACEMENT_3D('',#10449,#7989,#7990);
#6845=AXIS2_PLACEMENT_3D('',#10452,#7991,#7992);
#6846=AXIS2_PLACEMENT_3D('',#10456,#7994,#7995);
#6847=AXIS2_PLACEMENT_3D('',#10458,#7997,#7998);
#6848=AXIS2_PLACEMENT_3D('',#10460,#7999,#8000);
#6849=AXIS2_PLACEMENT_3D('',#10462,#8001,#8002);
#6850=AXIS2_PLACEMENT_3D('',#10464,#8004,#8005);
#6851=AXIS2_PLACEMENT_3D('',#10466,#8006,#8007);
#6852=AXIS2_PLACEMENT_3D('',#10468,#8008,#8009);
#6853=AXIS2_PLACEMENT_3D('',#10470,#8011,#8012);
#6854=AXIS2_PLACEMENT_3D('',#10472,#8013,#8014);
#6855=AXIS2_PLACEMENT_3D('',#10474,#8015,#8016);
#6856=AXIS2_PLACEMENT_3D('',#10476,#8018,#8019);
#6857=AXIS2_PLACEMENT_3D('',#10478,#8020,#8021);
#6858=AXIS2_PLACEMENT_3D('',#10480,#8022,#8023);
#6859=AXIS2_PLACEMENT_3D('',#10482,#8025,#8026);
#6860=AXIS2_PLACEMENT_3D('',#10484,#8027,#8028);
#6861=AXIS2_PLACEMENT_3D('',#10486,#8029,#8030);
#6862=AXIS2_PLACEMENT_3D('',#10488,#8032,#8033);
#6863=AXIS2_PLACEMENT_3D('',#10494,#8037,#8038);
#6864=AXIS2_PLACEMENT_3D('',#10500,#8042,#8043);
#6865=AXIS2_PLACEMENT_3D('',#10502,#8044,#8045);
#6866=AXIS2_PLACEMENT_3D('',#10504,#8046,#8047);
#6867=AXIS2_PLACEMENT_3D('',#10506,#8049,#8050);
#6868=AXIS2_PLACEMENT_3D('',#10508,#8051,#8052);
#6869=AXIS2_PLACEMENT_3D('',#10510,#8053,#8054);
#6870=AXIS2_PLACEMENT_3D('',#10512,#8056,#8057);
#6871=AXIS2_PLACEMENT_3D('',#10514,#8058,#8059);
#6872=AXIS2_PLACEMENT_3D('',#10516,#8060,#8061);
#6873=AXIS2_PLACEMENT_3D('',#10518,#8063,#8064);
#6874=AXIS2_PLACEMENT_3D('',#10520,#8065,#8066);
#6875=AXIS2_PLACEMENT_3D('',#10522,#8067,#8068);
#6876=AXIS2_PLACEMENT_3D('',#10524,#8070,#8071);
#6877=AXIS2_PLACEMENT_3D('',#10526,#8072,#8073);
#6878=AXIS2_PLACEMENT_3D('',#10528,#8074,#8075);
#6879=AXIS2_PLACEMENT_3D('',#10530,#8077,#8078);
#6880=AXIS2_PLACEMENT_3D('',#10532,#8079,#8080);
#6881=AXIS2_PLACEMENT_3D('',#10534,#8081,#8082);
#6882=AXIS2_PLACEMENT_3D('',#10536,#8084,#8085);
#6883=AXIS2_PLACEMENT_3D('',#10538,#8086,#8087);
#6884=AXIS2_PLACEMENT_3D('',#10540,#8088,#8089);
#6885=AXIS2_PLACEMENT_3D('',#10542,#8091,#8092);
#6886=AXIS2_PLACEMENT_3D('',#10544,#8093,#8094);
#6887=AXIS2_PLACEMENT_3D('',#10546,#8095,#8096);
#6888=AXIS2_PLACEMENT_3D('',#10548,#8098,#8099);
#6889=AXIS2_PLACEMENT_3D('',#10550,#8100,#8101);
#6890=AXIS2_PLACEMENT_3D('',#10552,#8102,#8103);
#6891=AXIS2_PLACEMENT_3D('',#10554,#8105,#8106);
#6892=AXIS2_PLACEMENT_3D('',#10556,#8107,#8108);
#6893=AXIS2_PLACEMENT_3D('',#10558,#8109,#8110);
#6894=AXIS2_PLACEMENT_3D('',#10560,#8112,#8113);
#6895=AXIS2_PLACEMENT_3D('',#10562,#8114,#8115);
#6896=AXIS2_PLACEMENT_3D('',#10564,#8116,#8117);
#6897=AXIS2_PLACEMENT_3D('',#10566,#8119,#8120);
#6898=AXIS2_PLACEMENT_3D('',#10568,#8121,#8122);
#6899=AXIS2_PLACEMENT_3D('',#10570,#8123,#8124);
#6900=AXIS2_PLACEMENT_3D('',#10572,#8126,#8127);
#6901=AXIS2_PLACEMENT_3D('',#10574,#8128,#8129);
#6902=AXIS2_PLACEMENT_3D('',#10576,#8130,#8131);
#6903=AXIS2_PLACEMENT_3D('',#10578,#8133,#8134);
#6904=AXIS2_PLACEMENT_3D('',#10584,#8138,#8139);
#6905=AXIS2_PLACEMENT_3D('',#10586,#8140,#8141);
#6906=AXIS2_PLACEMENT_3D('',#10588,#8142,#8143);
#6907=AXIS2_PLACEMENT_3D('',#10590,#8145,#8146);
#6908=AXIS2_PLACEMENT_3D('',#10596,#8150,#8151);
#6909=AXIS2_PLACEMENT_3D('',#10602,#8155,#8156);
#6910=AXIS2_PLACEMENT_3D('',#10605,#8159,#8160);
#6911=AXIS2_PLACEMENT_3D('',#10606,#8161,#8162);
#6912=AXIS2_PLACEMENT_3D('',#10607,#8163,#8164);
#6913=AXIS2_PLACEMENT_3D('',#10616,#8169,#8170);
#6914=AXIS2_PLACEMENT_3D('',#10622,#8174,#8175);
#6915=AXIS2_PLACEMENT_3D('',#10628,#8179,#8180);
#6916=AXIS2_PLACEMENT_3D('',#10634,#8184,#8185);
#6917=AXIS2_PLACEMENT_3D('',#10640,#8189,#8190);
#6918=AXIS2_PLACEMENT_3D('',#10642,#8191,#8192);
#6919=AXIS2_PLACEMENT_3D('',#10644,#8193,#8194);
#6920=AXIS2_PLACEMENT_3D('',#10646,#8196,#8197);
#6921=AXIS2_PLACEMENT_3D('',#10648,#8198,#8199);
#6922=AXIS2_PLACEMENT_3D('',#10650,#8200,#8201);
#6923=AXIS2_PLACEMENT_3D('',#10652,#8203,#8204);
#6924=AXIS2_PLACEMENT_3D('',#10654,#8205,#8206);
#6925=AXIS2_PLACEMENT_3D('',#10656,#8207,#8208);
#6926=AXIS2_PLACEMENT_3D('',#10658,#8210,#8211);
#6927=AXIS2_PLACEMENT_3D('',#10664,#8215,#8216);
#6928=AXIS2_PLACEMENT_3D('',#10670,#8220,#8221);
#6929=AXIS2_PLACEMENT_3D('',#10676,#8225,#8226);
#6930=AXIS2_PLACEMENT_3D('',#10678,#8227,#8228);
#6931=AXIS2_PLACEMENT_3D('',#10680,#8229,#8230);
#6932=AXIS2_PLACEMENT_3D('',#10682,#8232,#8233);
#6933=AXIS2_PLACEMENT_3D('',#10684,#8234,#8235);
#6934=AXIS2_PLACEMENT_3D('',#10686,#8236,#8237);
#6935=AXIS2_PLACEMENT_3D('',#10688,#8239,#8240);
#6936=AXIS2_PLACEMENT_3D('',#10690,#8241,#8242);
#6937=AXIS2_PLACEMENT_3D('',#10692,#8243,#8244);
#6938=AXIS2_PLACEMENT_3D('',#10694,#8246,#8247);
#6939=AXIS2_PLACEMENT_3D('',#10695,#8248,#8249);
#6940=AXIS2_PLACEMENT_3D('',#10696,#8250,#8251);
#6941=AXIS2_PLACEMENT_3D('',#10697,#8252,#8253);
#6942=AXIS2_PLACEMENT_3D('',#10698,#8254,#8255);
#6943=AXIS2_PLACEMENT_3D('',#10699,#8256,#8257);
#6944=AXIS2_PLACEMENT_3D('',#10702,#8258,#8259);
#6945=AXIS2_PLACEMENT_3D('',#10706,#8261,#8262);
#6946=AXIS2_PLACEMENT_3D('',#10708,#8264,#8265);
#6947=AXIS2_PLACEMENT_3D('',#10710,#8266,#8267);
#6948=AXIS2_PLACEMENT_3D('',#10712,#8268,#8269);
#6949=AXIS2_PLACEMENT_3D('',#10714,#8271,#8272);
#6950=AXIS2_PLACEMENT_3D('',#10716,#8273,#8274);
#6951=AXIS2_PLACEMENT_3D('',#10718,#8275,#8276);
#6952=AXIS2_PLACEMENT_3D('',#10720,#8278,#8279);
#6953=AXIS2_PLACEMENT_3D('',#10726,#8283,#8284);
#6954=AXIS2_PLACEMENT_3D('',#10728,#8285,#8286);
#6955=AXIS2_PLACEMENT_3D('',#10730,#8287,#8288);
#6956=AXIS2_PLACEMENT_3D('',#10732,#8290,#8291);
#6957=AXIS2_PLACEMENT_3D('',#10734,#8292,#8293);
#6958=AXIS2_PLACEMENT_3D('',#10736,#8294,#8295);
#6959=AXIS2_PLACEMENT_3D('',#10738,#8297,#8298);
#6960=AXIS2_PLACEMENT_3D('',#10740,#8299,#8300);
#6961=AXIS2_PLACEMENT_3D('',#10742,#8301,#8302);
#6962=AXIS2_PLACEMENT_3D('',#10744,#8304,#8305);
#6963=AXIS2_PLACEMENT_3D('',#10746,#8306,#8307);
#6964=AXIS2_PLACEMENT_3D('',#10748,#8308,#8309);
#6965=AXIS2_PLACEMENT_3D('',#10750,#8311,#8312);
#6966=AXIS2_PLACEMENT_3D('',#10752,#8313,#8314);
#6967=AXIS2_PLACEMENT_3D('',#10754,#8315,#8316);
#6968=AXIS2_PLACEMENT_3D('',#10756,#8318,#8319);
#6969=AXIS2_PLACEMENT_3D('',#10758,#8320,#8321);
#6970=AXIS2_PLACEMENT_3D('',#10760,#8322,#8323);
#6971=AXIS2_PLACEMENT_3D('',#10762,#8325,#8326);
#6972=AXIS2_PLACEMENT_3D('',#10764,#8327,#8328);
#6973=AXIS2_PLACEMENT_3D('',#10766,#8329,#8330);
#6974=AXIS2_PLACEMENT_3D('',#10768,#8332,#8333);
#6975=AXIS2_PLACEMENT_3D('',#10770,#8334,#8335);
#6976=AXIS2_PLACEMENT_3D('',#10772,#8336,#8337);
#6977=AXIS2_PLACEMENT_3D('',#10774,#8339,#8340);
#6978=AXIS2_PLACEMENT_3D('',#10776,#8341,#8342);
#6979=AXIS2_PLACEMENT_3D('',#10778,#8343,#8344);
#6980=AXIS2_PLACEMENT_3D('',#10780,#8346,#8347);
#6981=AXIS2_PLACEMENT_3D('',#10782,#8348,#8349);
#6982=AXIS2_PLACEMENT_3D('',#10784,#8350,#8351);
#6983=AXIS2_PLACEMENT_3D('',#10786,#8353,#8354);
#6984=AXIS2_PLACEMENT_3D('',#10788,#8355,#8356);
#6985=AXIS2_PLACEMENT_3D('',#10790,#8357,#8358);
#6986=AXIS2_PLACEMENT_3D('',#10792,#8360,#8361);
#6987=AXIS2_PLACEMENT_3D('',#10794,#8362,#8363);
#6988=AXIS2_PLACEMENT_3D('',#10796,#8364,#8365);
#6989=AXIS2_PLACEMENT_3D('',#10798,#8367,#8368);
#6990=AXIS2_PLACEMENT_3D('',#10800,#8369,#8370);
#6991=AXIS2_PLACEMENT_3D('',#10802,#8371,#8372);
#6992=AXIS2_PLACEMENT_3D('',#10804,#8374,#8375);
#6993=AXIS2_PLACEMENT_3D('',#10806,#8376,#8377);
#6994=AXIS2_PLACEMENT_3D('',#10808,#8378,#8379);
#6995=AXIS2_PLACEMENT_3D('',#10810,#8381,#8382);
#6996=AXIS2_PLACEMENT_3D('',#10816,#8386,#8387);
#6997=AXIS2_PLACEMENT_3D('',#10817,#8388,#8389);
#6998=AXIS2_PLACEMENT_3D('',#10818,#8390,#8391);
#6999=AXIS2_PLACEMENT_3D('',#10819,#8392,#8393);
#7000=AXIS2_PLACEMENT_3D('',#10822,#8394,#8395);
#7001=AXIS2_PLACEMENT_3D('',#10826,#8397,#8398);
#7002=AXIS2_PLACEMENT_3D('',#10828,#8400,#8401);
#7003=AXIS2_PLACEMENT_3D('',#10834,#8405,#8406);
#7004=AXIS2_PLACEMENT_3D('',#10836,#8407,#8408);
#7005=AXIS2_PLACEMENT_3D('',#10838,#8409,#8410);
#7006=AXIS2_PLACEMENT_3D('',#10840,#8412,#8413);
#7007=AXIS2_PLACEMENT_3D('',#10842,#8414,#8415);
#7008=AXIS2_PLACEMENT_3D('',#10844,#8416,#8417);
#7009=AXIS2_PLACEMENT_3D('',#10846,#8419,#8420);
#7010=AXIS2_PLACEMENT_3D('',#10848,#8421,#8422);
#7011=AXIS2_PLACEMENT_3D('',#10850,#8423,#8424);
#7012=AXIS2_PLACEMENT_3D('',#10852,#8426,#8427);
#7013=AXIS2_PLACEMENT_3D('',#10854,#8428,#8429);
#7014=AXIS2_PLACEMENT_3D('',#10856,#8430,#8431);
#7015=AXIS2_PLACEMENT_3D('',#10858,#8433,#8434);
#7016=AXIS2_PLACEMENT_3D('',#10860,#8435,#8436);
#7017=AXIS2_PLACEMENT_3D('',#10862,#8437,#8438);
#7018=AXIS2_PLACEMENT_3D('',#10864,#8440,#8441);
#7019=AXIS2_PLACEMENT_3D('',#10866,#8442,#8443);
#7020=AXIS2_PLACEMENT_3D('',#10868,#8444,#8445);
#7021=AXIS2_PLACEMENT_3D('',#10870,#8447,#8448);
#7022=AXIS2_PLACEMENT_3D('',#10872,#8449,#8450);
#7023=AXIS2_PLACEMENT_3D('',#10874,#8451,#8452);
#7024=AXIS2_PLACEMENT_3D('',#10876,#8454,#8455);
#7025=AXIS2_PLACEMENT_3D('',#10878,#8456,#8457);
#7026=AXIS2_PLACEMENT_3D('',#10880,#8458,#8459);
#7027=AXIS2_PLACEMENT_3D('',#10882,#8461,#8462);
#7028=AXIS2_PLACEMENT_3D('',#10884,#8463,#8464);
#7029=AXIS2_PLACEMENT_3D('',#10886,#8465,#8466);
#7030=AXIS2_PLACEMENT_3D('',#10888,#8468,#8469);
#7031=AXIS2_PLACEMENT_3D('',#10890,#8470,#8471);
#7032=AXIS2_PLACEMENT_3D('',#10892,#8472,#8473);
#7033=AXIS2_PLACEMENT_3D('',#10894,#8475,#8476);
#7034=AXIS2_PLACEMENT_3D('',#10896,#8477,#8478);
#7035=AXIS2_PLACEMENT_3D('',#10898,#8479,#8480);
#7036=AXIS2_PLACEMENT_3D('',#10900,#8482,#8483);
#7037=AXIS2_PLACEMENT_3D('',#10902,#8484,#8485);
#7038=AXIS2_PLACEMENT_3D('',#10904,#8486,#8487);
#7039=AXIS2_PLACEMENT_3D('',#10906,#8489,#8490);
#7040=AXIS2_PLACEMENT_3D('',#10908,#8491,#8492);
#7041=AXIS2_PLACEMENT_3D('',#10910,#8493,#8494);
#7042=AXIS2_PLACEMENT_3D('',#10912,#8496,#8497);
#7043=AXIS2_PLACEMENT_3D('',#10914,#8498,#8499);
#7044=AXIS2_PLACEMENT_3D('',#10916,#8500,#8501);
#7045=AXIS2_PLACEMENT_3D('',#10918,#8503,#8504);
#7046=AXIS2_PLACEMENT_3D('',#10920,#8505,#8506);
#7047=AXIS2_PLACEMENT_3D('',#10922,#8507,#8508);
#7048=AXIS2_PLACEMENT_3D('',#10924,#8510,#8511);
#7049=AXIS2_PLACEMENT_3D('',#10926,#8512,#8513);
#7050=AXIS2_PLACEMENT_3D('',#10928,#8514,#8515);
#7051=AXIS2_PLACEMENT_3D('',#10930,#8517,#8518);
#7052=AXIS2_PLACEMENT_3D('',#10932,#8519,#8520);
#7053=AXIS2_PLACEMENT_3D('',#10934,#8521,#8522);
#7054=AXIS2_PLACEMENT_3D('',#10936,#8524,#8525);
#7055=AXIS2_PLACEMENT_3D('',#10938,#8526,#8527);
#7056=AXIS2_PLACEMENT_3D('',#10940,#8528,#8529);
#7057=AXIS2_PLACEMENT_3D('',#10942,#8531,#8532);
#7058=AXIS2_PLACEMENT_3D('',#10948,#8536,#8537);
#7059=AXIS2_PLACEMENT_3D('',#10949,#8538,#8539);
#7060=AXIS2_PLACEMENT_3D('',#10950,#8540,#8541);
#7061=AXIS2_PLACEMENT_3D('',#10951,#8542,#8543);
#7062=AXIS2_PLACEMENT_3D('',#10952,#8544,#8545);
#7063=AXIS2_PLACEMENT_3D('',#10953,#8546,#8547);
#7064=AXIS2_PLACEMENT_3D('',#10962,#8552,#8553);
#7065=AXIS2_PLACEMENT_3D('',#10968,#8557,#8558);
#7066=AXIS2_PLACEMENT_3D('',#10974,#8562,#8563);
#7067=AXIS2_PLACEMENT_3D('',#10980,#8567,#8568);
#7068=AXIS2_PLACEMENT_3D('',#10986,#8572,#8573);
#7069=AXIS2_PLACEMENT_3D('',#10988,#8574,#8575);
#7070=AXIS2_PLACEMENT_3D('',#10990,#8576,#8577);
#7071=AXIS2_PLACEMENT_3D('',#10992,#8579,#8580);
#7072=AXIS2_PLACEMENT_3D('',#10994,#8581,#8582);
#7073=AXIS2_PLACEMENT_3D('',#10996,#8583,#8584);
#7074=AXIS2_PLACEMENT_3D('',#10998,#8586,#8587);
#7075=AXIS2_PLACEMENT_3D('',#11000,#8588,#8589);
#7076=AXIS2_PLACEMENT_3D('',#11002,#8590,#8591);
#7077=AXIS2_PLACEMENT_3D('',#11004,#8593,#8594);
#7078=AXIS2_PLACEMENT_3D('',#11010,#8598,#8599);
#7079=AXIS2_PLACEMENT_3D('',#11016,#8603,#8604);
#7080=AXIS2_PLACEMENT_3D('',#11022,#8608,#8609);
#7081=AXIS2_PLACEMENT_3D('',#11024,#8610,#8611);
#7082=AXIS2_PLACEMENT_3D('',#11026,#8612,#8613);
#7083=AXIS2_PLACEMENT_3D('',#11028,#8615,#8616);
#7084=AXIS2_PLACEMENT_3D('',#11030,#8617,#8618);
#7085=AXIS2_PLACEMENT_3D('',#11032,#8619,#8620);
#7086=AXIS2_PLACEMENT_3D('',#11034,#8622,#8623);
#7087=AXIS2_PLACEMENT_3D('',#11036,#8624,#8625);
#7088=AXIS2_PLACEMENT_3D('',#11038,#8626,#8627);
#7089=AXIS2_PLACEMENT_3D('',#11040,#8629,#8630);
#7090=AXIS2_PLACEMENT_3D('',#11041,#8631,#8632);
#7091=AXIS2_PLACEMENT_3D('',#11042,#8633,#8634);
#7092=AXIS2_PLACEMENT_3D('',#11043,#8635,#8636);
#7093=AXIS2_PLACEMENT_3D('',#11044,#8637,#8638);
#7094=AXIS2_PLACEMENT_3D('',#11045,#8639,#8640);
#7095=AXIS2_PLACEMENT_3D('',#11054,#8645,#8646);
#7096=AXIS2_PLACEMENT_3D('',#11060,#8650,#8651);
#7097=AXIS2_PLACEMENT_3D('',#11066,#8655,#8656);
#7098=AXIS2_PLACEMENT_3D('',#11069,#8659,#8660);
#7099=AXIS2_PLACEMENT_3D('',#11070,#8661,#8662);
#7100=AXIS2_PLACEMENT_3D('',#11071,#8663,#8664);
#7101=AXIS2_PLACEMENT_3D('',#11074,#8665,#8666);
#7102=AXIS2_PLACEMENT_3D('',#11078,#8668,#8669);
#7103=AXIS2_PLACEMENT_3D('',#11080,#8671,#8672);
#7104=AXIS2_PLACEMENT_3D('',#11086,#8676,#8677);
#7105=AXIS2_PLACEMENT_3D('',#11092,#8681,#8682);
#7106=AXIS2_PLACEMENT_3D('',#11098,#8686,#8687);
#7107=AXIS2_PLACEMENT_3D('',#11100,#8688,#8689);
#7108=AXIS2_PLACEMENT_3D('',#11102,#8690,#8691);
#7109=AXIS2_PLACEMENT_3D('',#11104,#8693,#8694);
#7110=AXIS2_PLACEMENT_3D('',#11110,#8698,#8699);
#7111=AXIS2_PLACEMENT_3D('',#11112,#8700,#8701);
#7112=AXIS2_PLACEMENT_3D('',#11114,#8702,#8703);
#7113=AXIS2_PLACEMENT_3D('',#11116,#8705,#8706);
#7114=AXIS2_PLACEMENT_3D('',#11122,#8710,#8711);
#7115=AXIS2_PLACEMENT_3D('',#11128,#8715,#8716);
#7116=AXIS2_PLACEMENT_3D('',#11134,#8720,#8721);
#7117=AXIS2_PLACEMENT_3D('',#11136,#8722,#8723);
#7118=AXIS2_PLACEMENT_3D('',#11138,#8724,#8725);
#7119=AXIS2_PLACEMENT_3D('',#11140,#8727,#8728);
#7120=AXIS2_PLACEMENT_3D('',#11143,#8731,#8732);
#7121=AXIS2_PLACEMENT_3D('',#11144,#8733,#8734);
#7122=AXIS2_PLACEMENT_3D('',#11145,#8735,#8736);
#7123=AXIS2_PLACEMENT_3D('',#11148,#8737,#8738);
#7124=AXIS2_PLACEMENT_3D('',#11152,#8740,#8741);
#7125=AXIS2_PLACEMENT_3D('',#11154,#8743,#8744);
#7126=AXIS2_PLACEMENT_3D('',#11160,#8748,#8749);
#7127=AXIS2_PLACEMENT_3D('',#11166,#8753,#8754);
#7128=AXIS2_PLACEMENT_3D('',#11172,#8758,#8759);
#7129=AXIS2_PLACEMENT_3D('',#11174,#8760,#8761);
#7130=AXIS2_PLACEMENT_3D('',#11176,#8762,#8763);
#7131=AXIS2_PLACEMENT_3D('',#11178,#8765,#8766);
#7132=AXIS2_PLACEMENT_3D('',#11184,#8770,#8771);
#7133=AXIS2_PLACEMENT_3D('',#11186,#8772,#8773);
#7134=AXIS2_PLACEMENT_3D('',#11188,#8774,#8775);
#7135=AXIS2_PLACEMENT_3D('',#11190,#8777,#8778);
#7136=AXIS2_PLACEMENT_3D('',#11196,#8782,#8783);
#7137=AXIS2_PLACEMENT_3D('',#11202,#8787,#8788);
#7138=AXIS2_PLACEMENT_3D('',#11208,#8792,#8793);
#7139=AXIS2_PLACEMENT_3D('',#11210,#8794,#8795);
#7140=AXIS2_PLACEMENT_3D('',#11212,#8796,#8797);
#7141=AXIS2_PLACEMENT_3D('',#11214,#8799,#8800);
#7142=AXIS2_PLACEMENT_3D('',#11217,#8803,#8804);
#7143=AXIS2_PLACEMENT_3D('',#11218,#8805,#8806);
#7144=AXIS2_PLACEMENT_3D('',#11219,#8807,#8808);
#7145=AXIS2_PLACEMENT_3D('',#11222,#8809,#8810);
#7146=AXIS2_PLACEMENT_3D('',#11226,#8812,#8813);
#7147=AXIS2_PLACEMENT_3D('',#11228,#8815,#8816);
#7148=AXIS2_PLACEMENT_3D('',#11234,#8820,#8821);
#7149=AXIS2_PLACEMENT_3D('',#11240,#8825,#8826);
#7150=AXIS2_PLACEMENT_3D('',#11246,#8830,#8831);
#7151=AXIS2_PLACEMENT_3D('',#11248,#8832,#8833);
#7152=AXIS2_PLACEMENT_3D('',#11250,#8834,#8835);
#7153=AXIS2_PLACEMENT_3D('',#11252,#8837,#8838);
#7154=AXIS2_PLACEMENT_3D('',#11258,#8842,#8843);
#7155=AXIS2_PLACEMENT_3D('',#11260,#8844,#8845);
#7156=AXIS2_PLACEMENT_3D('',#11262,#8846,#8847);
#7157=AXIS2_PLACEMENT_3D('',#11264,#8849,#8850);
#7158=AXIS2_PLACEMENT_3D('',#11270,#8854,#8855);
#7159=AXIS2_PLACEMENT_3D('',#11276,#8859,#8860);
#7160=AXIS2_PLACEMENT_3D('',#11282,#8864,#8865);
#7161=AXIS2_PLACEMENT_3D('',#11284,#8866,#8867);
#7162=AXIS2_PLACEMENT_3D('',#11286,#8868,#8869);
#7163=AXIS2_PLACEMENT_3D('',#11288,#8871,#8872);
#7164=AXIS2_PLACEMENT_3D('',#11291,#8875,#8876);
#7165=AXIS2_PLACEMENT_3D('',#11292,#8877,#8878);
#7166=AXIS2_PLACEMENT_3D('',#11293,#8879,#8880);
#7167=AXIS2_PLACEMENT_3D('',#11296,#8881,#8882);
#7168=AXIS2_PLACEMENT_3D('',#11300,#8884,#8885);
#7169=AXIS2_PLACEMENT_3D('',#11302,#8887,#8888);
#7170=AXIS2_PLACEMENT_3D('',#11308,#8892,#8893);
#7171=AXIS2_PLACEMENT_3D('',#11314,#8897,#8898);
#7172=AXIS2_PLACEMENT_3D('',#11320,#8902,#8903);
#7173=AXIS2_PLACEMENT_3D('',#11322,#8904,#8905);
#7174=AXIS2_PLACEMENT_3D('',#11324,#8906,#8907);
#7175=AXIS2_PLACEMENT_3D('',#11326,#8909,#8910);
#7176=AXIS2_PLACEMENT_3D('',#11332,#8914,#8915);
#7177=AXIS2_PLACEMENT_3D('',#11334,#8916,#8917);
#7178=AXIS2_PLACEMENT_3D('',#11336,#8918,#8919);
#7179=AXIS2_PLACEMENT_3D('',#11338,#8921,#8922);
#7180=AXIS2_PLACEMENT_3D('',#11344,#8926,#8927);
#7181=AXIS2_PLACEMENT_3D('',#11350,#8931,#8932);
#7182=AXIS2_PLACEMENT_3D('',#11356,#8936,#8937);
#7183=AXIS2_PLACEMENT_3D('',#11358,#8938,#8939);
#7184=AXIS2_PLACEMENT_3D('',#11360,#8940,#8941);
#7185=AXIS2_PLACEMENT_3D('',#11362,#8943,#8944);
#7186=AXIS2_PLACEMENT_3D('',#11365,#8947,#8948);
#7187=AXIS2_PLACEMENT_3D('',#11366,#8949,#8950);
#7188=AXIS2_PLACEMENT_3D('',#11367,#8951,#8952);
#7189=AXIS2_PLACEMENT_3D('',#11370,#8953,#8954);
#7190=AXIS2_PLACEMENT_3D('',#11374,#8956,#8957);
#7191=AXIS2_PLACEMENT_3D('',#11376,#8959,#8960);
#7192=AXIS2_PLACEMENT_3D('',#11382,#8964,#8965);
#7193=AXIS2_PLACEMENT_3D('',#11388,#8969,#8970);
#7194=AXIS2_PLACEMENT_3D('',#11394,#8974,#8975);
#7195=AXIS2_PLACEMENT_3D('',#11396,#8976,#8977);
#7196=AXIS2_PLACEMENT_3D('',#11398,#8978,#8979);
#7197=AXIS2_PLACEMENT_3D('',#11400,#8981,#8982);
#7198=AXIS2_PLACEMENT_3D('',#11406,#8986,#8987);
#7199=AXIS2_PLACEMENT_3D('',#11408,#8988,#8989);
#7200=AXIS2_PLACEMENT_3D('',#11410,#8990,#8991);
#7201=AXIS2_PLACEMENT_3D('',#11412,#8993,#8994);
#7202=AXIS2_PLACEMENT_3D('',#11418,#8998,#8999);
#7203=AXIS2_PLACEMENT_3D('',#11424,#9003,#9004);
#7204=AXIS2_PLACEMENT_3D('',#11430,#9008,#9009);
#7205=AXIS2_PLACEMENT_3D('',#11432,#9010,#9011);
#7206=AXIS2_PLACEMENT_3D('',#11434,#9012,#9013);
#7207=AXIS2_PLACEMENT_3D('',#11436,#9015,#9016);
#7208=AXIS2_PLACEMENT_3D('',#11439,#9019,#9020);
#7209=AXIS2_PLACEMENT_3D('',#11440,#9021,#9022);
#7210=AXIS2_PLACEMENT_3D('',#11441,#9023,#9024);
#7211=AXIS2_PLACEMENT_3D('',#11444,#9025,#9026);
#7212=AXIS2_PLACEMENT_3D('',#11448,#9028,#9029);
#7213=AXIS2_PLACEMENT_3D('',#11450,#9031,#9032);
#7214=AXIS2_PLACEMENT_3D('',#11456,#9036,#9037);
#7215=AXIS2_PLACEMENT_3D('',#11462,#9041,#9042);
#7216=AXIS2_PLACEMENT_3D('',#11468,#9046,#9047);
#7217=AXIS2_PLACEMENT_3D('',#11470,#9048,#9049);
#7218=AXIS2_PLACEMENT_3D('',#11473,#9051,#9052);
#7219=AXIS2_PLACEMENT_3D('',#11474,#9053,#9054);
#7220=AXIS2_PLACEMENT_3D('',#11480,#9058,#9059);
#7221=AXIS2_PLACEMENT_3D('',#11482,#9060,#9061);
#7222=AXIS2_PLACEMENT_3D('',#11485,#9063,#9064);
#7223=AXIS2_PLACEMENT_3D('',#11486,#9065,#9066);
#7224=AXIS2_PLACEMENT_3D('',#11492,#9070,#9071);
#7225=AXIS2_PLACEMENT_3D('',#11498,#9075,#9076);
#7226=AXIS2_PLACEMENT_3D('',#11504,#9080,#9081);
#7227=AXIS2_PLACEMENT_3D('',#11506,#9082,#9083);
#7228=AXIS2_PLACEMENT_3D('',#11509,#9085,#9086);
#7229=AXIS2_PLACEMENT_3D('',#11510,#9087,#9088);
#7230=AXIS2_PLACEMENT_3D('',#11513,#9091,#9092);
#7231=AXIS2_PLACEMENT_3D('',#11514,#9093,#9094);
#7232=AXIS2_PLACEMENT_3D('',#11515,#9095,#9096);
#7233=AXIS2_PLACEMENT_3D('',#11518,#9097,#9098);
#7234=AXIS2_PLACEMENT_3D('',#11522,#9100,#9101);
#7235=AXIS2_PLACEMENT_3D('',#11524,#9103,#9104);
#7236=AXIS2_PLACEMENT_3D('',#11530,#9108,#9109);
#7237=AXIS2_PLACEMENT_3D('',#11536,#9113,#9114);
#7238=AXIS2_PLACEMENT_3D('',#11542,#9118,#9119);
#7239=AXIS2_PLACEMENT_3D('',#11544,#9120,#9121);
#7240=AXIS2_PLACEMENT_3D('',#11547,#9123,#9124);
#7241=AXIS2_PLACEMENT_3D('',#11548,#9125,#9126);
#7242=AXIS2_PLACEMENT_3D('',#11554,#9130,#9131);
#7243=AXIS2_PLACEMENT_3D('',#11556,#9132,#9133);
#7244=AXIS2_PLACEMENT_3D('',#11559,#9135,#9136);
#7245=AXIS2_PLACEMENT_3D('',#11560,#9137,#9138);
#7246=AXIS2_PLACEMENT_3D('',#11566,#9142,#9143);
#7247=AXIS2_PLACEMENT_3D('',#11572,#9147,#9148);
#7248=AXIS2_PLACEMENT_3D('',#11578,#9152,#9153);
#7249=AXIS2_PLACEMENT_3D('',#11580,#9154,#9155);
#7250=AXIS2_PLACEMENT_3D('',#11583,#9157,#9158);
#7251=AXIS2_PLACEMENT_3D('',#11584,#9159,#9160);
#7252=AXIS2_PLACEMENT_3D('',#11587,#9163,#9164);
#7253=AXIS2_PLACEMENT_3D('',#11588,#9165,#9166);
#7254=AXIS2_PLACEMENT_3D('',#11589,#9167,#9168);
#7255=AXIS2_PLACEMENT_3D('',#11592,#9169,#9170);
#7256=AXIS2_PLACEMENT_3D('',#11596,#9172,#9173);
#7257=AXIS2_PLACEMENT_3D('',#11598,#9175,#9176);
#7258=AXIS2_PLACEMENT_3D('',#11604,#9180,#9181);
#7259=AXIS2_PLACEMENT_3D('',#11610,#9185,#9186);
#7260=AXIS2_PLACEMENT_3D('',#11616,#9190,#9191);
#7261=AXIS2_PLACEMENT_3D('',#11618,#9192,#9193);
#7262=AXIS2_PLACEMENT_3D('',#11620,#9194,#9195);
#7263=AXIS2_PLACEMENT_3D('',#11622,#9197,#9198);
#7264=AXIS2_PLACEMENT_3D('',#11628,#9202,#9203);
#7265=AXIS2_PLACEMENT_3D('',#11630,#9204,#9205);
#7266=AXIS2_PLACEMENT_3D('',#11632,#9206,#9207);
#7267=AXIS2_PLACEMENT_3D('',#11634,#9209,#9210);
#7268=AXIS2_PLACEMENT_3D('',#11640,#9214,#9215);
#7269=AXIS2_PLACEMENT_3D('',#11646,#9219,#9220);
#7270=AXIS2_PLACEMENT_3D('',#11652,#9224,#9225);
#7271=AXIS2_PLACEMENT_3D('',#11654,#9226,#9227);
#7272=AXIS2_PLACEMENT_3D('',#11656,#9228,#9229);
#7273=AXIS2_PLACEMENT_3D('',#11658,#9231,#9232);
#7274=AXIS2_PLACEMENT_3D('',#11661,#9235,#9236);
#7275=AXIS2_PLACEMENT_3D('',#11662,#9237,#9238);
#7276=DIRECTION('axis',(0.,0.,1.));
#7277=DIRECTION('refdir',(1.,0.,0.));
#7278=DIRECTION('center_axis',(1.57475314601719E-16,1.,-1.48676273853867E-16));
#7279=DIRECTION('ref_axis',(-0.887010833178217,0.,0.461748613235042));
#7280=DIRECTION('',(-1.57475314601719E-16,-1.,1.48676273853867E-16));
#7281=DIRECTION('center_axis',(-0.530029251599976,0.661919923326651,-0.530029251599956));
#7282=DIRECTION('ref_axis',(-0.468048066386764,-0.749574556067133,-0.468048066386746));
#7283=DIRECTION('',(1.57475314601719E-16,1.,-1.48676273853867E-16));
#7284=DIRECTION('center_axis',(-0.530029251599974,-0.661919923326654,-0.530029251599954));
#7285=DIRECTION('ref_axis',(-0.468048066386765,0.749574556067131,-0.468048066386748));
#7286=DIRECTION('center_axis',(-0.984807753012208,1.80900274744843E-16,
0.17364817766693));
#7287=DIRECTION('ref_axis',(-1.83690953073357E-16,-1.,0.));
#7288=DIRECTION('',(0.17364817766693,-3.18975992550899E-17,0.984807753012208));
#7289=DIRECTION('',(1.83690953073357E-16,1.,0.));
#7290=DIRECTION('',(0.17364817766693,-3.189759925509E-17,0.984807753012208));
#7291=DIRECTION('center_axis',(0.,0.,-1.));
#7292=DIRECTION('ref_axis',(-0.707106781186547,0.707106781186548,0.));
#7293=DIRECTION('',(-3.189759925509E-17,-0.173648177666931,0.984807753012208));
#7294=DIRECTION('center_axis',(0.,0.,-1.));
#7295=DIRECTION('ref_axis',(-0.707106781186547,0.707106781186548,0.));
#7296=DIRECTION('center_axis',(0.701673843159877,-0.123724030206482,0.70167384315985));
#7297=DIRECTION('ref_axis',(-0.471868689551459,0.65718496306062,0.587748129854958));
#7298=DIRECTION('',(0.701673843159877,-0.123724030206482,0.70167384315985));
#7299=DIRECTION('center_axis',(-0.468048066386761,0.749574556067136,-0.468048066386744));
#7300=DIRECTION('ref_axis',(0.530029251599978,0.661919923326648,0.530029251599957));
#7301=DIRECTION('center_axis',(-0.922408218512789,0.0670657674787221,-0.380348867820785));
#7302=DIRECTION('ref_axis',(-0.386216362185838,-0.160174506209746,0.908394765033574));
#7303=DIRECTION('',(-0.701673843159877,0.123724030206482,-0.70167384315985));
#7304=DIRECTION('center_axis',(1.,-6.51407101875951E-17,0.));
#7305=DIRECTION('ref_axis',(0.,0.64278760968654,0.766044443118978));
#7306=DIRECTION('center_axis',(0.707106781186546,0.707106781186549,0.));
#7307=DIRECTION('ref_axis',(-0.707106781186549,0.707106781186546,0.));
#7308=DIRECTION('',(1.,-6.51407101875951E-17,0.));
#7309=DIRECTION('',(-1.,6.51407101875951E-17,0.));
#7310=DIRECTION('center_axis',(-3.06151588455592E-16,-1.,0.));
#7311=DIRECTION('ref_axis',(-0.382683432365082,0.,0.92387953251129));
#7312=DIRECTION('',(-3.06151588455592E-16,-1.,1.74315279842108E-32));
#7313=DIRECTION('center_axis',(-0.468048066386762,-0.749574556067135,-0.468048066386745));
#7314=DIRECTION('ref_axis',(0.530029251599977,-0.66191992332665,0.530029251599957));
#7315=DIRECTION('center_axis',(0.707106781186548,-0.707106781186548,0.));
#7316=DIRECTION('ref_axis',(0.707106781186547,0.707106781186547,0.));
#7317=DIRECTION('',(3.06151588455592E-16,1.,0.));
#7318=DIRECTION('center_axis',(0.707106781186534,-2.16481864267978E-16,
-0.707106781186561));
#7319=DIRECTION('ref_axis',(3.67381906146713E-16,1.,6.12303176911189E-17));
#7320=DIRECTION('',(-0.701673843159877,-0.123724030206482,-0.70167384315985));
#7321=DIRECTION('center_axis',(-0.701673843159877,-0.123724030206482,-0.70167384315985));
#7322=DIRECTION('ref_axis',(-0.471868689551458,-0.657184963060618,0.58774812985496));
#7323=DIRECTION('',(0.701673843159877,0.123724030206482,0.70167384315985));
#7324=DIRECTION('center_axis',(-0.922408218512792,-0.0670657674787211,-0.380348867820778));
#7325=DIRECTION('ref_axis',(-0.386216362185831,0.160174506209745,0.908394765033577));
#7326=DIRECTION('center_axis',(-1.,6.51407101875951E-17,0.));
#7327=DIRECTION('ref_axis',(0.,-0.64278760968654,0.766044443118978));
#7328=DIRECTION('',(1.,-6.51407101875951E-17,0.));
#7329=DIRECTION('',(-1.,6.51407101875951E-17,0.));
#7330=DIRECTION('center_axis',(-1.83690953073357E-16,-1.,0.));
#7331=DIRECTION('ref_axis',(0.64278760968654,0.,0.766044443118978));
#7332=DIRECTION('',(-1.83690953073357E-16,-1.,0.));
#7333=DIRECTION('',(1.83690953073357E-16,1.,0.));
#7334=DIRECTION('center_axis',(6.4151076429465E-17,0.984807753012208,0.173648177666931));
#7335=DIRECTION('ref_axis',(-1.,6.51407101875951E-17,0.));
#7336=DIRECTION('',(-3.44285097033238E-16,-0.173648177666931,0.984807753012208));
#7337=DIRECTION('',(1.,-6.51407101875951E-17,0.));
#7338=DIRECTION('center_axis',(0.,0.,-1.));
#7339=DIRECTION('ref_axis',(0.707106781186549,0.707106781186546,0.));
#7340=DIRECTION('',(-0.17364817766693,3.189759925509E-17,0.984807753012208));
#7341=DIRECTION('center_axis',(0.,0.,-1.));
#7342=DIRECTION('ref_axis',(0.707106781186549,0.707106781186546,0.));
#7343=DIRECTION('center_axis',(0.984807753012208,-1.80900274744843E-16,
0.17364817766693));
#7344=DIRECTION('ref_axis',(1.83690953073357E-16,1.,0.));
#7345=DIRECTION('',(-0.17364817766693,3.189759925509E-17,0.984807753012208));
#7346=DIRECTION('',(-1.83690953073357E-16,-1.,0.));
#7347=DIRECTION('center_axis',(0.,0.,1.));
#7348=DIRECTION('ref_axis',(-1.83690953073357E-16,-1.,0.));
#7349=DIRECTION('center_axis',(0.,0.,-1.));
#7350=DIRECTION('ref_axis',(-1.83690953073357E-16,-1.,0.));
#7351=DIRECTION('center_axis',(0.,0.,-1.));
#7352=DIRECTION('ref_axis',(-1.83690953073357E-16,-1.,0.));
#7353=DIRECTION('center_axis',(0.,0.,1.));
#7354=DIRECTION('ref_axis',(-1.83690953073357E-16,-1.,0.));
#7355=DIRECTION('center_axis',(0.,0.,1.));
#7356=DIRECTION('ref_axis',(-1.83690953073357E-16,-1.,0.));
#7357=DIRECTION('center_axis',(0.,0.,-1.));
#7358=DIRECTION('ref_axis',(0.707106781186546,-0.707106781186549,0.));
#7359=DIRECTION('',(3.189759925509E-17,0.173648177666931,0.984807753012208));
#7360=DIRECTION('center_axis',(0.,0.,-1.));
#7361=DIRECTION('ref_axis',(0.707106781186546,-0.707106781186549,0.));
#7362=DIRECTION('center_axis',(-6.4151076429465E-17,-0.984807753012208,
0.173648177666931));
#7363=DIRECTION('ref_axis',(1.,-6.51407101875951E-17,0.));
#7364=DIRECTION('',(-2.80489898523058E-16,0.17364817766693,0.984807753012208));
#7365=DIRECTION('',(-1.,6.51407101875951E-17,0.));
#7366=DIRECTION('center_axis',(0.,0.,-1.));
#7367=DIRECTION('ref_axis',(-0.707106781186547,-0.707106781186548,0.));
#7368=DIRECTION('center_axis',(0.,0.,-1.));
#7369=DIRECTION('ref_axis',(-0.707106781186547,-0.707106781186548,0.));
#7370=DIRECTION('center_axis',(0.,0.,1.));
#7371=DIRECTION('ref_axis',(-1.83690953073357E-16,-1.,0.));
#7372=DIRECTION('center_axis',(-1.83690953073357E-16,-1.,2.43971637362839E-33));
#7373=DIRECTION('ref_axis',(-0.64278760968654,0.,-0.766044443118978));
#7374=DIRECTION('',(1.83690953073357E-16,1.,-2.36614992336878E-33));
#7375=DIRECTION('',(-1.83690953073357E-16,-1.,2.43971637362839E-33));
#7376=DIRECTION('center_axis',(-1.,6.51407101875951E-17,-9.22310763787237E-33));
#7377=DIRECTION('ref_axis',(0.,0.64278760968654,-0.766044443118978));
#7378=DIRECTION('',(1.,-6.51407101875951E-17,8.94499691294759E-33));
#7379=DIRECTION('',(-1.,6.51407101875951E-17,-9.22310763787237E-33));
#7380=DIRECTION('center_axis',(1.83690953073357E-16,1.,-2.43971637362839E-33));
#7381=DIRECTION('ref_axis',(0.64278760968654,0.,-0.766044443118978));
#7382=DIRECTION('',(1.83690953073357E-16,1.,-2.43971637362839E-33));
#7383=DIRECTION('',(-1.83690953073357E-16,-1.,2.36614992336878E-33));
#7384=DIRECTION('center_axis',(1.,-6.51407101875951E-17,9.22310763787237E-33));
#7385=DIRECTION('ref_axis',(0.,-0.64278760968654,-0.766044443118978));
#7386=DIRECTION('',(1.,-6.51407101875951E-17,9.22310763787237E-33));
#7387=DIRECTION('',(-1.,6.51407101875951E-17,-8.94499691294759E-33));
#7388=DIRECTION('center_axis',(0.,0.,1.));
#7389=DIRECTION('ref_axis',(-0.707106781186547,0.707106781186548,0.));
#7390=DIRECTION('',(0.17364817766693,-3.189759925509E-17,-0.984807753012208));
#7391=DIRECTION('center_axis',(0.,0.,-1.));
#7392=DIRECTION('ref_axis',(-0.707106781186547,0.707106781186548,0.));
#7393=DIRECTION('',(-3.44285097033238E-16,-0.17364817766693,-0.984807753012208));
#7394=DIRECTION('center_axis',(-0.984807753012208,1.80900274744843E-16,
-0.17364817766693));
#7395=DIRECTION('ref_axis',(1.83690953073357E-16,1.,0.));
#7396=DIRECTION('',(0.17364817766693,-3.18975992550899E-17,-0.984807753012208));
#7397=DIRECTION('',(1.83690953073357E-16,1.,0.));
#7398=DIRECTION('center_axis',(0.,0.,1.));
#7399=DIRECTION('ref_axis',(-0.707106781186547,-0.707106781186548,0.));
#7400=DIRECTION('',(3.189759925509E-17,0.173648177666931,-0.984807753012208));
#7401=DIRECTION('center_axis',(0.,0.,-1.));
#7402=DIRECTION('ref_axis',(-0.707106781186547,-0.707106781186548,0.));
#7403=DIRECTION('center_axis',(-6.4151076429465E-17,-0.984807753012208,
-0.173648177666931));
#7404=DIRECTION('ref_axis',(-1.,6.51407101875951E-17,0.));
#7405=DIRECTION('',(6.56672594811386E-16,0.173648177666929,-0.984807753012208));
#7406=DIRECTION('',(-1.,6.51407101875951E-17,0.));
#7407=DIRECTION('center_axis',(-9.22310763787237E-33,2.43971637362839E-33,
1.));
#7408=DIRECTION('ref_axis',(-1.83690953073357E-16,-1.,2.43971637362839E-33));
#7409=DIRECTION('center_axis',(0.,0.,1.));
#7410=DIRECTION('ref_axis',(0.707106781186546,-0.707106781186549,0.));
#7411=DIRECTION('',(-0.17364817766693,3.189759925509E-17,-0.984807753012208));
#7412=DIRECTION('center_axis',(0.,0.,-1.));
#7413=DIRECTION('ref_axis',(0.707106781186546,-0.707106781186549,0.));
#7414=DIRECTION('center_axis',(0.984807753012208,-1.80900274744843E-16,
-0.17364817766693));
#7415=DIRECTION('ref_axis',(-1.83690953073357E-16,-1.,0.));
#7416=DIRECTION('',(-0.17364817766693,3.189759925509E-17,-0.984807753012208));
#7417=DIRECTION('',(-1.83690953073357E-16,-1.,0.));
#7418=DIRECTION('center_axis',(0.,0.,1.));
#7419=DIRECTION('ref_axis',(0.707106781186549,0.707106781186546,0.));
#7420=DIRECTION('',(2.80489898523058E-16,-0.173648177666931,-0.984807753012208));
#7421=DIRECTION('center_axis',(0.,0.,-1.));
#7422=DIRECTION('ref_axis',(0.707106781186549,0.707106781186546,0.));
#7423=DIRECTION('center_axis',(6.4151076429465E-17,0.984807753012208,-0.173648177666931));
#7424=DIRECTION('ref_axis',(1.,-6.51407101875951E-17,0.));
#7425=DIRECTION('',(1.,-6.51407101875951E-17,0.));
#7426=DIRECTION('center_axis',(-5.38014612209221E-33,-2.92765964835407E-33,
1.));
#7427=DIRECTION('ref_axis',(-1.83690953073357E-16,-1.,-2.92765964835407E-33));
#7428=DIRECTION('center_axis',(0.,0.,-1.));
#7429=DIRECTION('ref_axis',(3.31307447881691E-15,-1.,0.));
#7430=DIRECTION('center_axis',(0.,0.,-1.));
#7431=DIRECTION('ref_axis',(3.31307447881691E-15,-1.,0.));
#7432=DIRECTION('',(0.,0.,-1.));
#7433=DIRECTION('center_axis',(0.,0.,-1.));
#7434=DIRECTION('ref_axis',(3.31307447881691E-15,-1.,0.));
#7435=DIRECTION('',(0.,0.,-1.));
#7436=DIRECTION('center_axis',(-6.51407101875951E-17,-1.,0.));
#7437=DIRECTION('ref_axis',(-1.,6.51407101875951E-17,0.));
#7438=DIRECTION('',(-1.,6.51407101875951E-17,0.));
#7439=DIRECTION('',(-1.,6.51407101875951E-17,0.));
#7440=DIRECTION('',(0.,0.,-1.));
#7441=DIRECTION('center_axis',(0.,0.,-1.));
#7442=DIRECTION('ref_axis',(1.,3.31307447881693E-15,0.));
#7443=DIRECTION('center_axis',(0.,0.,-1.));
#7444=DIRECTION('ref_axis',(1.,3.31307447881693E-15,0.));
#7445=DIRECTION('center_axis',(0.,0.,-1.));
#7446=DIRECTION('ref_axis',(1.,3.31307447881693E-15,0.));
#7447=DIRECTION('',(0.,0.,-1.));
#7448=DIRECTION('center_axis',(1.,-1.83690953073357E-16,0.));
#7449=DIRECTION('ref_axis',(-1.83690953073357E-16,-1.,0.));
#7450=DIRECTION('',(-1.83690953073357E-16,-1.,0.));
#7451=DIRECTION('',(-1.83690953073357E-16,-1.,0.));
#7452=DIRECTION('',(0.,0.,-1.));
#7453=DIRECTION('center_axis',(0.,0.,-1.));
#7454=DIRECTION('ref_axis',(1.93207366901848E-15,1.,0.));
#7455=DIRECTION('center_axis',(0.,0.,-1.));
#7456=DIRECTION('ref_axis',(1.93207366901848E-15,1.,0.));
#7457=DIRECTION('center_axis',(0.,0.,-1.));
#7458=DIRECTION('ref_axis',(1.93207366901848E-15,1.,0.));
#7459=DIRECTION('',(0.,0.,-1.));
#7460=DIRECTION('center_axis',(6.51407101875951E-17,1.,0.));
#7461=DIRECTION('ref_axis',(1.,-6.51407101875951E-17,0.));
#7462=DIRECTION('',(1.,-6.51407101875951E-17,0.));
#7463=DIRECTION('',(1.,-6.51407101875951E-17,0.));
#7464=DIRECTION('',(0.,0.,-1.));
#7465=DIRECTION('center_axis',(0.,0.,-1.));
#7466=DIRECTION('ref_axis',(-1.,1.83690953073357E-16,0.));
#7467=DIRECTION('center_axis',(0.,0.,-1.));
#7468=DIRECTION('ref_axis',(-1.,1.83690953073357E-16,0.));
#7469=DIRECTION('center_axis',(0.,0.,-1.));
#7470=DIRECTION('ref_axis',(-1.,1.83690953073357E-16,0.));
#7471=DIRECTION('',(0.,0.,-1.));
#7472=DIRECTION('center_axis',(-1.,1.83690953073357E-16,0.));
#7473=DIRECTION('ref_axis',(1.83690953073357E-16,1.,0.));
#7474=DIRECTION('',(1.83690953073357E-16,1.,0.));
#7475=DIRECTION('',(1.83690953073357E-16,1.,0.));
#7476=DIRECTION('center_axis',(0.,0.,1.));
#7477=DIRECTION('ref_axis',(-1.83690953073357E-16,-1.,0.));
#7478=DIRECTION('center_axis',(0.,0.,1.));
#7479=DIRECTION('ref_axis',(-1.83690953073357E-16,-1.,0.));
#7480=DIRECTION('center_axis',(0.,0.,-1.));
#7481=DIRECTION('ref_axis',(1.83690953073357E-16,1.,0.));
#7482=DIRECTION('center_axis',(0.,0.,-1.));
#7483=DIRECTION('ref_axis',(1.83690953073357E-16,1.,0.));
#7484=DIRECTION('center_axis',(0.,0.,1.));
#7485=DIRECTION('ref_axis',(1.83690953073357E-16,1.,0.));
#7486=DIRECTION('center_axis',(0.,0.,1.));
#7487=DIRECTION('ref_axis',(-1.83690953073357E-16,-1.,0.));
#7488=DIRECTION('center_axis',(0.,0.,1.));
#7489=DIRECTION('ref_axis',(-1.83690953073357E-16,-1.,0.));
#7490=DIRECTION('center_axis',(0.,0.,-1.));
#7491=DIRECTION('ref_axis',(0.650823793049513,0.759228812941556,0.));
#7492=DIRECTION('center_axis',(0.,0.,1.));
#7493=DIRECTION('ref_axis',(0.650823793049513,0.759228812941556,0.));
#7494=DIRECTION('',(0.,0.,-1.));
#7495=DIRECTION('center_axis',(0.,0.,1.));
#7496=DIRECTION('ref_axis',(0.650823793049513,0.759228812941556,0.));
#7497=DIRECTION('',(0.,0.,-1.));
#7498=DIRECTION('center_axis',(0.,0.,-1.));
#7499=DIRECTION('ref_axis',(-0.359106531136482,0.933296576279546,0.));
#7500=DIRECTION('center_axis',(0.,0.,1.));
#7501=DIRECTION('ref_axis',(-0.359106531136482,0.933296576279546,0.));
#7502=DIRECTION('center_axis',(0.,0.,1.));
#7503=DIRECTION('ref_axis',(-0.359106531136482,0.933296576279546,0.));
#7504=DIRECTION('',(0.,0.,-1.));
#7505=DIRECTION('center_axis',(0.,0.,-1.));
#7506=DIRECTION('ref_axis',(0.833469928796195,0.552564817729528,0.));
#7507=DIRECTION('center_axis',(0.,0.,-1.));
#7508=DIRECTION('ref_axis',(0.833469928796195,0.552564817729528,0.));
#7509=DIRECTION('center_axis',(0.,0.,-1.));
#7510=DIRECTION('ref_axis',(0.833469928796195,0.552564817729528,0.));
#7511=DIRECTION('',(0.,0.,-1.));
#7512=DIRECTION('center_axis',(0.,0.,-1.));
#7513=DIRECTION('ref_axis',(0.609521618891401,0.792769447004617,0.));
#7514=DIRECTION('center_axis',(0.,0.,-1.));
#7515=DIRECTION('ref_axis',(0.609521618891401,0.792769447004617,0.));
#7516=DIRECTION('center_axis',(0.,0.,-1.));
#7517=DIRECTION('ref_axis',(0.609521618891401,0.792769447004617,0.));
#7518=DIRECTION('',(0.,0.,-1.));
#7519=DIRECTION('center_axis',(0.,0.,-1.));
#7520=DIRECTION('ref_axis',(0.178254569248849,0.983984404623319,0.));
#7521=DIRECTION('center_axis',(0.,0.,-1.));
#7522=DIRECTION('ref_axis',(0.178254569248849,0.983984404623319,0.));
#7523=DIRECTION('center_axis',(0.,0.,-1.));
#7524=DIRECTION('ref_axis',(0.178254569248849,0.983984404623319,0.));
#7525=DIRECTION('',(0.,0.,-1.));
#7526=DIRECTION('center_axis',(0.,0.,-1.));
#7527=DIRECTION('ref_axis',(-0.364835761663166,0.931071891430333,0.));
#7528=DIRECTION('center_axis',(0.,0.,-1.));
#7529=DIRECTION('ref_axis',(-0.364835761663166,0.931071891430333,0.));
#7530=DIRECTION('center_axis',(0.,0.,-1.));
#7531=DIRECTION('ref_axis',(-0.364835761663166,0.931071891430333,0.));
#7532=DIRECTION('',(0.,0.,-1.));
#7533=DIRECTION('center_axis',(0.,0.,-1.));
#7534=DIRECTION('ref_axis',(-0.74169356882602,0.67073888359191,0.));
#7535=DIRECTION('center_axis',(0.,0.,-1.));
#7536=DIRECTION('ref_axis',(-0.74169356882602,0.67073888359191,0.));
#7537=DIRECTION('center_axis',(0.,0.,-1.));
#7538=DIRECTION('ref_axis',(-0.74169356882602,0.67073888359191,0.));
#7539=DIRECTION('',(0.,0.,-1.));
#7540=DIRECTION('center_axis',(0.,0.,-1.));
#7541=DIRECTION('ref_axis',(-0.894217339184473,0.447633053182895,0.));
#7542=DIRECTION('center_axis',(0.,0.,-1.));
#7543=DIRECTION('ref_axis',(-0.894217339184473,0.447633053182895,0.));
#7544=DIRECTION('center_axis',(0.,0.,-1.));
#7545=DIRECTION('ref_axis',(-0.894217339184473,0.447633053182895,0.));
#7546=DIRECTION('',(0.,0.,-1.));
#7547=DIRECTION('center_axis',(0.,0.,-1.));
#7548=DIRECTION('ref_axis',(-0.967034231137138,0.254646413304812,0.));
#7549=DIRECTION('center_axis',(0.,0.,-1.));
#7550=DIRECTION('ref_axis',(-0.967034231137138,0.254646413304812,0.));
#7551=DIRECTION('center_axis',(0.,0.,-1.));
#7552=DIRECTION('ref_axis',(-0.967034231137138,0.254646413304812,0.));
#7553=DIRECTION('',(0.,0.,-1.));
#7554=DIRECTION('center_axis',(0.,0.,-1.));
#7555=DIRECTION('ref_axis',(-0.997164178240052,-0.0752569042337046,0.));
#7556=DIRECTION('center_axis',(0.,0.,-1.));
#7557=DIRECTION('ref_axis',(-0.997164178240052,-0.0752569042337046,0.));
#7558=DIRECTION('center_axis',(0.,0.,-1.));
#7559=DIRECTION('ref_axis',(-0.997164178240052,-0.0752569042337046,0.));
#7560=DIRECTION('',(0.,0.,-1.));
#7561=DIRECTION('center_axis',(0.,0.,-1.));
#7562=DIRECTION('ref_axis',(-0.900850400473876,-0.434129653405589,0.));
#7563=DIRECTION('center_axis',(0.,0.,-1.));
#7564=DIRECTION('ref_axis',(-0.900850400473876,-0.434129653405589,0.));
#7565=DIRECTION('center_axis',(0.,0.,-1.));
#7566=DIRECTION('ref_axis',(-0.900850400473876,-0.434129653405589,0.));
#7567=DIRECTION('',(0.,0.,-1.));
#7568=DIRECTION('center_axis',(0.226238221404272,-0.974072003075662,0.));
#7569=DIRECTION('ref_axis',(-0.974072003075661,-0.226238221404272,0.));
#7570=DIRECTION('',(-0.974072003075661,-0.226238221404272,0.));
#7571=DIRECTION('',(-0.974072003075661,-0.226238221404272,0.));
#7572=DIRECTION('',(0.,0.,-1.));
#7573=DIRECTION('center_axis',(0.,0.,-1.));
#7574=DIRECTION('ref_axis',(0.986102555786573,-0.166137742464463,0.));
#7575=DIRECTION('center_axis',(0.,0.,-1.));
#7576=DIRECTION('ref_axis',(0.986102555786573,-0.166137742464463,0.));
#7577=DIRECTION('center_axis',(0.,0.,-1.));
#7578=DIRECTION('ref_axis',(0.986102555786573,-0.166137742464463,0.));
#7579=DIRECTION('',(0.,0.,-1.));
#7580=DIRECTION('center_axis',(0.,0.,-1.));
#7581=DIRECTION('ref_axis',(0.198582929856394,-0.980084088213685,0.));
#7582=DIRECTION('center_axis',(0.,0.,1.));
#7583=DIRECTION('ref_axis',(0.198582929856394,-0.980084088213685,0.));
#7584=DIRECTION('center_axis',(0.,0.,1.));
#7585=DIRECTION('ref_axis',(0.198582929856394,-0.980084088213685,0.));
#7586=DIRECTION('',(0.,0.,-1.));
#7587=DIRECTION('center_axis',(0.,0.,-1.));
#7588=DIRECTION('ref_axis',(0.997104626840112,0.0760418512007734,0.));
#7589=DIRECTION('center_axis',(0.,0.,1.));
#7590=DIRECTION('ref_axis',(0.997104626840112,0.0760418512007734,0.));
#7591=DIRECTION('center_axis',(0.,0.,1.));
#7592=DIRECTION('ref_axis',(0.997104626840112,0.0760418512007734,0.));
#7593=DIRECTION('',(0.,0.,-1.));
#7594=DIRECTION('center_axis',(-0.226238220983374,0.974072003173419,0.));
#7595=DIRECTION('ref_axis',(0.974072003173419,0.226238220983374,0.));
#7596=DIRECTION('',(0.974072003173419,0.226238220983374,0.));
#7597=DIRECTION('',(0.974072003173419,0.226238220983374,0.));
#7598=DIRECTION('',(0.,0.,-1.));
#7599=DIRECTION('center_axis',(-0.226238221407929,0.974072003074812,0.));
#7600=DIRECTION('ref_axis',(0.974072003074812,0.226238221407929,0.));
#7601=DIRECTION('',(0.974072003074812,0.226238221407929,0.));
#7602=DIRECTION('',(0.974072003074812,0.226238221407929,0.));
#7603=DIRECTION('',(0.,0.,-1.));
#7604=DIRECTION('center_axis',(0.,0.,-1.));
#7605=DIRECTION('ref_axis',(-0.934200252113447,-0.356749055991984,0.));
#7606=DIRECTION('center_axis',(0.,0.,1.));
#7607=DIRECTION('ref_axis',(-0.934200252113447,-0.356749055991984,0.));
#7608=DIRECTION('center_axis',(0.,0.,1.));
#7609=DIRECTION('ref_axis',(-0.934200252113447,-0.356749055991984,0.));
#7610=DIRECTION('',(0.,0.,-1.));
#7611=DIRECTION('center_axis',(0.,0.,-1.));
#7612=DIRECTION('ref_axis',(-0.986701417704629,-0.162543262855384,0.));
#7613=DIRECTION('center_axis',(0.,0.,1.));
#7614=DIRECTION('ref_axis',(-0.986701417704629,-0.162543262855384,0.));
#7615=DIRECTION('center_axis',(0.,0.,1.));
#7616=DIRECTION('ref_axis',(-0.986701417704629,-0.162543262855384,0.));
#7617=DIRECTION('',(0.,0.,-1.));
#7618=DIRECTION('center_axis',(0.,0.,-1.));
#7619=DIRECTION('ref_axis',(-0.995510984643872,0.0946460746855791,0.));
#7620=DIRECTION('center_axis',(0.,0.,1.));
#7621=DIRECTION('ref_axis',(-0.995510984643872,0.0946460746855791,0.));
#7622=DIRECTION('center_axis',(0.,0.,1.));
#7623=DIRECTION('ref_axis',(-0.995510984643872,0.0946460746855791,0.));
#7624=DIRECTION('',(0.,0.,-1.));
#7625=DIRECTION('center_axis',(0.,0.,-1.));
#7626=DIRECTION('ref_axis',(-0.949066817008989,0.315074874993906,0.));
#7627=DIRECTION('center_axis',(0.,0.,1.));
#7628=DIRECTION('ref_axis',(-0.949066817008989,0.315074874993906,0.));
#7629=DIRECTION('center_axis',(0.,0.,1.));
#7630=DIRECTION('ref_axis',(-0.949066817008989,0.315074874993906,0.));
#7631=DIRECTION('',(0.,0.,-1.));
#7632=DIRECTION('center_axis',(0.,0.,-1.));
#7633=DIRECTION('ref_axis',(-0.836369389810688,0.548166255608367,0.));
#7634=DIRECTION('center_axis',(0.,0.,1.));
#7635=DIRECTION('ref_axis',(-0.836369389810688,0.548166255608367,0.));
#7636=DIRECTION('center_axis',(0.,0.,1.));
#7637=DIRECTION('ref_axis',(-0.836369389810688,0.548166255608367,0.));
#7638=DIRECTION('',(0.,0.,-1.));
#7639=DIRECTION('center_axis',(0.,0.,-1.));
#7640=DIRECTION('ref_axis',(-0.583726883587401,0.811950075668043,0.));
#7641=DIRECTION('center_axis',(0.,0.,1.));
#7642=DIRECTION('ref_axis',(-0.583726883587401,0.811950075668043,0.));
#7643=DIRECTION('center_axis',(0.,0.,1.));
#7644=DIRECTION('ref_axis',(-0.583726883587401,0.811950075668043,0.));
#7645=DIRECTION('',(0.,0.,-1.));
#7646=DIRECTION('center_axis',(0.,0.,-1.));
#7647=DIRECTION('ref_axis',(-0.172351240941089,0.985035557604936,0.));
#7648=DIRECTION('center_axis',(0.,0.,1.));
#7649=DIRECTION('ref_axis',(-0.172351240941089,0.985035557604936,0.));
#7650=DIRECTION('center_axis',(0.,0.,1.));
#7651=DIRECTION('ref_axis',(-0.172351240941089,0.985035557604936,0.));
#7652=DIRECTION('',(0.,0.,-1.));
#7653=DIRECTION('center_axis',(0.,0.,-1.));
#7654=DIRECTION('ref_axis',(0.29751281221045,0.954717825627358,0.));
#7655=DIRECTION('center_axis',(0.,0.,1.));
#7656=DIRECTION('ref_axis',(0.29751281221045,0.954717825627358,0.));
#7657=DIRECTION('center_axis',(0.,0.,1.));
#7658=DIRECTION('ref_axis',(0.29751281221045,0.954717825627358,0.));
#7659=DIRECTION('center_axis',(0.,0.,1.));
#7660=DIRECTION('ref_axis',(-1.83690953073357E-16,-1.,0.));
#7661=DIRECTION('center_axis',(0.,0.,1.));
#7662=DIRECTION('ref_axis',(-1.83690953073357E-16,-1.,0.));
#7663=DIRECTION('center_axis',(5.89426511071744E-16,1.,0.));
#7664=DIRECTION('ref_axis',(1.,-5.89426511071744E-16,0.));
#7665=DIRECTION('',(1.,-5.89426511071744E-16,0.));
#7666=DIRECTION('',(0.,0.,-1.));
#7667=DIRECTION('',(1.,-5.89426511071744E-16,0.));
#7668=DIRECTION('',(0.,0.,-1.));
#7669=DIRECTION('center_axis',(-1.,5.89426511071744E-16,0.));
#7670=DIRECTION('ref_axis',(5.89426511071744E-16,1.,0.));
#7671=DIRECTION('',(5.89426511071744E-16,1.,0.));
#7672=DIRECTION('',(5.89426511071744E-16,1.,0.));
#7673=DIRECTION('',(0.,0.,-1.));
#7674=DIRECTION('center_axis',(-5.89426511071744E-16,-1.,0.));
#7675=DIRECTION('ref_axis',(-1.,5.89426511071744E-16,0.));
#7676=DIRECTION('',(-1.,5.89426511071744E-16,0.));
#7677=DIRECTION('',(-1.,5.89426511071744E-16,0.));
#7678=DIRECTION('',(0.,0.,-1.));
#7679=DIRECTION('center_axis',(1.,-5.89426511071744E-16,0.));
#7680=DIRECTION('ref_axis',(-5.89426511071744E-16,-1.,0.));
#7681=DIRECTION('',(-5.89426511071744E-16,-1.,0.));
#7682=DIRECTION('',(-5.89426511071744E-16,-1.,0.));
#7683=DIRECTION('center_axis',(0.,0.,-1.));
#7684=DIRECTION('ref_axis',(1.83690953073357E-16,1.,0.));
#7685=DIRECTION('center_axis',(0.,0.,1.));
#7686=DIRECTION('ref_axis',(-1.83690953073357E-16,-1.,0.));
#7687=DIRECTION('center_axis',(1.,-5.89426511071744E-16,0.));
#7688=DIRECTION('ref_axis',(-5.89426511071744E-16,-1.,0.));
#7689=DIRECTION('',(-5.89426511071744E-16,-1.,0.));
#7690=DIRECTION('',(0.,0.,-1.));
#7691=DIRECTION('',(-5.89426511071744E-16,-1.,0.));
#7692=DIRECTION('',(0.,0.,-1.));
#7693=DIRECTION('center_axis',(-0.226238221393426,0.974072003078181,0.));
#7694=DIRECTION('ref_axis',(0.974072003078181,0.226238221393426,0.));
#7695=DIRECTION('',(0.974072003078181,0.226238221393426,0.));
#7696=DIRECTION('',(0.974072003078181,0.226238221393426,0.));
#7697=DIRECTION('',(0.,0.,-1.));
#7698=DIRECTION('center_axis',(-1.,5.89426511071744E-16,0.));
#7699=DIRECTION('ref_axis',(5.89426511071744E-16,1.,0.));
#7700=DIRECTION('',(5.89426511071744E-16,1.,0.));
#7701=DIRECTION('',(5.89426511071744E-16,1.,0.));
#7702=DIRECTION('',(0.,0.,-1.));
#7703=DIRECTION('center_axis',(0.226238221394324,-0.974072003077972,0.));
#7704=DIRECTION('ref_axis',(-0.974072003077972,-0.226238221394324,0.));
#7705=DIRECTION('',(-0.974072003077972,-0.226238221394324,0.));
#7706=DIRECTION('',(-0.974072003077972,-0.226238221394324,0.));
#7707=DIRECTION('center_axis',(0.,0.,-1.));
#7708=DIRECTION('ref_axis',(1.83690953073357E-16,1.,0.));
#7709=DIRECTION('center_axis',(0.,0.,1.));
#7710=DIRECTION('ref_axis',(-1.83690953073357E-16,-1.,0.));
#7711=DIRECTION('center_axis',(1.,-5.89426511071744E-16,0.));
#7712=DIRECTION('ref_axis',(-5.89426511071744E-16,-1.,0.));
#7713=DIRECTION('',(-5.89426511071744E-16,-1.,0.));
#7714=DIRECTION('',(0.,0.,-1.));
#7715=DIRECTION('',(-5.89426511071744E-16,-1.,0.));
#7716=DIRECTION('',(0.,0.,-1.));
#7717=DIRECTION('center_axis',(5.89426511071744E-16,1.,0.));
#7718=DIRECTION('ref_axis',(1.,-5.89426511071744E-16,0.));
#7719=DIRECTION('',(1.,-5.89426511071744E-16,0.));
#7720=DIRECTION('',(1.,-5.89426511071744E-16,0.));
#7721=DIRECTION('',(0.,0.,-1.));
#7722=DIRECTION('center_axis',(-1.,5.89426511071744E-16,0.));
#7723=DIRECTION('ref_axis',(5.89426511071744E-16,1.,0.));
#7724=DIRECTION('',(5.89426511071744E-16,1.,0.));
#7725=DIRECTION('',(5.89426511071744E-16,1.,0.));
#7726=DIRECTION('',(0.,0.,-1.));
#7727=DIRECTION('center_axis',(5.89426511071744E-16,1.,0.));
#7728=DIRECTION('ref_axis',(1.,-5.89426511071744E-16,0.));
#7729=DIRECTION('',(1.,-5.89426511071744E-16,0.));
#7730=DIRECTION('',(1.,-5.89426511071744E-16,0.));
#7731=DIRECTION('',(0.,0.,-1.));
#7732=DIRECTION('center_axis',(-1.,5.89426511071744E-16,0.));
#7733=DIRECTION('ref_axis',(5.89426511071744E-16,1.,0.));
#7734=DIRECTION('',(5.89426511071744E-16,1.,0.));
#7735=DIRECTION('',(5.89426511071744E-16,1.,0.));
#7736=DIRECTION('',(0.,0.,-1.));
#7737=DIRECTION('center_axis',(-5.89426511071744E-16,-1.,0.));
#7738=DIRECTION('ref_axis',(-1.,5.89426511071744E-16,0.));
#7739=DIRECTION('',(-1.,5.89426511071744E-16,0.));
#7740=DIRECTION('',(-1.,5.89426511071744E-16,0.));
#7741=DIRECTION('',(0.,0.,-1.));
#7742=DIRECTION('center_axis',(-1.,5.89426511071744E-16,0.));
#7743=DIRECTION('ref_axis',(5.89426511071744E-16,1.,0.));
#7744=DIRECTION('',(5.89426511071744E-16,1.,0.));
#7745=DIRECTION('',(5.89426511071744E-16,1.,0.));
#7746=DIRECTION('',(0.,0.,-1.));
#7747=DIRECTION('center_axis',(-5.89426511071744E-16,-1.,0.));
#7748=DIRECTION('ref_axis',(-1.,5.89426511071744E-16,0.));
#7749=DIRECTION('',(-1.,5.89426511071744E-16,0.));
#7750=DIRECTION('',(-1.,5.89426511071744E-16,0.));
#7751=DIRECTION('',(0.,0.,-1.));
#7752=DIRECTION('center_axis',(1.,-5.89426511071744E-16,0.));
#7753=DIRECTION('ref_axis',(-5.89426511071744E-16,-1.,0.));
#7754=DIRECTION('',(-5.89426511071744E-16,-1.,0.));
#7755=DIRECTION('',(-5.89426511071744E-16,-1.,0.));
#7756=DIRECTION('',(0.,0.,-1.));
#7757=DIRECTION('center_axis',(-5.89426511071744E-16,-1.,0.));
#7758=DIRECTION('ref_axis',(-1.,5.89426511071744E-16,0.));
#7759=DIRECTION('',(-1.,5.89426511071744E-16,0.));
#7760=DIRECTION('',(-1.,5.89426511071744E-16,0.));
#7761=DIRECTION('',(0.,0.,-1.));
#7762=DIRECTION('center_axis',(0.,0.,-1.));
#7763=DIRECTION('ref_axis',(0.177563345912701,0.984109373082223,0.));
#7764=DIRECTION('center_axis',(0.,0.,1.));
#7765=DIRECTION('ref_axis',(0.177563345912701,0.984109373082223,0.));
#7766=DIRECTION('center_axis',(0.,0.,1.));
#7767=DIRECTION('ref_axis',(0.177563345912701,0.984109373082223,0.));
#7768=DIRECTION('',(0.,0.,-1.));
#7769=DIRECTION('center_axis',(0.,0.,-1.));
#7770=DIRECTION('ref_axis',(0.859522989688275,0.511097084903964,0.));
#7771=DIRECTION('center_axis',(0.,0.,1.));
#7772=DIRECTION('ref_axis',(0.859522989688275,0.511097084903964,0.));
#7773=DIRECTION('center_axis',(0.,0.,1.));
#7774=DIRECTION('ref_axis',(0.859522989688275,0.511097084903964,0.));
#7775=DIRECTION('',(0.,0.,-1.));
#7776=DIRECTION('center_axis',(0.,0.,-1.));
#7777=DIRECTION('ref_axis',(0.974428800283742,-0.224696491244493,0.));
#7778=DIRECTION('center_axis',(0.,0.,1.));
#7779=DIRECTION('ref_axis',(0.974428800283742,-0.224696491244493,0.));
#7780=DIRECTION('center_axis',(0.,0.,1.));
#7781=DIRECTION('ref_axis',(0.974428800283742,-0.224696491244493,0.));
#7782=DIRECTION('',(0.,0.,-1.));
#7783=DIRECTION('center_axis',(-5.89426511071744E-16,-1.,0.));
#7784=DIRECTION('ref_axis',(-1.,5.89426511071744E-16,0.));
#7785=DIRECTION('',(-1.,5.89426511071744E-16,0.));
#7786=DIRECTION('',(-1.,5.89426511071744E-16,0.));
#7787=DIRECTION('',(0.,0.,-1.));
#7788=DIRECTION('center_axis',(0.,0.,-1.));
#7789=DIRECTION('ref_axis',(0.971910234092347,-0.235351857580431,0.));
#7790=DIRECTION('center_axis',(0.,0.,-1.));
#7791=DIRECTION('ref_axis',(0.971910234092347,-0.235351857580431,0.));
#7792=DIRECTION('center_axis',(0.,0.,-1.));
#7793=DIRECTION('ref_axis',(0.971910234092347,-0.235351857580431,0.));
#7794=DIRECTION('',(0.,0.,-1.));
#7795=DIRECTION('center_axis',(0.,0.,-1.));
#7796=DIRECTION('ref_axis',(0.969172500805282,0.246383164365658,0.));
#7797=DIRECTION('center_axis',(0.,0.,-1.));
#7798=DIRECTION('ref_axis',(0.969172500805282,0.246383164365658,0.));
#7799=DIRECTION('center_axis',(0.,0.,-1.));
#7800=DIRECTION('ref_axis',(0.969172500805282,0.246383164365658,0.));
#7801=DIRECTION('',(0.,0.,-1.));
#7802=DIRECTION('center_axis',(0.,0.,-1.));
#7803=DIRECTION('ref_axis',(0.766270793304726,0.642517759542992,0.));
#7804=DIRECTION('center_axis',(0.,0.,-1.));
#7805=DIRECTION('ref_axis',(0.766270793304726,0.642517759542992,0.));
#7806=DIRECTION('center_axis',(0.,0.,-1.));
#7807=DIRECTION('ref_axis',(0.766270793304726,0.642517759542992,0.));
#7808=DIRECTION('',(0.,0.,-1.));
#7809=DIRECTION('center_axis',(0.,0.,-1.));
#7810=DIRECTION('ref_axis',(0.344254649178147,0.938876315879376,0.));
#7811=DIRECTION('center_axis',(0.,0.,-1.));
#7812=DIRECTION('ref_axis',(0.344254649178147,0.938876315879376,0.));
#7813=DIRECTION('center_axis',(0.,0.,-1.));
#7814=DIRECTION('ref_axis',(0.344254649178147,0.938876315879376,0.));
#7815=DIRECTION('',(0.,0.,-1.));
#7816=DIRECTION('center_axis',(5.89426511071744E-16,1.,0.));
#7817=DIRECTION('ref_axis',(1.,-5.89426511071744E-16,0.));
#7818=DIRECTION('',(1.,-5.89426511071744E-16,0.));
#7819=DIRECTION('',(1.,-5.89426511071744E-16,0.));
#7820=DIRECTION('center_axis',(0.,0.,1.));
#7821=DIRECTION('ref_axis',(-1.83690953073357E-16,-1.,0.));
#7822=DIRECTION('center_axis',(0.,0.,1.));
#7823=DIRECTION('ref_axis',(-1.83690953073357E-16,-1.,0.));
#7824=DIRECTION('center_axis',(0.,0.,-1.));
#7825=DIRECTION('ref_axis',(1.,-5.89426511071744E-16,0.));
#7826=DIRECTION('center_axis',(0.,0.,1.));
#7827=DIRECTION('ref_axis',(1.,-5.89426511071744E-16,0.));
#7828=DIRECTION('center_axis',(0.,0.,-1.));
#7829=DIRECTION('ref_axis',(1.,-5.89426511071744E-16,0.));
#7830=DIRECTION('center_axis',(0.,0.,1.));
#7831=DIRECTION('ref_axis',(1.,-4.05735557998388E-16,0.));
#7832=DIRECTION('center_axis',(0.,0.,1.));
#7833=DIRECTION('ref_axis',(1.,-4.05735557998388E-16,0.));
#7834=DIRECTION('center_axis',(0.,0.,-1.));
#7835=DIRECTION('ref_axis',(-5.89426511071744E-16,-1.,0.));
#7836=DIRECTION('center_axis',(0.,0.,-1.));
#7837=DIRECTION('ref_axis',(-5.89426511071744E-16,-1.,0.));
#7838=DIRECTION('center_axis',(0.,0.,-1.));
#7839=DIRECTION('ref_axis',(-5.89426511071744E-16,-1.,0.));
#7840=DIRECTION('center_axis',(0.,0.,1.));
#7841=DIRECTION('ref_axis',(-1.83690953073357E-16,-1.,0.));
#7842=DIRECTION('center_axis',(0.,0.,1.));
#7843=DIRECTION('ref_axis',(-1.83690953073357E-16,-1.,0.));
#7844=DIRECTION('center_axis',(-5.89426511071744E-16,-1.,0.));
#7845=DIRECTION('ref_axis',(-1.,5.89426511071744E-16,0.));
#7846=DIRECTION('',(-1.,5.89426511071744E-16,0.));
#7847=DIRECTION('',(0.,0.,-1.));
#7848=DIRECTION('',(-1.,5.89426511071744E-16,0.));
#7849=DIRECTION('',(0.,0.,-1.));
#7850=DIRECTION('center_axis',(1.,-5.89426511071744E-16,0.));
#7851=DIRECTION('ref_axis',(-5.89426511071744E-16,-1.,0.));
#7852=DIRECTION('',(-5.89426511071744E-16,-1.,0.));
#7853=DIRECTION('',(-5.89426511071744E-16,-1.,0.));
#7854=DIRECTION('',(0.,0.,-1.));
#7855=DIRECTION('center_axis',(5.89426511071744E-16,1.,0.));
#7856=DIRECTION('ref_axis',(1.,-5.89426511071744E-16,0.));
#7857=DIRECTION('',(1.,-5.89426511071744E-16,0.));
#7858=DIRECTION('',(1.,-5.89426511071744E-16,0.));
#7859=DIRECTION('',(0.,0.,-1.));
#7860=DIRECTION('center_axis',(-1.,5.89426511071744E-16,0.));
#7861=DIRECTION('ref_axis',(5.89426511071744E-16,1.,0.));
#7862=DIRECTION('',(5.89426511071744E-16,1.,0.));
#7863=DIRECTION('',(5.89426511071744E-16,1.,0.));
#7864=DIRECTION('',(0.,0.,-1.));
#7865=DIRECTION('center_axis',(-5.89426511071744E-16,-1.,0.));
#7866=DIRECTION('ref_axis',(-1.,5.89426511071744E-16,0.));
#7867=DIRECTION('',(-1.,5.89426511071744E-16,0.));
#7868=DIRECTION('',(-1.,5.89426511071744E-16,0.));
#7869=DIRECTION('',(0.,0.,-1.));
#7870=DIRECTION('center_axis',(0.,0.,-1.));
#7871=DIRECTION('ref_axis',(0.515110309840077,0.857123893434584,0.));
#7872=DIRECTION('center_axis',(0.,0.,1.));
#7873=DIRECTION('ref_axis',(0.515110309840077,0.857123893434584,0.));
#7874=DIRECTION('center_axis',(0.,0.,1.));
#7875=DIRECTION('ref_axis',(0.515110309840077,0.857123893434584,0.));
#7876=DIRECTION('',(0.,0.,-1.));
#7877=DIRECTION('center_axis',(0.,0.,-1.));
#7878=DIRECTION('ref_axis',(0.98672505326738,-0.162399720610862,0.));
#7879=DIRECTION('center_axis',(0.,0.,1.));
#7880=DIRECTION('ref_axis',(0.98672505326738,-0.162399720610862,0.));
#7881=DIRECTION('center_axis',(0.,0.,1.));
#7882=DIRECTION('ref_axis',(0.98672505326738,-0.162399720610862,0.));
#7883=DIRECTION('',(0.,0.,-1.));
#7884=DIRECTION('center_axis',(0.,0.,-1.));
#7885=DIRECTION('ref_axis',(0.231620527438527,-0.972806214653822,0.));
#7886=DIRECTION('center_axis',(0.,0.,1.));
#7887=DIRECTION('ref_axis',(0.231620527438527,-0.972806214653822,0.));
#7888=DIRECTION('center_axis',(0.,0.,1.));
#7889=DIRECTION('ref_axis',(0.231620527438527,-0.972806214653822,0.));
#7890=DIRECTION('',(0.,0.,-1.));
#7891=DIRECTION('center_axis',(5.89426511071744E-16,1.,0.));
#7892=DIRECTION('ref_axis',(1.,-5.89426511071744E-16,0.));
#7893=DIRECTION('',(1.,-5.89426511071744E-16,0.));
#7894=DIRECTION('',(1.,-5.89426511071744E-16,0.));
#7895=DIRECTION('',(0.,0.,-1.));
#7896=DIRECTION('center_axis',(-1.,5.89426511071744E-16,0.));
#7897=DIRECTION('ref_axis',(5.89426511071744E-16,1.,0.));
#7898=DIRECTION('',(5.89426511071744E-16,1.,0.));
#7899=DIRECTION('',(5.89426511071744E-16,1.,0.));
#7900=DIRECTION('',(0.,0.,-1.));
#7901=DIRECTION('center_axis',(1.38165584663274E-11,-1.,0.));
#7902=DIRECTION('ref_axis',(-1.,-1.38165584663274E-11,0.));
#7903=DIRECTION('',(-1.,-1.38165584663274E-11,0.));
#7904=DIRECTION('',(-1.,-1.38165584663274E-11,0.));
#7905=DIRECTION('',(0.,0.,-1.));
#7906=DIRECTION('center_axis',(0.,0.,-1.));
#7907=DIRECTION('ref_axis',(0.236812467816129,-0.97155537932062,0.));
#7908=DIRECTION('center_axis',(0.,0.,-1.));
#7909=DIRECTION('ref_axis',(0.236812467816129,-0.97155537932062,0.));
#7910=DIRECTION('center_axis',(0.,0.,-1.));
#7911=DIRECTION('ref_axis',(0.236812467816129,-0.97155537932062,0.));
#7912=DIRECTION('',(0.,0.,-1.));
#7913=DIRECTION('center_axis',(0.,0.,-1.));
#7914=DIRECTION('ref_axis',(0.744531910327131,-0.667586874125483,0.));
#7915=DIRECTION('center_axis',(0.,0.,-1.));
#7916=DIRECTION('ref_axis',(0.744531910327131,-0.667586874125483,0.));
#7917=DIRECTION('center_axis',(0.,0.,-1.));
#7918=DIRECTION('ref_axis',(0.744531910327131,-0.667586874125483,0.));
#7919=DIRECTION('',(0.,0.,-1.));
#7920=DIRECTION('center_axis',(0.,0.,-1.));
#7921=DIRECTION('ref_axis',(0.99832995840944,-0.057769318346383,0.));
#7922=DIRECTION('center_axis',(0.,0.,-1.));
#7923=DIRECTION('ref_axis',(0.99832995840944,-0.057769318346383,0.));
#7924=DIRECTION('center_axis',(0.,0.,-1.));
#7925=DIRECTION('ref_axis',(0.99832995840944,-0.057769318346383,0.));
#7926=DIRECTION('',(0.,0.,-1.));
#7927=DIRECTION('center_axis',(0.,0.,-1.));
#7928=DIRECTION('ref_axis',(0.843661487721127,0.536875492210413,0.));
#7929=DIRECTION('center_axis',(0.,0.,-1.));
#7930=DIRECTION('ref_axis',(0.843661487721127,0.536875492210413,0.));
#7931=DIRECTION('center_axis',(0.,0.,-1.));
#7932=DIRECTION('ref_axis',(0.843661487721127,0.536875492210413,0.));
#7933=DIRECTION('center_axis',(0.,0.,1.));
#7934=DIRECTION('ref_axis',(-1.83690953073357E-16,-1.,0.));
#7935=DIRECTION('center_axis',(0.,0.,1.));
#7936=DIRECTION('ref_axis',(-1.83690953073357E-16,-1.,0.));
#7937=DIRECTION('center_axis',(0.,0.,-1.));
#7938=DIRECTION('ref_axis',(0.915421967363396,0.402495492730702,0.));
#7939=DIRECTION('center_axis',(0.,0.,1.));
#7940=DIRECTION('ref_axis',(0.915421967363396,0.402495492730702,0.));
#7941=DIRECTION('',(0.,0.,-1.));
#7942=DIRECTION('center_axis',(0.,0.,1.));
#7943=DIRECTION('ref_axis',(0.915421967363396,0.402495492730702,0.));
#7944=DIRECTION('',(0.,0.,-1.));
#7945=DIRECTION('center_axis',(0.,0.,-1.));
#7946=DIRECTION('ref_axis',(0.971642155340628,-0.236456173455081,0.));
#7947=DIRECTION('center_axis',(0.,0.,1.));
#7948=DIRECTION('ref_axis',(0.971642155340628,-0.236456173455081,0.));
#7949=DIRECTION('center_axis',(0.,0.,1.));
#7950=DIRECTION('ref_axis',(0.971642155340628,-0.236456173455081,0.));
#7951=DIRECTION('',(0.,0.,-1.));
#7952=DIRECTION('center_axis',(0.,0.,-1.));
#7953=DIRECTION('ref_axis',(0.628736424015265,-0.777618485580491,0.));
#7954=DIRECTION('center_axis',(0.,0.,1.));
#7955=DIRECTION('ref_axis',(0.628736424015265,-0.777618485580491,0.));
#7956=DIRECTION('center_axis',(0.,0.,1.));
#7957=DIRECTION('ref_axis',(0.628736424015265,-0.777618485580491,0.));
#7958=DIRECTION('',(0.,0.,-1.));
#7959=DIRECTION('center_axis',(0.,0.,-1.));
#7960=DIRECTION('ref_axis',(0.187419360025663,-0.982279992409278,0.));
#7961=DIRECTION('center_axis',(0.,0.,1.));
#7962=DIRECTION('ref_axis',(0.187419360025663,-0.982279992409278,0.));
#7963=DIRECTION('center_axis',(0.,0.,1.));
#7964=DIRECTION('ref_axis',(0.187419360025663,-0.982279992409278,0.));
#7965=DIRECTION('',(0.,0.,-1.));
#7966=DIRECTION('center_axis',(5.89426511071744E-16,1.,0.));
#7967=DIRECTION('ref_axis',(1.,-5.89426511071744E-16,0.));
#7968=DIRECTION('',(1.,-5.89426511071744E-16,0.));
#7969=DIRECTION('',(1.,-5.89426511071744E-16,0.));
#7970=DIRECTION('',(0.,0.,-1.));
#7971=DIRECTION('center_axis',(1.,-5.89426511071744E-16,0.));
#7972=DIRECTION('ref_axis',(-5.89426511071744E-16,-1.,0.));
#7973=DIRECTION('',(-5.89426511071744E-16,-1.,0.));
#7974=DIRECTION('',(-5.89426511071744E-16,-1.,0.));
#7975=DIRECTION('',(0.,0.,-1.));
#7976=DIRECTION('center_axis',(0.,0.,-1.));
#7977=DIRECTION('ref_axis',(0.0766964989915801,0.997054485493363,0.));
#7978=DIRECTION('center_axis',(0.,0.,1.));
#7979=DIRECTION('ref_axis',(0.0766964989915801,0.997054485493363,0.));
#7980=DIRECTION('center_axis',(0.,0.,1.));
#7981=DIRECTION('ref_axis',(0.0766964989915801,0.997054485493363,0.));
#7982=DIRECTION('',(0.,0.,-1.));
#7983=DIRECTION('center_axis',(0.,0.,-1.));
#7984=DIRECTION('ref_axis',(0.465746432728846,0.884918222436602,0.));
#7985=DIRECTION('center_axis',(0.,0.,1.));
#7986=DIRECTION('ref_axis',(0.465746432728846,0.884918222436602,0.));
#7987=DIRECTION('center_axis',(0.,0.,1.));
#7988=DIRECTION('ref_axis',(0.465746432728846,0.884918222436602,0.));
#7989=DIRECTION('center_axis',(0.,0.,-1.));
#7990=DIRECTION('ref_axis',(-0.230506191929478,-0.973070858407635,0.));
#7991=DIRECTION('center_axis',(0.,0.,1.));
#7992=DIRECTION('ref_axis',(-0.230506191929478,-0.973070858407635,0.));
#7993=DIRECTION('',(0.,0.,-1.));
#7994=DIRECTION('center_axis',(0.,0.,1.));
#7995=DIRECTION('ref_axis',(-0.230506191929478,-0.973070858407635,0.));
#7996=DIRECTION('',(0.,0.,-1.));
#7997=DIRECTION('center_axis',(0.,0.,-1.));
#7998=DIRECTION('ref_axis',(-0.686698641470337,-0.726942209396864,0.));
#7999=DIRECTION('center_axis',(0.,0.,1.));
#8000=DIRECTION('ref_axis',(-0.686698641470337,-0.726942209396864,0.));
#8001=DIRECTION('center_axis',(0.,0.,1.));
#8002=DIRECTION('ref_axis',(-0.686698641470337,-0.726942209396864,0.));
#8003=DIRECTION('',(0.,0.,-1.));
#8004=DIRECTION('center_axis',(0.,0.,-1.));
#8005=DIRECTION('ref_axis',(-0.989646076347273,-0.14352924291045,0.));
#8006=DIRECTION('center_axis',(0.,0.,1.));
#8007=DIRECTION('ref_axis',(-0.989646076347273,-0.14352924291045,0.));
#8008=DIRECTION('center_axis',(0.,0.,1.));
#8009=DIRECTION('ref_axis',(-0.989646076347273,-0.14352924291045,0.));
#8010=DIRECTION('',(0.,0.,-1.));
#8011=DIRECTION('center_axis',(0.,0.,-1.));
#8012=DIRECTION('ref_axis',(-0.707106781120309,0.707106781252786,0.));
#8013=DIRECTION('center_axis',(0.,0.,1.));
#8014=DIRECTION('ref_axis',(-0.707106781120309,0.707106781252786,0.));
#8015=DIRECTION('center_axis',(0.,0.,1.));
#8016=DIRECTION('ref_axis',(-0.707106781120309,0.707106781252786,0.));
#8017=DIRECTION('',(0.,0.,-1.));
#8018=DIRECTION('center_axis',(0.,0.,-1.));
#8019=DIRECTION('ref_axis',(-0.269932160550706,0.962879342752989,0.));
#8020=DIRECTION('center_axis',(0.,0.,1.));
#8021=DIRECTION('ref_axis',(-0.269932160550706,0.962879342752989,0.));
#8022=DIRECTION('center_axis',(0.,0.,1.));
#8023=DIRECTION('ref_axis',(-0.269932160550706,0.962879342752989,0.));
#8024=DIRECTION('',(0.,0.,-1.));
#8025=DIRECTION('center_axis',(0.,0.,-1.));
#8026=DIRECTION('ref_axis',(-0.0322412940182839,0.999480114339463,0.));
#8027=DIRECTION('center_axis',(0.,0.,1.));
#8028=DIRECTION('ref_axis',(-0.0322412940182839,0.999480114339463,0.));
#8029=DIRECTION('center_axis',(0.,0.,1.));
#8030=DIRECTION('ref_axis',(-0.0322412940182839,0.999480114339463,0.));
#8031=DIRECTION('',(0.,0.,-1.));
#8032=DIRECTION('center_axis',(-1.,5.89426511071744E-16,0.));
#8033=DIRECTION('ref_axis',(5.89426511071744E-16,1.,0.));
#8034=DIRECTION('',(5.89426511071744E-16,1.,0.));
#8035=DIRECTION('',(5.89426511071744E-16,1.,0.));
#8036=DIRECTION('',(0.,0.,-1.));
#8037=DIRECTION('center_axis',(-5.89426511071744E-16,-1.,0.));
#8038=DIRECTION('ref_axis',(-1.,5.89426511071744E-16,0.));
#8039=DIRECTION('',(-1.,5.89426511071744E-16,0.));
#8040=DIRECTION('',(-1.,5.89426511071744E-16,0.));
#8041=DIRECTION('',(0.,0.,-1.));
#8042=DIRECTION('center_axis',(0.,0.,-1.));
#8043=DIRECTION('ref_axis',(0.10805918074277,-0.994144463072245,0.));
#8044=DIRECTION('center_axis',(0.,0.,-1.));
#8045=DIRECTION('ref_axis',(0.10805918074277,-0.994144463072245,0.));
#8046=DIRECTION('center_axis',(0.,0.,-1.));
#8047=DIRECTION('ref_axis',(0.10805918074277,-0.994144463072245,0.));
#8048=DIRECTION('',(0.,0.,-1.));
#8049=DIRECTION('center_axis',(0.,0.,-1.));
#8050=DIRECTION('ref_axis',(0.434749065798515,-0.900551636380346,0.));
#8051=DIRECTION('center_axis',(0.,0.,-1.));
#8052=DIRECTION('ref_axis',(0.434749065798515,-0.900551636380346,0.));
#8053=DIRECTION('center_axis',(0.,0.,-1.));
#8054=DIRECTION('ref_axis',(0.434749065798515,-0.900551636380346,0.));
#8055=DIRECTION('',(0.,0.,-1.));
#8056=DIRECTION('center_axis',(0.,0.,-1.));
#8057=DIRECTION('ref_axis',(0.853784448352773,-0.52062665678099,0.));
#8058=DIRECTION('center_axis',(0.,0.,-1.));
#8059=DIRECTION('ref_axis',(0.853784448352773,-0.52062665678099,0.));
#8060=DIRECTION('center_axis',(0.,0.,-1.));
#8061=DIRECTION('ref_axis',(0.853784448352773,-0.52062665678099,0.));
#8062=DIRECTION('',(0.,0.,-1.));
#8063=DIRECTION('center_axis',(0.,0.,-1.));
#8064=DIRECTION('ref_axis',(0.99924024190338,-0.038973567464056,0.));
#8065=DIRECTION('center_axis',(0.,0.,-1.));
#8066=DIRECTION('ref_axis',(0.99924024190338,-0.038973567464056,0.));
#8067=DIRECTION('center_axis',(0.,0.,-1.));
#8068=DIRECTION('ref_axis',(0.99924024190338,-0.038973567464056,0.));
#8069=DIRECTION('',(0.,0.,-1.));
#8070=DIRECTION('center_axis',(0.,0.,-1.));
#8071=DIRECTION('ref_axis',(0.797541611542878,0.603263937143262,0.));
#8072=DIRECTION('center_axis',(0.,0.,-1.));
#8073=DIRECTION('ref_axis',(0.797541611542878,0.603263937143262,0.));
#8074=DIRECTION('center_axis',(0.,0.,-1.));
#8075=DIRECTION('ref_axis',(0.797541611542878,0.603263937143262,0.));
#8076=DIRECTION('',(0.,0.,-1.));
#8077=DIRECTION('center_axis',(0.,0.,-1.));
#8078=DIRECTION('ref_axis',(0.285646294114778,0.958335116052048,0.));
#8079=DIRECTION('center_axis',(0.,0.,-1.));
#8080=DIRECTION('ref_axis',(0.285646294114778,0.958335116052048,0.));
#8081=DIRECTION('center_axis',(0.,0.,-1.));
#8082=DIRECTION('ref_axis',(0.285646294114778,0.958335116052048,0.));
#8083=DIRECTION('',(0.,0.,-1.));
#8084=DIRECTION('center_axis',(0.,0.,-1.));
#8085=DIRECTION('ref_axis',(0.064939432077689,0.997889207357925,0.));
#8086=DIRECTION('center_axis',(0.,0.,-1.));
#8087=DIRECTION('ref_axis',(0.064939432077689,0.997889207357925,0.));
#8088=DIRECTION('center_axis',(0.,0.,-1.));
#8089=DIRECTION('ref_axis',(0.064939432077689,0.997889207357925,0.));
#8090=DIRECTION('',(0.,0.,-1.));
#8091=DIRECTION('center_axis',(0.,0.,-1.));
#8092=DIRECTION('ref_axis',(-0.153102994545877,0.988210237278022,0.));
#8093=DIRECTION('center_axis',(0.,0.,-1.));
#8094=DIRECTION('ref_axis',(-0.153102994545877,0.988210237278022,0.));
#8095=DIRECTION('center_axis',(0.,0.,-1.));
#8096=DIRECTION('ref_axis',(-0.153102994545877,0.988210237278022,0.));
#8097=DIRECTION('',(0.,0.,-1.));
#8098=DIRECTION('center_axis',(0.,0.,-1.));
#8099=DIRECTION('ref_axis',(-0.530200242265901,0.847872456859627,0.));
#8100=DIRECTION('center_axis',(0.,0.,-1.));
#8101=DIRECTION('ref_axis',(-0.530200242265901,0.847872456859627,0.));
#8102=DIRECTION('center_axis',(0.,0.,-1.));
#8103=DIRECTION('ref_axis',(-0.530200242265901,0.847872456859627,0.));
#8104=DIRECTION('',(0.,0.,-1.));
#8105=DIRECTION('center_axis',(0.,0.,-1.));
#8106=DIRECTION('ref_axis',(-0.764720301662722,0.644362367169961,0.));
#8107=DIRECTION('center_axis',(0.,0.,-1.));
#8108=DIRECTION('ref_axis',(-0.764720301662722,0.644362367169961,0.));
#8109=DIRECTION('center_axis',(0.,0.,-1.));
#8110=DIRECTION('ref_axis',(-0.764720301662722,0.644362367169961,0.));
#8111=DIRECTION('',(0.,0.,-1.));
#8112=DIRECTION('center_axis',(0.,0.,-1.));
#8113=DIRECTION('ref_axis',(-0.95876330304114,0.284205785904587,0.));
#8114=DIRECTION('center_axis',(0.,0.,-1.));
#8115=DIRECTION('ref_axis',(-0.95876330304114,0.284205785904587,0.));
#8116=DIRECTION('center_axis',(0.,0.,-1.));
#8117=DIRECTION('ref_axis',(-0.95876330304114,0.284205785904587,0.));
#8118=DIRECTION('',(0.,0.,-1.));
#8119=DIRECTION('center_axis',(0.,0.,-1.));
#8120=DIRECTION('ref_axis',(-0.989359135354139,-0.145493990567689,0.));
#8121=DIRECTION('center_axis',(0.,0.,-1.));
#8122=DIRECTION('ref_axis',(-0.989359135354139,-0.145493990567689,0.));
#8123=DIRECTION('center_axis',(0.,0.,-1.));
#8124=DIRECTION('ref_axis',(-0.989359135354139,-0.145493990567689,0.));
#8125=DIRECTION('',(0.,0.,-1.));
#8126=DIRECTION('center_axis',(0.,0.,-1.));
#8127=DIRECTION('ref_axis',(-0.838604165583927,-0.544741272041403,0.));
#8128=DIRECTION('center_axis',(0.,0.,-1.));
#8129=DIRECTION('ref_axis',(-0.838604165583927,-0.544741272041403,0.));
#8130=DIRECTION('center_axis',(0.,0.,-1.));
#8131=DIRECTION('ref_axis',(-0.838604165583927,-0.544741272041403,0.));
#8132=DIRECTION('',(0.,0.,-1.));
#8133=DIRECTION('center_axis',(-0.694687914119332,-0.719311269184997,0.));
#8134=DIRECTION('ref_axis',(-0.719311269184997,0.694687914119332,0.));
#8135=DIRECTION('',(-0.719311269184997,0.694687914119332,0.));
#8136=DIRECTION('',(-0.719311269184997,0.694687914119332,0.));
#8137=DIRECTION('',(0.,0.,-1.));
#8138=DIRECTION('center_axis',(0.,0.,-1.));
#8139=DIRECTION('ref_axis',(-0.358911239884257,-0.933371695459395,0.));
#8140=DIRECTION('center_axis',(0.,0.,-1.));
#8141=DIRECTION('ref_axis',(-0.358911239884257,-0.933371695459395,0.));
#8142=DIRECTION('center_axis',(0.,0.,-1.));
#8143=DIRECTION('ref_axis',(-0.358911239884257,-0.933371695459395,0.));
#8144=DIRECTION('',(0.,0.,-1.));
#8145=DIRECTION('center_axis',(-5.89426511071744E-16,-1.,0.));
#8146=DIRECTION('ref_axis',(-1.,5.89426511071744E-16,0.));
#8147=DIRECTION('',(-1.,5.89426511071744E-16,0.));
#8148=DIRECTION('',(-1.,5.89426511071744E-16,0.));
#8149=DIRECTION('',(0.,0.,-1.));
#8150=DIRECTION('center_axis',(1.,-5.89426511071744E-16,0.));
#8151=DIRECTION('ref_axis',(-5.89426511071744E-16,-1.,0.));
#8152=DIRECTION('',(-5.89426511071744E-16,-1.,0.));
#8153=DIRECTION('',(-5.89426511071744E-16,-1.,0.));
#8154=DIRECTION('',(0.,0.,-1.));
#8155=DIRECTION('center_axis',(0.0766617101867008,0.997057160944773,0.));
#8156=DIRECTION('ref_axis',(0.997057160944773,-0.0766617101867008,0.));
#8157=DIRECTION('',(0.997057160944773,-0.0766617101867008,0.));
#8158=DIRECTION('',(0.997057160944773,-0.0766617101867008,0.));
#8159=DIRECTION('center_axis',(0.,0.,1.));
#8160=DIRECTION('ref_axis',(1.,-4.05735557998388E-16,0.));
#8161=DIRECTION('center_axis',(0.,0.,1.));
#8162=DIRECTION('ref_axis',(1.,-4.05735557998388E-16,0.));
#8163=DIRECTION('center_axis',(-5.89426511071744E-16,-1.,0.));
#8164=DIRECTION('ref_axis',(-1.,5.89426511071744E-16,0.));
#8165=DIRECTION('',(-1.,5.89426511071744E-16,0.));
#8166=DIRECTION('',(0.,0.,-1.));
#8167=DIRECTION('',(-1.,5.89426511071744E-16,0.));
#8168=DIRECTION('',(0.,0.,-1.));
#8169=DIRECTION('center_axis',(1.,-5.89426511071744E-16,0.));
#8170=DIRECTION('ref_axis',(-5.89426511071744E-16,-1.,0.));
#8171=DIRECTION('',(-5.89426511071744E-16,-1.,0.));
#8172=DIRECTION('',(-5.89426511071744E-16,-1.,0.));
#8173=DIRECTION('',(0.,0.,-1.));
#8174=DIRECTION('center_axis',(5.89426511071744E-16,1.,0.));
#8175=DIRECTION('ref_axis',(1.,-5.89426511071744E-16,0.));
#8176=DIRECTION('',(1.,-5.89426511071744E-16,0.));
#8177=DIRECTION('',(1.,-5.89426511071744E-16,0.));
#8178=DIRECTION('',(0.,0.,-1.));
#8179=DIRECTION('center_axis',(-1.,5.89426511071744E-16,0.));
#8180=DIRECTION('ref_axis',(5.89426511071744E-16,1.,0.));
#8181=DIRECTION('',(5.89426511071744E-16,1.,0.));
#8182=DIRECTION('',(5.89426511071744E-16,1.,0.));
#8183=DIRECTION('',(0.,0.,-1.));
#8184=DIRECTION('center_axis',(-5.89426511071744E-16,-1.,0.));
#8185=DIRECTION('ref_axis',(-1.,5.89426511071744E-16,0.));
#8186=DIRECTION('',(-1.,5.89426511071744E-16,0.));
#8187=DIRECTION('',(-1.,5.89426511071744E-16,0.));
#8188=DIRECTION('',(0.,0.,-1.));
#8189=DIRECTION('center_axis',(0.,0.,-1.));
#8190=DIRECTION('ref_axis',(0.515110309861256,0.857123893421856,0.));
#8191=DIRECTION('center_axis',(0.,0.,1.));
#8192=DIRECTION('ref_axis',(0.515110309861256,0.857123893421856,0.));
#8193=DIRECTION('center_axis',(0.,0.,1.));
#8194=DIRECTION('ref_axis',(0.515110309861256,0.857123893421856,0.));
#8195=DIRECTION('',(0.,0.,-1.));
#8196=DIRECTION('center_axis',(0.,0.,-1.));
#8197=DIRECTION('ref_axis',(0.986725053283515,-0.162399720512826,0.));
#8198=DIRECTION('center_axis',(0.,0.,1.));
#8199=DIRECTION('ref_axis',(0.986725053283515,-0.162399720512826,0.));
#8200=DIRECTION('center_axis',(0.,0.,1.));
#8201=DIRECTION('ref_axis',(0.986725053283515,-0.162399720512826,0.));
#8202=DIRECTION('',(0.,0.,-1.));
#8203=DIRECTION('center_axis',(0.,0.,-1.));
#8204=DIRECTION('ref_axis',(0.231620527226608,-0.972806214704279,0.));
#8205=DIRECTION('center_axis',(0.,0.,1.));
#8206=DIRECTION('ref_axis',(0.231620527226608,-0.972806214704279,0.));
#8207=DIRECTION('center_axis',(0.,0.,1.));
#8208=DIRECTION('ref_axis',(0.231620527226608,-0.972806214704279,0.));
#8209=DIRECTION('',(0.,0.,-1.));
#8210=DIRECTION('center_axis',(5.89426511071744E-16,1.,0.));
#8211=DIRECTION('ref_axis',(1.,-5.89426511071744E-16,0.));
#8212=DIRECTION('',(1.,-5.89426511071744E-16,0.));
#8213=DIRECTION('',(1.,-5.89426511071744E-16,0.));
#8214=DIRECTION('',(0.,0.,-1.));
#8215=DIRECTION('center_axis',(-1.,5.89426511071744E-16,0.));
#8216=DIRECTION('ref_axis',(5.89426511071744E-16,1.,0.));
#8217=DIRECTION('',(5.89426511071744E-16,1.,0.));
#8218=DIRECTION('',(5.89426511071744E-16,1.,0.));
#8219=DIRECTION('',(0.,0.,-1.));
#8220=DIRECTION('center_axis',(-5.89426511071744E-16,-1.,0.));
#8221=DIRECTION('ref_axis',(-1.,5.89426511071744E-16,0.));
#8222=DIRECTION('',(-1.,5.89426511071744E-16,0.));
#8223=DIRECTION('',(-1.,5.89426511071744E-16,0.));
#8224=DIRECTION('',(0.,0.,-1.));
#8225=DIRECTION('center_axis',(0.,0.,-1.));
#8226=DIRECTION('ref_axis',(0.236812467927454,-0.971555379293486,0.));
#8227=DIRECTION('center_axis',(0.,0.,-1.));
#8228=DIRECTION('ref_axis',(0.236812467927454,-0.971555379293486,0.));
#8229=DIRECTION('center_axis',(0.,0.,-1.));
#8230=DIRECTION('ref_axis',(0.236812467927454,-0.971555379293486,0.));
#8231=DIRECTION('',(0.,0.,-1.));
#8232=DIRECTION('center_axis',(0.,0.,-1.));
#8233=DIRECTION('ref_axis',(0.744531910211556,-0.667586874254379,0.));
#8234=DIRECTION('center_axis',(0.,0.,-1.));
#8235=DIRECTION('ref_axis',(0.744531910211556,-0.667586874254379,0.));
#8236=DIRECTION('center_axis',(0.,0.,-1.));
#8237=DIRECTION('ref_axis',(0.744531910211556,-0.667586874254379,0.));
#8238=DIRECTION('',(0.,0.,-1.));
#8239=DIRECTION('center_axis',(0.,0.,-1.));
#8240=DIRECTION('ref_axis',(0.998329958414882,-0.0577693182523396,0.));
#8241=DIRECTION('center_axis',(0.,0.,-1.));
#8242=DIRECTION('ref_axis',(0.998329958414882,-0.0577693182523396,0.));
#8243=DIRECTION('center_axis',(0.,0.,-1.));
#8244=DIRECTION('ref_axis',(0.998329958414882,-0.0577693182523396,0.));
#8245=DIRECTION('',(0.,0.,-1.));
#8246=DIRECTION('center_axis',(0.,0.,-1.));
#8247=DIRECTION('ref_axis',(0.843661487717416,0.536875492216246,0.));
#8248=DIRECTION('center_axis',(0.,0.,-1.));
#8249=DIRECTION('ref_axis',(0.843661487717416,0.536875492216246,0.));
#8250=DIRECTION('center_axis',(0.,0.,-1.));
#8251=DIRECTION('ref_axis',(0.843661487717416,0.536875492216246,0.));
#8252=DIRECTION('center_axis',(0.,0.,1.));
#8253=DIRECTION('ref_axis',(-1.83690953073357E-16,-1.,0.));
#8254=DIRECTION('center_axis',(0.,0.,1.));
#8255=DIRECTION('ref_axis',(-1.83690953073357E-16,-1.,0.));
#8256=DIRECTION('center_axis',(0.,0.,-1.));
#8257=DIRECTION('ref_axis',(0.995842759039663,0.0910889634822511,0.));
#8258=DIRECTION('center_axis',(0.,0.,1.));
#8259=DIRECTION('ref_axis',(0.995842759039663,0.0910889634822511,0.));
#8260=DIRECTION('',(0.,0.,-1.));
#8261=DIRECTION('center_axis',(0.,0.,1.));
#8262=DIRECTION('ref_axis',(0.995842759039663,0.0910889634822511,0.));
#8263=DIRECTION('',(0.,0.,-1.));
#8264=DIRECTION('center_axis',(0.,0.,-1.));
#8265=DIRECTION('ref_axis',(0.995842759032929,-0.0910889635558787,0.));
#8266=DIRECTION('center_axis',(0.,0.,1.));
#8267=DIRECTION('ref_axis',(0.995842759032929,-0.0910889635558787,0.));
#8268=DIRECTION('center_axis',(0.,0.,1.));
#8269=DIRECTION('ref_axis',(0.995842759032929,-0.0910889635558787,0.));
#8270=DIRECTION('',(0.,0.,-1.));
#8271=DIRECTION('center_axis',(0.,0.,-1.));
#8272=DIRECTION('ref_axis',(0.856442230492639,-0.516242874845546,0.));
#8273=DIRECTION('center_axis',(0.,0.,1.));
#8274=DIRECTION('ref_axis',(0.856442230492639,-0.516242874845546,0.));
#8275=DIRECTION('center_axis',(0.,0.,1.));
#8276=DIRECTION('ref_axis',(0.856442230492639,-0.516242874845546,0.));
#8277=DIRECTION('',(0.,0.,-1.));
#8278=DIRECTION('center_axis',(-0.612874503470442,0.790180259811556,0.));
#8279=DIRECTION('ref_axis',(0.790180259811556,0.612874503470442,0.));
#8280=DIRECTION('',(0.790180259811556,0.612874503470442,0.));
#8281=DIRECTION('',(0.790180259811556,0.612874503470442,0.));
#8282=DIRECTION('',(0.,0.,-1.));
#8283=DIRECTION('center_axis',(0.,0.,-1.));
#8284=DIRECTION('ref_axis',(0.437104600191929,-0.899410678439529,0.));
#8285=DIRECTION('center_axis',(0.,0.,1.));
#8286=DIRECTION('ref_axis',(0.437104600191929,-0.899410678439529,0.));
#8287=DIRECTION('center_axis',(0.,0.,1.));
#8288=DIRECTION('ref_axis',(0.437104600191929,-0.899410678439529,0.));
#8289=DIRECTION('',(0.,0.,-1.));
#8290=DIRECTION('center_axis',(0.,0.,-1.));
#8291=DIRECTION('ref_axis',(0.188386471544328,-0.982094973685884,0.));
#8292=DIRECTION('center_axis',(0.,0.,1.));
#8293=DIRECTION('ref_axis',(0.188386471544328,-0.982094973685884,0.));
#8294=DIRECTION('center_axis',(0.,0.,1.));
#8295=DIRECTION('ref_axis',(0.188386471544328,-0.982094973685884,0.));
#8296=DIRECTION('',(0.,0.,-1.));
#8297=DIRECTION('center_axis',(0.,0.,-1.));
#8298=DIRECTION('ref_axis',(0.0285597739065423,-0.999592086460476,0.));
#8299=DIRECTION('center_axis',(0.,0.,1.));
#8300=DIRECTION('ref_axis',(0.0285597739065423,-0.999592086460476,0.));
#8301=DIRECTION('center_axis',(0.,0.,1.));
#8302=DIRECTION('ref_axis',(0.0285597739065423,-0.999592086460476,0.));
#8303=DIRECTION('',(0.,0.,-1.));
#8304=DIRECTION('center_axis',(0.,0.,-1.));
#8305=DIRECTION('ref_axis',(-0.0905357460665038,-0.995893206465523,0.));
#8306=DIRECTION('center_axis',(0.,0.,1.));
#8307=DIRECTION('ref_axis',(-0.0905357460665038,-0.995893206465523,0.));
#8308=DIRECTION('center_axis',(0.,0.,1.));
#8309=DIRECTION('ref_axis',(-0.0905357460665038,-0.995893206465523,0.));
#8310=DIRECTION('',(0.,0.,-1.));
#8311=DIRECTION('center_axis',(0.,0.,-1.));
#8312=DIRECTION('ref_axis',(-0.280276001093178,-0.959919456627074,0.));
#8313=DIRECTION('center_axis',(0.,0.,1.));
#8314=DIRECTION('ref_axis',(-0.280276001093178,-0.959919456627074,0.));
#8315=DIRECTION('center_axis',(0.,0.,1.));
#8316=DIRECTION('ref_axis',(-0.280276001093178,-0.959919456627074,0.));
#8317=DIRECTION('',(0.,0.,-1.));
#8318=DIRECTION('center_axis',(0.,0.,-1.));
#8319=DIRECTION('ref_axis',(-0.670118697948126,-0.742253952943538,0.));
#8320=DIRECTION('center_axis',(0.,0.,1.));
#8321=DIRECTION('ref_axis',(-0.670118697948126,-0.742253952943538,0.));
#8322=DIRECTION('center_axis',(0.,0.,1.));
#8323=DIRECTION('ref_axis',(-0.670118697948126,-0.742253952943538,0.));
#8324=DIRECTION('',(0.,0.,-1.));
#8325=DIRECTION('center_axis',(0.,0.,-1.));
#8326=DIRECTION('ref_axis',(-0.953926110060003,-0.300041624688627,0.));
#8327=DIRECTION('center_axis',(0.,0.,1.));
#8328=DIRECTION('ref_axis',(-0.953926110060003,-0.300041624688627,0.));
#8329=DIRECTION('center_axis',(0.,0.,1.));
#8330=DIRECTION('ref_axis',(-0.953926110060003,-0.300041624688627,0.));
#8331=DIRECTION('',(0.,0.,-1.));
#8332=DIRECTION('center_axis',(0.,0.,-1.));
#8333=DIRECTION('ref_axis',(-0.953926110075794,0.300041624638422,0.));
#8334=DIRECTION('center_axis',(0.,0.,1.));
#8335=DIRECTION('ref_axis',(-0.953926110075794,0.300041624638422,0.));
#8336=DIRECTION('center_axis',(0.,0.,1.));
#8337=DIRECTION('ref_axis',(-0.953926110075794,0.300041624638422,0.));
#8338=DIRECTION('',(0.,0.,-1.));
#8339=DIRECTION('center_axis',(0.,0.,-1.));
#8340=DIRECTION('ref_axis',(-0.670118697948126,0.742253952943539,0.));
#8341=DIRECTION('center_axis',(0.,0.,1.));
#8342=DIRECTION('ref_axis',(-0.670118697948126,0.742253952943539,0.));
#8343=DIRECTION('center_axis',(0.,0.,1.));
#8344=DIRECTION('ref_axis',(-0.670118697948126,0.742253952943539,0.));
#8345=DIRECTION('',(0.,0.,-1.));
#8346=DIRECTION('center_axis',(0.,0.,-1.));
#8347=DIRECTION('ref_axis',(-0.280276001093177,0.959919456627074,0.));
#8348=DIRECTION('center_axis',(0.,0.,1.));
#8349=DIRECTION('ref_axis',(-0.280276001093177,0.959919456627074,0.));
#8350=DIRECTION('center_axis',(0.,0.,1.));
#8351=DIRECTION('ref_axis',(-0.280276001093177,0.959919456627074,0.));
#8352=DIRECTION('',(0.,0.,-1.));
#8353=DIRECTION('center_axis',(0.,0.,-1.));
#8354=DIRECTION('ref_axis',(-0.0905357460665027,0.995893206465523,0.));
#8355=DIRECTION('center_axis',(0.,0.,1.));
#8356=DIRECTION('ref_axis',(-0.0905357460665027,0.995893206465523,0.));
#8357=DIRECTION('center_axis',(0.,0.,1.));
#8358=DIRECTION('ref_axis',(-0.0905357460665027,0.995893206465523,0.));
#8359=DIRECTION('',(0.,0.,-1.));
#8360=DIRECTION('center_axis',(0.,0.,-1.));
#8361=DIRECTION('ref_axis',(0.0285597739736203,0.999592086458559,0.));
#8362=DIRECTION('center_axis',(0.,0.,1.));
#8363=DIRECTION('ref_axis',(0.0285597739736203,0.999592086458559,0.));
#8364=DIRECTION('center_axis',(0.,0.,1.));
#8365=DIRECTION('ref_axis',(0.0285597739736203,0.999592086458559,0.));
#8366=DIRECTION('',(0.,0.,-1.));
#8367=DIRECTION('center_axis',(0.,0.,-1.));
#8368=DIRECTION('ref_axis',(0.188386471544329,0.982094973685884,0.));
#8369=DIRECTION('center_axis',(0.,0.,1.));
#8370=DIRECTION('ref_axis',(0.188386471544329,0.982094973685884,0.));
#8371=DIRECTION('center_axis',(0.,0.,1.));
#8372=DIRECTION('ref_axis',(0.188386471544329,0.982094973685884,0.));
#8373=DIRECTION('',(0.,0.,-1.));
#8374=DIRECTION('center_axis',(0.,0.,-1.));
#8375=DIRECTION('ref_axis',(0.437104599803998,0.89941067862806,0.));
#8376=DIRECTION('center_axis',(0.,0.,1.));
#8377=DIRECTION('ref_axis',(0.437104599803998,0.89941067862806,0.));
#8378=DIRECTION('center_axis',(0.,0.,1.));
#8379=DIRECTION('ref_axis',(0.437104599803998,0.89941067862806,0.));
#8380=DIRECTION('',(0.,0.,-1.));
#8381=DIRECTION('center_axis',(-0.612874503781708,-0.790180259570134,0.));
#8382=DIRECTION('ref_axis',(-0.790180259570134,0.612874503781708,0.));
#8383=DIRECTION('',(-0.790180259570134,0.612874503781708,0.));
#8384=DIRECTION('',(-0.790180259570134,0.612874503781708,0.));
#8385=DIRECTION('',(0.,0.,-1.));
#8386=DIRECTION('center_axis',(0.,0.,-1.));
#8387=DIRECTION('ref_axis',(0.856442230492639,0.516242874845545,0.));
#8388=DIRECTION('center_axis',(0.,0.,1.));
#8389=DIRECTION('ref_axis',(0.856442230492639,0.516242874845545,0.));
#8390=DIRECTION('center_axis',(0.,0.,1.));
#8391=DIRECTION('ref_axis',(0.856442230492639,0.516242874845545,0.));
#8392=DIRECTION('center_axis',(0.,0.,-1.));
#8393=DIRECTION('ref_axis',(-0.954975888559195,-0.296683420956709,0.));
#8394=DIRECTION('center_axis',(0.,0.,-1.));
#8395=DIRECTION('ref_axis',(-0.954975888559195,-0.296683420956709,0.));
#8396=DIRECTION('',(0.,0.,-1.));
#8397=DIRECTION('center_axis',(0.,0.,-1.));
#8398=DIRECTION('ref_axis',(-0.954975888559195,-0.296683420956709,0.));
#8399=DIRECTION('',(0.,0.,-1.));
#8400=DIRECTION('center_axis',(-0.800537674179971,-0.59928243109449,0.));
#8401=DIRECTION('ref_axis',(-0.59928243109449,0.800537674179971,0.));
#8402=DIRECTION('',(-0.59928243109449,0.800537674179972,0.));
#8403=DIRECTION('',(-0.59928243109449,0.800537674179972,0.));
#8404=DIRECTION('',(0.,0.,-1.));
#8405=DIRECTION('center_axis',(0.,0.,-1.));
#8406=DIRECTION('ref_axis',(-0.59752615931393,-0.801849417868183,0.));
#8407=DIRECTION('center_axis',(0.,0.,-1.));
#8408=DIRECTION('ref_axis',(-0.59752615931393,-0.801849417868183,0.));
#8409=DIRECTION('center_axis',(0.,0.,-1.));
#8410=DIRECTION('ref_axis',(-0.59752615931393,-0.801849417868183,0.));
#8411=DIRECTION('',(0.,0.,-1.));
#8412=DIRECTION('center_axis',(0.,0.,-1.));
#8413=DIRECTION('ref_axis',(-0.300202428493913,-0.953875516997033,0.));
#8414=DIRECTION('center_axis',(0.,0.,-1.));
#8415=DIRECTION('ref_axis',(-0.300202428493913,-0.953875516997033,0.));
#8416=DIRECTION('center_axis',(0.,0.,-1.));
#8417=DIRECTION('ref_axis',(-0.300202428493913,-0.953875516997033,0.));
#8418=DIRECTION('',(0.,0.,-1.));
#8419=DIRECTION('center_axis',(0.,0.,-1.));
#8420=DIRECTION('ref_axis',(-0.098697150229373,-0.995117516947923,0.));
#8421=DIRECTION('center_axis',(0.,0.,-1.));
#8422=DIRECTION('ref_axis',(-0.098697150229373,-0.995117516947923,0.));
#8423=DIRECTION('center_axis',(0.,0.,-1.));
#8424=DIRECTION('ref_axis',(-0.098697150229373,-0.995117516947923,0.));
#8425=DIRECTION('',(0.,0.,-1.));
#8426=DIRECTION('center_axis',(0.,0.,-1.));
#8427=DIRECTION('ref_axis',(0.0474233106885379,-0.998874881856251,0.));
#8428=DIRECTION('center_axis',(0.,0.,-1.));
#8429=DIRECTION('ref_axis',(0.0474233106885379,-0.998874881856251,0.));
#8430=DIRECTION('center_axis',(0.,0.,-1.));
#8431=DIRECTION('ref_axis',(0.0474233106885379,-0.998874881856251,0.));
#8432=DIRECTION('',(0.,0.,-1.));
#8433=DIRECTION('center_axis',(0.,0.,-1.));
#8434=DIRECTION('ref_axis',(0.164497482783766,-0.986377502864803,0.));
#8435=DIRECTION('center_axis',(0.,0.,-1.));
#8436=DIRECTION('ref_axis',(0.164497482783766,-0.986377502864803,0.));
#8437=DIRECTION('center_axis',(0.,0.,-1.));
#8438=DIRECTION('ref_axis',(0.164497482783766,-0.986377502864803,0.));
#8439=DIRECTION('',(0.,0.,-1.));
#8440=DIRECTION('center_axis',(0.,0.,-1.));
#8441=DIRECTION('ref_axis',(0.360801359400041,-0.932642685627825,0.));
#8442=DIRECTION('center_axis',(0.,0.,-1.));
#8443=DIRECTION('ref_axis',(0.360801359400041,-0.932642685627825,0.));
#8444=DIRECTION('center_axis',(0.,0.,-1.));
#8445=DIRECTION('ref_axis',(0.360801359400041,-0.932642685627825,0.));
#8446=DIRECTION('',(0.,0.,-1.));
#8447=DIRECTION('center_axis',(0.,0.,-1.));
#8448=DIRECTION('ref_axis',(0.602932076812599,-0.79779252362406,0.));
#8449=DIRECTION('center_axis',(0.,0.,-1.));
#8450=DIRECTION('ref_axis',(0.602932076812599,-0.79779252362406,0.));
#8451=DIRECTION('center_axis',(0.,0.,-1.));
#8452=DIRECTION('ref_axis',(0.602932076812599,-0.79779252362406,0.));
#8453=DIRECTION('',(0.,0.,-1.));
#8454=DIRECTION('center_axis',(0.,0.,-1.));
#8455=DIRECTION('ref_axis',(0.823316120809495,-0.567583091022984,0.));
#8456=DIRECTION('center_axis',(0.,0.,-1.));
#8457=DIRECTION('ref_axis',(0.823316120809495,-0.567583091022984,0.));
#8458=DIRECTION('center_axis',(0.,0.,-1.));
#8459=DIRECTION('ref_axis',(0.823316120809495,-0.567583091022984,0.));
#8460=DIRECTION('',(0.,0.,-1.));
#8461=DIRECTION('center_axis',(0.,0.,-1.));
#8462=DIRECTION('ref_axis',(0.978850032016565,-0.204579116287979,0.));
#8463=DIRECTION('center_axis',(0.,0.,-1.));
#8464=DIRECTION('ref_axis',(0.978850032016565,-0.204579116287979,0.));
#8465=DIRECTION('center_axis',(0.,0.,-1.));
#8466=DIRECTION('ref_axis',(0.978850032016565,-0.204579116287979,0.));
#8467=DIRECTION('',(0.,0.,-1.));
#8468=DIRECTION('center_axis',(0.,0.,-1.));
#8469=DIRECTION('ref_axis',(0.978850032023659,0.204579116254034,0.));
#8470=DIRECTION('center_axis',(0.,0.,-1.));
#8471=DIRECTION('ref_axis',(0.978850032023659,0.204579116254034,0.));
#8472=DIRECTION('center_axis',(0.,0.,-1.));
#8473=DIRECTION('ref_axis',(0.978850032023659,0.204579116254034,0.));
#8474=DIRECTION('',(0.,0.,-1.));
#8475=DIRECTION('center_axis',(0.,0.,-1.));
#8476=DIRECTION('ref_axis',(0.823316120710937,0.567583091165949,0.));
#8477=DIRECTION('center_axis',(0.,0.,-1.));
#8478=DIRECTION('ref_axis',(0.823316120710937,0.567583091165949,0.));
#8479=DIRECTION('center_axis',(0.,0.,-1.));
#8480=DIRECTION('ref_axis',(0.823316120710937,0.567583091165949,0.));
#8481=DIRECTION('',(0.,0.,-1.));
#8482=DIRECTION('center_axis',(0.,0.,-1.));
#8483=DIRECTION('ref_axis',(0.602932076880555,0.797792523572702,0.));
#8484=DIRECTION('center_axis',(0.,0.,-1.));
#8485=DIRECTION('ref_axis',(0.602932076880555,0.797792523572702,0.));
#8486=DIRECTION('center_axis',(0.,0.,-1.));
#8487=DIRECTION('ref_axis',(0.602932076880555,0.797792523572702,0.));
#8488=DIRECTION('',(0.,0.,-1.));
#8489=DIRECTION('center_axis',(0.,0.,-1.));
#8490=DIRECTION('ref_axis',(0.360801359484309,0.932642685595226,0.));
#8491=DIRECTION('center_axis',(0.,0.,-1.));
#8492=DIRECTION('ref_axis',(0.360801359484309,0.932642685595226,0.));
#8493=DIRECTION('center_axis',(0.,0.,-1.));
#8494=DIRECTION('ref_axis',(0.360801359484309,0.932642685595226,0.));
#8495=DIRECTION('',(0.,0.,-1.));
#8496=DIRECTION('center_axis',(0.,0.,-1.));
#8497=DIRECTION('ref_axis',(0.164497482783767,0.986377502864803,0.));
#8498=DIRECTION('center_axis',(0.,0.,-1.));
#8499=DIRECTION('ref_axis',(0.164497482783767,0.986377502864803,0.));
#8500=DIRECTION('center_axis',(0.,0.,-1.));
#8501=DIRECTION('ref_axis',(0.164497482783767,0.986377502864803,0.));
#8502=DIRECTION('',(0.,0.,-1.));
#8503=DIRECTION('center_axis',(0.,0.,-1.));
#8504=DIRECTION('ref_axis',(0.047423310688539,0.998874881856251,0.));
#8505=DIRECTION('center_axis',(0.,0.,-1.));
#8506=DIRECTION('ref_axis',(0.047423310688539,0.998874881856251,0.));
#8507=DIRECTION('center_axis',(0.,0.,-1.));
#8508=DIRECTION('ref_axis',(0.047423310688539,0.998874881856251,0.));
#8509=DIRECTION('',(0.,0.,-1.));
#8510=DIRECTION('center_axis',(0.,0.,-1.));
#8511=DIRECTION('ref_axis',(-0.0986971503465828,0.995117516936298,0.));
#8512=DIRECTION('center_axis',(0.,0.,-1.));
#8513=DIRECTION('ref_axis',(-0.0986971503465828,0.995117516936298,0.));
#8514=DIRECTION('center_axis',(0.,0.,-1.));
#8515=DIRECTION('ref_axis',(-0.0986971503465828,0.995117516936298,0.));
#8516=DIRECTION('',(0.,0.,-1.));
#8517=DIRECTION('center_axis',(0.,0.,-1.));
#8518=DIRECTION('ref_axis',(-0.300202428416167,0.953875517021501,0.));
#8519=DIRECTION('center_axis',(0.,0.,-1.));
#8520=DIRECTION('ref_axis',(-0.300202428416167,0.953875517021501,0.));
#8521=DIRECTION('center_axis',(0.,0.,-1.));
#8522=DIRECTION('ref_axis',(-0.300202428416167,0.953875517021501,0.));
#8523=DIRECTION('',(0.,0.,-1.));
#8524=DIRECTION('center_axis',(0.,0.,-1.));
#8525=DIRECTION('ref_axis',(-0.597526159208535,0.801849417946722,0.));
#8526=DIRECTION('center_axis',(0.,0.,-1.));
#8527=DIRECTION('ref_axis',(-0.597526159208535,0.801849417946722,0.));
#8528=DIRECTION('center_axis',(0.,0.,-1.));
#8529=DIRECTION('ref_axis',(-0.597526159208535,0.801849417946722,0.));
#8530=DIRECTION('',(0.,0.,-1.));
#8531=DIRECTION('center_axis',(-0.800537674708467,0.599282430388511,0.));
#8532=DIRECTION('ref_axis',(0.599282430388511,0.800537674708467,0.));
#8533=DIRECTION('',(0.599282430388511,0.800537674708467,0.));
#8534=DIRECTION('',(0.599282430388511,0.800537674708467,0.));
#8535=DIRECTION('',(0.,0.,-1.));
#8536=DIRECTION('center_axis',(0.,0.,-1.));
#8537=DIRECTION('ref_axis',(-0.95497588857002,0.296683420921865,0.));
#8538=DIRECTION('center_axis',(0.,0.,-1.));
#8539=DIRECTION('ref_axis',(-0.95497588857002,0.296683420921865,0.));
#8540=DIRECTION('center_axis',(0.,0.,-1.));
#8541=DIRECTION('ref_axis',(-0.95497588857002,0.296683420921865,0.));
#8542=DIRECTION('center_axis',(0.,0.,1.));
#8543=DIRECTION('ref_axis',(1.,-4.05735557998388E-16,0.));
#8544=DIRECTION('center_axis',(0.,0.,1.));
#8545=DIRECTION('ref_axis',(1.,-4.05735557998388E-16,0.));
#8546=DIRECTION('center_axis',(-5.89426511071744E-16,-1.,0.));
#8547=DIRECTION('ref_axis',(-1.,5.89426511071744E-16,0.));
#8548=DIRECTION('',(-1.,5.89426511071744E-16,0.));
#8549=DIRECTION('',(0.,0.,-1.));
#8550=DIRECTION('',(-1.,5.89426511071744E-16,0.));
#8551=DIRECTION('',(0.,0.,-1.));
#8552=DIRECTION('center_axis',(1.,-5.89426511071744E-16,0.));
#8553=DIRECTION('ref_axis',(-5.89426511071744E-16,-1.,0.));
#8554=DIRECTION('',(-5.89426511071744E-16,-1.,0.));
#8555=DIRECTION('',(-5.89426511071744E-16,-1.,0.));
#8556=DIRECTION('',(0.,0.,-1.));
#8557=DIRECTION('center_axis',(5.89426511071744E-16,1.,0.));
#8558=DIRECTION('ref_axis',(1.,-5.89426511071744E-16,0.));
#8559=DIRECTION('',(1.,-5.89426511071744E-16,0.));
#8560=DIRECTION('',(1.,-5.89426511071744E-16,0.));
#8561=DIRECTION('',(0.,0.,-1.));
#8562=DIRECTION('center_axis',(-1.,5.89426511071744E-16,0.));
#8563=DIRECTION('ref_axis',(5.89426511071744E-16,1.,0.));
#8564=DIRECTION('',(5.89426511071744E-16,1.,0.));
#8565=DIRECTION('',(5.89426511071744E-16,1.,0.));
#8566=DIRECTION('',(0.,0.,-1.));
#8567=DIRECTION('center_axis',(-5.89426511071744E-16,-1.,0.));
#8568=DIRECTION('ref_axis',(-1.,5.89426511071744E-16,0.));
#8569=DIRECTION('',(-1.,5.89426511071744E-16,0.));
#8570=DIRECTION('',(-1.,5.89426511071744E-16,0.));
#8571=DIRECTION('',(0.,0.,-1.));
#8572=DIRECTION('center_axis',(0.,0.,-1.));
#8573=DIRECTION('ref_axis',(0.515110309910559,0.857123893392226,0.));
#8574=DIRECTION('center_axis',(0.,0.,1.));
#8575=DIRECTION('ref_axis',(0.515110309910559,0.857123893392226,0.));
#8576=DIRECTION('center_axis',(0.,0.,1.));
#8577=DIRECTION('ref_axis',(0.515110309910559,0.857123893392226,0.));
#8578=DIRECTION('',(0.,0.,-1.));
#8579=DIRECTION('center_axis',(0.,0.,-1.));
#8580=DIRECTION('ref_axis',(0.986725053275385,-0.162399720562226,0.));
#8581=DIRECTION('center_axis',(0.,0.,1.));
#8582=DIRECTION('ref_axis',(0.986725053275385,-0.162399720562226,0.));
#8583=DIRECTION('center_axis',(0.,0.,1.));
#8584=DIRECTION('ref_axis',(0.986725053275385,-0.162399720562226,0.));
#8585=DIRECTION('',(0.,0.,-1.));
#8586=DIRECTION('center_axis',(0.,0.,-1.));
#8587=DIRECTION('ref_axis',(0.231620527226608,-0.972806214704279,0.));
#8588=DIRECTION('center_axis',(0.,0.,1.));
#8589=DIRECTION('ref_axis',(0.231620527226608,-0.972806214704279,0.));
#8590=DIRECTION('center_axis',(0.,0.,1.));
#8591=DIRECTION('ref_axis',(0.231620527226608,-0.972806214704279,0.));
#8592=DIRECTION('',(0.,0.,-1.));
#8593=DIRECTION('center_axis',(5.89426511071744E-16,1.,0.));
#8594=DIRECTION('ref_axis',(1.,-5.89426511071744E-16,0.));
#8595=DIRECTION('',(1.,-5.89426511071744E-16,0.));
#8596=DIRECTION('',(1.,-5.89426511071744E-16,0.));
#8597=DIRECTION('',(0.,0.,-1.));
#8598=DIRECTION('center_axis',(-1.,5.89426511071744E-16,0.));
#8599=DIRECTION('ref_axis',(5.89426511071744E-16,1.,0.));
#8600=DIRECTION('',(5.89426511071744E-16,1.,0.));
#8601=DIRECTION('',(5.89426511071744E-16,1.,0.));
#8602=DIRECTION('',(0.,0.,-1.));
#8603=DIRECTION('center_axis',(-5.89426511071744E-16,-1.,0.));
#8604=DIRECTION('ref_axis',(-1.,5.89426511071744E-16,0.));
#8605=DIRECTION('',(-1.,5.89426511071744E-16,0.));
#8606=DIRECTION('',(-1.,5.89426511071744E-16,0.));
#8607=DIRECTION('',(0.,0.,-1.));
#8608=DIRECTION('center_axis',(0.,0.,-1.));
#8609=DIRECTION('ref_axis',(0.236812467920886,-0.971555379295087,0.));
#8610=DIRECTION('center_axis',(0.,0.,-1.));
#8611=DIRECTION('ref_axis',(0.236812467920886,-0.971555379295087,0.));
#8612=DIRECTION('center_axis',(0.,0.,-1.));
#8613=DIRECTION('ref_axis',(0.236812467920886,-0.971555379295087,0.));
#8614=DIRECTION('',(0.,0.,-1.));
#8615=DIRECTION('center_axis',(0.,0.,-1.));
#8616=DIRECTION('ref_axis',(0.74453191030602,-0.667586874149027,0.));
#8617=DIRECTION('center_axis',(0.,0.,-1.));
#8618=DIRECTION('ref_axis',(0.74453191030602,-0.667586874149027,0.));
#8619=DIRECTION('center_axis',(0.,0.,-1.));
#8620=DIRECTION('ref_axis',(0.74453191030602,-0.667586874149027,0.));
#8621=DIRECTION('',(0.,0.,-1.));
#8622=DIRECTION('center_axis',(0.,0.,-1.));
#8623=DIRECTION('ref_axis',(0.998329958411744,-0.0577693183065707,0.));
#8624=DIRECTION('center_axis',(0.,0.,-1.));
#8625=DIRECTION('ref_axis',(0.998329958411744,-0.0577693183065707,0.));
#8626=DIRECTION('center_axis',(0.,0.,-1.));
#8627=DIRECTION('ref_axis',(0.998329958411744,-0.0577693183065707,0.));
#8628=DIRECTION('',(0.,0.,-1.));
#8629=DIRECTION('center_axis',(0.,0.,-1.));
#8630=DIRECTION('ref_axis',(0.843661487734737,0.536875492189027,0.));
#8631=DIRECTION('center_axis',(0.,0.,-1.));
#8632=DIRECTION('ref_axis',(0.843661487734737,0.536875492189027,0.));
#8633=DIRECTION('center_axis',(0.,0.,-1.));
#8634=DIRECTION('ref_axis',(0.843661487734737,0.536875492189027,0.));
#8635=DIRECTION('center_axis',(0.,0.,1.));
#8636=DIRECTION('ref_axis',(-1.83690953073357E-16,-1.,0.));
#8637=DIRECTION('center_axis',(0.,0.,1.));
#8638=DIRECTION('ref_axis',(-1.83690953073357E-16,-1.,0.));
#8639=DIRECTION('center_axis',(5.89426511071744E-16,1.,0.));
#8640=DIRECTION('ref_axis',(1.,-5.89426511071744E-16,0.));
#8641=DIRECTION('',(1.,-5.89426511071744E-16,0.));
#8642=DIRECTION('',(0.,0.,-1.));
#8643=DIRECTION('',(1.,-5.89426511071744E-16,0.));
#8644=DIRECTION('',(0.,0.,-1.));
#8645=DIRECTION('center_axis',(-1.,5.89426511071744E-16,0.));
#8646=DIRECTION('ref_axis',(5.89426511071744E-16,1.,0.));
#8647=DIRECTION('',(5.89426511071744E-16,1.,0.));
#8648=DIRECTION('',(5.89426511071744E-16,1.,0.));
#8649=DIRECTION('',(0.,0.,-1.));
#8650=DIRECTION('center_axis',(-5.89426511071744E-16,-1.,0.));
#8651=DIRECTION('ref_axis',(-1.,5.89426511071744E-16,0.));
#8652=DIRECTION('',(-1.,5.89426511071744E-16,0.));
#8653=DIRECTION('',(-1.,5.89426511071744E-16,0.));
#8654=DIRECTION('',(0.,0.,-1.));
#8655=DIRECTION('center_axis',(1.,-5.89426511071744E-16,0.));
#8656=DIRECTION('ref_axis',(-5.89426511071744E-16,-1.,0.));
#8657=DIRECTION('',(-5.89426511071744E-16,-1.,0.));
#8658=DIRECTION('',(-5.89426511071744E-16,-1.,0.));
#8659=DIRECTION('center_axis',(0.,0.,-1.));
#8660=DIRECTION('ref_axis',(1.83690953073357E-16,1.,0.));
#8661=DIRECTION('center_axis',(0.,0.,1.));
#8662=DIRECTION('ref_axis',(-1.83690953073357E-16,-1.,0.));
#8663=DIRECTION('center_axis',(0.,-1.,6.12303176911189E-17));
#8664=DIRECTION('ref_axis',(-0.121869343405122,-6.07739161880958E-17,-0.992546151641325));
#8665=DIRECTION('center_axis',(0.,1.,-6.12303176911189E-17));
#8666=DIRECTION('ref_axis',(-0.121869343405122,-6.07739161880958E-17,-0.992546151641325));
#8667=DIRECTION('',(0.,-1.,6.12303176911189E-17));
#8668=DIRECTION('center_axis',(0.,1.,-6.12303176911189E-17));
#8669=DIRECTION('ref_axis',(-0.121869343405122,-6.07739161880958E-17,-0.992546151641325));
#8670=DIRECTION('',(0.,-1.,6.12303176911189E-17));
#8671=DIRECTION('center_axis',(0.121869343405135,6.07739161880957E-17,0.992546151641324));
#8672=DIRECTION('ref_axis',(-0.992546151641324,7.4620986135045E-18,0.121869343405135));
#8673=DIRECTION('',(-0.992546151641324,7.4620986135045E-18,0.121869343405135));
#8674=DIRECTION('',(-0.992546151641324,7.4620986135045E-18,0.121869343405135));
#8675=DIRECTION('',(0.,-1.,6.12303176911189E-17));
#8676=DIRECTION('center_axis',(0.992546151641327,-7.46209861350264E-18,
-0.121869343405105));
#8677=DIRECTION('ref_axis',(0.121869343405105,6.07739161880959E-17,0.992546151641327));
#8678=DIRECTION('',(0.121869343405105,6.07739161880959E-17,0.992546151641327));
#8679=DIRECTION('',(0.121869343405105,6.07739161880959E-17,0.992546151641327));
#8680=DIRECTION('',(0.,-1.,6.12303176911189E-17));
#8681=DIRECTION('center_axis',(-0.121869343405141,-6.07739161880956E-17,
-0.992546151641323));
#8682=DIRECTION('ref_axis',(0.992546151641323,-7.46209861350483E-18,-0.121869343405141));
#8683=DIRECTION('',(0.992546151641323,-7.46209861350483E-18,-0.121869343405141));
#8684=DIRECTION('',(0.992546151641323,-7.46209861350483E-18,-0.121869343405141));
#8685=DIRECTION('',(0.,-1.,6.12303176911189E-17));
#8686=DIRECTION('center_axis',(0.,-1.,6.12303176911189E-17));
#8687=DIRECTION('ref_axis',(-0.992546151641322,-7.4620986135053E-18,-0.121869343405148));
#8688=DIRECTION('center_axis',(0.,-1.,6.12303176911189E-17));
#8689=DIRECTION('ref_axis',(-0.992546151641322,-7.4620986135053E-18,-0.121869343405148));
#8690=DIRECTION('center_axis',(0.,-1.,6.12303176911189E-17));
#8691=DIRECTION('ref_axis',(-0.992546151641322,-7.4620986135053E-18,-0.121869343405148));
#8692=DIRECTION('',(0.,-1.,6.12303176911189E-17));
#8693=DIRECTION('center_axis',(-0.992546151641321,-7.46209861350561E-18,
-0.121869343405154));
#8694=DIRECTION('ref_axis',(0.121869343405154,-6.07739161880955E-17,-0.992546151641321));
#8695=DIRECTION('',(0.121869343405154,-6.07739161880955E-17,-0.992546151641321));
#8696=DIRECTION('',(0.121869343405154,-6.07739161880955E-17,-0.992546151641321));
#8697=DIRECTION('',(0.,-1.,6.12303176911189E-17));
#8698=DIRECTION('center_axis',(0.,-1.,6.12303176911189E-17));
#8699=DIRECTION('ref_axis',(1.11022302462516E-14,6.12303176911189E-17,1.));
#8700=DIRECTION('center_axis',(0.,1.,-6.12303176911189E-17));
#8701=DIRECTION('ref_axis',(1.11022302462516E-14,6.12303176911189E-17,1.));
#8702=DIRECTION('center_axis',(0.,1.,-6.12303176911189E-17));
#8703=DIRECTION('ref_axis',(1.11022302462516E-14,6.12303176911189E-17,1.));
#8704=DIRECTION('',(0.,-1.,6.12303176911189E-17));
#8705=DIRECTION('center_axis',(0.,-6.12303176911189E-17,-1.));
#8706=DIRECTION('ref_axis',(1.,0.,0.));
#8707=DIRECTION('',(1.,0.,0.));
#8708=DIRECTION('',(1.,0.,0.));
#8709=DIRECTION('',(0.,-1.,6.12303176911189E-17));
#8710=DIRECTION('center_axis',(-1.,5.43834468046346E-31,8.88178419700125E-15));
#8711=DIRECTION('ref_axis',(-8.88178419700125E-15,-6.12303176911189E-17,
-1.));
#8712=DIRECTION('',(-8.88178419700125E-15,-6.12303176911189E-17,-1.));
#8713=DIRECTION('',(-8.88178419700125E-15,-6.12303176911189E-17,-1.));
#8714=DIRECTION('',(0.,-1.,6.12303176911189E-17));
#8715=DIRECTION('center_axis',(0.,6.12303176911189E-17,1.));
#8716=DIRECTION('ref_axis',(-1.,0.,0.));
#8717=DIRECTION('',(-1.,0.,0.));
#8718=DIRECTION('',(-1.,0.,0.));
#8719=DIRECTION('',(0.,-1.,6.12303176911189E-17));
#8720=DIRECTION('center_axis',(0.,-1.,6.12303176911189E-17));
#8721=DIRECTION('ref_axis',(0.992546151641322,7.46209861350551E-18,0.121869343405152));
#8722=DIRECTION('center_axis',(0.,-1.,6.12303176911189E-17));
#8723=DIRECTION('ref_axis',(0.992546151641322,7.46209861350551E-18,0.121869343405152));
#8724=DIRECTION('center_axis',(0.,-1.,6.12303176911189E-17));
#8725=DIRECTION('ref_axis',(0.992546151641322,7.46209861350551E-18,0.121869343405152));
#8726=DIRECTION('',(0.,-1.,6.12303176911189E-17));
#8727=DIRECTION('center_axis',(0.992546151641322,7.46209861350514E-18,0.121869343405146));
#8728=DIRECTION('ref_axis',(-0.121869343405146,6.07739161880956E-17,0.992546151641322));
#8729=DIRECTION('',(-0.121869343405146,6.07739161880956E-17,0.992546151641322));
#8730=DIRECTION('',(-0.121869343405146,6.07739161880956E-17,0.992546151641322));
#8731=DIRECTION('center_axis',(0.,-1.,6.12303176911189E-17));
#8732=DIRECTION('ref_axis',(1.,0.,0.));
#8733=DIRECTION('center_axis',(0.,-1.,6.12303176911189E-17));
#8734=DIRECTION('ref_axis',(1.,0.,0.));
#8735=DIRECTION('center_axis',(0.,-1.,6.12303176911189E-17));
#8736=DIRECTION('ref_axis',(-0.121869343405122,-6.07739161880958E-17,-0.992546151641325));
#8737=DIRECTION('center_axis',(0.,1.,-6.12303176911189E-17));
#8738=DIRECTION('ref_axis',(-0.121869343405122,-6.07739161880958E-17,-0.992546151641325));
#8739=DIRECTION('',(0.,-1.,6.12303176911189E-17));
#8740=DIRECTION('center_axis',(0.,1.,-6.12303176911189E-17));
#8741=DIRECTION('ref_axis',(-0.121869343405122,-6.07739161880958E-17,-0.992546151641325));
#8742=DIRECTION('',(0.,-1.,6.12303176911189E-17));
#8743=DIRECTION('center_axis',(0.121869343405135,6.07739161880957E-17,0.992546151641324));
#8744=DIRECTION('ref_axis',(-0.992546151641324,7.4620986135045E-18,0.121869343405135));
#8745=DIRECTION('',(-0.992546151641324,7.4620986135045E-18,0.121869343405135));
#8746=DIRECTION('',(-0.992546151641324,7.4620986135045E-18,0.121869343405135));
#8747=DIRECTION('',(0.,-1.,6.12303176911189E-17));
#8748=DIRECTION('center_axis',(0.992546151641327,-7.46209861350264E-18,
-0.121869343405105));
#8749=DIRECTION('ref_axis',(0.121869343405105,6.07739161880959E-17,0.992546151641327));
#8750=DIRECTION('',(0.121869343405105,6.07739161880959E-17,0.992546151641327));
#8751=DIRECTION('',(0.121869343405105,6.07739161880959E-17,0.992546151641327));
#8752=DIRECTION('',(0.,-1.,6.12303176911189E-17));
#8753=DIRECTION('center_axis',(-0.121869343405141,-6.07739161880956E-17,
-0.992546151641323));
#8754=DIRECTION('ref_axis',(0.992546151641323,-7.46209861350483E-18,-0.121869343405141));
#8755=DIRECTION('',(0.992546151641323,-7.46209861350483E-18,-0.121869343405141));
#8756=DIRECTION('',(0.992546151641323,-7.46209861350483E-18,-0.121869343405141));
#8757=DIRECTION('',(0.,-1.,6.12303176911189E-17));
#8758=DIRECTION('center_axis',(0.,-1.,6.12303176911189E-17));
#8759=DIRECTION('ref_axis',(-0.992546151641322,-7.46209861350528E-18,-0.121869343405148));
#8760=DIRECTION('center_axis',(0.,-1.,6.12303176911189E-17));
#8761=DIRECTION('ref_axis',(-0.992546151641322,-7.46209861350528E-18,-0.121869343405148));
#8762=DIRECTION('center_axis',(0.,-1.,6.12303176911189E-17));
#8763=DIRECTION('ref_axis',(-0.992546151641322,-7.46209861350528E-18,-0.121869343405148));
#8764=DIRECTION('',(0.,-1.,6.12303176911189E-17));
#8765=DIRECTION('center_axis',(-0.992546151641321,-7.46209861350561E-18,
-0.121869343405153));
#8766=DIRECTION('ref_axis',(0.121869343405153,-6.07739161880955E-17,-0.992546151641321));
#8767=DIRECTION('',(0.121869343405153,-6.07739161880955E-17,-0.992546151641321));
#8768=DIRECTION('',(0.121869343405153,-6.07739161880955E-17,-0.992546151641321));
#8769=DIRECTION('',(0.,-1.,6.12303176911189E-17));
#8770=DIRECTION('center_axis',(0.,-1.,6.12303176911189E-17));
#8771=DIRECTION('ref_axis',(1.11022302462516E-14,6.12303176911189E-17,1.));
#8772=DIRECTION('center_axis',(0.,1.,-6.12303176911189E-17));
#8773=DIRECTION('ref_axis',(1.11022302462516E-14,6.12303176911189E-17,1.));
#8774=DIRECTION('center_axis',(0.,1.,-6.12303176911189E-17));
#8775=DIRECTION('ref_axis',(1.11022302462516E-14,6.12303176911189E-17,1.));
#8776=DIRECTION('',(0.,-1.,6.12303176911189E-17));
#8777=DIRECTION('center_axis',(0.,-6.12303176911189E-17,-1.));
#8778=DIRECTION('ref_axis',(1.,0.,0.));
#8779=DIRECTION('',(1.,0.,0.));
#8780=DIRECTION('',(1.,0.,0.));
#8781=DIRECTION('',(0.,-1.,6.12303176911189E-17));
#8782=DIRECTION('center_axis',(-1.,5.43834468046346E-31,8.88178419700126E-15));
#8783=DIRECTION('ref_axis',(-8.88178419700126E-15,-6.12303176911189E-17,
-1.));
#8784=DIRECTION('',(-8.88178419700126E-15,-6.12303176911189E-17,-1.));
#8785=DIRECTION('',(-8.88178419700126E-15,-6.12303176911189E-17,-1.));
#8786=DIRECTION('',(0.,-1.,6.12303176911189E-17));
#8787=DIRECTION('center_axis',(0.,6.12303176911189E-17,1.));
#8788=DIRECTION('ref_axis',(-1.,0.,0.));
#8789=DIRECTION('',(-1.,0.,0.));
#8790=DIRECTION('',(-1.,0.,0.));
#8791=DIRECTION('',(0.,-1.,6.12303176911189E-17));
#8792=DIRECTION('center_axis',(0.,-1.,6.12303176911189E-17));
#8793=DIRECTION('ref_axis',(0.992546151641322,7.46209861350554E-18,0.121869343405152));
#8794=DIRECTION('center_axis',(0.,-1.,6.12303176911189E-17));
#8795=DIRECTION('ref_axis',(0.992546151641322,7.46209861350554E-18,0.121869343405152));
#8796=DIRECTION('center_axis',(0.,-1.,6.12303176911189E-17));
#8797=DIRECTION('ref_axis',(0.992546151641322,7.46209861350554E-18,0.121869343405152));
#8798=DIRECTION('',(0.,-1.,6.12303176911189E-17));
#8799=DIRECTION('center_axis',(0.992546151641322,7.46209861350514E-18,0.121869343405146));
#8800=DIRECTION('ref_axis',(-0.121869343405146,6.07739161880956E-17,0.992546151641322));
#8801=DIRECTION('',(-0.121869343405146,6.07739161880956E-17,0.992546151641322));
#8802=DIRECTION('',(-0.121869343405146,6.07739161880956E-17,0.992546151641322));
#8803=DIRECTION('center_axis',(0.,-1.,6.12303176911189E-17));
#8804=DIRECTION('ref_axis',(1.,0.,0.));
#8805=DIRECTION('center_axis',(0.,-1.,6.12303176911189E-17));
#8806=DIRECTION('ref_axis',(1.,0.,0.));
#8807=DIRECTION('center_axis',(0.,-1.,6.12303176911189E-17));
#8808=DIRECTION('ref_axis',(-0.121869343405122,-6.07739161880958E-17,-0.992546151641325));
#8809=DIRECTION('center_axis',(0.,1.,-6.12303176911189E-17));
#8810=DIRECTION('ref_axis',(-0.121869343405122,-6.07739161880958E-17,-0.992546151641325));
#8811=DIRECTION('',(0.,-1.,6.12303176911189E-17));
#8812=DIRECTION('center_axis',(0.,1.,-6.12303176911189E-17));
#8813=DIRECTION('ref_axis',(-0.121869343405122,-6.07739161880958E-17,-0.992546151641325));
#8814=DIRECTION('',(0.,-1.,6.12303176911189E-17));
#8815=DIRECTION('center_axis',(0.121869343405135,6.07739161880957E-17,0.992546151641324));
#8816=DIRECTION('ref_axis',(-0.992546151641324,7.4620986135045E-18,0.121869343405135));
#8817=DIRECTION('',(-0.992546151641324,7.4620986135045E-18,0.121869343405135));
#8818=DIRECTION('',(-0.992546151641324,7.4620986135045E-18,0.121869343405135));
#8819=DIRECTION('',(0.,-1.,6.12303176911189E-17));
#8820=DIRECTION('center_axis',(0.992546151641327,-7.46209861350264E-18,
-0.121869343405105));
#8821=DIRECTION('ref_axis',(0.121869343405105,6.07739161880959E-17,0.992546151641327));
#8822=DIRECTION('',(0.121869343405105,6.07739161880959E-17,0.992546151641327));
#8823=DIRECTION('',(0.121869343405105,6.07739161880959E-17,0.992546151641327));
#8824=DIRECTION('',(0.,-1.,6.12303176911189E-17));
#8825=DIRECTION('center_axis',(-0.121869343405141,-6.07739161880956E-17,
-0.992546151641323));
#8826=DIRECTION('ref_axis',(0.992546151641323,-7.46209861350483E-18,-0.121869343405141));
#8827=DIRECTION('',(0.992546151641323,-7.46209861350483E-18,-0.121869343405141));
#8828=DIRECTION('',(0.992546151641323,-7.46209861350483E-18,-0.121869343405141));
#8829=DIRECTION('',(0.,-1.,6.12303176911189E-17));
#8830=DIRECTION('center_axis',(0.,-1.,6.12303176911189E-17));
#8831=DIRECTION('ref_axis',(-0.992546151641322,-7.46209861350528E-18,-0.121869343405148));
#8832=DIRECTION('center_axis',(0.,-1.,6.12303176911189E-17));
#8833=DIRECTION('ref_axis',(-0.992546151641322,-7.46209861350528E-18,-0.121869343405148));
#8834=DIRECTION('center_axis',(0.,-1.,6.12303176911189E-17));
#8835=DIRECTION('ref_axis',(-0.992546151641322,-7.46209861350528E-18,-0.121869343405148));
#8836=DIRECTION('',(0.,-1.,6.12303176911189E-17));
#8837=DIRECTION('center_axis',(-0.992546151641321,-7.46209861350561E-18,
-0.121869343405154));
#8838=DIRECTION('ref_axis',(0.121869343405154,-6.07739161880955E-17,-0.992546151641321));
#8839=DIRECTION('',(0.121869343405154,-6.07739161880955E-17,-0.992546151641321));
#8840=DIRECTION('',(0.121869343405154,-6.07739161880955E-17,-0.992546151641321));
#8841=DIRECTION('',(0.,-1.,6.12303176911189E-17));
#8842=DIRECTION('center_axis',(0.,-1.,6.12303176911189E-17));
#8843=DIRECTION('ref_axis',(1.11022302462516E-14,6.12303176911189E-17,1.));
#8844=DIRECTION('center_axis',(0.,1.,-6.12303176911189E-17));
#8845=DIRECTION('ref_axis',(1.11022302462516E-14,6.12303176911189E-17,1.));
#8846=DIRECTION('center_axis',(0.,1.,-6.12303176911189E-17));
#8847=DIRECTION('ref_axis',(1.11022302462516E-14,6.12303176911189E-17,1.));
#8848=DIRECTION('',(0.,-1.,6.12303176911189E-17));
#8849=DIRECTION('center_axis',(0.,-6.12303176911189E-17,-1.));
#8850=DIRECTION('ref_axis',(1.,0.,0.));
#8851=DIRECTION('',(1.,0.,0.));
#8852=DIRECTION('',(1.,0.,0.));
#8853=DIRECTION('',(0.,-1.,6.12303176911189E-17));
#8854=DIRECTION('center_axis',(-1.,5.43834468046347E-31,8.88178419700126E-15));
#8855=DIRECTION('ref_axis',(-8.88178419700126E-15,-6.12303176911189E-17,
-1.));
#8856=DIRECTION('',(-8.88178419700126E-15,-6.12303176911189E-17,-1.));
#8857=DIRECTION('',(-8.88178419700126E-15,-6.12303176911189E-17,-1.));
#8858=DIRECTION('',(0.,-1.,6.12303176911189E-17));
#8859=DIRECTION('center_axis',(0.,6.12303176911189E-17,1.));
#8860=DIRECTION('ref_axis',(-1.,0.,0.));
#8861=DIRECTION('',(-1.,0.,0.));
#8862=DIRECTION('',(-1.,0.,0.));
#8863=DIRECTION('',(0.,-1.,6.12303176911189E-17));
#8864=DIRECTION('center_axis',(0.,-1.,6.12303176911189E-17));
#8865=DIRECTION('ref_axis',(0.992546151641322,7.46209861350551E-18,0.121869343405152));
#8866=DIRECTION('center_axis',(0.,-1.,6.12303176911189E-17));
#8867=DIRECTION('ref_axis',(0.992546151641322,7.46209861350551E-18,0.121869343405152));
#8868=DIRECTION('center_axis',(0.,-1.,6.12303176911189E-17));
#8869=DIRECTION('ref_axis',(0.992546151641322,7.46209861350551E-18,0.121869343405152));
#8870=DIRECTION('',(0.,-1.,6.12303176911189E-17));
#8871=DIRECTION('center_axis',(0.992546151641322,7.46209861350514E-18,0.121869343405146));
#8872=DIRECTION('ref_axis',(-0.121869343405146,6.07739161880956E-17,0.992546151641322));
#8873=DIRECTION('',(-0.121869343405146,6.07739161880956E-17,0.992546151641322));
#8874=DIRECTION('',(-0.121869343405146,6.07739161880956E-17,0.992546151641322));
#8875=DIRECTION('center_axis',(0.,-1.,6.12303176911189E-17));
#8876=DIRECTION('ref_axis',(1.,0.,0.));
#8877=DIRECTION('center_axis',(0.,-1.,6.12303176911189E-17));
#8878=DIRECTION('ref_axis',(1.,0.,0.));
#8879=DIRECTION('center_axis',(0.,-1.,6.12303176911189E-17));
#8880=DIRECTION('ref_axis',(-0.121869343405122,-6.07739161880958E-17,-0.992546151641325));
#8881=DIRECTION('center_axis',(0.,1.,-6.12303176911189E-17));
#8882=DIRECTION('ref_axis',(-0.121869343405122,-6.07739161880958E-17,-0.992546151641325));
#8883=DIRECTION('',(0.,-1.,6.12303176911189E-17));
#8884=DIRECTION('center_axis',(0.,1.,-6.12303176911189E-17));
#8885=DIRECTION('ref_axis',(-0.121869343405122,-6.07739161880958E-17,-0.992546151641325));
#8886=DIRECTION('',(0.,-1.,6.12303176911189E-17));
#8887=DIRECTION('center_axis',(0.121869343405135,6.07739161880957E-17,0.992546151641324));
#8888=DIRECTION('ref_axis',(-0.992546151641324,7.46209861350449E-18,0.121869343405135));
#8889=DIRECTION('',(-0.992546151641324,7.46209861350449E-18,0.121869343405135));
#8890=DIRECTION('',(-0.992546151641324,7.46209861350449E-18,0.121869343405135));
#8891=DIRECTION('',(0.,-1.,6.12303176911189E-17));
#8892=DIRECTION('center_axis',(0.992546151641327,-7.46209861350264E-18,
-0.121869343405105));
#8893=DIRECTION('ref_axis',(0.121869343405105,6.07739161880959E-17,0.992546151641327));
#8894=DIRECTION('',(0.121869343405105,6.07739161880959E-17,0.992546151641327));
#8895=DIRECTION('',(0.121869343405105,6.07739161880959E-17,0.992546151641327));
#8896=DIRECTION('',(0.,-1.,6.12303176911189E-17));
#8897=DIRECTION('center_axis',(-0.121869343405141,-6.07739161880956E-17,
-0.992546151641323));
#8898=DIRECTION('ref_axis',(0.992546151641323,-7.46209861350483E-18,-0.121869343405141));
#8899=DIRECTION('',(0.992546151641323,-7.46209861350483E-18,-0.121869343405141));
#8900=DIRECTION('',(0.992546151641323,-7.46209861350483E-18,-0.121869343405141));
#8901=DIRECTION('',(0.,-1.,6.12303176911189E-17));
#8902=DIRECTION('center_axis',(0.,-1.,6.12303176911189E-17));
#8903=DIRECTION('ref_axis',(-0.992546151641321,-7.46209861350569E-18,-0.121869343405155));
#8904=DIRECTION('center_axis',(0.,-1.,6.12303176911189E-17));
#8905=DIRECTION('ref_axis',(-0.992546151641321,-7.46209861350569E-18,-0.121869343405155));
#8906=DIRECTION('center_axis',(0.,-1.,6.12303176911189E-17));
#8907=DIRECTION('ref_axis',(-0.992546151641321,-7.46209861350569E-18,-0.121869343405155));
#8908=DIRECTION('',(0.,-1.,6.12303176911189E-17));
#8909=DIRECTION('center_axis',(-0.992546151641321,-7.46209861350561E-18,
-0.121869343405153));
#8910=DIRECTION('ref_axis',(0.121869343405154,-6.07739161880955E-17,-0.992546151641321));
#8911=DIRECTION('',(0.121869343405154,-6.07739161880955E-17,-0.992546151641321));
#8912=DIRECTION('',(0.121869343405154,-6.07739161880955E-17,-0.992546151641321));
#8913=DIRECTION('',(0.,-1.,6.12303176911189E-17));
#8914=DIRECTION('center_axis',(0.,-1.,6.12303176911189E-17));
#8915=DIRECTION('ref_axis',(1.11022302462516E-14,6.12303176911189E-17,1.));
#8916=DIRECTION('center_axis',(0.,1.,-6.12303176911189E-17));
#8917=DIRECTION('ref_axis',(1.11022302462516E-14,6.12303176911189E-17,1.));
#8918=DIRECTION('center_axis',(0.,1.,-6.12303176911189E-17));
#8919=DIRECTION('ref_axis',(1.11022302462516E-14,6.12303176911189E-17,1.));
#8920=DIRECTION('',(0.,-1.,6.12303176911189E-17));
#8921=DIRECTION('center_axis',(0.,-6.12303176911189E-17,-1.));
#8922=DIRECTION('ref_axis',(1.,0.,0.));
#8923=DIRECTION('',(1.,0.,0.));
#8924=DIRECTION('',(1.,0.,0.));
#8925=DIRECTION('',(0.,-1.,6.12303176911189E-17));
#8926=DIRECTION('center_axis',(-1.,5.43834468046346E-31,8.88178419700125E-15));
#8927=DIRECTION('ref_axis',(-8.88178419700125E-15,-6.12303176911189E-17,
-1.));
#8928=DIRECTION('',(-8.88178419700125E-15,-6.12303176911189E-17,-1.));
#8929=DIRECTION('',(-8.88178419700125E-15,-6.12303176911189E-17,-1.));
#8930=DIRECTION('',(0.,-1.,6.12303176911189E-17));
#8931=DIRECTION('center_axis',(0.,6.12303176911189E-17,1.));
#8932=DIRECTION('ref_axis',(-1.,0.,0.));
#8933=DIRECTION('',(-1.,0.,0.));
#8934=DIRECTION('',(-1.,0.,0.));
#8935=DIRECTION('',(0.,-1.,6.12303176911189E-17));
#8936=DIRECTION('center_axis',(0.,-1.,6.12303176911189E-17));
#8937=DIRECTION('ref_axis',(0.992546151641322,7.46209861350551E-18,0.121869343405152));
#8938=DIRECTION('center_axis',(0.,-1.,6.12303176911189E-17));
#8939=DIRECTION('ref_axis',(0.992546151641322,7.46209861350551E-18,0.121869343405152));
#8940=DIRECTION('center_axis',(0.,-1.,6.12303176911189E-17));
#8941=DIRECTION('ref_axis',(0.992546151641322,7.46209861350551E-18,0.121869343405152));
#8942=DIRECTION('',(0.,-1.,6.12303176911189E-17));
#8943=DIRECTION('center_axis',(0.992546151641322,7.46209861350514E-18,0.121869343405146));
#8944=DIRECTION('ref_axis',(-0.121869343405146,6.07739161880956E-17,0.992546151641322));
#8945=DIRECTION('',(-0.121869343405146,6.07739161880956E-17,0.992546151641322));
#8946=DIRECTION('',(-0.121869343405146,6.07739161880956E-17,0.992546151641322));
#8947=DIRECTION('center_axis',(0.,-1.,6.12303176911189E-17));
#8948=DIRECTION('ref_axis',(1.,0.,0.));
#8949=DIRECTION('center_axis',(0.,-1.,6.12303176911189E-17));
#8950=DIRECTION('ref_axis',(1.,0.,0.));
#8951=DIRECTION('center_axis',(0.,1.,-6.12303176911189E-17));
#8952=DIRECTION('ref_axis',(0.70710678118654,-4.32963728535972E-17,-0.707106781186555));
#8953=DIRECTION('center_axis',(0.,1.,-6.12303176911189E-17));
#8954=DIRECTION('ref_axis',(0.70710678118654,-4.32963728535972E-17,-0.707106781186555));
#8955=DIRECTION('',(0.,-1.,6.12303176911189E-17));
#8956=DIRECTION('center_axis',(0.,-1.,6.12303176911189E-17));
#8957=DIRECTION('ref_axis',(0.70710678118654,-4.32963728535972E-17,-0.707106781186555));
#8958=DIRECTION('',(0.,-1.,6.12303176911189E-17));
#8959=DIRECTION('center_axis',(0.121869343405135,-6.07739161880957E-17,
-0.992546151641324));
#8960=DIRECTION('ref_axis',(0.,-1.,6.12303176911189E-17));
#8961=DIRECTION('',(-0.992546151641324,-7.46209861350449E-18,-0.121869343405135));
#8962=DIRECTION('',(0.992546151641324,7.46209861350449E-18,0.121869343405135));
#8963=DIRECTION('',(0.,-1.,6.12303176911189E-17));
#8964=DIRECTION('center_axis',(0.992546151641327,7.46209861350264E-18,0.121869343405105));
#8965=DIRECTION('ref_axis',(0.,1.,-6.12303176911189E-17));
#8966=DIRECTION('',(0.121869343405105,-6.07739161880959E-17,-0.992546151641327));
#8967=DIRECTION('',(-0.121869343405105,6.07739161880959E-17,0.992546151641327));
#8968=DIRECTION('',(0.,-1.,6.12303176911189E-17));
#8969=DIRECTION('center_axis',(-0.121869343405141,6.07739161880956E-17,
0.992546151641323));
#8970=DIRECTION('ref_axis',(0.,1.,-6.12303176911189E-17));
#8971=DIRECTION('',(0.992546151641323,7.46209861350481E-18,0.12186934340514));
#8972=DIRECTION('',(-0.992546151641323,-7.46209861350481E-18,-0.12186934340514));
#8973=DIRECTION('',(0.,-1.,6.12303176911189E-17));
#8974=DIRECTION('center_axis',(0.,1.,-6.12303176911189E-17));
#8975=DIRECTION('ref_axis',(0.707106781186543,-4.3296372853597E-17,-0.707106781186552));
#8976=DIRECTION('center_axis',(0.,-1.,6.12303176911189E-17));
#8977=DIRECTION('ref_axis',(0.707106781186543,-4.3296372853597E-17,-0.707106781186552));
#8978=DIRECTION('center_axis',(0.,1.,-6.12303176911189E-17));
#8979=DIRECTION('ref_axis',(0.707106781186543,-4.3296372853597E-17,-0.707106781186552));
#8980=DIRECTION('',(0.,-1.,6.12303176911189E-17));
#8981=DIRECTION('center_axis',(-0.992546151641322,7.4620986135055E-18,0.121869343405152));
#8982=DIRECTION('ref_axis',(0.,-1.,6.12303176911189E-17));
#8983=DIRECTION('',(0.121869343405152,6.07739161880956E-17,0.992546151641322));
#8984=DIRECTION('',(-0.121869343405152,-6.07739161880956E-17,-0.992546151641322));
#8985=DIRECTION('',(0.,-1.,6.12303176911189E-17));
#8986=DIRECTION('center_axis',(0.,1.,-6.12303176911189E-17));
#8987=DIRECTION('ref_axis',(-0.662620048215738,4.58587967204915E-17,0.748955720789002));
#8988=DIRECTION('center_axis',(0.,1.,-6.12303176911189E-17));
#8989=DIRECTION('ref_axis',(-0.662620048215738,4.58587967204915E-17,0.748955720789002));
#8990=DIRECTION('center_axis',(0.,-1.,6.12303176911189E-17));
#8991=DIRECTION('ref_axis',(-0.662620048215738,4.58587967204915E-17,0.748955720789002));
#8992=DIRECTION('',(0.,-1.,6.12303176911189E-17));
#8993=DIRECTION('center_axis',(0.,6.12303176911189E-17,1.));
#8994=DIRECTION('ref_axis',(0.,1.,-6.12303176911189E-17));
#8995=DIRECTION('',(1.,0.,0.));
#8996=DIRECTION('',(-1.,0.,0.));
#8997=DIRECTION('',(0.,-1.,6.12303176911189E-17));
#8998=DIRECTION('center_axis',(-1.,-2.71917234023173E-31,-4.44089209850063E-15));
#8999=DIRECTION('ref_axis',(0.,-1.,6.12303176911189E-17));
#9000=DIRECTION('',(-4.44089209850063E-15,6.12303176911189E-17,1.));
#9001=DIRECTION('',(4.44089209850063E-15,-6.12303176911189E-17,-1.));
#9002=DIRECTION('',(0.,-1.,6.12303176911189E-17));
#9003=DIRECTION('center_axis',(0.,-6.12303176911189E-17,-1.));
#9004=DIRECTION('ref_axis',(0.,-1.,6.12303176911189E-17));
#9005=DIRECTION('',(-1.,0.,0.));
#9006=DIRECTION('',(1.,0.,0.));
#9007=DIRECTION('',(0.,-1.,6.12303176911189E-17));
#9008=DIRECTION('center_axis',(0.,1.,-6.12303176911189E-17));
#9009=DIRECTION('ref_axis',(-0.662620048215738,4.58587967204915E-17,0.748955720789002));
#9010=DIRECTION('center_axis',(0.,-1.,6.12303176911189E-17));
#9011=DIRECTION('ref_axis',(-0.662620048215738,4.58587967204915E-17,0.748955720789002));
#9012=DIRECTION('center_axis',(0.,1.,-6.12303176911189E-17));
#9013=DIRECTION('ref_axis',(-0.662620048215738,4.58587967204915E-17,0.748955720789002));
#9014=DIRECTION('',(0.,-1.,6.12303176911189E-17));
#9015=DIRECTION('center_axis',(0.992546151641322,-7.46209861350526E-18,
-0.121869343405148));
#9016=DIRECTION('ref_axis',(0.,1.,-6.12303176911189E-17));
#9017=DIRECTION('',(-0.121869343405148,-6.07739161880956E-17,-0.992546151641322));
#9018=DIRECTION('',(0.121869343405148,6.07739161880956E-17,0.992546151641322));
#9019=DIRECTION('center_axis',(6.59497679210908E-31,1.,-6.12303176911193E-17));
#9020=DIRECTION('ref_axis',(-1.,6.59497679210908E-31,-4.03812524146395E-47));
#9021=DIRECTION('center_axis',(8.21702059804252E-31,1.,-6.12303176911195E-17));
#9022=DIRECTION('ref_axis',(-1.,8.21702059804252E-31,-5.03130781692611E-47));
#9023=DIRECTION('center_axis',(0.,1.,-6.12303176911189E-17));
#9024=DIRECTION('ref_axis',(0.121869343405122,-6.07739161880958E-17,-0.992546151641325));
#9025=DIRECTION('center_axis',(0.,-1.,6.12303176911189E-17));
#9026=DIRECTION('ref_axis',(0.121869343405122,-6.07739161880958E-17,-0.992546151641325));
#9027=DIRECTION('',(0.,-1.,6.12303176911189E-17));
#9028=DIRECTION('center_axis',(0.,-1.,6.12303176911189E-17));
#9029=DIRECTION('ref_axis',(0.121869343405122,-6.07739161880958E-17,-0.992546151641325));
#9030=DIRECTION('',(0.,-1.,6.12303176911189E-17));
#9031=DIRECTION('center_axis',(0.121869343405135,-6.07739161880957E-17,
-0.992546151641324));
#9032=DIRECTION('ref_axis',(0.992546151641324,7.46209861350449E-18,0.121869343405135));
#9033=DIRECTION('',(0.992546151641324,7.46209861350449E-18,0.121869343405135));
#9034=DIRECTION('',(0.,-1.,6.12303176911189E-17));
#9035=DIRECTION('',(0.992546151641324,7.46209861350449E-18,0.121869343405135));
#9036=DIRECTION('center_axis',(0.992546151641327,7.46209861350264E-18,0.121869343405105));
#9037=DIRECTION('ref_axis',(-0.121869343405105,6.07739161880959E-17,0.992546151641327));
#9038=DIRECTION('',(-0.121869343405105,6.07739161880959E-17,0.992546151641327));
#9039=DIRECTION('',(0.,-1.,6.12303176911189E-17));
#9040=DIRECTION('',(-0.121869343405105,6.07739161880959E-17,0.992546151641327));
#9041=DIRECTION('center_axis',(-0.121869343405141,6.07739161880956E-17,
0.992546151641323));
#9042=DIRECTION('ref_axis',(-0.992546151641323,-7.46209861350482E-18,-0.121869343405141));
#9043=DIRECTION('',(-0.992546151641323,-7.46209861350482E-18,-0.121869343405141));
#9044=DIRECTION('',(0.,-1.,6.12303176911189E-17));
#9045=DIRECTION('',(-0.992546151641323,-7.46209861350482E-18,-0.121869343405141));
#9046=DIRECTION('center_axis',(0.,1.,-6.12303176911189E-17));
#9047=DIRECTION('ref_axis',(0.992546151641321,-7.46209861350569E-18,-0.121869343405155));
#9048=DIRECTION('center_axis',(0.,1.,-6.12303176911189E-17));
#9049=DIRECTION('ref_axis',(0.992546151641321,-7.46209861350569E-18,-0.121869343405155));
#9050=DIRECTION('',(0.,-1.,6.12303176911189E-17));
#9051=DIRECTION('center_axis',(0.,1.,-6.12303176911189E-17));
#9052=DIRECTION('ref_axis',(0.992546151641321,-7.46209861350569E-18,-0.121869343405155));
#9053=DIRECTION('center_axis',(-0.992546151641322,7.4620986135055E-18,0.121869343405152));
#9054=DIRECTION('ref_axis',(-0.121869343405152,-6.07739161880956E-17,-0.992546151641322));
#9055=DIRECTION('',(-0.121869343405152,-6.07739161880956E-17,-0.992546151641322));
#9056=DIRECTION('',(0.,-1.,6.12303176911189E-17));
#9057=DIRECTION('',(-0.121869343405152,-6.07739161880956E-17,-0.992546151641322));
#9058=DIRECTION('center_axis',(0.,1.,-6.12303176911189E-17));
#9059=DIRECTION('ref_axis',(0.,6.12303176911189E-17,1.));
#9060=DIRECTION('center_axis',(0.,-1.,6.12303176911189E-17));
#9061=DIRECTION('ref_axis',(0.,6.12303176911189E-17,1.));
#9062=DIRECTION('',(0.,-1.,6.12303176911189E-17));
#9063=DIRECTION('center_axis',(0.,-1.,6.12303176911189E-17));
#9064=DIRECTION('ref_axis',(0.,6.12303176911189E-17,1.));
#9065=DIRECTION('center_axis',(0.,6.12303176911189E-17,1.));
#9066=DIRECTION('ref_axis',(-1.,0.,0.));
#9067=DIRECTION('',(-1.,0.,0.));
#9068=DIRECTION('',(0.,-1.,6.12303176911189E-17));
#9069=DIRECTION('',(-1.,0.,0.));
#9070=DIRECTION('center_axis',(-1.,-2.71917234023173E-31,-4.44089209850063E-15));
#9071=DIRECTION('ref_axis',(4.44089209850063E-15,-6.12303176911189E-17,
-1.));
#9072=DIRECTION('',(4.44089209850063E-15,-6.12303176911189E-17,-1.));
#9073=DIRECTION('',(0.,-1.,6.12303176911189E-17));
#9074=DIRECTION('',(4.44089209850063E-15,-6.12303176911189E-17,-1.));
#9075=DIRECTION('center_axis',(0.,-6.12303176911189E-17,-1.));
#9076=DIRECTION('ref_axis',(1.,0.,0.));
#9077=DIRECTION('',(1.,0.,0.));
#9078=DIRECTION('',(0.,-1.,6.12303176911189E-17));
#9079=DIRECTION('',(1.,0.,0.));
#9080=DIRECTION('center_axis',(0.,1.,-6.12303176911189E-17));
#9081=DIRECTION('ref_axis',(-0.992546151641322,7.46209861350522E-18,0.121869343405147));
#9082=DIRECTION('center_axis',(0.,1.,-6.12303176911189E-17));
#9083=DIRECTION('ref_axis',(-0.992546151641322,7.46209861350522E-18,0.121869343405147));
#9084=DIRECTION('',(0.,-1.,6.12303176911189E-17));
#9085=DIRECTION('center_axis',(0.,1.,-6.12303176911189E-17));
#9086=DIRECTION('ref_axis',(-0.992546151641322,7.46209861350522E-18,0.121869343405147));
#9087=DIRECTION('center_axis',(0.992546151641322,-7.46209861350526E-18,
-0.121869343405148));
#9088=DIRECTION('ref_axis',(0.121869343405148,6.07739161880956E-17,0.992546151641322));
#9089=DIRECTION('',(0.121869343405148,6.07739161880956E-17,0.992546151641322));
#9090=DIRECTION('',(0.121869343405148,6.07739161880956E-17,0.992546151641322));
#9091=DIRECTION('center_axis',(0.,1.,-6.12303176911189E-17));
#9092=DIRECTION('ref_axis',(-1.,0.,0.));
#9093=DIRECTION('center_axis',(0.,1.,-6.12303176911189E-17));
#9094=DIRECTION('ref_axis',(-1.,0.,0.));
#9095=DIRECTION('center_axis',(0.,1.,-6.12303176911189E-17));
#9096=DIRECTION('ref_axis',(0.121869343405122,-6.07739161880958E-17,-0.992546151641325));
#9097=DIRECTION('center_axis',(0.,-1.,6.12303176911189E-17));
#9098=DIRECTION('ref_axis',(0.121869343405122,-6.07739161880958E-17,-0.992546151641325));
#9099=DIRECTION('',(0.,-1.,6.12303176911189E-17));
#9100=DIRECTION('center_axis',(0.,-1.,6.12303176911189E-17));
#9101=DIRECTION('ref_axis',(0.121869343405122,-6.07739161880958E-17,-0.992546151641325));
#9102=DIRECTION('',(0.,-1.,6.12303176911189E-17));
#9103=DIRECTION('center_axis',(0.121869343405135,-6.07739161880957E-17,
-0.992546151641324));
#9104=DIRECTION('ref_axis',(0.992546151641324,7.46209861350449E-18,0.121869343405135));
#9105=DIRECTION('',(0.992546151641324,7.46209861350449E-18,0.121869343405135));
#9106=DIRECTION('',(0.,-1.,6.12303176911189E-17));
#9107=DIRECTION('',(0.992546151641324,7.46209861350449E-18,0.121869343405135));
#9108=DIRECTION('center_axis',(0.992546151641327,7.46209861350264E-18,0.121869343405105));
#9109=DIRECTION('ref_axis',(-0.121869343405105,6.07739161880959E-17,0.992546151641327));
#9110=DIRECTION('',(-0.121869343405105,6.07739161880959E-17,0.992546151641327));
#9111=DIRECTION('',(0.,-1.,6.12303176911189E-17));
#9112=DIRECTION('',(-0.121869343405105,6.07739161880959E-17,0.992546151641327));
#9113=DIRECTION('center_axis',(-0.121869343405141,6.07739161880956E-17,
0.992546151641323));
#9114=DIRECTION('ref_axis',(-0.992546151641323,-7.46209861350482E-18,-0.121869343405141));
#9115=DIRECTION('',(-0.992546151641323,-7.46209861350482E-18,-0.121869343405141));
#9116=DIRECTION('',(0.,-1.,6.12303176911189E-17));
#9117=DIRECTION('',(-0.992546151641323,-7.46209861350482E-18,-0.121869343405141));
#9118=DIRECTION('center_axis',(0.,1.,-6.12303176911189E-17));
#9119=DIRECTION('ref_axis',(0.992546151641321,-7.46209861350569E-18,-0.121869343405155));
#9120=DIRECTION('center_axis',(0.,1.,-6.12303176911189E-17));
#9121=DIRECTION('ref_axis',(0.992546151641321,-7.46209861350569E-18,-0.121869343405155));
#9122=DIRECTION('',(0.,-1.,6.12303176911189E-17));
#9123=DIRECTION('center_axis',(0.,1.,-6.12303176911189E-17));
#9124=DIRECTION('ref_axis',(0.992546151641321,-7.46209861350569E-18,-0.121869343405155));
#9125=DIRECTION('center_axis',(-0.992546151641322,7.4620986135055E-18,0.121869343405152));
#9126=DIRECTION('ref_axis',(-0.121869343405152,-6.07739161880956E-17,-0.992546151641322));
#9127=DIRECTION('',(-0.121869343405152,-6.07739161880956E-17,-0.992546151641322));
#9128=DIRECTION('',(0.,-1.,6.12303176911189E-17));
#9129=DIRECTION('',(-0.121869343405152,-6.07739161880956E-17,-0.992546151641322));
#9130=DIRECTION('center_axis',(0.,1.,-6.12303176911189E-17));
#9131=DIRECTION('ref_axis',(0.,6.12303176911189E-17,1.));
#9132=DIRECTION('center_axis',(0.,-1.,6.12303176911189E-17));
#9133=DIRECTION('ref_axis',(0.,6.12303176911189E-17,1.));
#9134=DIRECTION('',(0.,-1.,6.12303176911189E-17));
#9135=DIRECTION('center_axis',(0.,-1.,6.12303176911189E-17));
#9136=DIRECTION('ref_axis',(0.,6.12303176911189E-17,1.));
#9137=DIRECTION('center_axis',(0.,6.12303176911189E-17,1.));
#9138=DIRECTION('ref_axis',(-1.,0.,0.));
#9139=DIRECTION('',(-1.,0.,0.));
#9140=DIRECTION('',(0.,-1.,6.12303176911189E-17));
#9141=DIRECTION('',(-1.,0.,0.));
#9142=DIRECTION('center_axis',(-1.,-2.71917234023173E-31,-4.44089209850063E-15));
#9143=DIRECTION('ref_axis',(4.44089209850063E-15,-6.12303176911189E-17,
-1.));
#9144=DIRECTION('',(4.44089209850063E-15,-6.12303176911189E-17,-1.));
#9145=DIRECTION('',(0.,-1.,6.12303176911189E-17));
#9146=DIRECTION('',(4.44089209850063E-15,-6.12303176911189E-17,-1.));
#9147=DIRECTION('center_axis',(0.,-6.12303176911189E-17,-1.));
#9148=DIRECTION('ref_axis',(1.,0.,0.));
#9149=DIRECTION('',(1.,0.,0.));
#9150=DIRECTION('',(0.,-1.,6.12303176911189E-17));
#9151=DIRECTION('',(1.,0.,0.));
#9152=DIRECTION('center_axis',(0.,1.,-6.12303176911189E-17));
#9153=DIRECTION('ref_axis',(-0.992546151641322,7.4620986135052E-18,0.121869343405147));
#9154=DIRECTION('center_axis',(0.,1.,-6.12303176911189E-17));
#9155=DIRECTION('ref_axis',(-0.992546151641322,7.4620986135052E-18,0.121869343405147));
#9156=DIRECTION('',(0.,-1.,6.12303176911189E-17));
#9157=DIRECTION('center_axis',(0.,1.,-6.12303176911189E-17));
#9158=DIRECTION('ref_axis',(-0.992546151641322,7.4620986135052E-18,0.121869343405147));
#9159=DIRECTION('center_axis',(0.992546151641322,-7.46209861350526E-18,
-0.121869343405148));
#9160=DIRECTION('ref_axis',(0.121869343405148,6.07739161880956E-17,0.992546151641322));
#9161=DIRECTION('',(0.121869343405148,6.07739161880956E-17,0.992546151641322));
#9162=DIRECTION('',(0.121869343405148,6.07739161880956E-17,0.992546151641322));
#9163=DIRECTION('center_axis',(0.,1.,-6.12303176911189E-17));
#9164=DIRECTION('ref_axis',(-1.,0.,0.));
#9165=DIRECTION('center_axis',(0.,1.,-6.12303176911189E-17));
#9166=DIRECTION('ref_axis',(-1.,0.,0.));
#9167=DIRECTION('center_axis',(0.,1.,-6.12303176911189E-17));
#9168=DIRECTION('ref_axis',(0.70710678118654,-4.32963728535972E-17,-0.707106781186555));
#9169=DIRECTION('center_axis',(0.,1.,-6.12303176911189E-17));
#9170=DIRECTION('ref_axis',(0.70710678118654,-4.32963728535972E-17,-0.707106781186555));
#9171=DIRECTION('',(0.,-1.,6.12303176911189E-17));
#9172=DIRECTION('center_axis',(0.,-1.,6.12303176911189E-17));
#9173=DIRECTION('ref_axis',(0.70710678118654,-4.32963728535972E-17,-0.707106781186555));
#9174=DIRECTION('',(0.,-1.,6.12303176911189E-17));
#9175=DIRECTION('center_axis',(0.121869343405135,-6.07739161880957E-17,
-0.992546151641324));
#9176=DIRECTION('ref_axis',(0.,-1.,6.12303176911189E-17));
#9177=DIRECTION('',(-0.992546151641324,-7.46209861350448E-18,-0.121869343405135));
#9178=DIRECTION('',(0.992546151641324,7.46209861350448E-18,0.121869343405135));
#9179=DIRECTION('',(0.,-1.,6.12303176911189E-17));
#9180=DIRECTION('center_axis',(0.992546151641327,7.46209861350264E-18,0.121869343405105));
#9181=DIRECTION('ref_axis',(0.,1.,-6.12303176911189E-17));
#9182=DIRECTION('',(0.121869343405105,-6.07739161880959E-17,-0.992546151641327));
#9183=DIRECTION('',(-0.121869343405105,6.07739161880959E-17,0.992546151641327));
#9184=DIRECTION('',(0.,-1.,6.12303176911189E-17));
#9185=DIRECTION('center_axis',(-0.121869343405141,6.07739161880956E-17,
0.992546151641323));
#9186=DIRECTION('ref_axis',(0.,1.,-6.12303176911189E-17));
#9187=DIRECTION('',(0.992546151641323,7.46209861350481E-18,0.12186934340514));
#9188=DIRECTION('',(-0.992546151641323,-7.46209861350481E-18,-0.12186934340514));
#9189=DIRECTION('',(0.,-1.,6.12303176911189E-17));
#9190=DIRECTION('center_axis',(0.,1.,-6.12303176911189E-17));
#9191=DIRECTION('ref_axis',(0.707106781186543,-4.3296372853597E-17,-0.707106781186552));
#9192=DIRECTION('center_axis',(0.,-1.,6.12303176911189E-17));
#9193=DIRECTION('ref_axis',(0.707106781186543,-4.3296372853597E-17,-0.707106781186552));
#9194=DIRECTION('center_axis',(0.,1.,-6.12303176911189E-17));
#9195=DIRECTION('ref_axis',(0.707106781186543,-4.3296372853597E-17,-0.707106781186552));
#9196=DIRECTION('',(0.,-1.,6.12303176911189E-17));
#9197=DIRECTION('center_axis',(-0.992546151641322,7.4620986135055E-18,0.121869343405152));
#9198=DIRECTION('ref_axis',(0.,-1.,6.12303176911189E-17));
#9199=DIRECTION('',(0.121869343405152,6.07739161880956E-17,0.992546151641322));
#9200=DIRECTION('',(-0.121869343405152,-6.07739161880956E-17,-0.992546151641322));
#9201=DIRECTION('',(0.,-1.,6.12303176911189E-17));
#9202=DIRECTION('center_axis',(0.,1.,-6.12303176911189E-17));
#9203=DIRECTION('ref_axis',(-0.662620048215738,4.58587967204915E-17,0.748955720789002));
#9204=DIRECTION('center_axis',(0.,1.,-6.12303176911189E-17));
#9205=DIRECTION('ref_axis',(-0.662620048215738,4.58587967204915E-17,0.748955720789002));
#9206=DIRECTION('center_axis',(0.,-1.,6.12303176911189E-17));
#9207=DIRECTION('ref_axis',(-0.662620048215738,4.58587967204915E-17,0.748955720789002));
#9208=DIRECTION('',(0.,-1.,6.12303176911189E-17));
#9209=DIRECTION('center_axis',(0.,6.12303176911189E-17,1.));
#9210=DIRECTION('ref_axis',(0.,1.,-6.12303176911189E-17));
#9211=DIRECTION('',(1.,0.,0.));
#9212=DIRECTION('',(-1.,0.,0.));
#9213=DIRECTION('',(0.,-1.,6.12303176911189E-17));
#9214=DIRECTION('center_axis',(-1.,-2.71917234023173E-31,-4.44089209850063E-15));
#9215=DIRECTION('ref_axis',(0.,-1.,6.12303176911189E-17));
#9216=DIRECTION('',(-4.44089209850063E-15,6.12303176911189E-17,1.));
#9217=DIRECTION('',(4.44089209850063E-15,-6.12303176911189E-17,-1.));
#9218=DIRECTION('',(0.,-1.,6.12303176911189E-17));
#9219=DIRECTION('center_axis',(0.,-6.12303176911189E-17,-1.));
#9220=DIRECTION('ref_axis',(0.,-1.,6.12303176911189E-17));
#9221=DIRECTION('',(-1.,0.,0.));
#9222=DIRECTION('',(1.,0.,0.));
#9223=DIRECTION('',(0.,-1.,6.12303176911189E-17));
#9224=DIRECTION('center_axis',(0.,1.,-6.12303176911189E-17));
#9225=DIRECTION('ref_axis',(-0.662620048215738,4.58587967204915E-17,0.748955720789002));
#9226=DIRECTION('center_axis',(0.,-1.,6.12303176911189E-17));
#9227=DIRECTION('ref_axis',(-0.662620048215738,4.58587967204915E-17,0.748955720789002));
#9228=DIRECTION('center_axis',(0.,1.,-6.12303176911189E-17));
#9229=DIRECTION('ref_axis',(-0.662620048215738,4.58587967204915E-17,0.748955720789002));
#9230=DIRECTION('',(0.,-1.,6.12303176911189E-17));
#9231=DIRECTION('center_axis',(0.992546151641322,-7.46209861350526E-18,
-0.121869343405148));
#9232=DIRECTION('ref_axis',(0.,1.,-6.12303176911189E-17));
#9233=DIRECTION('',(-0.121869343405148,-6.07739161880956E-17,-0.992546151641322));
#9234=DIRECTION('',(0.121869343405148,6.07739161880956E-17,0.992546151641322));
#9235=DIRECTION('center_axis',(6.89936672618881E-30,1.,-6.12303176911233E-17));
#9236=DIRECTION('ref_axis',(-1.,6.89936672618881E-30,-4.22450416512076E-46));
#9237=DIRECTION('center_axis',(7.87748321096989E-30,1.,-6.12303176911243E-17));
#9238=DIRECTION('ref_axis',(-1.,7.87748321096989E-30,-4.82340799614142E-46));
#9239=CARTESIAN_POINT('',(0.,0.,0.));
#9240=CARTESIAN_POINT('Origin',(-1.83713914623764,-3.32426185355825,1.39775275075555));
#9241=CARTESIAN_POINT('',(-1.93139167315818,2.38585571937564,1.43116623858743));
#9242=CARTESIAN_POINT('',(-1.93561992153886,2.373,1.41511756852224));
#9243=CARTESIAN_POINT('Ctrl Pts',(-1.93139167315818,2.3858557193756,1.43116623858746));
#9244=CARTESIAN_POINT('Ctrl Pts',(-1.93332048583453,2.3815567322744,1.42572545761849));
#9245=CARTESIAN_POINT('Ctrl Pts',(-1.93470633520359,2.3771952697942,1.42029877409611));
#9246=CARTESIAN_POINT('Ctrl Pts',(-1.93561992153886,2.373,1.41511756852224));
#9247=CARTESIAN_POINT('',(-1.93561992153886,-2.373,1.41511756852225));
#9248=CARTESIAN_POINT('',(-1.93561992153886,-3.32426185355825,1.41511756852225));
#9249=CARTESIAN_POINT('',(-1.93139167315818,-2.38585571937564,1.43116623858743));
#9250=CARTESIAN_POINT('Ctrl Pts',(-1.93561992153886,-2.373,1.41511756852225));
#9251=CARTESIAN_POINT('Ctrl Pts',(-1.93470633520359,-2.3771952697942,1.42029877409611));
#9252=CARTESIAN_POINT('Ctrl Pts',(-1.93332048583453,-2.3815567322744,1.42572545761849));
#9253=CARTESIAN_POINT('Ctrl Pts',(-1.93139167315818,-2.3858557193756,1.43116623858746));
#9254=CARTESIAN_POINT('',(-1.90784982435629,-2.33713914623764,1.46846342887421));
#9255=CARTESIAN_POINT('Origin',(-1.83713914623764,-2.33713914623764,1.39775275075555));
#9256=CARTESIAN_POINT('',(-1.90784982435629,2.33713914623764,1.46846342887421));
#9257=CARTESIAN_POINT('',(-1.90784982435629,-3.32426185355825,1.46846342887421));
#9258=CARTESIAN_POINT('Origin',(-1.83713914623764,2.33713914623763,1.39775275075555));
#9259=CARTESIAN_POINT('Origin',(-2.,-2.373,1.05));
#9260=CARTESIAN_POINT('',(-2.,2.373,1.05));
#9261=CARTESIAN_POINT('',(-2.,2.373,1.05));
#9262=CARTESIAN_POINT('',(-2.,-2.373,1.05));
#9263=CARTESIAN_POINT('',(-2.,-2.373,1.05));
#9264=CARTESIAN_POINT('',(-2.,-2.373,1.05));
#9265=CARTESIAN_POINT('Origin',(-1.873,2.373,1.05));
#9266=CARTESIAN_POINT('',(-1.873,2.4419431576084,1.37925671475988));
#9267=CARTESIAN_POINT('Ctrl Pts',(-1.873,2.4419431576084,1.37925671475988));
#9268=CARTESIAN_POINT('Ctrl Pts',(-1.88160253027509,2.4409155811739,1.38508439031115));
#9269=CARTESIAN_POINT('Ctrl Pts',(-1.89072204982123,2.43810548043826,1.39129744651278));
#9270=CARTESIAN_POINT('Ctrl Pts',(-1.90712186465519,2.42877864089931,1.40325104222813));
#9271=CARTESIAN_POINT('Ctrl Pts',(-1.91438516431559,2.42225558198207,1.40900995377634));
#9272=CARTESIAN_POINT('Ctrl Pts',(-1.92552341392105,2.4070028373007,1.41974970298463));
#9273=CARTESIAN_POINT('Ctrl Pts',(-1.93010421558149,2.39603923935985,1.42587915338999));
#9274=CARTESIAN_POINT('Ctrl Pts',(-1.93139167315817,2.38585571937564,1.43116623858743));
#9275=CARTESIAN_POINT('',(-1.873,2.5,1.05));
#9276=CARTESIAN_POINT('',(-1.873,2.5,1.05));
#9277=CARTESIAN_POINT('Origin',(-1.873,2.373,1.05));
#9278=CARTESIAN_POINT('Origin',(-1.67546899347568,2.30863233633045,1.5594229035175));
#9279=CARTESIAN_POINT('',(-1.65560257511183,2.29266115038635,1.72071067811866));
#9280=CARTESIAN_POINT('',(-1.74617967159433,2.30863233633045,1.63013358163616));
#9281=CARTESIAN_POINT('',(-1.62077188537803,2.3285411387712,1.74334145077886));
#9282=CARTESIAN_POINT('Origin',(-1.58489189699318,2.29266115038635,1.65));
#9283=CARTESIAN_POINT('',(-1.58489189699318,2.39114192568757,1.66736481776669));
#9284=CARTESIAN_POINT('Origin',(-1.58489189699318,2.29266115038635,1.65));
#9285=CARTESIAN_POINT('',(-1.67546899347568,2.40711311163167,1.57678772128419));
#9286=CARTESIAN_POINT('Origin',(-0.9365,2.29266115038635,1.65));
#9287=CARTESIAN_POINT('',(-1.58489189699318,2.29266115038635,1.75));
#9288=CARTESIAN_POINT('Origin',(-1.58489189699318,2.29266115038635,1.65));
#9289=CARTESIAN_POINT('',(1.79266115038635,2.29266115038635,1.75));
#9290=CARTESIAN_POINT('',(-0.9365,2.29266115038635,1.75));
#9291=CARTESIAN_POINT('',(1.8113644559738,2.32459747257034,1.74476323825915));
#9292=CARTESIAN_POINT('Ctrl Pts',(1.79266115038635,2.29266115038635,1.75));
#9293=CARTESIAN_POINT('Ctrl Pts',(1.79719983831647,2.30054924422709,1.75));
#9294=CARTESIAN_POINT('Ctrl Pts',(1.8017385262466,2.30843692688422,1.74906233845579));
#9295=CARTESIAN_POINT('Ctrl Pts',(1.80627721417673,2.3161051835818,1.74721305111728));
#9296=CARTESIAN_POINT('Ctrl Pts',(1.80797296144242,2.31897020217918,1.74652211928939));
#9297=CARTESIAN_POINT('Ctrl Pts',(1.80966870870811,2.32180465373747,1.74570445094549));
#9298=CARTESIAN_POINT('Ctrl Pts',(1.8113644559738,2.32459747257034,1.74476323825915));
#9299=CARTESIAN_POINT('',(1.873,2.39114192568757,1.66736481776669));
#9300=CARTESIAN_POINT('Ctrl Pts',(1.8113644559738,2.32459747257034,1.74476323825915));
#9301=CARTESIAN_POINT('Ctrl Pts',(1.81590218049297,2.3320708990366,1.74224460593052));
#9302=CARTESIAN_POINT('Ctrl Pts',(1.82043990501214,2.33924460935156,1.73883792525037));
#9303=CARTESIAN_POINT('Ctrl Pts',(1.82497762953131,2.34591949723206,1.73463774861881));
#9304=CARTESIAN_POINT('Ctrl Pts',(1.82951826245263,2.35259866330489,1.73043487993254));
#9305=CARTESIAN_POINT('Ctrl Pts',(1.83405889537395,2.35877766751123,1.72543793162526));
#9306=CARTESIAN_POINT('Ctrl Pts',(1.83859952829527,2.36428479355267,1.71978577032306));
#9307=CARTESIAN_POINT('Ctrl Pts',(1.84313775353463,2.36978899942678,1.71413660609351));
#9308=CARTESIAN_POINT('Ctrl Pts',(1.847675978774,2.3746214686908,1.70783351590755));
#9309=CARTESIAN_POINT('Ctrl Pts',(1.85221420401336,2.37864804683625,1.70105148028132));
#9310=CARTESIAN_POINT('Ctrl Pts',(1.85675359721195,2.38267566126325,1.69426769922803));
#9311=CARTESIAN_POINT('Ctrl Pts',(1.86129299041054,2.38589654780805,1.68700543245211));
#9312=CARTESIAN_POINT('Ctrl Pts',(1.86583238360913,2.38822124557355,1.67946639115692));
#9313=CARTESIAN_POINT('Ctrl Pts',(1.86822158907276,2.38944479690731,1.67549838973802));
#9314=CARTESIAN_POINT('Ctrl Pts',(1.87061079453638,2.39042087553162,1.67145409640715));
#9315=CARTESIAN_POINT('Ctrl Pts',(1.873,2.39114192568757,1.66736481776669));
#9316=CARTESIAN_POINT('',(-0.9365,2.39114192568757,1.66736481776669));
#9317=CARTESIAN_POINT('Origin',(-1.58489189699318,-2.13776185355825,1.65));
#9318=CARTESIAN_POINT('',(-1.65560257511183,-2.29266115038635,1.72071067811866));
#9319=CARTESIAN_POINT('',(-1.65560257511183,-2.13776185355825,1.72071067811866));
#9320=CARTESIAN_POINT('',(-1.62077188537803,-2.3285411387712,1.74334145077886));
#9321=CARTESIAN_POINT('Origin',(-1.58489189699318,-2.29266115038635,1.65));
#9322=CARTESIAN_POINT('',(-1.58489189699318,-2.29266115038635,1.75));
#9323=CARTESIAN_POINT('Origin',(-1.58489189699318,-2.29266115038635,1.65));
#9324=CARTESIAN_POINT('',(-1.58489189699318,-2.13776185355825,1.75));
#9325=CARTESIAN_POINT('Origin',(-1.95631325323058,-4.27552370711651,1.41999999999992));
#9326=CARTESIAN_POINT('',(-1.19519022734708,-2.21147803122409,2.1811230258834));
#9327=CARTESIAN_POINT('Origin',(-1.12447954922842,-2.21147803122409,2.11041234776474));
#9328=CARTESIAN_POINT('',(-1.873,-2.4419431576084,1.37925671475988));
#9329=CARTESIAN_POINT('Ctrl Pts',(-1.93139167315817,-2.38585571937564,1.43116623858743));
#9330=CARTESIAN_POINT('Ctrl Pts',(-1.93010421558149,-2.39603923935985,1.42587915338999));
#9331=CARTESIAN_POINT('Ctrl Pts',(-1.92552341392106,-2.4070028373007,1.41974970298463));
#9332=CARTESIAN_POINT('Ctrl Pts',(-1.91438516431559,-2.42225558198207,1.40900995377634));
#9333=CARTESIAN_POINT('Ctrl Pts',(-1.90712186465519,-2.42877864089931,1.40325104222813));
#9334=CARTESIAN_POINT('Ctrl Pts',(-1.89072204982123,-2.43810548043826,1.39129744651278));
#9335=CARTESIAN_POINT('Ctrl Pts',(-1.88160253027509,-2.4409155811739,1.38508439031115));
#9336=CARTESIAN_POINT('Ctrl Pts',(-1.873,-2.4419431576084,1.37925671475988));
#9337=CARTESIAN_POINT('',(-1.58489189699318,-2.39114192568757,1.66736481776669));
#9338=CARTESIAN_POINT('',(-1.12447954922842,-2.30995880652531,2.12777716553143));
#9339=CARTESIAN_POINT('Origin',(-1.58489189699318,-2.29266115038635,1.65));
#9340=CARTESIAN_POINT('Origin',(0.9365,-2.29266115038635,1.65));
#9341=CARTESIAN_POINT('',(1.873,-2.39114192568757,1.66736481776669));
#9342=CARTESIAN_POINT('',(0.9365,-2.39114192568757,1.66736481776669));
#9343=CARTESIAN_POINT('',(1.81136445597376,-2.32459747257028,1.74476323825917));
#9344=CARTESIAN_POINT('Ctrl Pts',(1.873,-2.39114192568757,1.66736481776669));
#9345=CARTESIAN_POINT('Ctrl Pts',(1.86846227548083,-2.38977246331942,1.6751314247978));
#9346=CARTESIAN_POINT('Ctrl Pts',(1.86392455096166,-2.38748004969706,1.68273487353661));
#9347=CARTESIAN_POINT('Ctrl Pts',(1.85938682644248,-2.38432831074568,1.68996413031278));
#9348=CARTESIAN_POINT('Ctrl Pts',(1.85484619352117,-2.3811745517236,1.69719802059762));
#9349=CARTESIAN_POINT('Ctrl Pts',(1.85030556059985,-2.37716068944583,1.70405648215854));
#9350=CARTESIAN_POINT('Ctrl Pts',(1.84576492767853,-2.37239827029585,1.71034891638246));
#9351=CARTESIAN_POINT('Ctrl Pts',(1.84122670243916,-2.36763837643052,1.71663801402741));
#9352=CARTESIAN_POINT('Ctrl Pts',(1.8366884771998,-2.36213121940548,1.72236103128946));
#9353=CARTESIAN_POINT('Ctrl Pts',(1.83215025196043,-2.35602968378215,1.72735909109643));
#9354=CARTESIAN_POINT('Ctrl Pts',(1.82761085876184,-2.34992657786548,1.73235843720581));
#9355=CARTESIAN_POINT('Ctrl Pts',(1.82307146556325,-2.34322942239158,1.73663192962041));
#9356=CARTESIAN_POINT('Ctrl Pts',(1.81853207236466,-2.33612423246173,1.74006087106235));
#9357=CARTESIAN_POINT('Ctrl Pts',(1.81614286690103,-2.33238457875519,1.74186561572075));
#9358=CARTESIAN_POINT('Ctrl Pts',(1.8137536614374,-2.32853238560209,1.74343712643924));
#9359=CARTESIAN_POINT('Ctrl Pts',(1.81136445597376,-2.32459747257028,1.74476323825917));
#9360=CARTESIAN_POINT('',(1.79266115038635,-2.29266115038635,1.75));
#9361=CARTESIAN_POINT('Ctrl Pts',(1.81136445597376,-2.32459747257028,1.74476323825917));
#9362=CARTESIAN_POINT('Ctrl Pts',(1.80682576804363,-2.31712245940987,1.74728240532232));
#9363=CARTESIAN_POINT('Ctrl Pts',(1.80228708011351,-2.30934838128862,1.74891288262534));
#9364=CARTESIAN_POINT('Ctrl Pts',(1.79774839218338,-2.30149109856143,1.74960939722348));
#9365=CARTESIAN_POINT('Ctrl Pts',(1.7960526449177,-2.29855545594722,1.7498696294191));
#9366=CARTESIAN_POINT('Ctrl Pts',(1.79435689765202,-2.29560830466701,1.75));
#9367=CARTESIAN_POINT('Ctrl Pts',(1.79266115038635,-2.29266115038635,1.75));
#9368=CARTESIAN_POINT('',(0.9365,-2.29266115038635,1.75));
#9369=CARTESIAN_POINT('Origin',(1.79266115038635,1.1865,1.65));
#9370=CARTESIAN_POINT('',(1.89114192568757,2.373,1.66736481776669));
#9371=CARTESIAN_POINT('',(1.82459747257029,2.31136445597377,1.74476323825916));
#9372=CARTESIAN_POINT('Ctrl Pts',(1.89114192568757,2.373,1.66736481776669));
#9373=CARTESIAN_POINT('Ctrl Pts',(1.88977246331942,2.36846227548083,1.6751314247978));
#9374=CARTESIAN_POINT('Ctrl Pts',(1.88748004969706,2.36392455096165,1.68273487353661));
#9375=CARTESIAN_POINT('Ctrl Pts',(1.88432831074568,2.35938682644248,1.68996413031278));
#9376=CARTESIAN_POINT('Ctrl Pts',(1.8811745517236,2.35484619352116,1.69719802059762));
#9377=CARTESIAN_POINT('Ctrl Pts',(1.87716068944583,2.35030556059985,1.70405648215854));
#9378=CARTESIAN_POINT('Ctrl Pts',(1.87239827029585,2.34576492767853,1.71034891638246));
#9379=CARTESIAN_POINT('Ctrl Pts',(1.86763837643052,2.34122670243916,1.71663801402742));
#9380=CARTESIAN_POINT('Ctrl Pts',(1.86213121940548,2.3366884771998,1.72236103128946));
#9381=CARTESIAN_POINT('Ctrl Pts',(1.85602968378215,2.33215025196043,1.72735909109643));
#9382=CARTESIAN_POINT('Ctrl Pts',(1.84992657786548,2.32761085876184,1.73235843720581));
#9383=CARTESIAN_POINT('Ctrl Pts',(1.84322942239158,2.32307146556325,1.73663192962041));
#9384=CARTESIAN_POINT('Ctrl Pts',(1.83612423246173,2.31853207236466,1.74006087106235));
#9385=CARTESIAN_POINT('Ctrl Pts',(1.8323845787552,2.31614286690103,1.74186561572075));
#9386=CARTESIAN_POINT('Ctrl Pts',(1.8285323856021,2.3137536614374,1.74343712643924));
#9387=CARTESIAN_POINT('Ctrl Pts',(1.82459747257029,2.31136445597377,1.74476323825917));
#9388=CARTESIAN_POINT('Ctrl Pts',(1.82459747257029,2.31136445597377,1.74476323825917));
#9389=CARTESIAN_POINT('Ctrl Pts',(1.81712245940988,2.30682576804364,1.74728240532232));
#9390=CARTESIAN_POINT('Ctrl Pts',(1.80934838128863,2.30228708011351,1.74891288262534));
#9391=CARTESIAN_POINT('Ctrl Pts',(1.80149109856144,2.29774839218339,1.74960939722348));
#9392=CARTESIAN_POINT('Ctrl Pts',(1.79855545594722,2.29605264491771,1.7498696294191));
#9393=CARTESIAN_POINT('Ctrl Pts',(1.79560830466701,2.29435689765203,1.75));
#9394=CARTESIAN_POINT('Ctrl Pts',(1.79266115038635,2.29266115038635,1.75));
#9395=CARTESIAN_POINT('',(1.79266115038635,1.1865,1.75));
#9396=CARTESIAN_POINT('',(1.82459747257031,-2.31136445597378,1.74476323825916));
#9397=CARTESIAN_POINT('Ctrl Pts',(1.79266115038635,-2.29266115038635,1.75));
#9398=CARTESIAN_POINT('Ctrl Pts',(1.80054924422709,-2.29719983831647,1.75));
#9399=CARTESIAN_POINT('Ctrl Pts',(1.80843692688422,-2.3017385262466,1.74906233845579));
#9400=CARTESIAN_POINT('Ctrl Pts',(1.8161051835818,-2.30627721417673,1.74721305111728));
#9401=CARTESIAN_POINT('Ctrl Pts',(1.81897020217917,-2.30797296144241,1.7465221192894));
#9402=CARTESIAN_POINT('Ctrl Pts',(1.82180465373745,-2.3096687087081,1.74570445094549));
#9403=CARTESIAN_POINT('Ctrl Pts',(1.82459747257031,-2.31136445597378,1.74476323825916));
#9404=CARTESIAN_POINT('',(1.89114192568757,-2.373,1.66736481776669));
#9405=CARTESIAN_POINT('Ctrl Pts',(1.82459747257031,-2.31136445597378,1.74476323825916));
#9406=CARTESIAN_POINT('Ctrl Pts',(1.83207089903658,-2.31590218049295,1.74224460593053));
#9407=CARTESIAN_POINT('Ctrl Pts',(1.83924460935154,-2.32043990501213,1.73883792525038));
#9408=CARTESIAN_POINT('Ctrl Pts',(1.84591949723204,-2.3249776295313,1.73463774861883));
#9409=CARTESIAN_POINT('Ctrl Pts',(1.85259866330487,-2.32951826245262,1.73043487993255));
#9410=CARTESIAN_POINT('Ctrl Pts',(1.85877766751121,-2.33405889537393,1.72543793162528));
#9411=CARTESIAN_POINT('Ctrl Pts',(1.86428479355266,-2.33859952829525,1.71978577032308));
#9412=CARTESIAN_POINT('Ctrl Pts',(1.86978899942676,-2.34313775353462,1.71413660609353));
#9413=CARTESIAN_POINT('Ctrl Pts',(1.87462146869079,-2.34767597877398,1.70783351590757));
#9414=CARTESIAN_POINT('Ctrl Pts',(1.87864804683624,-2.35221420401335,1.70105148028134));
#9415=CARTESIAN_POINT('Ctrl Pts',(1.88267566126324,-2.35675359721194,1.69426769922806));
#9416=CARTESIAN_POINT('Ctrl Pts',(1.88589654780804,-2.36129299041053,1.68700543245213));
#9417=CARTESIAN_POINT('Ctrl Pts',(1.88822124557354,-2.36583238360912,1.67946639115695));
#9418=CARTESIAN_POINT('Ctrl Pts',(1.8894447969073,-2.36822158907275,1.67549838973804));
#9419=CARTESIAN_POINT('Ctrl Pts',(1.89042087553162,-2.37061079453637,1.67145409640716));
#9420=CARTESIAN_POINT('Ctrl Pts',(1.89114192568757,-2.373,1.66736481776669));
#9421=CARTESIAN_POINT('',(1.89114192568757,1.1865,1.66736481776669));
#9422=CARTESIAN_POINT('Ctrl Pts',(1.79266115038635,-2.29266115038635,1.75));
#9423=CARTESIAN_POINT('Ctrl Pts',(1.79266115038635,-2.29266115038635,1.75));
#9424=CARTESIAN_POINT('Ctrl Pts',(1.79266115038635,-2.29266115038635,1.75));
#9425=CARTESIAN_POINT('Ctrl Pts',(1.79266115038635,-2.29266115038635,1.75));
#9426=CARTESIAN_POINT('Ctrl Pts',(1.79266115038635,-2.29266115038635,1.75));
#9427=CARTESIAN_POINT('Ctrl Pts',(1.79266115038635,-2.29266115038635,1.75));
#9428=CARTESIAN_POINT('Ctrl Pts',(1.81925664375007,-2.307963788408,1.75));
#9429=CARTESIAN_POINT('Ctrl Pts',(1.81826829101121,-2.30901433367272,1.75027508434361));
#9430=CARTESIAN_POINT('Ctrl Pts',(1.81671596633991,-2.31114297676718,1.75064408438388));
#9431=CARTESIAN_POINT('Ctrl Pts',(1.8123237889809,-2.31561220935622,1.75074014580755));
#9432=CARTESIAN_POINT('Ctrl Pts',(1.80953960630508,-2.31777411464179,1.75041262651541));
#9433=CARTESIAN_POINT('Ctrl Pts',(1.80796378840799,-2.31925664375007,1.75));
#9434=CARTESIAN_POINT('Ctrl Pts',(1.86549042119348,-2.33474340494588,1.73041360320539));
#9435=CARTESIAN_POINT('Ctrl Pts',(1.86584118891258,-2.33791189359946,1.73046138912394));
#9436=CARTESIAN_POINT('Ctrl Pts',(1.86711989526605,-2.34685782383396,1.73113582992825));
#9437=CARTESIAN_POINT('Ctrl Pts',(1.85414542688132,-2.36600108740831,1.73166922693112));
#9438=CARTESIAN_POINT('Ctrl Pts',(1.83949613792625,-2.36601657277213,1.73048528208321));
#9439=CARTESIAN_POINT('Ctrl Pts',(1.83474340494588,-2.36549042119348,1.73041360320539));
#9440=CARTESIAN_POINT('Ctrl Pts',(1.88767823146999,-2.36152302148376,1.68700840381153));
#9441=CARTESIAN_POINT('Ctrl Pts',(1.88757357036972,-2.36485932811185,1.68699895139549));
#9442=CARTESIAN_POINT('Ctrl Pts',(1.89048359784692,-2.37298770461095,1.6879096118869));
#9443=CARTESIAN_POINT('Ctrl Pts',(1.87913874120802,-2.3898022816066,1.68838757029974));
#9444=CARTESIAN_POINT('Ctrl Pts',(1.86652748142589,-2.38752123981959,1.68699422518747));
#9445=CARTESIAN_POINT('Ctrl Pts',(1.86152302148376,-2.38767823146999,1.68700840381153));
#9446=CARTESIAN_POINT('Ctrl Pts',(1.89114192568757,-2.373,1.66736481776669));
#9447=CARTESIAN_POINT('Ctrl Pts',(1.89114192568757,-2.37571402573629,1.66736481776669));
#9448=CARTESIAN_POINT('Ctrl Pts',(1.88990029558662,-2.38113207988198,1.66736481776669));
#9449=CARTESIAN_POINT('Ctrl Pts',(1.88383103916506,-2.38876227490702,1.66736481776669));
#9450=CARTESIAN_POINT('Ctrl Pts',(1.87707103860443,-2.39114192568757,1.66736481776669));
#9451=CARTESIAN_POINT('Ctrl Pts',(1.873,-2.39114192568757,1.66736481776669));
#9452=CARTESIAN_POINT('Ctrl Pts',(1.873,-2.39114192568757,1.66736481776669));
#9453=CARTESIAN_POINT('Ctrl Pts',(1.87707103860443,-2.39114192568757,1.66736481776669));
#9454=CARTESIAN_POINT('Ctrl Pts',(1.88383103916506,-2.38876227490702,1.66736481776669));
#9455=CARTESIAN_POINT('Ctrl Pts',(1.88990029558662,-2.38113207988198,1.66736481776669));
#9456=CARTESIAN_POINT('Ctrl Pts',(1.89114192568757,-2.37571402573629,1.66736481776669));
#9457=CARTESIAN_POINT('Ctrl Pts',(1.89114192568757,-2.373,1.66736481776669));
#9458=CARTESIAN_POINT('Ctrl Pts',(1.79266115038635,2.29266115038635,1.75));
#9459=CARTESIAN_POINT('Ctrl Pts',(1.79266115038635,2.29266115038635,1.75));
#9460=CARTESIAN_POINT('Ctrl Pts',(1.79266115038635,2.29266115038635,1.75));
#9461=CARTESIAN_POINT('Ctrl Pts',(1.79266115038635,2.29266115038635,1.75));
#9462=CARTESIAN_POINT('Ctrl Pts',(1.79266115038635,2.29266115038635,1.75));
#9463=CARTESIAN_POINT('Ctrl Pts',(1.79266115038635,2.29266115038635,1.75));
#9464=CARTESIAN_POINT('Ctrl Pts',(1.807963788408,2.31925664375007,1.75));
#9465=CARTESIAN_POINT('Ctrl Pts',(1.80901433367272,2.31826829101121,1.75027508434361));
#9466=CARTESIAN_POINT('Ctrl Pts',(1.81114297676718,2.31671596633991,1.75064408438388));
#9467=CARTESIAN_POINT('Ctrl Pts',(1.81561220935622,2.3123237889809,1.75074014580755));
#9468=CARTESIAN_POINT('Ctrl Pts',(1.81777411464179,2.30953960630508,1.75041262651541));
#9469=CARTESIAN_POINT('Ctrl Pts',(1.81925664375007,2.30796378840799,1.75));
#9470=CARTESIAN_POINT('Ctrl Pts',(1.83474340494588,2.36549042119348,1.73041360320539));
#9471=CARTESIAN_POINT('Ctrl Pts',(1.83791189359946,2.36584118891258,1.73046138912394));
#9472=CARTESIAN_POINT('Ctrl Pts',(1.84685782383396,2.36711989526605,1.73113582992825));
#9473=CARTESIAN_POINT('Ctrl Pts',(1.86600108740831,2.35414542688132,1.73166922693112));
#9474=CARTESIAN_POINT('Ctrl Pts',(1.86601657277213,2.33949613792625,1.73048528208321));
#9475=CARTESIAN_POINT('Ctrl Pts',(1.86549042119349,2.33474340494588,1.73041360320539));
#9476=CARTESIAN_POINT('Ctrl Pts',(1.86152302148376,2.38767823146999,1.68700840381153));
#9477=CARTESIAN_POINT('Ctrl Pts',(1.86485932811185,2.38757357036972,1.68699895139549));
#9478=CARTESIAN_POINT('Ctrl Pts',(1.87298770461095,2.39048359784692,1.6879096118869));
#9479=CARTESIAN_POINT('Ctrl Pts',(1.8898022816066,2.37913874120802,1.68838757029974));
#9480=CARTESIAN_POINT('Ctrl Pts',(1.88752123981959,2.36652748142589,1.68699422518747));
#9481=CARTESIAN_POINT('Ctrl Pts',(1.88767823147,2.36152302148376,1.68700840381153));
#9482=CARTESIAN_POINT('Ctrl Pts',(1.873,2.39114192568757,1.66736481776669));
#9483=CARTESIAN_POINT('Ctrl Pts',(1.87571402573629,2.39114192568757,1.66736481776669));
#9484=CARTESIAN_POINT('Ctrl Pts',(1.88113207988198,2.38990029558662,1.66736481776669));
#9485=CARTESIAN_POINT('Ctrl Pts',(1.88876227490702,2.38383103916506,1.66736481776669));
#9486=CARTESIAN_POINT('Ctrl Pts',(1.89114192568757,2.37707103860443,1.66736481776669));
#9487=CARTESIAN_POINT('Ctrl Pts',(1.89114192568757,2.373,1.66736481776669));
#9488=CARTESIAN_POINT('Ctrl Pts',(1.89114192568757,2.373,1.66736481776669));
#9489=CARTESIAN_POINT('Ctrl Pts',(1.89114192568757,2.37707103860443,1.66736481776669));
#9490=CARTESIAN_POINT('Ctrl Pts',(1.88876227490702,2.38383103916506,1.66736481776669));
#9491=CARTESIAN_POINT('Ctrl Pts',(1.88113207988198,2.38990029558662,1.66736481776669));
#9492=CARTESIAN_POINT('Ctrl Pts',(1.87571402573629,2.39114192568757,1.66736481776669));
#9493=CARTESIAN_POINT('Ctrl Pts',(1.873,2.39114192568757,1.66736481776669));
#9494=CARTESIAN_POINT('Origin',(-1.873,2.5,1.05));
#9495=CARTESIAN_POINT('',(1.873,2.5,1.05));
#9496=CARTESIAN_POINT('',(1.873,2.5,1.05));
#9497=CARTESIAN_POINT('',(-1.873,2.5,1.05));
#9498=CARTESIAN_POINT('Origin',(1.873,2.373,1.05));
#9499=CARTESIAN_POINT('',(2.,2.373,1.05));
#9500=CARTESIAN_POINT('',(2.,2.373,1.05));
#9501=CARTESIAN_POINT('Origin',(1.873,2.373,1.05));
#9502=CARTESIAN_POINT('Origin',(2.,2.373,1.05));
#9503=CARTESIAN_POINT('',(2.,-2.373,1.05));
#9504=CARTESIAN_POINT('',(2.,-2.373,1.05));
#9505=CARTESIAN_POINT('',(2.,2.373,1.05));
#9506=CARTESIAN_POINT('Origin',(-3.18653008620906E-32,-1.73472347597681E-16,
1.75));
#9507=CARTESIAN_POINT('',(-0.946313253230574,1.19657111350409,1.74999999999991));
#9508=CARTESIAN_POINT('Origin',(-0.946313253230574,1.54657111350409,1.75));
#9509=CARTESIAN_POINT('Origin',(-0.946313253230574,1.54657111350409,1.74999999999991));
#9510=CARTESIAN_POINT('',(-0.946313253230574,1.19657111350409,1.72999999999991));
#9511=CARTESIAN_POINT('Origin',(-0.946313253230574,1.54657111350409,1.72999999999991));
#9512=CARTESIAN_POINT('Origin',(-0.946313253230574,1.54657111350409,1.72999999999991));
#9513=CARTESIAN_POINT('Origin',(1.873,-2.373,1.05));
#9514=CARTESIAN_POINT('',(1.873,-2.5,1.05));
#9515=CARTESIAN_POINT('',(1.873,-2.5,1.05));
#9516=CARTESIAN_POINT('Origin',(1.873,-2.373,1.05));
#9517=CARTESIAN_POINT('Origin',(1.873,-2.5,1.05));
#9518=CARTESIAN_POINT('',(-1.873,-2.5,1.05));
#9519=CARTESIAN_POINT('',(-1.873,-2.5,1.05));
#9520=CARTESIAN_POINT('',(1.873,-2.5,1.05));
#9521=CARTESIAN_POINT('Origin',(-1.873,-2.373,1.05));
#9522=CARTESIAN_POINT('Origin',(-1.873,-2.373,1.05));
#9523=CARTESIAN_POINT('Origin',(-6.93889390390726E-18,-1.66533453693773E-16,
1.05));
#9524=CARTESIAN_POINT('Origin',(-1.79266115038635,1.1865,0.25));
#9525=CARTESIAN_POINT('',(-1.79266115038635,-2.29266115038635,0.15));
#9526=CARTESIAN_POINT('',(-1.82459512196237,-2.31136302873464,0.155235969590873));
#9527=CARTESIAN_POINT('Ctrl Pts',(-1.79266115038635,-2.29266115038635,0.15));
#9528=CARTESIAN_POINT('Ctrl Pts',(-1.8005492434315,-2.2971998378587,0.15));
#9529=CARTESIAN_POINT('Ctrl Pts',(-1.80843692529324,-2.30173852533105,0.150937661354195));
#9530=CARTESIAN_POINT('Ctrl Pts',(-1.81610518126153,-2.30627721280341,0.152786948323164));
#9531=CARTESIAN_POINT('Ctrl Pts',(-1.81896939686028,-2.30797248478049,0.153477686426451));
#9532=CARTESIAN_POINT('Ctrl Pts',(-1.82180306256895,-2.30966775675757,0.154295089966789));
#9533=CARTESIAN_POINT('Ctrl Pts',(-1.82459512196237,-2.31136302873465,0.155235969590873));
#9534=CARTESIAN_POINT('',(-1.89114192568757,-2.373,0.232635182233307));
#9535=CARTESIAN_POINT('Ctrl Pts',(-1.82459512196237,-2.31136302873465,0.155235969590873));
#9536=CARTESIAN_POINT('Ctrl Pts',(-1.83206861105612,-2.31590075334806,0.157754416593004));
#9537=CARTESIAN_POINT('Ctrl Pts',(-1.83924240601414,-2.32043847796148,0.161160919417888));
#9538=CARTESIAN_POINT('Ctrl Pts',(-1.84591739819579,-2.3249762025749,0.165360930597867));
#9539=CARTESIAN_POINT('Ctrl Pts',(-1.85259666893047,-2.32951683579029,0.169563633911423));
#9540=CARTESIAN_POINT('Ctrl Pts',(-1.85877579742688,-2.33405746900568,0.174560429353058));
#9541=CARTESIAN_POINT('Ctrl Pts',(-1.86428306391049,-2.33859810222107,0.180212454527046));
#9542=CARTESIAN_POINT('Ctrl Pts',(-1.86978741005086,-2.34313632767072,0.185861482596465));
#9543=CARTESIAN_POINT('Ctrl Pts',(-1.87462003572616,-2.34767455312037,0.192164453331726));
#9544=CARTESIAN_POINT('Ctrl Pts',(-1.87864678207339,-2.35221277857003,0.198946389516705));
#9545=CARTESIAN_POINT('Ctrl Pts',(-1.88267456500985,-2.35675217227693,0.205730071548423));
#9546=CARTESIAN_POINT('Ctrl Pts',(-1.88589563173668,-2.36129156598383,0.212992259395846));
#9547=CARTESIAN_POINT('Ctrl Pts',(-1.8882205163323,-2.36583095969073,0.220531244003057));
#9548=CARTESIAN_POINT('Ctrl Pts',(-1.88944440895296,-2.36822063979382,0.224500003418214));
#9549=CARTESIAN_POINT('Ctrl Pts',(-1.89042073228782,-2.37061031989691,0.228545091216904));
#9550=CARTESIAN_POINT('Ctrl Pts',(-1.89114192568757,-2.373,0.232635182233307));
#9551=CARTESIAN_POINT('',(-1.89114192568757,2.373,0.232635182233307));
#9552=CARTESIAN_POINT('',(-1.89114192568757,1.1865,0.232635182233307));
#9553=CARTESIAN_POINT('',(-1.82459512196237,2.31136302873465,0.155235969590874));
#9554=CARTESIAN_POINT('Ctrl Pts',(-1.89114192568757,2.373,0.232635182233307));
#9555=CARTESIAN_POINT('Ctrl Pts',(-1.88977246329098,2.36846227538658,0.224868575040886));
#9556=CARTESIAN_POINT('Ctrl Pts',(-1.88748004960167,2.36392455077316,0.217265126147609));
#9557=CARTESIAN_POINT('Ctrl Pts',(-1.8843283105493,2.35938682615974,0.210035869236777));
#9558=CARTESIAN_POINT('Ctrl Pts',(-1.88117455128742,2.35484619294435,0.202801978498933));
#9559=CARTESIAN_POINT('Ctrl Pts',(-1.87716068865981,2.35030555972897,0.195943516538162));
#9560=CARTESIAN_POINT('Ctrl Pts',(-1.87239826907399,2.34576492651358,0.189651082003138));
#9561=CARTESIAN_POINT('Ctrl Pts',(-1.86763837486077,2.34122670106392,0.183361984163142));
#9562=CARTESIAN_POINT('Ctrl Pts',(-1.86213121742977,2.33668847561427,0.177638966773932));
#9563=CARTESIAN_POINT('Ctrl Pts',(-1.85602968136772,2.33215025016462,0.172640906925797));
#9564=CARTESIAN_POINT('Ctrl Pts',(-1.84992657461161,2.32761085645772,0.167641560447082));
#9565=CARTESIAN_POINT('Ctrl Pts',(-1.84322941818738,2.32307146275082,0.163368067845084));
#9566=CARTESIAN_POINT('Ctrl Pts',(-1.83612422726401,2.31853206904392,0.159939126429252));
#9567=CARTESIAN_POINT('Ctrl Pts',(-1.83238383053384,2.31614238894083,0.158134023456222));
#9568=CARTESIAN_POINT('Ctrl Pts',(-1.82853084960331,2.31375270883774,0.156562247230968));
#9569=CARTESIAN_POINT('Ctrl Pts',(-1.82459512196237,2.31136302873465,0.155235969590874));
#9570=CARTESIAN_POINT('',(-1.79266115038635,2.29266115038635,0.15));
#9571=CARTESIAN_POINT('Ctrl Pts',(-1.82459512196237,2.31136302873465,0.155235969590874));
#9572=CARTESIAN_POINT('Ctrl Pts',(-1.81712004707036,2.30682434126229,0.152716988199946));
#9573=CARTESIAN_POINT('Ctrl Pts',(-1.809345929322,2.30228565378994,0.151086703807035));
#9574=CARTESIAN_POINT('Ctrl Pts',(-1.80148863012932,2.29774696631758,0.150390383991367));
#9575=CARTESIAN_POINT('Ctrl Pts',(-1.79855380387878,2.2960516943405,0.150130297462436));
#9576=CARTESIAN_POINT('Ctrl Pts',(-1.79560747863069,2.29435642236343,0.15));
#9577=CARTESIAN_POINT('Ctrl Pts',(-1.79266115038635,2.29266115038635,0.15));
#9578=CARTESIAN_POINT('',(-1.79266115038635,1.1865,0.15));
#9579=CARTESIAN_POINT('Origin',(0.936500000000001,2.29266115038635,0.25));
#9580=CARTESIAN_POINT('',(-1.81136302873464,2.32459512196236,0.155235969590872));
#9581=CARTESIAN_POINT('Ctrl Pts',(-1.79266115038635,2.29266115038635,0.15));
#9582=CARTESIAN_POINT('Ctrl Pts',(-1.7971998378587,2.3005492434315,0.15));
#9583=CARTESIAN_POINT('Ctrl Pts',(-1.80173852533105,2.30843692529324,0.150937661354195));
#9584=CARTESIAN_POINT('Ctrl Pts',(-1.80627721280341,2.31610518126153,0.152786948323164));
#9585=CARTESIAN_POINT('Ctrl Pts',(-1.80797248478049,2.31896939686027,0.153477686426451));
#9586=CARTESIAN_POINT('Ctrl Pts',(-1.80966775675757,2.32180306256894,0.154295089966789));
#9587=CARTESIAN_POINT('Ctrl Pts',(-1.81136302873464,2.32459512196236,0.155235969590872));
#9588=CARTESIAN_POINT('',(-1.873,2.39114192568757,0.232635182233307));
#9589=CARTESIAN_POINT('Ctrl Pts',(-1.81136302873464,2.32459512196236,0.155235969590872));
#9590=CARTESIAN_POINT('Ctrl Pts',(-1.81590075334806,2.33206861105612,0.157754416593003));
#9591=CARTESIAN_POINT('Ctrl Pts',(-1.82043847796148,2.33924240601414,0.161160919417886));
#9592=CARTESIAN_POINT('Ctrl Pts',(-1.8249762025749,2.34591739819579,0.165360930597866));
#9593=CARTESIAN_POINT('Ctrl Pts',(-1.82951683579029,2.35259666893047,0.169563633911421));
#9594=CARTESIAN_POINT('Ctrl Pts',(-1.83405746900568,2.35877579742687,0.174560429353056));
#9595=CARTESIAN_POINT('Ctrl Pts',(-1.83859810222107,2.36428306391049,0.180212454527044));
#9596=CARTESIAN_POINT('Ctrl Pts',(-1.84313632767072,2.36978741005086,0.185861482596463));
#9597=CARTESIAN_POINT('Ctrl Pts',(-1.84767455312037,2.37462003572615,0.192164453331723));
#9598=CARTESIAN_POINT('Ctrl Pts',(-1.85221277857002,2.37864678207339,0.198946389516702));
#9599=CARTESIAN_POINT('Ctrl Pts',(-1.85675217227692,2.38267456500985,0.20573007154842));
#9600=CARTESIAN_POINT('Ctrl Pts',(-1.86129156598382,2.38589563173668,0.212992259395843));
#9601=CARTESIAN_POINT('Ctrl Pts',(-1.86583095969072,2.3882205163323,0.220531244003053));
#9602=CARTESIAN_POINT('Ctrl Pts',(-1.86822063979382,2.38944440895295,0.224500003418211));
#9603=CARTESIAN_POINT('Ctrl Pts',(-1.87061031989691,2.39042073228782,0.228545091216903));
#9604=CARTESIAN_POINT('Ctrl Pts',(-1.873,2.39114192568757,0.232635182233307));
#9605=CARTESIAN_POINT('',(1.873,2.39114192568757,0.232635182233307));
#9606=CARTESIAN_POINT('',(0.936500000000001,2.39114192568757,0.232635182233307));
#9607=CARTESIAN_POINT('',(1.81136302873465,2.32459512196238,0.155235969590877));
#9608=CARTESIAN_POINT('Ctrl Pts',(1.873,2.39114192568757,0.232635182233307));
#9609=CARTESIAN_POINT('Ctrl Pts',(1.86846227538658,2.38977246329098,0.224868575040886));
#9610=CARTESIAN_POINT('Ctrl Pts',(1.86392455077316,2.38748004960167,0.217265126147609));
#9611=CARTESIAN_POINT('Ctrl Pts',(1.85938682615974,2.3843283105493,0.210035869236777));
#9612=CARTESIAN_POINT('Ctrl Pts',(1.85484619294435,2.38117455128742,0.202801978498934));
#9613=CARTESIAN_POINT('Ctrl Pts',(1.85030555972897,2.37716068865981,0.195943516538162));
#9614=CARTESIAN_POINT('Ctrl Pts',(1.84576492651358,2.37239826907399,0.189651082003138));
#9615=CARTESIAN_POINT('Ctrl Pts',(1.84122670106393,2.36763837486077,0.183361984163142));
#9616=CARTESIAN_POINT('Ctrl Pts',(1.83668847561427,2.36213121742977,0.177638966773932));
#9617=CARTESIAN_POINT('Ctrl Pts',(1.83215025016462,2.35602968136772,0.172640906925798));
#9618=CARTESIAN_POINT('Ctrl Pts',(1.82761085645772,2.34992657461161,0.167641560447083));
#9619=CARTESIAN_POINT('Ctrl Pts',(1.82307146275082,2.34322941818738,0.163368067845084));
#9620=CARTESIAN_POINT('Ctrl Pts',(1.81853206904392,2.33612422726401,0.159939126429252));
#9621=CARTESIAN_POINT('Ctrl Pts',(1.81614238894083,2.33238383053384,0.158134023456223));
#9622=CARTESIAN_POINT('Ctrl Pts',(1.81375270883774,2.32853084960332,0.15656224723097));
#9623=CARTESIAN_POINT('Ctrl Pts',(1.81136302873465,2.32459512196238,0.155235969590877));
#9624=CARTESIAN_POINT('',(1.79266115038635,2.29266115038635,0.15));
#9625=CARTESIAN_POINT('Ctrl Pts',(1.81136302873465,2.32459512196238,0.155235969590877));
#9626=CARTESIAN_POINT('Ctrl Pts',(1.8068243412623,2.31712004707037,0.152716988199948));
#9627=CARTESIAN_POINT('Ctrl Pts',(1.80228565378994,2.30934592932201,0.151086703807036));
#9628=CARTESIAN_POINT('Ctrl Pts',(1.79774696631759,2.30148863012933,0.150390383991368));
#9629=CARTESIAN_POINT('Ctrl Pts',(1.79605169434051,2.29855380387879,0.150130297462436));
#9630=CARTESIAN_POINT('Ctrl Pts',(1.79435642236343,2.29560747863069,0.15));
#9631=CARTESIAN_POINT('Ctrl Pts',(1.79266115038635,2.29266115038635,0.15));
#9632=CARTESIAN_POINT('',(0.936500000000001,2.29266115038635,0.15));
#9633=CARTESIAN_POINT('Origin',(1.79266115038635,-1.1865,0.25));
#9634=CARTESIAN_POINT('',(1.89114192568757,-2.373,0.232635182233307));
#9635=CARTESIAN_POINT('',(1.82459512196237,-2.31136302873465,0.155235969590876));
#9636=CARTESIAN_POINT('Ctrl Pts',(1.89114192568757,-2.373,0.232635182233307));
#9637=CARTESIAN_POINT('Ctrl Pts',(1.88977246329098,-2.36846227538658,0.224868575040886));
#9638=CARTESIAN_POINT('Ctrl Pts',(1.88748004960167,-2.36392455077316,0.217265126147609));
#9639=CARTESIAN_POINT('Ctrl Pts',(1.8843283105493,-2.35938682615974,0.210035869236778));
#9640=CARTESIAN_POINT('Ctrl Pts',(1.88117455128742,-2.35484619294435,0.202801978498934));
#9641=CARTESIAN_POINT('Ctrl Pts',(1.87716068865981,-2.35030555972897,0.195943516538163));
#9642=CARTESIAN_POINT('Ctrl Pts',(1.87239826907399,-2.34576492651358,0.189651082003139));
#9643=CARTESIAN_POINT('Ctrl Pts',(1.86763837486077,-2.34122670106393,0.183361984163142));
#9644=CARTESIAN_POINT('Ctrl Pts',(1.86213121742977,-2.33668847561427,0.177638966773932));
#9645=CARTESIAN_POINT('Ctrl Pts',(1.85602968136772,-2.33215025016462,0.172640906925797));
#9646=CARTESIAN_POINT('Ctrl Pts',(1.84992657461161,-2.32761085645772,0.167641560447083));
#9647=CARTESIAN_POINT('Ctrl Pts',(1.84322941818738,-2.32307146275082,0.163368067845084));
#9648=CARTESIAN_POINT('Ctrl Pts',(1.83612422726401,-2.31853206904392,0.159939126429252));
#9649=CARTESIAN_POINT('Ctrl Pts',(1.83238383053384,-2.31614238894083,0.158134023456223));
#9650=CARTESIAN_POINT('Ctrl Pts',(1.82853084960331,-2.31375270883774,0.15656224723097));
#9651=CARTESIAN_POINT('Ctrl Pts',(1.82459512196237,-2.31136302873465,0.155235969590876));
#9652=CARTESIAN_POINT('',(1.79266115038635,-2.29266115038635,0.15));
#9653=CARTESIAN_POINT('Ctrl Pts',(1.82459512196237,-2.31136302873465,0.155235969590876));
#9654=CARTESIAN_POINT('Ctrl Pts',(1.81712004707037,-2.3068243412623,0.152716988199947));
#9655=CARTESIAN_POINT('Ctrl Pts',(1.80934592932201,-2.30228565378994,0.151086703807036));
#9656=CARTESIAN_POINT('Ctrl Pts',(1.80148863012933,-2.29774696631759,0.150390383991368));
#9657=CARTESIAN_POINT('Ctrl Pts',(1.79855380387879,-2.29605169434051,0.150130297462436));
#9658=CARTESIAN_POINT('Ctrl Pts',(1.79560747863069,-2.29435642236343,0.15));
#9659=CARTESIAN_POINT('Ctrl Pts',(1.79266115038635,-2.29266115038635,0.15));
#9660=CARTESIAN_POINT('',(1.79266115038635,-1.1865,0.15));
#9661=CARTESIAN_POINT('',(1.82459512196237,2.31136302873465,0.155235969590875));
#9662=CARTESIAN_POINT('Ctrl Pts',(1.79266115038635,2.29266115038635,0.15));
#9663=CARTESIAN_POINT('Ctrl Pts',(1.8005492434315,2.2971998378587,0.15));
#9664=CARTESIAN_POINT('Ctrl Pts',(1.80843692529324,2.30173852533105,0.150937661354195));
#9665=CARTESIAN_POINT('Ctrl Pts',(1.81610518126153,2.30627721280341,0.152786948323164));
#9666=CARTESIAN_POINT('Ctrl Pts',(1.81896939686028,2.30797248478049,0.153477686426452));
#9667=CARTESIAN_POINT('Ctrl Pts',(1.82180306256895,2.30966775675757,0.15429508996679));
#9668=CARTESIAN_POINT('Ctrl Pts',(1.82459512196237,2.31136302873465,0.155235969590875));
#9669=CARTESIAN_POINT('',(1.89114192568757,2.373,0.232635182233307));
#9670=CARTESIAN_POINT('Ctrl Pts',(1.82459512196237,2.31136302873465,0.155235969590875));
#9671=CARTESIAN_POINT('Ctrl Pts',(1.83206861105613,2.31590075334807,0.157754416593006));
#9672=CARTESIAN_POINT('Ctrl Pts',(1.83924240601415,2.32043847796149,0.16116091941789));
#9673=CARTESIAN_POINT('Ctrl Pts',(1.8459173981958,2.32497620257491,0.16536093059787));
#9674=CARTESIAN_POINT('Ctrl Pts',(1.85259666893048,2.3295168357903,0.169563633911426));
#9675=CARTESIAN_POINT('Ctrl Pts',(1.85877579742688,2.33405746900568,0.174560429353062));
#9676=CARTESIAN_POINT('Ctrl Pts',(1.8642830639105,2.33859810222107,0.18021245452705));
#9677=CARTESIAN_POINT('Ctrl Pts',(1.86978741005087,2.34313632767073,0.185861482596469));
#9678=CARTESIAN_POINT('Ctrl Pts',(1.87462003572616,2.34767455312038,0.192164453331731));
#9679=CARTESIAN_POINT('Ctrl Pts',(1.87864678207339,2.35221277857003,0.19894638951671));
#9680=CARTESIAN_POINT('Ctrl Pts',(1.88267456500985,2.35675217227693,0.205730071548428));
#9681=CARTESIAN_POINT('Ctrl Pts',(1.88589563173669,2.36129156598383,0.212992259395851));
#9682=CARTESIAN_POINT('Ctrl Pts',(1.8882205163323,2.36583095969073,0.220531244003062));
#9683=CARTESIAN_POINT('Ctrl Pts',(1.88944440895296,2.36822063979382,0.224500003418217));
#9684=CARTESIAN_POINT('Ctrl Pts',(1.89042073228782,2.37061031989691,0.228545091216906));
#9685=CARTESIAN_POINT('Ctrl Pts',(1.89114192568757,2.373,0.232635182233307));
#9686=CARTESIAN_POINT('',(1.89114192568757,-1.1865,0.232635182233307));
#9687=CARTESIAN_POINT('Ctrl Pts',(1.79266115038635,2.29266115038635,0.15));
#9688=CARTESIAN_POINT('Ctrl Pts',(1.79266115038635,2.29266115038635,0.15));
#9689=CARTESIAN_POINT('Ctrl Pts',(1.79266115038635,2.29266115038635,0.15));
#9690=CARTESIAN_POINT('Ctrl Pts',(1.79266115038635,2.29266115038635,0.15));
#9691=CARTESIAN_POINT('Ctrl Pts',(1.79266115038635,2.29266115038635,0.15));
#9692=CARTESIAN_POINT('Ctrl Pts',(1.79266115038635,2.29266115038635,0.15));
#9693=CARTESIAN_POINT('Ctrl Pts',(1.81925664375007,2.30796378840799,0.15));
#9694=CARTESIAN_POINT('Ctrl Pts',(1.81826829101122,2.30901433367272,0.149724915656391));
#9695=CARTESIAN_POINT('Ctrl Pts',(1.81669615185882,2.31113306149355,0.149389116246116));
#9696=CARTESIAN_POINT('Ctrl Pts',(1.81230590651962,2.31558867825247,0.149307535785207));
#9697=CARTESIAN_POINT('Ctrl Pts',(1.80953960630508,2.31777411464179,0.149587373484586));
#9698=CARTESIAN_POINT('Ctrl Pts',(1.807963788408,2.31925664375007,0.15));
#9699=CARTESIAN_POINT('Ctrl Pts',(1.8654940097553,2.33474340494588,0.169582458976305));
#9700=CARTESIAN_POINT('Ctrl Pts',(1.8658447774744,2.33791189359946,0.169534673057755));
#9701=CARTESIAN_POINT('Ctrl Pts',(1.86710116637711,2.34685512273606,0.168858805738365));
#9702=CARTESIAN_POINT('Ctrl Pts',(1.85412076063838,2.36599829426289,0.168323880949744));
#9703=CARTESIAN_POINT('Ctrl Pts',(1.83949613792625,2.36602016133395,0.16951078009848));
#9704=CARTESIAN_POINT('Ctrl Pts',(1.83474340494588,2.3654940097553,0.169582458976305));
#9705=CARTESIAN_POINT('Ctrl Pts',(1.88767823147,2.36152302148376,0.212991596188473));
#9706=CARTESIAN_POINT('Ctrl Pts',(1.88757357036972,2.36485932811185,0.213001048604508));
#9707=CARTESIAN_POINT('Ctrl Pts',(1.89051404367057,2.37300858606811,0.212062866595264));
#9708=CARTESIAN_POINT('Ctrl Pts',(1.87915724295126,2.38985449521498,0.211573297370378));
#9709=CARTESIAN_POINT('Ctrl Pts',(1.86652748142589,2.38752123981959,0.213005774812526));
#9710=CARTESIAN_POINT('Ctrl Pts',(1.86152302148376,2.38767823146999,0.212991596188473));
#9711=CARTESIAN_POINT('Ctrl Pts',(1.89114192568757,2.373,0.232635182233307));
#9712=CARTESIAN_POINT('Ctrl Pts',(1.89114192568757,2.37571402573629,0.232635182233307));
#9713=CARTESIAN_POINT('Ctrl Pts',(1.88990042351218,2.38113228126295,0.232635182233307));
#9714=CARTESIAN_POINT('Ctrl Pts',(1.88383121686172,2.38876270227719,0.232635182233307));
#9715=CARTESIAN_POINT('Ctrl Pts',(1.87707103860443,2.39114192568757,0.232635182233307));
#9716=CARTESIAN_POINT('Ctrl Pts',(1.873,2.39114192568757,0.232635182233307));
#9717=CARTESIAN_POINT('Ctrl Pts',(1.873,2.39114192568757,0.232635182233307));
#9718=CARTESIAN_POINT('Ctrl Pts',(1.87707103860443,2.39114192568757,0.232635182233307));
#9719=CARTESIAN_POINT('Ctrl Pts',(1.88383121686172,2.38876270227719,0.232635182233307));
#9720=CARTESIAN_POINT('Ctrl Pts',(1.88990042351218,2.38113228126295,0.232635182233307));
#9721=CARTESIAN_POINT('Ctrl Pts',(1.89114192568757,2.37571402573629,0.232635182233307));
#9722=CARTESIAN_POINT('Ctrl Pts',(1.89114192568757,2.373,0.232635182233307));
#9723=CARTESIAN_POINT('Ctrl Pts',(-1.79266115038635,2.29266115038635,0.15));
#9724=CARTESIAN_POINT('Ctrl Pts',(-1.79266115038635,2.29266115038635,0.15));
#9725=CARTESIAN_POINT('Ctrl Pts',(-1.79266115038635,2.29266115038635,0.15));
#9726=CARTESIAN_POINT('Ctrl Pts',(-1.79266115038635,2.29266115038635,0.15));
#9727=CARTESIAN_POINT('Ctrl Pts',(-1.79266115038635,2.29266115038635,0.15));
#9728=CARTESIAN_POINT('Ctrl Pts',(-1.79266115038635,2.29266115038635,0.15));
#9729=CARTESIAN_POINT('Ctrl Pts',(-1.80796378840799,2.31925664375007,0.15));
#9730=CARTESIAN_POINT('Ctrl Pts',(-1.80901433367272,2.31826829101121,0.149724915656391));
#9731=CARTESIAN_POINT('Ctrl Pts',(-1.81113306149355,2.31669615185882,0.149389116246116));
#9732=CARTESIAN_POINT('Ctrl Pts',(-1.81558867825247,2.31230590651962,0.149307535785207));
#9733=CARTESIAN_POINT('Ctrl Pts',(-1.81777411464179,2.30953960630508,0.149587373484586));
#9734=CARTESIAN_POINT('Ctrl Pts',(-1.81925664375007,2.30796378840799,0.15));
#9735=CARTESIAN_POINT('Ctrl Pts',(-1.83474340494588,2.3654940097553,0.169582458976305));
#9736=CARTESIAN_POINT('Ctrl Pts',(-1.83791189359946,2.3658447774744,0.169534673057755));
#9737=CARTESIAN_POINT('Ctrl Pts',(-1.84685512273606,2.36710116637711,0.168858805738365));
#9738=CARTESIAN_POINT('Ctrl Pts',(-1.86599829426289,2.35412076063838,0.168323880949744));
#9739=CARTESIAN_POINT('Ctrl Pts',(-1.86602016133395,2.33949613792625,0.16951078009848));
#9740=CARTESIAN_POINT('Ctrl Pts',(-1.8654940097553,2.33474340494588,0.169582458976305));
#9741=CARTESIAN_POINT('Ctrl Pts',(-1.86152302148376,2.38767823146999,0.212991596188473));
#9742=CARTESIAN_POINT('Ctrl Pts',(-1.86485932811185,2.38757357036972,0.213001048604508));
#9743=CARTESIAN_POINT('Ctrl Pts',(-1.87300858606811,2.39051404367057,0.212062866595264));
#9744=CARTESIAN_POINT('Ctrl Pts',(-1.88985449521498,2.37915724295126,0.211573297370378));
#9745=CARTESIAN_POINT('Ctrl Pts',(-1.88752123981959,2.36652748142589,0.213005774812526));
#9746=CARTESIAN_POINT('Ctrl Pts',(-1.88767823146999,2.36152302148376,0.212991596188473));
#9747=CARTESIAN_POINT('Ctrl Pts',(-1.873,2.39114192568757,0.232635182233307));
#9748=CARTESIAN_POINT('Ctrl Pts',(-1.87571402573629,2.39114192568757,0.232635182233307));
#9749=CARTESIAN_POINT('Ctrl Pts',(-1.88113228126295,2.38990042351218,0.232635182233307));
#9750=CARTESIAN_POINT('Ctrl Pts',(-1.88876270227719,2.38383121686172,0.232635182233307));
#9751=CARTESIAN_POINT('Ctrl Pts',(-1.89114192568757,2.37707103860443,0.232635182233307));
#9752=CARTESIAN_POINT('Ctrl Pts',(-1.89114192568757,2.373,0.232635182233307));
#9753=CARTESIAN_POINT('Ctrl Pts',(-1.89114192568757,2.373,0.232635182233307));
#9754=CARTESIAN_POINT('Ctrl Pts',(-1.89114192568757,2.37707103860443,0.232635182233307));
#9755=CARTESIAN_POINT('Ctrl Pts',(-1.88876270227719,2.38383121686172,0.232635182233307));
#9756=CARTESIAN_POINT('Ctrl Pts',(-1.88113228126295,2.38990042351218,0.232635182233307));
#9757=CARTESIAN_POINT('Ctrl Pts',(-1.87571402573629,2.39114192568757,0.232635182233307));
#9758=CARTESIAN_POINT('Ctrl Pts',(-1.873,2.39114192568757,0.232635182233307));
#9759=CARTESIAN_POINT('Origin',(-0.9365,-2.29266115038635,0.25));
#9760=CARTESIAN_POINT('',(-1.873,-2.39114192568757,0.232635182233307));
#9761=CARTESIAN_POINT('',(-1.81136302873465,-2.32459512196237,0.155235969590876));
#9762=CARTESIAN_POINT('Ctrl Pts',(-1.873,-2.39114192568757,0.232635182233307));
#9763=CARTESIAN_POINT('Ctrl Pts',(-1.86846227538658,-2.38977246329098,0.224868575040886));
#9764=CARTESIAN_POINT('Ctrl Pts',(-1.86392455077316,-2.38748004960167,0.217265126147609));
#9765=CARTESIAN_POINT('Ctrl Pts',(-1.85938682615974,-2.3843283105493,0.210035869236777));
#9766=CARTESIAN_POINT('Ctrl Pts',(-1.85484619294435,-2.38117455128742,0.202801978498934));
#9767=CARTESIAN_POINT('Ctrl Pts',(-1.85030555972897,-2.37716068865981,0.195943516538163));
#9768=CARTESIAN_POINT('Ctrl Pts',(-1.84576492651358,-2.37239826907399,0.189651082003139));
#9769=CARTESIAN_POINT('Ctrl Pts',(-1.84122670106393,-2.36763837486077,0.183361984163142));
#9770=CARTESIAN_POINT('Ctrl Pts',(-1.83668847561427,-2.36213121742977,0.177638966773933));
#9771=CARTESIAN_POINT('Ctrl Pts',(-1.83215025016462,-2.35602968136772,0.172640906925798));
#9772=CARTESIAN_POINT('Ctrl Pts',(-1.82761085645772,-2.34992657461161,0.167641560447083));
#9773=CARTESIAN_POINT('Ctrl Pts',(-1.82307146275082,-2.34322941818738,0.163368067845084));
#9774=CARTESIAN_POINT('Ctrl Pts',(-1.81853206904392,-2.33612422726401,0.159939126429252));
#9775=CARTESIAN_POINT('Ctrl Pts',(-1.81614238894083,-2.33238383053384,0.158134023456223));
#9776=CARTESIAN_POINT('Ctrl Pts',(-1.81375270883774,-2.32853084960331,0.15656224723097));
#9777=CARTESIAN_POINT('Ctrl Pts',(-1.81136302873465,-2.32459512196237,0.155235969590876));
#9778=CARTESIAN_POINT('Ctrl Pts',(-1.81136302873465,-2.32459512196237,0.155235969590876));
#9779=CARTESIAN_POINT('Ctrl Pts',(-1.8068243412623,-2.31712004707037,0.152716988199947));
#9780=CARTESIAN_POINT('Ctrl Pts',(-1.80228565378994,-2.30934592932201,0.151086703807036));
#9781=CARTESIAN_POINT('Ctrl Pts',(-1.79774696631759,-2.30148863012933,0.150390383991368));
#9782=CARTESIAN_POINT('Ctrl Pts',(-1.79605169434051,-2.29855380387878,0.150130297462436));
#9783=CARTESIAN_POINT('Ctrl Pts',(-1.79435642236343,-2.29560747863069,0.15));
#9784=CARTESIAN_POINT('Ctrl Pts',(-1.79266115038635,-2.29266115038635,0.15));
#9785=CARTESIAN_POINT('',(-0.9365,-2.29266115038635,0.15));
#9786=CARTESIAN_POINT('',(1.81136302873465,-2.32459512196238,0.155235969590877));
#9787=CARTESIAN_POINT('Ctrl Pts',(1.79266115038635,-2.29266115038635,0.15));
#9788=CARTESIAN_POINT('Ctrl Pts',(1.7971998378587,-2.3005492434315,0.15));
#9789=CARTESIAN_POINT('Ctrl Pts',(1.80173852533106,-2.30843692529323,0.150937661354195));
#9790=CARTESIAN_POINT('Ctrl Pts',(1.80627721280341,-2.31610518126153,0.152786948323164));
#9791=CARTESIAN_POINT('Ctrl Pts',(1.80797248478049,-2.31896939686028,0.153477686426452));
#9792=CARTESIAN_POINT('Ctrl Pts',(1.80966775675757,-2.32180306256895,0.154295089966791));
#9793=CARTESIAN_POINT('Ctrl Pts',(1.81136302873465,-2.32459512196238,0.155235969590877));
#9794=CARTESIAN_POINT('',(1.873,-2.39114192568757,0.232635182233307));
#9795=CARTESIAN_POINT('Ctrl Pts',(1.81136302873465,-2.32459512196238,0.155235969590877));
#9796=CARTESIAN_POINT('Ctrl Pts',(1.81590075334807,-2.33206861105613,0.157754416593009));
#9797=CARTESIAN_POINT('Ctrl Pts',(1.82043847796149,-2.33924240601415,0.161160919417893));
#9798=CARTESIAN_POINT('Ctrl Pts',(1.82497620257491,-2.3459173981958,0.165360930597873));
#9799=CARTESIAN_POINT('Ctrl Pts',(1.8295168357903,-2.35259666893048,0.169563633911429));
#9800=CARTESIAN_POINT('Ctrl Pts',(1.83405746900569,-2.35877579742689,0.174560429353066));
#9801=CARTESIAN_POINT('Ctrl Pts',(1.83859810222107,-2.3642830639105,0.180212454527054));
#9802=CARTESIAN_POINT('Ctrl Pts',(1.84313632767073,-2.36978741005087,0.185861482596474));
#9803=CARTESIAN_POINT('Ctrl Pts',(1.84767455312038,-2.37462003572616,0.192164453331735));
#9804=CARTESIAN_POINT('Ctrl Pts',(1.85221277857003,-2.3786467820734,0.198946389516715));
#9805=CARTESIAN_POINT('Ctrl Pts',(1.85675217227693,-2.38267456500986,0.205730071548433));
#9806=CARTESIAN_POINT('Ctrl Pts',(1.86129156598383,-2.38589563173669,0.212992259395856));
#9807=CARTESIAN_POINT('Ctrl Pts',(1.86583095969073,-2.3882205163323,0.220531244003067));
#9808=CARTESIAN_POINT('Ctrl Pts',(1.86822063979382,-2.38944440895296,0.224500003418221));
#9809=CARTESIAN_POINT('Ctrl Pts',(1.87061031989691,-2.39042073228782,0.228545091216908));
#9810=CARTESIAN_POINT('Ctrl Pts',(1.873,-2.39114192568757,0.232635182233307));
#9811=CARTESIAN_POINT('',(-0.9365,-2.39114192568757,0.232635182233307));
#9812=CARTESIAN_POINT('Ctrl Pts',(1.79266115038635,-2.29266115038635,0.15));
#9813=CARTESIAN_POINT('Ctrl Pts',(1.79266115038635,-2.29266115038635,0.15));
#9814=CARTESIAN_POINT('Ctrl Pts',(1.79266115038635,-2.29266115038635,0.15));
#9815=CARTESIAN_POINT('Ctrl Pts',(1.79266115038635,-2.29266115038634,0.15));
#9816=CARTESIAN_POINT('Ctrl Pts',(1.79266115038635,-2.29266115038635,0.15));
#9817=CARTESIAN_POINT('Ctrl Pts',(1.79266115038635,-2.29266115038635,0.15));
#9818=CARTESIAN_POINT('Ctrl Pts',(1.80796378840799,-2.31925664375007,0.15));
#9819=CARTESIAN_POINT('Ctrl Pts',(1.80901433367272,-2.31826829101121,0.149724915656391));
#9820=CARTESIAN_POINT('Ctrl Pts',(1.81113306149356,-2.31669615185882,0.149389116246116));
#9821=CARTESIAN_POINT('Ctrl Pts',(1.81558867825247,-2.31230590651962,0.149307535785207));
#9822=CARTESIAN_POINT('Ctrl Pts',(1.81777411464179,-2.30953960630508,0.149587373484586));
#9823=CARTESIAN_POINT('Ctrl Pts',(1.81925664375007,-2.30796378840799,0.15));
#9824=CARTESIAN_POINT('Ctrl Pts',(1.83474340494588,-2.3654940097553,0.169582458976305));
#9825=CARTESIAN_POINT('Ctrl Pts',(1.83791189359946,-2.3658447774744,0.169534673057755));
#9826=CARTESIAN_POINT('Ctrl Pts',(1.84685512273606,-2.36710116637711,0.168858805738365));
#9827=CARTESIAN_POINT('Ctrl Pts',(1.86599829426289,-2.35412076063838,0.168323880949744));
#9828=CARTESIAN_POINT('Ctrl Pts',(1.86602016133395,-2.33949613792625,0.16951078009848));
#9829=CARTESIAN_POINT('Ctrl Pts',(1.8654940097553,-2.33474340494588,0.169582458976305));
#9830=CARTESIAN_POINT('Ctrl Pts',(1.86152302148376,-2.38767823146999,0.212991596188473));
#9831=CARTESIAN_POINT('Ctrl Pts',(1.86485932811185,-2.38757357036972,0.213001048604508));
#9832=CARTESIAN_POINT('Ctrl Pts',(1.87300858606811,-2.39051404367057,0.212062866595263));
#9833=CARTESIAN_POINT('Ctrl Pts',(1.88985449521498,-2.37915724295126,0.211573297370378));
#9834=CARTESIAN_POINT('Ctrl Pts',(1.88752123981959,-2.36652748142589,0.213005774812526));
#9835=CARTESIAN_POINT('Ctrl Pts',(1.88767823146999,-2.36152302148376,0.212991596188473));
#9836=CARTESIAN_POINT('Ctrl Pts',(1.873,-2.39114192568757,0.232635182233307));
#9837=CARTESIAN_POINT('Ctrl Pts',(1.87571402573629,-2.39114192568757,0.232635182233307));
#9838=CARTESIAN_POINT('Ctrl Pts',(1.88113228126295,-2.38990042351218,0.232635182233307));
#9839=CARTESIAN_POINT('Ctrl Pts',(1.88876270227719,-2.38383121686171,0.232635182233307));
#9840=CARTESIAN_POINT('Ctrl Pts',(1.89114192568757,-2.37707103860443,0.232635182233307));
#9841=CARTESIAN_POINT('Ctrl Pts',(1.89114192568757,-2.373,0.232635182233307));
#9842=CARTESIAN_POINT('Ctrl Pts',(1.89114192568757,-2.373,0.232635182233307));
#9843=CARTESIAN_POINT('Ctrl Pts',(1.89114192568757,-2.37707103860443,0.232635182233307));
#9844=CARTESIAN_POINT('Ctrl Pts',(1.88876270227719,-2.38383121686171,0.232635182233307));
#9845=CARTESIAN_POINT('Ctrl Pts',(1.88113228126295,-2.38990042351218,0.232635182233307));
#9846=CARTESIAN_POINT('Ctrl Pts',(1.87571402573629,-2.39114192568757,0.232635182233307));
#9847=CARTESIAN_POINT('Ctrl Pts',(1.873,-2.39114192568757,0.232635182233307));
#9848=CARTESIAN_POINT('Ctrl Pts',(-1.79266115038635,-2.29266115038635,0.15));
#9849=CARTESIAN_POINT('Ctrl Pts',(-1.79266115038635,-2.29266115038635,0.15));
#9850=CARTESIAN_POINT('Ctrl Pts',(-1.79266115038635,-2.29266115038635,0.15));
#9851=CARTESIAN_POINT('Ctrl Pts',(-1.79266115038635,-2.29266115038634,0.15));
#9852=CARTESIAN_POINT('Ctrl Pts',(-1.79266115038635,-2.29266115038635,0.15));
#9853=CARTESIAN_POINT('Ctrl Pts',(-1.79266115038635,-2.29266115038635,0.15));
#9854=CARTESIAN_POINT('Ctrl Pts',(-1.81925664375007,-2.30796378840799,0.15));
#9855=CARTESIAN_POINT('Ctrl Pts',(-1.81826829101121,-2.30901433367272,0.149724915656391));
#9856=CARTESIAN_POINT('Ctrl Pts',(-1.81669615185882,-2.31113306149355,0.149389116246116));
#9857=CARTESIAN_POINT('Ctrl Pts',(-1.81230590651962,-2.31558867825247,0.149307535785207));
#9858=CARTESIAN_POINT('Ctrl Pts',(-1.80953960630508,-2.31777411464179,0.149587373484586));
#9859=CARTESIAN_POINT('Ctrl Pts',(-1.807963788408,-2.31925664375007,0.15));
#9860=CARTESIAN_POINT('Ctrl Pts',(-1.8654940097553,-2.33474340494588,0.169582458976305));
#9861=CARTESIAN_POINT('Ctrl Pts',(-1.8658447774744,-2.33791189359946,0.169534673057755));
#9862=CARTESIAN_POINT('Ctrl Pts',(-1.86710116637711,-2.34685512273606,0.168858805738365));
#9863=CARTESIAN_POINT('Ctrl Pts',(-1.85412076063838,-2.36599829426289,0.168323880949744));
#9864=CARTESIAN_POINT('Ctrl Pts',(-1.83949613792625,-2.36602016133395,0.16951078009848));
#9865=CARTESIAN_POINT('Ctrl Pts',(-1.83474340494588,-2.3654940097553,0.169582458976305));
#9866=CARTESIAN_POINT('Ctrl Pts',(-1.88767823147,-2.36152302148376,0.212991596188473));
#9867=CARTESIAN_POINT('Ctrl Pts',(-1.88757357036972,-2.36485932811185,0.213001048604508));
#9868=CARTESIAN_POINT('Ctrl Pts',(-1.89051404367057,-2.37300858606811,0.212062866595264));
#9869=CARTESIAN_POINT('Ctrl Pts',(-1.87915724295126,-2.38985449521498,0.211573297370377));
#9870=CARTESIAN_POINT('Ctrl Pts',(-1.86652748142589,-2.38752123981959,0.213005774812526));
#9871=CARTESIAN_POINT('Ctrl Pts',(-1.86152302148376,-2.38767823146999,0.212991596188473));
#9872=CARTESIAN_POINT('Ctrl Pts',(-1.89114192568757,-2.373,0.232635182233307));
#9873=CARTESIAN_POINT('Ctrl Pts',(-1.89114192568757,-2.37571402573629,0.232635182233307));
#9874=CARTESIAN_POINT('Ctrl Pts',(-1.88990042351218,-2.38113228126296,0.232635182233307));
#9875=CARTESIAN_POINT('Ctrl Pts',(-1.88383121686171,-2.38876270227719,0.232635182233307));
#9876=CARTESIAN_POINT('Ctrl Pts',(-1.87707103860443,-2.39114192568757,0.232635182233307));
#9877=CARTESIAN_POINT('Ctrl Pts',(-1.873,-2.39114192568757,0.232635182233307));
#9878=CARTESIAN_POINT('Ctrl Pts',(-1.873,-2.39114192568757,0.232635182233307));
#9879=CARTESIAN_POINT('Ctrl Pts',(-1.87707103860443,-2.39114192568757,0.232635182233307));
#9880=CARTESIAN_POINT('Ctrl Pts',(-1.88383121686171,-2.38876270227719,0.232635182233307));
#9881=CARTESIAN_POINT('Ctrl Pts',(-1.88990042351218,-2.38113228126296,0.232635182233307));
#9882=CARTESIAN_POINT('Ctrl Pts',(-1.89114192568757,-2.37571402573629,0.232635182233307));
#9883=CARTESIAN_POINT('Ctrl Pts',(-1.89114192568757,-2.373,0.232635182233307));
#9884=CARTESIAN_POINT('Origin',(-1.873,2.373,0.85));
#9885=CARTESIAN_POINT('',(-2.,2.373,0.85));
#9886=CARTESIAN_POINT('',(-2.,2.373,0.85));
#9887=CARTESIAN_POINT('',(-1.873,2.5,0.85));
#9888=CARTESIAN_POINT('Origin',(-1.873,2.373,0.85));
#9889=CARTESIAN_POINT('',(-1.873,2.5,0.85));
#9890=CARTESIAN_POINT('Origin',(-2.,2.373,0.85));
#9891=CARTESIAN_POINT('',(-2.,-2.373,0.85));
#9892=CARTESIAN_POINT('',(-2.,-2.373,0.85));
#9893=CARTESIAN_POINT('',(-2.,-2.373,0.85));
#9894=CARTESIAN_POINT('Origin',(-1.873,-2.373,0.85));
#9895=CARTESIAN_POINT('',(-1.873,-2.5,0.85));
#9896=CARTESIAN_POINT('',(-1.873,-2.5,0.85));
#9897=CARTESIAN_POINT('Origin',(-1.873,-2.373,0.85));
#9898=CARTESIAN_POINT('Origin',(-1.873,-2.5,0.85));
#9899=CARTESIAN_POINT('',(1.873,-2.5,0.85));
#9900=CARTESIAN_POINT('',(1.873,-2.5,0.85));
#9901=CARTESIAN_POINT('',(1.873,-2.5,0.85));
#9902=CARTESIAN_POINT('Origin',(-6.93889390390726E-18,-1.66533453693773E-16,
0.15));
#9903=CARTESIAN_POINT('Origin',(1.873,-2.373,0.85));
#9904=CARTESIAN_POINT('',(2.,-2.373,0.85));
#9905=CARTESIAN_POINT('',(2.,-2.373,0.85));
#9906=CARTESIAN_POINT('Origin',(1.873,-2.373,0.85));
#9907=CARTESIAN_POINT('Origin',(2.,-2.373,0.85));
#9908=CARTESIAN_POINT('',(2.,2.373,0.85));
#9909=CARTESIAN_POINT('',(2.,2.373,0.85));
#9910=CARTESIAN_POINT('',(2.,2.373,0.85));
#9911=CARTESIAN_POINT('Origin',(1.873,2.373,0.85));
#9912=CARTESIAN_POINT('',(1.873,2.5,0.85));
#9913=CARTESIAN_POINT('',(1.873,2.5,0.85));
#9914=CARTESIAN_POINT('Origin',(1.873,2.373,0.85));
#9915=CARTESIAN_POINT('Origin',(1.873,2.5,0.85));
#9916=CARTESIAN_POINT('',(-1.873,2.5,0.85));
#9917=CARTESIAN_POINT('Origin',(-3.18653008620906E-32,-1.73472347597681E-16,
0.85));
#9918=CARTESIAN_POINT('Origin',(-1.873,-2.373,1.05));
#9919=CARTESIAN_POINT('',(-1.873,-2.5,1.05));
#9920=CARTESIAN_POINT('',(-2.,-2.373,1.05));
#9921=CARTESIAN_POINT('Origin',(-1.873,-2.373,1.05));
#9922=CARTESIAN_POINT('',(-2.,-2.373,0.85));
#9923=CARTESIAN_POINT('',(-2.,-2.373,1.05));
#9924=CARTESIAN_POINT('',(-1.873,-2.5,0.85));
#9925=CARTESIAN_POINT('Origin',(-1.873,-2.373,0.85));
#9926=CARTESIAN_POINT('',(-1.873,-2.5,1.05));
#9927=CARTESIAN_POINT('Origin',(1.873,-2.5,1.05));
#9928=CARTESIAN_POINT('',(1.873,-2.5,1.05));
#9929=CARTESIAN_POINT('',(1.873,-2.5,1.05));
#9930=CARTESIAN_POINT('',(1.873,-2.5,0.85));
#9931=CARTESIAN_POINT('',(1.873,-2.5,0.85));
#9932=CARTESIAN_POINT('',(1.873,-2.5,1.05));
#9933=CARTESIAN_POINT('Origin',(1.873,-2.373,1.05));
#9934=CARTESIAN_POINT('',(2.,-2.373,1.05));
#9935=CARTESIAN_POINT('Origin',(1.873,-2.373,1.05));
#9936=CARTESIAN_POINT('',(2.,-2.373,0.85));
#9937=CARTESIAN_POINT('Origin',(1.873,-2.373,0.85));
#9938=CARTESIAN_POINT('',(2.,-2.373,1.05));
#9939=CARTESIAN_POINT('Origin',(2.,2.373,1.05));
#9940=CARTESIAN_POINT('',(2.,2.373,1.05));
#9941=CARTESIAN_POINT('',(2.,2.373,1.05));
#9942=CARTESIAN_POINT('',(2.,2.373,0.85));
#9943=CARTESIAN_POINT('',(2.,2.373,0.85));
#9944=CARTESIAN_POINT('',(2.,2.373,1.05));
#9945=CARTESIAN_POINT('Origin',(1.873,2.373,1.05));
#9946=CARTESIAN_POINT('',(1.873,2.5,1.05));
#9947=CARTESIAN_POINT('Origin',(1.873,2.373,1.05));
#9948=CARTESIAN_POINT('',(1.873,2.5,0.85));
#9949=CARTESIAN_POINT('Origin',(1.873,2.373,0.85));
#9950=CARTESIAN_POINT('',(1.873,2.5,1.05));
#9951=CARTESIAN_POINT('Origin',(-1.873,2.5,1.05));
#9952=CARTESIAN_POINT('',(-1.873,2.5,1.05));
#9953=CARTESIAN_POINT('',(-1.873,2.5,1.05));
#9954=CARTESIAN_POINT('',(-1.873,2.5,0.85));
#9955=CARTESIAN_POINT('',(-1.873,2.5,0.85));
#9956=CARTESIAN_POINT('',(-1.873,2.5,1.05));
#9957=CARTESIAN_POINT('Origin',(-1.873,2.373,1.05));
#9958=CARTESIAN_POINT('',(-2.,2.373,1.05));
#9959=CARTESIAN_POINT('Origin',(-1.873,2.373,1.05));
#9960=CARTESIAN_POINT('',(-2.,2.373,0.85));
#9961=CARTESIAN_POINT('Origin',(-1.873,2.373,0.85));
#9962=CARTESIAN_POINT('',(-2.,2.373,1.05));
#9963=CARTESIAN_POINT('Origin',(-2.,-2.373,1.05));
#9964=CARTESIAN_POINT('',(-2.,-2.373,1.05));
#9965=CARTESIAN_POINT('',(-2.,-2.373,0.85));
#9966=CARTESIAN_POINT('Origin',(5.44614706319694E-17,-1.49177071731047E-16,
0.85));
#9967=CARTESIAN_POINT('Origin',(5.44614706319694E-17,-1.49177071731047E-16,
1.05));
#9968=CARTESIAN_POINT('Origin',(-0.946313253230574,1.54657111350409,1.73999999999991));
#9969=CARTESIAN_POINT('',(-0.946313253230574,1.19657111350409,1.72999999999991));
#9970=CARTESIAN_POINT('Origin',(-0.946313253230574,1.54657111350409,1.72999999999991));
#9971=CARTESIAN_POINT('',(-0.946313253230574,1.19657111350409,1.73999999999991));
#9972=CARTESIAN_POINT('Origin',(-0.946313253230574,1.54657111350409,1.73999999999991));
#9973=CARTESIAN_POINT('Origin',(-0.946313253230574,1.54657111350409,1.73999999999991));
#9974=CARTESIAN_POINT('Origin',(-0.946313253230574,1.54657111350409,1.72999999999991));
#9975=CARTESIAN_POINT('Origin',(0.842077574697903,1.21844729180881,1.76));
#9976=CARTESIAN_POINT('',(1.08529481264937,1.43112741100487,1.76));
#9977=CARTESIAN_POINT('',(1.01508094789673,1.49131592467054,1.76));
#9978=CARTESIAN_POINT('Origin',(0.842077574697903,1.21844729180881,1.76));
#9979=CARTESIAN_POINT('',(1.01508094789673,1.49131592467054,1.75));
#9980=CARTESIAN_POINT('',(1.01508094789673,1.49131592467054,1.76));
#9981=CARTESIAN_POINT('',(1.08529481264937,1.43112741100487,1.75));
#9982=CARTESIAN_POINT('Origin',(0.842077574697903,1.21844729180881,1.75));
#9983=CARTESIAN_POINT('',(1.08529481264937,1.43112741100487,1.76));
#9984=CARTESIAN_POINT('Origin',(1.1638779466472,1.3063323496724,1.76));
#9985=CARTESIAN_POINT('',(1.13854245909829,1.4516156224624,1.76));
#9986=CARTESIAN_POINT('Origin',(1.1638779466472,1.3063323496724,1.76));
#9987=CARTESIAN_POINT('',(1.13854245909829,1.4516156224624,1.75));
#9988=CARTESIAN_POINT('Origin',(1.1638779466472,1.3063323496724,1.75));
#9989=CARTESIAN_POINT('',(1.13854245909829,1.4516156224624,1.76));
#9990=CARTESIAN_POINT('Origin',(0.787926759813426,1.2811076491249,1.76));
#9991=CARTESIAN_POINT('',(1.08149054882887,1.53767077846225,1.76));
#9992=CARTESIAN_POINT('Origin',(0.787926759813426,1.2811076491249,1.76));
#9993=CARTESIAN_POINT('',(1.08149054882887,1.53767077846225,1.75));
#9994=CARTESIAN_POINT('Origin',(0.787926759813426,1.2811076491249,1.75));
#9995=CARTESIAN_POINT('',(1.08149054882887,1.53767077846225,1.76));
#9996=CARTESIAN_POINT('Origin',(0.865572645559475,1.34800361811903,1.76));
#9997=CARTESIAN_POINT('',(0.993387095960742,1.60540921039211,1.76));
#9998=CARTESIAN_POINT('Origin',(0.865572645559475,1.34800361811903,1.76));
#9999=CARTESIAN_POINT('',(0.993387095960742,1.60540921039211,1.75));
#10000=CARTESIAN_POINT('Origin',(0.865572645559475,1.34800361811903,1.75));
#10001=CARTESIAN_POINT('',(0.993387095960742,1.60540921039211,1.76));
#10002=CARTESIAN_POINT('Origin',(0.897476951750993,1.40897424180028,1.76));
#10003=CARTESIAN_POINT('',(0.876571113504069,1.62657111350414,1.76));
#10004=CARTESIAN_POINT('Origin',(0.897476951750993,1.40897424180028,1.76));
#10005=CARTESIAN_POINT('',(0.876571113504069,1.62657111350414,1.75));
#10006=CARTESIAN_POINT('Origin',(0.897476951750993,1.40897424180028,1.75));
#10007=CARTESIAN_POINT('',(0.876571113504069,1.62657111350414,1.76));
#10008=CARTESIAN_POINT('Origin',(0.902186334407607,1.39432091227862,1.76));
#10009=CARTESIAN_POINT('',(0.763197157951651,1.58214610850989,1.76));
#10010=CARTESIAN_POINT('Origin',(0.902186334407607,1.39432091227862,1.76));
#10011=CARTESIAN_POINT('',(0.763197157951651,1.58214610850989,1.75));
#10012=CARTESIAN_POINT('Origin',(0.902186334407607,1.39432091227862,1.75));
#10013=CARTESIAN_POINT('',(0.763197157951651,1.58214610850989,1.76));
#10014=CARTESIAN_POINT('Origin',(0.988519103759631,1.29026338007177,1.76));
#10015=CARTESIAN_POINT('',(0.675524406070664,1.48519881974814,1.76));
#10016=CARTESIAN_POINT('Origin',(0.988519103759631,1.29026338007177,1.76));
#10017=CARTESIAN_POINT('',(0.675524406070664,1.48519881974814,1.75));
#10018=CARTESIAN_POINT('Origin',(0.988519103759631,1.29026338007177,1.75));
#10019=CARTESIAN_POINT('',(0.675524406070664,1.48519881974814,1.76));
#10020=CARTESIAN_POINT('Origin',(1.12507871710905,1.19218751652775,1.76));
#10021=CARTESIAN_POINT('',(0.621109756924104,1.37649701047255,1.76));
#10022=CARTESIAN_POINT('Origin',(1.12507871710905,1.19218751652775,1.76));
#10023=CARTESIAN_POINT('',(0.621109756924104,1.37649701047255,1.75));
#10024=CARTESIAN_POINT('Origin',(1.12507871710905,1.19218751652775,1.75));
#10025=CARTESIAN_POINT('',(0.621109756924104,1.37649701047255,1.76));
#10026=CARTESIAN_POINT('Origin',(1.14636192062423,1.18408654694001,1.76));
#10027=CARTESIAN_POINT('',(0.594466650139893,1.27531829780233,1.76));
#10028=CARTESIAN_POINT('Origin',(1.14636192062423,1.18408654694001,1.76));
#10029=CARTESIAN_POINT('',(0.594466650139893,1.27531829780233,1.75));
#10030=CARTESIAN_POINT('Origin',(1.14636192062423,1.18408654694001,1.75));
#10031=CARTESIAN_POINT('',(0.594466650139893,1.27531829780233,1.76));
#10032=CARTESIAN_POINT('Origin',(1.22084798527767,1.18127929982835,1.76));
#10033=CARTESIAN_POINT('',(0.615675827880206,0.994293818949204,1.76));
#10034=CARTESIAN_POINT('Origin',(1.22084798527767,1.18127929982835,1.76));
#10035=CARTESIAN_POINT('',(0.615675827880206,0.994293818949204,1.75));
#10036=CARTESIAN_POINT('Origin',(1.22084798527767,1.18127929982835,1.75));
#10037=CARTESIAN_POINT('',(0.615675827880206,0.994293818949204,1.76));
#10038=CARTESIAN_POINT('Origin',(1.05546302147352,1.14124104599793,1.76));
#10039=CARTESIAN_POINT('',(0.666509973603116,0.888809293362446,1.76));
#10040=CARTESIAN_POINT('Origin',(1.05546302147352,1.14124104599793,1.76));
#10041=CARTESIAN_POINT('',(0.666509973603116,0.888809293362446,1.75));
#10042=CARTESIAN_POINT('Origin',(1.05546302147352,1.14124104599793,1.75));
#10043=CARTESIAN_POINT('',(0.666509973603116,0.888809293362446,1.76));
#10044=CARTESIAN_POINT('Origin',(1.18479076771379,1.0091853278623,1.76));
#10045=CARTESIAN_POINT('',(1.18479076771381,1.00918532786222,1.76));
#10046=CARTESIAN_POINT('',(0.949582739394379,0.954555848913144,1.76));
#10047=CARTESIAN_POINT('',(1.18479076771381,1.00918532786222,1.75));
#10048=CARTESIAN_POINT('',(0.949582739394379,0.954555848913144,1.75));
#10049=CARTESIAN_POINT('',(1.18479076771381,1.00918532786222,1.76));
#10050=CARTESIAN_POINT('Origin',(0.671120357350212,1.17672029444815,1.76));
#10051=CARTESIAN_POINT('',(1.21132848640268,1.16669867694167,1.76));
#10052=CARTESIAN_POINT('Origin',(0.671120357350212,1.17672029444815,1.76));
#10053=CARTESIAN_POINT('',(1.21132848640268,1.16669867694167,1.75));
#10054=CARTESIAN_POINT('Origin',(0.671120357350212,1.17672029444815,1.75));
#10055=CARTESIAN_POINT('',(1.21132848640268,1.16669867694167,1.76));
#10056=CARTESIAN_POINT('Origin',(1.16387794666128,1.3063323496664,1.76));
#10057=CARTESIAN_POINT('',(1.17452308453468,1.15924123056006,1.76));
#10058=CARTESIAN_POINT('Origin',(1.16387794666128,1.3063323496664,1.76));
#10059=CARTESIAN_POINT('',(1.17452308453468,1.15924123056006,1.75));
#10060=CARTESIAN_POINT('Origin',(1.16387794666128,1.3063323496664,1.75));
#10061=CARTESIAN_POINT('',(1.17452308453468,1.15924123056006,1.76));
#10062=CARTESIAN_POINT('Origin',(0.194510838065573,1.03387385240367,1.76));
#10063=CARTESIAN_POINT('',(1.18220064204027,1.05856866681999,1.76));
#10064=CARTESIAN_POINT('Origin',(0.194510838065573,1.03387385240367,1.76));
#10065=CARTESIAN_POINT('',(1.18220064204027,1.05856866681999,1.75));
#10066=CARTESIAN_POINT('Origin',(0.194510838065573,1.03387385240367,1.75));
#10067=CARTESIAN_POINT('',(1.18220064204027,1.05856866681999,1.76));
#10068=CARTESIAN_POINT('Origin',(1.17577462120355,1.05707615752142,1.76));
#10069=CARTESIAN_POINT('',(1.17577462120354,1.05707615752147,1.76));
#10070=CARTESIAN_POINT('',(0.939567019744038,1.00221451755759,1.76));
#10071=CARTESIAN_POINT('',(1.17577462120354,1.05707615752147,1.75));
#10072=CARTESIAN_POINT('',(0.939567019744038,1.00221451755759,1.75));
#10073=CARTESIAN_POINT('',(1.17577462120354,1.05707615752147,1.76));
#10074=CARTESIAN_POINT('Origin',(0.65878725506741,0.937000534943379,1.76));
#10075=CARTESIAN_POINT('',(0.658787255067337,0.937000534943693,1.76));
#10076=CARTESIAN_POINT('',(0.681073336493067,0.942176706117561,1.76));
#10077=CARTESIAN_POINT('',(0.658787255067337,0.937000534943693,1.75));
#10078=CARTESIAN_POINT('',(0.681073336493067,0.942176706117561,1.75));
#10079=CARTESIAN_POINT('',(0.658787255067337,0.937000534943693,1.76));
#10080=CARTESIAN_POINT('Origin',(0.990845206161627,1.08871289544976,1.76));
#10081=CARTESIAN_POINT('',(0.642185320680524,0.980475159553904,1.76));
#10082=CARTESIAN_POINT('Origin',(0.990845206161627,1.08871289544976,1.76));
#10083=CARTESIAN_POINT('',(0.642185320680524,0.980475159553904,1.75));
#10084=CARTESIAN_POINT('Origin',(0.990845206161627,1.08871289544976,1.75));
#10085=CARTESIAN_POINT('',(0.642185320680524,0.980475159553904,1.76));
#10086=CARTESIAN_POINT('Origin',(1.07467344964303,1.1223332597554,1.76));
#10087=CARTESIAN_POINT('',(0.619535386116381,1.11796915439886,1.76));
#10088=CARTESIAN_POINT('Origin',(1.07467344964303,1.1223332597554,1.76));
#10089=CARTESIAN_POINT('',(0.619535386116381,1.11796915439886,1.75));
#10090=CARTESIAN_POINT('Origin',(1.07467344964303,1.1223332597554,1.75));
#10091=CARTESIAN_POINT('',(0.619535386116381,1.11796915439886,1.76));
#10092=CARTESIAN_POINT('Origin',(1.1753816788922,1.12698833380239,1.76));
#10093=CARTESIAN_POINT('',(0.631193390226267,1.24059094498891,1.76));
#10094=CARTESIAN_POINT('Origin',(1.1753816788922,1.12698833380239,1.76));
#10095=CARTESIAN_POINT('',(0.631193390226267,1.24059094498891,1.75));
#10096=CARTESIAN_POINT('Origin',(1.1753816788922,1.12698833380239,1.75));
#10097=CARTESIAN_POINT('',(0.631193390226267,1.24059094498891,1.76));
#10098=CARTESIAN_POINT('Origin',(1.07032058426884,1.1526565101365,1.76));
#10099=CARTESIAN_POINT('',(0.665790055538059,1.34480283121864,1.76));
#10100=CARTESIAN_POINT('Origin',(1.07032058426884,1.1526565101365,1.76));
#10101=CARTESIAN_POINT('',(0.665790055538059,1.34480283121864,1.75));
#10102=CARTESIAN_POINT('Origin',(1.07032058426884,1.1526565101365,1.75));
#10103=CARTESIAN_POINT('',(0.665790055538059,1.34480283121864,1.76));
#10104=CARTESIAN_POINT('Origin',(0.986032821127273,1.20306262027068,1.76));
#10105=CARTESIAN_POINT('',(0.728280026316171,1.44014744281034,1.76));
#10106=CARTESIAN_POINT('Origin',(0.986032821127273,1.20306262027068,1.76));
#10107=CARTESIAN_POINT('',(0.728280026316171,1.44014744281034,1.75));
#10108=CARTESIAN_POINT('Origin',(0.986032821127273,1.20306262027068,1.75));
#10109=CARTESIAN_POINT('',(0.728280026316171,1.44014744281034,1.76));
#10110=CARTESIAN_POINT('Origin',(0.929382944305887,1.25786330725335,1.76));
#10111=CARTESIAN_POINT('',(0.820649706449997,1.50655382312618,1.76));
#10112=CARTESIAN_POINT('Origin',(0.929382944305887,1.25786330725335,1.76));
#10113=CARTESIAN_POINT('',(0.820649706449997,1.50655382312618,1.75));
#10114=CARTESIAN_POINT('Origin',(0.929382944305887,1.25786330725335,1.75));
#10115=CARTESIAN_POINT('',(0.820649706449997,1.50655382312618,1.76));
#10116=CARTESIAN_POINT('Origin',(0.901387001984246,1.31960928791116,1.76));
#10117=CARTESIAN_POINT('',(0.9138517698988,1.52286134742813,1.76));
#10118=CARTESIAN_POINT('Origin',(0.901387001984246,1.31960928791116,1.76));
#10119=CARTESIAN_POINT('',(0.9138517698988,1.52286134742813,1.75));
#10120=CARTESIAN_POINT('Origin',(0.901387001984246,1.31960928791116,1.75));
#10121=CARTESIAN_POINT('',(0.9138517698988,1.52286134742813,1.76));
#10122=CARTESIAN_POINT('Origin',(0.901955382094723,1.30649107721525,1.76));
#10123=CARTESIAN_POINT('Origin',(0.901955382094723,1.30649107721525,1.76));
#10124=CARTESIAN_POINT('Origin',(0.901955382094723,1.30649107721525,1.75));
#10125=CARTESIAN_POINT('Origin',(0.8566551107607,1.19741074348832,1.75));
#10126=CARTESIAN_POINT('Origin',(0.8566551107607,1.19741074348832,1.76));
#10127=CARTESIAN_POINT('Origin',(0.590232325151268,-0.202414131631171,1.76));
#10128=CARTESIAN_POINT('',(0.590232325151268,-0.202414131631171,1.76));
#10129=CARTESIAN_POINT('',(1.00643179155696,-0.202414131631171,1.76));
#10130=CARTESIAN_POINT('',(0.756922214328192,-0.202414131631171,1.76));
#10131=CARTESIAN_POINT('',(1.00643179155696,-0.202414131631171,1.75));
#10132=CARTESIAN_POINT('',(1.00643179155696,-0.202414131631171,1.76));
#10133=CARTESIAN_POINT('',(0.590232325151268,-0.202414131631171,1.75));
#10134=CARTESIAN_POINT('',(0.756922214328192,-0.202414131631171,1.75));
#10135=CARTESIAN_POINT('',(0.590232325151268,-0.202414131631171,1.76));
#10136=CARTESIAN_POINT('Origin',(0.590232325151268,-0.278086761886288,1.76));
#10137=CARTESIAN_POINT('',(0.590232325151268,-0.278086761886289,1.76));
#10138=CARTESIAN_POINT('',(0.590232325151268,-0.139517537401383,1.76));
#10139=CARTESIAN_POINT('',(0.590232325151268,-0.278086761886289,1.75));
#10140=CARTESIAN_POINT('',(0.590232325151268,-0.139517537401383,1.75));
#10141=CARTESIAN_POINT('',(0.590232325151268,-0.278086761886289,1.76));
#10142=CARTESIAN_POINT('Origin',(1.00643179155696,-0.278086761886289,1.76));
#10143=CARTESIAN_POINT('',(1.00643179155696,-0.278086761886289,1.76));
#10144=CARTESIAN_POINT('',(0.965021947531036,-0.278086761886289,1.76));
#10145=CARTESIAN_POINT('',(1.00643179155696,-0.278086761886289,1.75));
#10146=CARTESIAN_POINT('',(0.965021947531036,-0.278086761886289,1.75));
#10147=CARTESIAN_POINT('',(1.00643179155696,-0.278086761886289,1.76));
#10148=CARTESIAN_POINT('Origin',(1.00643179155696,-0.202414131631171,1.76));
#10149=CARTESIAN_POINT('',(1.00643179155696,-0.101681222273593,1.76));
#10150=CARTESIAN_POINT('',(1.00643179155696,-0.101681222273593,1.75));
#10151=CARTESIAN_POINT('Origin',(0.798332058354113,-0.24025044675873,1.75));
#10152=CARTESIAN_POINT('Origin',(0.798332058354113,-0.24025044675873,1.76));
#10153=CARTESIAN_POINT('Origin',(1.00715455456193,1.36849549450924,1.76));
#10154=CARTESIAN_POINT('',(1.00715455456193,1.36849549450924,1.76));
#10155=CARTESIAN_POINT('',(1.00715455456193,1.17139849083637,1.76));
#10156=CARTESIAN_POINT('',(1.00715455456193,0.683773590796617,1.76));
#10157=CARTESIAN_POINT('',(1.00715455456193,1.17139849083637,1.75));
#10158=CARTESIAN_POINT('',(1.00715455456193,1.17139849083637,1.76));
#10159=CARTESIAN_POINT('',(1.00715455456193,1.36849549450924,1.75));
#10160=CARTESIAN_POINT('',(1.00715455456193,0.683773590796617,1.75));
#10161=CARTESIAN_POINT('',(1.00715455456193,1.36849549450924,1.76));
#10162=CARTESIAN_POINT('Origin',(0.689315990193542,1.29467422537747,1.76));
#10163=CARTESIAN_POINT('',(0.689315990193453,1.29467422537785,1.76));
#10164=CARTESIAN_POINT('',(0.657708301342081,1.28733301519433,1.76));
#10165=CARTESIAN_POINT('',(0.689315990193453,1.29467422537785,1.75));
#10166=CARTESIAN_POINT('',(0.657708301342081,1.28733301519433,1.75));
#10167=CARTESIAN_POINT('',(0.689315990193453,1.29467422537785,1.76));
#10168=CARTESIAN_POINT('Origin',(0.689315990193453,1.09757722170452,1.76));
#10169=CARTESIAN_POINT('',(0.689315990193453,1.09757722170452,1.76));
#10170=CARTESIAN_POINT('',(0.689315990193453,0.548314454393559,1.76));
#10171=CARTESIAN_POINT('',(0.689315990193453,1.09757722170452,1.75));
#10172=CARTESIAN_POINT('',(0.689315990193453,0.548314454393559,1.75));
#10173=CARTESIAN_POINT('',(0.689315990193453,1.09757722170452,1.76));
#10174=CARTESIAN_POINT('Origin',(1.00715455456199,1.1713984908361,1.76));
#10175=CARTESIAN_POINT('',(0.838344945260173,1.13219072627452,1.76));
#10176=CARTESIAN_POINT('',(0.838344945260173,1.13219072627452,1.75));
#10177=CARTESIAN_POINT('Origin',(0.848235272377662,1.23303635810679,1.75));
#10178=CARTESIAN_POINT('Origin',(0.848235272377662,1.23303635810679,1.76));
#10179=CARTESIAN_POINT('Origin',(1.00643179155696,0.0267057766423615,1.76));
#10180=CARTESIAN_POINT('',(1.00643179155696,0.0267057766423601,1.76));
#10181=CARTESIAN_POINT('',(1.00643179155696,-0.0153345734962461,1.76));
#10182=CARTESIAN_POINT('',(1.00643179155696,0.0128787318629416,1.76));
#10183=CARTESIAN_POINT('',(1.00643179155696,-0.0153345734962461,1.75));
#10184=CARTESIAN_POINT('',(1.00643179155696,-0.0153345734962461,1.76));
#10185=CARTESIAN_POINT('',(1.00643179155696,0.0267057766423601,1.75));
#10186=CARTESIAN_POINT('',(1.00643179155696,0.0128787318629416,1.75));
#10187=CARTESIAN_POINT('',(1.00643179155696,0.0267057766423601,1.76));
#10188=CARTESIAN_POINT('Origin',(0.947575301359866,0.0267057766423601,1.76));
#10189=CARTESIAN_POINT('',(0.947575301359867,0.0267057766423601,1.76));
#10190=CARTESIAN_POINT('',(0.935593702432721,0.0267057766423601,1.76));
#10191=CARTESIAN_POINT('',(0.947575301359867,0.0267057766423601,1.75));
#10192=CARTESIAN_POINT('',(0.935593702432721,0.0267057766423601,1.75));
#10193=CARTESIAN_POINT('',(0.947575301359867,0.0267057766423601,1.76));
#10194=CARTESIAN_POINT('Origin',(0.947575301359867,-0.0153345734962466,
1.76));
#10195=CARTESIAN_POINT('',(0.947575301359867,-0.0153345734962461,1.76));
#10196=CARTESIAN_POINT('',(0.947575301359867,-0.00814144320636068,1.76));
#10197=CARTESIAN_POINT('',(0.947575301359867,-0.0153345734962461,1.75));
#10198=CARTESIAN_POINT('',(0.947575301359867,-0.00814144320636068,1.75));
#10199=CARTESIAN_POINT('',(0.947575301359867,-0.0153345734962461,1.76));
#10200=CARTESIAN_POINT('Origin',(0.590232325151268,-0.0153345734962459,
1.76));
#10201=CARTESIAN_POINT('',(0.590232325151268,-0.0153345734962459,1.76));
#10202=CARTESIAN_POINT('',(0.756922214328192,-0.0153345734962461,1.76));
#10203=CARTESIAN_POINT('',(0.590232325151268,-0.0153345734962459,1.75));
#10204=CARTESIAN_POINT('',(0.756922214328192,-0.0153345734962461,1.75));
#10205=CARTESIAN_POINT('',(0.590232325151268,-0.0153345734962459,1.76));
#10206=CARTESIAN_POINT('Origin',(0.590232325151268,-0.0931092212627705,
1.76));
#10207=CARTESIAN_POINT('',(0.590232325151268,-0.0931092212627708,1.76));
#10208=CARTESIAN_POINT('',(0.590232325151268,-0.0470287670896219,1.76));
#10209=CARTESIAN_POINT('',(0.590232325151268,-0.0931092212627708,1.75));
#10210=CARTESIAN_POINT('',(0.590232325151268,-0.0470287670896219,1.75));
#10211=CARTESIAN_POINT('',(0.590232325151268,-0.0931092212627708,1.76));
#10212=CARTESIAN_POINT('Origin',(0.947575301359866,-0.0931092212627709,
1.76));
#10213=CARTESIAN_POINT('',(0.947575301359866,-0.0931092212627707,1.76));
#10214=CARTESIAN_POINT('',(0.935593702432721,-0.0931092212627709,1.76));
#10215=CARTESIAN_POINT('',(0.947575301359866,-0.0931092212627707,1.75));
#10216=CARTESIAN_POINT('',(0.935593702432721,-0.0931092212627709,1.75));
#10217=CARTESIAN_POINT('',(0.947575301359866,-0.0931092212627707,1.76));
#10218=CARTESIAN_POINT('Origin',(0.947575301359866,-0.151965711461705,1.76));
#10219=CARTESIAN_POINT('',(0.947575301359866,-0.151965711461707,1.76));
#10220=CARTESIAN_POINT('',(0.947575301359867,-0.0764570121893181,1.76));
#10221=CARTESIAN_POINT('',(0.947575301359866,-0.151965711461707,1.75));
#10222=CARTESIAN_POINT('',(0.947575301359867,-0.0764570121893181,1.75));
#10223=CARTESIAN_POINT('',(0.947575301359866,-0.151965711461707,1.76));
#10224=CARTESIAN_POINT('Origin',(1.00643179155696,-0.151965711461707,1.76));
#10225=CARTESIAN_POINT('',(1.00643179155696,-0.151965711461707,1.76));
#10226=CARTESIAN_POINT('',(0.965021947531037,-0.151965711461707,1.76));
#10227=CARTESIAN_POINT('',(1.00643179155696,-0.151965711461707,1.75));
#10228=CARTESIAN_POINT('',(0.965021947531037,-0.151965711461707,1.75));
#10229=CARTESIAN_POINT('',(1.00643179155696,-0.151965711461707,1.76));
#10230=CARTESIAN_POINT('Origin',(1.00643179155696,-0.0931092212627705,1.76));
#10231=CARTESIAN_POINT('',(1.00643179155696,-0.0931092212627707,1.76));
#10232=CARTESIAN_POINT('',(1.00643179155696,-0.0470287670896219,1.76));
#10233=CARTESIAN_POINT('',(1.00643179155696,-0.0931092212627707,1.75));
#10234=CARTESIAN_POINT('',(1.00643179155696,-0.0470287670896219,1.75));
#10235=CARTESIAN_POINT('',(1.00643179155696,-0.0931092212627707,1.76));
#10236=CARTESIAN_POINT('Origin',(1.15147099954613,-0.0931092212627708,1.76));
#10237=CARTESIAN_POINT('',(1.15147099954613,-0.0931092212627707,1.76));
#10238=CARTESIAN_POINT('',(1.03649054277603,-0.0931092212627707,1.76));
#10239=CARTESIAN_POINT('',(1.15147099954613,-0.0931092212627707,1.75));
#10240=CARTESIAN_POINT('',(1.03649054277603,-0.0931092212627707,1.75));
#10241=CARTESIAN_POINT('',(1.15147099954613,-0.0931092212627707,1.76));
#10242=CARTESIAN_POINT('Origin',(1.15252200829952,-0.135401335956164,1.76));
#10243=CARTESIAN_POINT('',(1.16828713960715,-0.0961433658160552,1.76));
#10244=CARTESIAN_POINT('Origin',(1.15252200829952,-0.135401335956164,1.76));
#10245=CARTESIAN_POINT('',(1.16828713960715,-0.0961433658160552,1.75));
#10246=CARTESIAN_POINT('Origin',(1.15252200829952,-0.135401335956164,1.75));
#10247=CARTESIAN_POINT('',(1.16828713960715,-0.0961433658160552,1.76));
#10248=CARTESIAN_POINT('Origin',(1.15365107203502,-0.124818070119165,1.76));
#10249=CARTESIAN_POINT('',(1.18583424340335,-0.125652708679958,1.76));
#10250=CARTESIAN_POINT('Origin',(1.15365107203502,-0.124818070119165,1.76));
#10251=CARTESIAN_POINT('',(1.18583424340335,-0.125652708679958,1.75));
#10252=CARTESIAN_POINT('Origin',(1.15365107203502,-0.124818070119165,1.75));
#10253=CARTESIAN_POINT('',(1.18583424340335,-0.125652708679958,1.76));
#10254=CARTESIAN_POINT('Origin',(1.11850581676453,-0.126197105015774,1.76));
#10255=CARTESIAN_POINT('',(1.17879722713881,-0.156169746474829,1.76));
#10256=CARTESIAN_POINT('Origin',(1.11850581676453,-0.126197105015774,1.76));
#10257=CARTESIAN_POINT('',(1.17879722713881,-0.156169746474829,1.75));
#10258=CARTESIAN_POINT('Origin',(1.11850581676453,-0.126197105015774,1.75));
#10259=CARTESIAN_POINT('',(1.17879722713881,-0.156169746474829,1.76));
#10260=CARTESIAN_POINT('Origin',(1.24816380487101,-0.156169746474829,1.76));
#10261=CARTESIAN_POINT('',(1.24816380487101,-0.156169746474829,1.76));
#10262=CARTESIAN_POINT('',(1.08588795418818,-0.156169746474829,1.76));
#10263=CARTESIAN_POINT('',(1.24816380487101,-0.156169746474829,1.75));
#10264=CARTESIAN_POINT('',(1.08588795418818,-0.156169746474829,1.75));
#10265=CARTESIAN_POINT('',(1.24816380487101,-0.156169746474829,1.76));
#10266=CARTESIAN_POINT('Origin',(1.12189450172807,-0.100201096861304,1.76));
#10267=CARTESIAN_POINT('',(1.25978020220844,-0.108198612651895,1.76));
#10268=CARTESIAN_POINT('Origin',(1.12189450172807,-0.100201096861304,1.76));
#10269=CARTESIAN_POINT('',(1.25978020220844,-0.108198612651895,1.75));
#10270=CARTESIAN_POINT('Origin',(1.12189450172807,-0.100201096861304,1.75));
#10271=CARTESIAN_POINT('',(1.25978020220844,-0.108198612651895,1.76));
#10272=CARTESIAN_POINT('Origin',(1.16269198640843,-0.107421757860175,1.76));
#10273=CARTESIAN_POINT('',(1.24762178035888,-0.0603722599868105,1.76));
#10274=CARTESIAN_POINT('Origin',(1.16269198640843,-0.107421757860175,1.76));
#10275=CARTESIAN_POINT('',(1.24762178035888,-0.0603722599868105,1.75));
#10276=CARTESIAN_POINT('Origin',(1.16269198640843,-0.107421757860175,1.75));
#10277=CARTESIAN_POINT('',(1.24762178035888,-0.0603722599868105,1.76));
#10278=CARTESIAN_POINT('Origin',(1.16810824798772,-0.108382388553233,1.76));
#10279=CARTESIAN_POINT('',(1.22924564731289,-0.0384567660764928,1.76));
#10280=CARTESIAN_POINT('Origin',(1.16810824798772,-0.108382388553233,1.76));
#10281=CARTESIAN_POINT('',(1.22924564731289,-0.0384567660764928,1.75));
#10282=CARTESIAN_POINT('Origin',(1.16810824798772,-0.108382388553233,1.75));
#10283=CARTESIAN_POINT('',(1.22924564731289,-0.0384567660764928,1.76));
#10284=CARTESIAN_POINT('Origin',(1.16554537763791,-0.114632052693929,1.76));
#10285=CARTESIAN_POINT('',(1.16490563316323,-0.0153345734962461,1.76));
#10286=CARTESIAN_POINT('Origin',(1.16554537763791,-0.114632052693929,1.76));
#10287=CARTESIAN_POINT('',(1.16490563316323,-0.0153345734962461,1.75));
#10288=CARTESIAN_POINT('Origin',(1.16554537763791,-0.114632052693929,1.75));
#10289=CARTESIAN_POINT('',(1.16490563316323,-0.0153345734962461,1.76));
#10290=CARTESIAN_POINT('Origin',(1.00643179155696,-0.0153345734962461,1.76));
#10291=CARTESIAN_POINT('',(1.04069457778915,-0.0153345734962461,1.76));
#10292=CARTESIAN_POINT('',(1.04069457778915,-0.0153345734962461,1.75));
#10293=CARTESIAN_POINT('Origin',(0.93009951913491,-0.0641737756734737,1.75));
#10294=CARTESIAN_POINT('Origin',(0.93009951913491,-0.0641737756734737,1.76));
#10295=CARTESIAN_POINT('Origin',(1.16387794665182,1.3063323496724,1.76));
#10296=CARTESIAN_POINT('',(1.06123342474554,1.30633234967241,1.75));
#10297=CARTESIAN_POINT('Origin',(1.16387794665182,1.3063323496724,1.75));
#10298=CARTESIAN_POINT('',(1.06123342474554,1.30633234967241,1.76));
#10299=CARTESIAN_POINT('Origin',(1.16387794665182,1.3063323496724,1.76));
#10300=CARTESIAN_POINT('Origin',(0.923612103505344,-0.00094831291647135,
1.75));
#10301=CARTESIAN_POINT('Origin',(0.923612103505344,-0.00094831291647135,
1.76));
#10302=CARTESIAN_POINT('Origin',(1.13323556604605,-0.24025044676127,1.76));
#10303=CARTESIAN_POINT('',(1.13323556604605,-0.190499546962049,1.75));
#10304=CARTESIAN_POINT('Origin',(1.13323556604605,-0.24025044676127,1.75));
#10305=CARTESIAN_POINT('',(1.13323556604605,-0.190499546962049,1.76));
#10306=CARTESIAN_POINT('Origin',(1.13323556604605,-0.24025044676127,1.76));
#10307=CARTESIAN_POINT('Origin',(1.13323556604605,-0.24025044676127,1.75));
#10308=CARTESIAN_POINT('Origin',(1.13323556604605,-0.24025044676127,1.76));
#10309=CARTESIAN_POINT('Origin',(1.00643179155696,-1.45064685068332,1.76));
#10310=CARTESIAN_POINT('',(1.00643179155696,-1.45064685068332,1.76));
#10311=CARTESIAN_POINT('',(0.966493458921916,-1.45064685068332,1.76));
#10312=CARTESIAN_POINT('',(0.965021947531036,-1.45064685068332,1.76));
#10313=CARTESIAN_POINT('',(0.966493458921916,-1.45064685068332,1.75));
#10314=CARTESIAN_POINT('',(0.966493458921916,-1.45064685068332,1.76));
#10315=CARTESIAN_POINT('',(1.00643179155696,-1.45064685068332,1.75));
#10316=CARTESIAN_POINT('',(0.965021947531036,-1.45064685068332,1.75));
#10317=CARTESIAN_POINT('',(1.00643179155696,-1.45064685068332,1.76));
#10318=CARTESIAN_POINT('Origin',(1.00643179155696,-1.37497422042727,1.76));
#10319=CARTESIAN_POINT('',(1.00643179155696,-1.37497422042728,1.76));
#10320=CARTESIAN_POINT('',(1.00643179155696,-0.687961266672337,1.76));
#10321=CARTESIAN_POINT('',(1.00643179155696,-1.37497422042728,1.75));
#10322=CARTESIAN_POINT('',(1.00643179155696,-0.687961266672337,1.75));
#10323=CARTESIAN_POINT('',(1.00643179155696,-1.37497422042728,1.76));
#10324=CARTESIAN_POINT('Origin',(0.590232325151268,-1.37497422042727,1.76));
#10325=CARTESIAN_POINT('',(0.590232325151268,-1.37497422042728,1.76));
#10326=CARTESIAN_POINT('',(0.756922214328192,-1.37497422042728,1.76));
#10327=CARTESIAN_POINT('',(0.590232325151268,-1.37497422042728,1.75));
#10328=CARTESIAN_POINT('',(0.756922214328192,-1.37497422042728,1.75));
#10329=CARTESIAN_POINT('',(0.590232325151268,-1.37497422042728,1.76));
#10330=CARTESIAN_POINT('Origin',(0.590232325151268,-1.45274886819426,1.76));
#10331=CARTESIAN_POINT('',(0.590232325151268,-1.45274886819426,1.76));
#10332=CARTESIAN_POINT('',(0.590232325151268,-0.726848590555597,1.76));
#10333=CARTESIAN_POINT('',(0.590232325151268,-1.45274886819426,1.75));
#10334=CARTESIAN_POINT('',(0.590232325151268,-0.726848590555597,1.75));
#10335=CARTESIAN_POINT('',(0.590232325151268,-1.45274886819426,1.76));
#10336=CARTESIAN_POINT('Origin',(0.895024863682227,-1.45274886819426,1.76));
#10337=CARTESIAN_POINT('',(0.895024863682228,-1.45274886819426,1.76));
#10338=CARTESIAN_POINT('',(0.909318483593899,-1.45274886819426,1.76));
#10339=CARTESIAN_POINT('',(0.895024863682228,-1.45274886819426,1.75));
#10340=CARTESIAN_POINT('',(0.909318483593899,-1.45274886819426,1.75));
#10341=CARTESIAN_POINT('',(0.895024863682228,-1.45274886819426,1.76));
#10342=CARTESIAN_POINT('Origin',(0.896075872436545,-1.50098987401263,1.76));
#10343=CARTESIAN_POINT('',(0.939167231331776,-1.47927734190842,1.76));
#10344=CARTESIAN_POINT('Origin',(0.896075872436545,-1.50098987401263,1.76));
#10345=CARTESIAN_POINT('',(0.939167231331776,-1.47927734190842,1.75));
#10346=CARTESIAN_POINT('Origin',(0.896075872436545,-1.50098987401263,1.75));
#10347=CARTESIAN_POINT('',(0.939167231331776,-1.47927734190842,1.76));
#10348=CARTESIAN_POINT('Origin',(0.888124944427832,-1.50367060763515,1.76));
#10349=CARTESIAN_POINT('',(0.928657143797127,-1.54313562099508,1.76));
#10350=CARTESIAN_POINT('Origin',(0.888124944427832,-1.50367060763515,1.76));
#10351=CARTESIAN_POINT('',(0.928657143797127,-1.54313562099508,1.75));
#10352=CARTESIAN_POINT('Origin',(0.888124944427832,-1.50367060763515,1.75));
#10353=CARTESIAN_POINT('',(0.928657143797127,-1.54313562099508,1.76));
#10354=CARTESIAN_POINT('Origin',(0.886521247392499,-1.46411887198119,1.76));
#10355=CARTESIAN_POINT('',(0.884514776147805,-1.55364570853688,1.76));
#10356=CARTESIAN_POINT('Origin',(0.886521247392499,-1.46411887198119,1.76));
#10357=CARTESIAN_POINT('',(0.884514776147805,-1.55364570853688,1.75));
#10358=CARTESIAN_POINT('Origin',(0.886521247392499,-1.46411887198119,1.75));
#10359=CARTESIAN_POINT('',(0.884514776147805,-1.55364570853688,1.76));
#10360=CARTESIAN_POINT('Origin',(0.590232325151268,-1.55364570853688,1.76));
#10361=CARTESIAN_POINT('',(0.590232325151268,-1.55364570853688,1.76));
#10362=CARTESIAN_POINT('',(0.756922214328192,-1.55364570853688,1.76));
#10363=CARTESIAN_POINT('',(0.590232325151268,-1.55364570853688,1.75));
#10364=CARTESIAN_POINT('',(0.756922214328192,-1.55364570853688,1.75));
#10365=CARTESIAN_POINT('',(0.590232325151268,-1.55364570853688,1.76));
#10366=CARTESIAN_POINT('Origin',(0.590232325151268,-1.629318338792,1.76));
#10367=CARTESIAN_POINT('',(0.590232325151268,-1.629318338792,1.76));
#10368=CARTESIAN_POINT('',(0.590232325151268,-0.815133325854695,1.76));
#10369=CARTESIAN_POINT('',(0.590232325151268,-1.629318338792,1.75));
#10370=CARTESIAN_POINT('',(0.590232325151268,-0.815133325854695,1.75));
#10371=CARTESIAN_POINT('',(0.590232325151268,-1.629318338792,1.76));
#10372=CARTESIAN_POINT('Origin',(0.925476411928598,-1.62931833878784,1.76));
#10373=CARTESIAN_POINT('',(0.925476411928597,-1.62931833878785,1.76));
#10374=CARTESIAN_POINT('',(0.924544257728164,-1.62931833878785,1.76));
#10375=CARTESIAN_POINT('',(0.925476411928597,-1.62931833878785,1.75));
#10376=CARTESIAN_POINT('',(0.924544257728164,-1.62931833878785,1.75));
#10377=CARTESIAN_POINT('',(0.925476411928597,-1.62931833878785,1.76));
#10378=CARTESIAN_POINT('Origin',(0.930219804134239,-1.55507279181446,1.76));
#10379=CARTESIAN_POINT('',(0.968595476430784,-1.61880825125989,1.76));
#10380=CARTESIAN_POINT('Origin',(0.930219804134239,-1.55507279181446,1.76));
#10381=CARTESIAN_POINT('',(0.968595476430784,-1.61880825125989,1.75));
#10382=CARTESIAN_POINT('Origin',(0.930219804134239,-1.55507279181446,1.75));
#10383=CARTESIAN_POINT('',(0.968595476430784,-1.61880825125989,1.76));
#10384=CARTESIAN_POINT('Origin',(0.938208981520802,-1.55250147965417,1.76));
#10385=CARTESIAN_POINT('',(1.00742484206511,-1.57550347267127,1.76));
#10386=CARTESIAN_POINT('Origin',(0.938208981520802,-1.55250147965417,1.76));
#10387=CARTESIAN_POINT('',(1.00742484206511,-1.57550347267127,1.75));
#10388=CARTESIAN_POINT('Origin',(0.938208981520802,-1.55250147965417,1.75));
#10389=CARTESIAN_POINT('',(1.00742484206511,-1.57550347267127,1.76));
#10390=CARTESIAN_POINT('Origin',(0.906104592795085,-1.54180255402268,1.76));
#10391=CARTESIAN_POINT('',(1.01063582657423,-1.52001342841944,1.76));
#10392=CARTESIAN_POINT('Origin',(0.906104592795085,-1.54180255402268,1.76));
#10393=CARTESIAN_POINT('',(1.01063582657423,-1.52001342841944,1.75));
#10394=CARTESIAN_POINT('Origin',(0.906104592795085,-1.54180255402268,1.75));
#10395=CARTESIAN_POINT('',(1.01063582657423,-1.52001342841944,1.76));
#10396=CARTESIAN_POINT('Origin',(0.906179685995649,-1.53775693021462,1.76));
#10397=CARTESIAN_POINT('Origin',(0.906179685995649,-1.53775693021462,1.76));
#10398=CARTESIAN_POINT('Origin',(0.906179685995649,-1.53775693021462,1.75));
#10399=CARTESIAN_POINT('Origin',(0.795169360072602,-1.49731497267781,1.75));
#10400=CARTESIAN_POINT('Origin',(0.795169360072602,-1.49731497267781,1.76));
#10401=CARTESIAN_POINT('Origin',(0.908008698654878,-0.831383428220618,1.76));
#10402=CARTESIAN_POINT('',(0.952650000739145,-0.830051852736339,1.76));
#10403=CARTESIAN_POINT('',(0.939167231333391,-0.799387103649564,1.76));
#10404=CARTESIAN_POINT('Origin',(0.908008698654878,-0.831383428220618,1.76));
#10405=CARTESIAN_POINT('',(0.939167231333391,-0.799387103649564,1.75));
#10406=CARTESIAN_POINT('',(0.939167231333391,-0.799387103649564,1.76));
#10407=CARTESIAN_POINT('',(0.952650000739145,-0.830051852736339,1.75));
#10408=CARTESIAN_POINT('Origin',(0.908008698654878,-0.831383428220618,1.75));
#10409=CARTESIAN_POINT('',(0.952650000739145,-0.830051852736339,1.76));
#10410=CARTESIAN_POINT('Origin',(0.893693477885809,-0.833983893586267,1.76));
#10411=CARTESIAN_POINT('',(0.944250523941341,-0.864566856589812,1.76));
#10412=CARTESIAN_POINT('Origin',(0.893693477885809,-0.833983893586267,1.76));
#10413=CARTESIAN_POINT('',(0.944250523941341,-0.864566856589812,1.75));
#10414=CARTESIAN_POINT('Origin',(0.893693477885809,-0.833983893586267,1.75));
#10415=CARTESIAN_POINT('',(0.944250523941341,-0.864566856589812,1.76));
#10416=CARTESIAN_POINT('Origin',(0.907315784269512,-0.839091707217441,1.76));
#10417=CARTESIAN_POINT('',(0.924492821437831,-0.880541769029859,1.76));
#10418=CARTESIAN_POINT('Origin',(0.907315784269512,-0.839091707217441,1.76));
#10419=CARTESIAN_POINT('',(0.924492821437831,-0.880541769029859,1.75));
#10420=CARTESIAN_POINT('Origin',(0.907315784269512,-0.839091707217441,1.75));
#10421=CARTESIAN_POINT('',(0.924492821437831,-0.880541769029859,1.76));
#10422=CARTESIAN_POINT('Origin',(0.878142411994913,-0.769029343734245,1.76));
#10423=CARTESIAN_POINT('',(0.876106706121332,-0.889773856454995,1.76));
#10424=CARTESIAN_POINT('Origin',(0.878142411994913,-0.769029343734245,1.76));
#10425=CARTESIAN_POINT('',(0.876106706121332,-0.889773856454995,1.75));
#10426=CARTESIAN_POINT('Origin',(0.878142411994913,-0.769029343734245,1.75));
#10427=CARTESIAN_POINT('',(0.876106706121332,-0.889773856454995,1.76));
#10428=CARTESIAN_POINT('Origin',(0.844576443510456,-0.889773856454995,1.76));
#10429=CARTESIAN_POINT('',(0.844576443510456,-0.889773856454995,1.76));
#10430=CARTESIAN_POINT('',(0.899859404813339,-0.889773856454995,1.76));
#10431=CARTESIAN_POINT('',(0.844576443510456,-0.889773856454995,1.75));
#10432=CARTESIAN_POINT('',(0.899859404813339,-0.889773856454995,1.75));
#10433=CARTESIAN_POINT('',(0.844576443510456,-0.889773856454995,1.76));
#10434=CARTESIAN_POINT('Origin',(0.844576443510456,-0.774162893562985,1.76));
#10435=CARTESIAN_POINT('',(0.844576443510456,-0.774162893562988,1.76));
#10436=CARTESIAN_POINT('',(0.844576443510456,-0.445361084685965,1.76));
#10437=CARTESIAN_POINT('',(0.844576443510456,-0.774162893562988,1.75));
#10438=CARTESIAN_POINT('',(0.844576443510456,-0.445361084685965,1.75));
#10439=CARTESIAN_POINT('',(0.844576443510456,-0.774162893562988,1.76));
#10440=CARTESIAN_POINT('Origin',(0.85797680509866,-0.957301168874352,1.76));
#10441=CARTESIAN_POINT('',(0.899228898696962,-0.778366928580262,1.76));
#10442=CARTESIAN_POINT('Origin',(0.85797680509866,-0.957301168874352,1.76));
#10443=CARTESIAN_POINT('',(0.899228898696962,-0.778366928580262,1.75));
#10444=CARTESIAN_POINT('Origin',(0.85797680509866,-0.957301168874352,1.75));
#10445=CARTESIAN_POINT('',(0.899228898696962,-0.778366928580262,1.76));
#10446=CARTESIAN_POINT('Origin',(0.890003377423104,-0.844346922554344,1.76));
#10447=CARTESIAN_POINT('Origin',(0.890003377423104,-0.844346922554344,1.76));
#10448=CARTESIAN_POINT('Origin',(0.890003377423104,-0.844346922554344,1.75));
#10449=CARTESIAN_POINT('Origin',(0.724667084304402,-0.772151284550756,1.76));
#10450=CARTESIAN_POINT('',(0.668296633316871,-0.87587828411657,1.76));
#10451=CARTESIAN_POINT('',(0.728515566059888,-0.890143264662511,1.76));
#10452=CARTESIAN_POINT('Origin',(0.724667084304402,-0.772151284550756,1.76));
#10453=CARTESIAN_POINT('',(0.728515566059888,-0.890143264662511,1.75));
#10454=CARTESIAN_POINT('',(0.728515566059888,-0.890143264662511,1.76));
#10455=CARTESIAN_POINT('',(0.668296633316871,-0.87587828411657,1.75));
#10456=CARTESIAN_POINT('Origin',(0.724667084304402,-0.772151284550756,1.75));
#10457=CARTESIAN_POINT('',(0.668296633316871,-0.87587828411657,1.76));
#10458=CARTESIAN_POINT('Origin',(0.685840959278438,-0.847851029640225,1.76));
#10459=CARTESIAN_POINT('',(0.658857192052468,-0.866961410931705,1.76));
#10460=CARTESIAN_POINT('Origin',(0.685840959278438,-0.847851029640225,1.76));
#10461=CARTESIAN_POINT('',(0.658857192052468,-0.866961410931705,1.75));
#10462=CARTESIAN_POINT('Origin',(0.685840959278438,-0.847851029640225,1.75));
#10463=CARTESIAN_POINT('',(0.658857192052468,-0.866961410931705,1.76));
#10464=CARTESIAN_POINT('Origin',(0.695619839265614,-0.834643670011529,1.76));
#10465=CARTESIAN_POINT('',(0.651190832858617,-0.814101226194803,1.76));
#10466=CARTESIAN_POINT('Origin',(0.695619839265614,-0.834643670011529,1.76));
#10467=CARTESIAN_POINT('',(0.651190832858617,-0.814101226194803,1.75));
#10468=CARTESIAN_POINT('Origin',(0.695619839265614,-0.834643670011529,1.75));
#10469=CARTESIAN_POINT('',(0.651190832858617,-0.814101226194803,1.76));
#10470=CARTESIAN_POINT('Origin',(0.700000024438999,-0.836537645594461,1.76));
#10471=CARTESIAN_POINT('',(0.677563605048797,-0.787728454009468,1.76));
#10472=CARTESIAN_POINT('Origin',(0.700000024438999,-0.836537645594461,1.76));
#10473=CARTESIAN_POINT('',(0.677563605048797,-0.787728454009468,1.75));
#10474=CARTESIAN_POINT('Origin',(0.700000024438999,-0.836537645594461,1.75));
#10475=CARTESIAN_POINT('',(0.677563605048797,-0.787728454009468,1.76));
#10476=CARTESIAN_POINT('Origin',(0.734805258197691,-0.913251425564863,1.76));
#10477=CARTESIAN_POINT('',(0.718455393086104,-0.776264911069317,1.76));
#10478=CARTESIAN_POINT('Origin',(0.734805258197691,-0.913251425564863,1.76));
#10479=CARTESIAN_POINT('',(0.718455393086104,-0.776264911069317,1.75));
#10480=CARTESIAN_POINT('Origin',(0.734805258197691,-0.913251425564863,1.75));
#10481=CARTESIAN_POINT('',(0.718455393086104,-0.776264911069317,1.76));
#10482=CARTESIAN_POINT('Origin',(0.784841207506605,-1.82315473691881,1.76));
#10483=CARTESIAN_POINT('',(0.783617935807031,-0.774162893562988,1.76));
#10484=CARTESIAN_POINT('Origin',(0.784841207506605,-1.82315473691881,1.76));
#10485=CARTESIAN_POINT('',(0.783617935807031,-0.774162893562988,1.75));
#10486=CARTESIAN_POINT('Origin',(0.784841207506605,-1.82315473691881,1.75));
#10487=CARTESIAN_POINT('',(0.783617935807031,-0.774162893562988,1.76));
#10488=CARTESIAN_POINT('Origin',(0.783617935807031,-0.965446486705959,1.76));
#10489=CARTESIAN_POINT('',(0.783617935807031,-0.965446486705958,1.76));
#10490=CARTESIAN_POINT('',(0.783617935807031,-0.483197399811447,1.76));
#10491=CARTESIAN_POINT('',(0.783617935807031,-0.965446486705958,1.75));
#10492=CARTESIAN_POINT('',(0.783617935807031,-0.483197399811447,1.75));
#10493=CARTESIAN_POINT('',(0.783617935807031,-0.965446486705958,1.76));
#10494=CARTESIAN_POINT('Origin',(0.821454250935056,-0.965446486705958,1.76));
#10495=CARTESIAN_POINT('',(0.821454250935056,-0.965446486705958,1.76));
#10496=CARTESIAN_POINT('',(0.872533177220197,-0.965446486705958,1.76));
#10497=CARTESIAN_POINT('',(0.821454250935056,-0.965446486705958,1.75));
#10498=CARTESIAN_POINT('',(0.872533177220197,-0.965446486705958,1.75));
#10499=CARTESIAN_POINT('',(0.821454250935056,-0.965446486705958,1.76));
#10500=CARTESIAN_POINT('Origin',(0.817500456112168,-0.479029625946,1.76));
#10501=CARTESIAN_POINT('',(0.91814705626432,-0.954936399173384,1.76));
#10502=CARTESIAN_POINT('Origin',(0.817500456112168,-0.479029625946,1.76));
#10503=CARTESIAN_POINT('',(0.91814705626432,-0.954936399173384,1.75));
#10504=CARTESIAN_POINT('Origin',(0.817500456112168,-0.479029625946,1.75));
#10505=CARTESIAN_POINT('',(0.91814705626432,-0.954936399173384,1.76));
#10506=CARTESIAN_POINT('Origin',(0.886326089113234,-0.811171818821262,1.76));
#10507=CARTESIAN_POINT('',(0.979105563970049,-0.925508154073684,1.76));
#10508=CARTESIAN_POINT('Origin',(0.886326089113234,-0.811171818821262,1.76));
#10509=CARTESIAN_POINT('',(0.979105563970049,-0.925508154073684,1.75));
#10510=CARTESIAN_POINT('Origin',(0.886326089113234,-0.811171818821262,1.75));
#10511=CARTESIAN_POINT('',(0.979105563970049,-0.925508154073684,1.76));
#10512=CARTESIAN_POINT('Origin',(0.897584725231421,-0.841194221426373,1.76));
#10513=CARTESIAN_POINT('',(1.00986835472525,-0.875059733900533,1.76));
#10514=CARTESIAN_POINT('Origin',(0.897584725231421,-0.841194221426373,1.76));
#10515=CARTESIAN_POINT('',(1.00986835472525,-0.875059733900533,1.75));
#10516=CARTESIAN_POINT('Origin',(0.897584725231421,-0.841194221426373,1.75));
#10517=CARTESIAN_POINT('',(1.00986835472525,-0.875059733900533,1.76));
#10518=CARTESIAN_POINT('Origin',(0.873141441682027,-0.832885680695367,1.76));
#10519=CARTESIAN_POINT('',(1.01273784408264,-0.801489121155898,1.76));
#10520=CARTESIAN_POINT('Origin',(0.873141441682027,-0.832885680695367,1.76));
#10521=CARTESIAN_POINT('',(1.01273784408264,-0.801489121155898,1.75));
#10522=CARTESIAN_POINT('Origin',(0.873141441682027,-0.832885680695367,1.75));
#10523=CARTESIAN_POINT('',(1.01273784408264,-0.801489121155898,1.76));
#10524=CARTESIAN_POINT('Origin',(0.899989056597436,-0.833320865833346,1.76));
#10525=CARTESIAN_POINT('',(0.961303396113967,-0.733490505626379,1.76));
#10526=CARTESIAN_POINT('Origin',(0.899989056597436,-0.833320865833346,1.76));
#10527=CARTESIAN_POINT('',(0.961303396113967,-0.733490505626379,1.75));
#10528=CARTESIAN_POINT('Origin',(0.899989056597436,-0.833320865833346,1.75));
#10529=CARTESIAN_POINT('',(0.961303396113967,-0.733490505626379,1.76));
#10530=CARTESIAN_POINT('Origin',(0.837762527633704,-0.972130982609355,1.76));
#10531=CARTESIAN_POINT('',(0.865035213107637,-0.704796315821782,1.76));
#10532=CARTESIAN_POINT('Origin',(0.837762527633704,-0.972130982609355,1.76));
#10533=CARTESIAN_POINT('',(0.865035213107637,-0.704796315821782,1.75));
#10534=CARTESIAN_POINT('Origin',(0.837762527633704,-0.972130982609355,1.75));
#10535=CARTESIAN_POINT('',(0.865035213107637,-0.704796315821782,1.76));
#10536=CARTESIAN_POINT('Origin',(0.797281049636944,-1.24749055737885,1.76));
#10537=CARTESIAN_POINT('',(0.800434075863443,-0.700592280813738,1.76));
#10538=CARTESIAN_POINT('Origin',(0.797281049636944,-1.24749055737885,1.76));
#10539=CARTESIAN_POINT('',(0.800434075863443,-0.700592280813738,1.75));
#10540=CARTESIAN_POINT('Origin',(0.797281049636944,-1.24749055737885,1.75));
#10541=CARTESIAN_POINT('',(0.800434075863443,-0.700592280813738,1.76));
#10542=CARTESIAN_POINT('Origin',(0.783478645504942,-1.08436242893976,1.76));
#10543=CARTESIAN_POINT('',(0.651190832858617,-0.723714473398599,1.76));
#10544=CARTESIAN_POINT('Origin',(0.783478645504942,-1.08436242893976,1.76));
#10545=CARTESIAN_POINT('',(0.651190832858617,-0.723714473398599,1.75));
#10546=CARTESIAN_POINT('Origin',(0.783478645504942,-1.08436242893976,1.75));
#10547=CARTESIAN_POINT('',(0.651190832858617,-0.723714473398599,1.76));
#10548=CARTESIAN_POINT('Origin',(0.807101938349394,-1.00424070944608,1.76));
#10549=CARTESIAN_POINT('',(0.623139233345216,-0.741255985375038,1.76));
#10550=CARTESIAN_POINT('Origin',(0.807101938349394,-1.00424070944608,1.76));
#10551=CARTESIAN_POINT('',(0.623139233345216,-0.741255985375038,1.75));
#10552=CARTESIAN_POINT('Origin',(0.807101938349394,-1.00424070944608,1.75));
#10553=CARTESIAN_POINT('',(0.623139233345216,-0.741255985375038,1.76));
#10554=CARTESIAN_POINT('Origin',(0.695416591417727,-0.830103686540397,1.76));
#10555=CARTESIAN_POINT('',(0.595598114461791,-0.773941402486521,1.76));
#10556=CARTESIAN_POINT('Origin',(0.695416591417727,-0.830103686540397,1.76));
#10557=CARTESIAN_POINT('',(0.595598114461791,-0.773941402486521,1.75));
#10558=CARTESIAN_POINT('Origin',(0.695416591417727,-0.830103686540397,1.75));
#10559=CARTESIAN_POINT('',(0.595598114461791,-0.773941402486521,1.76));
#10560=CARTESIAN_POINT('Origin',(0.726651534018939,-0.838063937893423,1.76));
#10561=CARTESIAN_POINT('',(0.581824255124796,-0.820407278723483,1.76));
#10562=CARTESIAN_POINT('Origin',(0.726651534018939,-0.838063937893423,1.76));
#10563=CARTESIAN_POINT('',(0.581824255124796,-0.820407278723483,1.75));
#10564=CARTESIAN_POINT('Origin',(0.726651534018939,-0.838063937893423,1.75));
#10565=CARTESIAN_POINT('',(0.581824255124796,-0.820407278723483,1.76));
#10566=CARTESIAN_POINT('Origin',(0.713089716817515,-0.837610632522252,1.76));
#10567=CARTESIAN_POINT('',(0.592334342664059,-0.891875873961324,1.76));
#10568=CARTESIAN_POINT('Origin',(0.713089716817515,-0.837610632522252,1.76));
#10569=CARTESIAN_POINT('',(0.592334342664059,-0.891875873961324,1.75));
#10570=CARTESIAN_POINT('Origin',(0.713089716817515,-0.837610632522252,1.75));
#10571=CARTESIAN_POINT('',(0.592334342664059,-0.891875873961324,1.76));
#10572=CARTESIAN_POINT('Origin',(0.701738196451986,-0.838498102293432,1.76));
#10573=CARTESIAN_POINT('',(0.60849569709725,-0.916755536740484,1.76));
#10574=CARTESIAN_POINT('Origin',(0.701738196451986,-0.838498102293432,1.76));
#10575=CARTESIAN_POINT('',(0.60849569709725,-0.916755536740484,1.75));
#10576=CARTESIAN_POINT('Origin',(0.701738196451986,-0.838498102293432,1.75));
#10577=CARTESIAN_POINT('',(0.60849569709725,-0.916755536740484,1.76));
#10578=CARTESIAN_POINT('Origin',(0.617558552743423,-0.925508154073987,1.76));
#10579=CARTESIAN_POINT('',(0.617558552743717,-0.925508154073684,1.76));
#10580=CARTESIAN_POINT('',(0.465736120052033,-0.778882884039772,1.76));
#10581=CARTESIAN_POINT('',(0.617558552743717,-0.925508154073684,1.75));
#10582=CARTESIAN_POINT('',(0.465736120052033,-0.778882884039772,1.75));
#10583=CARTESIAN_POINT('',(0.617558552743717,-0.925508154073684,1.76));
#10584=CARTESIAN_POINT('Origin',(0.71621100130791,-0.807657628317,1.76));
#10585=CARTESIAN_POINT('',(0.710487885261049,-0.96124245169745,1.76));
#10586=CARTESIAN_POINT('Origin',(0.71621100130791,-0.807657628317,1.76));
#10587=CARTESIAN_POINT('',(0.710487885261049,-0.96124245169745,1.75));
#10588=CARTESIAN_POINT('Origin',(0.71621100130791,-0.807657628317,1.75));
#10589=CARTESIAN_POINT('',(0.710487885261049,-0.96124245169745,1.76));
#10590=CARTESIAN_POINT('Origin',(0.728965480618218,-0.96124245169745,1.76));
#10591=CARTESIAN_POINT('',(0.728965480618219,-0.96124245169745,1.76));
#10592=CARTESIAN_POINT('',(0.826288792061781,-0.96124245169745,1.76));
#10593=CARTESIAN_POINT('',(0.728965480618219,-0.96124245169745,1.75));
#10594=CARTESIAN_POINT('',(0.826288792061781,-0.96124245169745,1.75));
#10595=CARTESIAN_POINT('',(0.728965480618219,-0.96124245169745,1.76));
#10596=CARTESIAN_POINT('Origin',(0.728965480618219,-0.890177857685654,1.76));
#10597=CARTESIAN_POINT('',(0.728965480618219,-0.890177857685653,1.76));
#10598=CARTESIAN_POINT('',(0.728965480618219,-0.445601424470895,1.76));
#10599=CARTESIAN_POINT('',(0.728965480618219,-0.890177857685653,1.75));
#10600=CARTESIAN_POINT('',(0.728965480618219,-0.445601424470895,1.75));
#10601=CARTESIAN_POINT('',(0.728965480618219,-0.890177857685653,1.76));
#10602=CARTESIAN_POINT('Origin',(0.728515566059865,-0.890143264662772,1.76));
#10603=CARTESIAN_POINT('',(0.791507241582499,-0.894986567296008,1.76));
#10604=CARTESIAN_POINT('',(0.791507241582499,-0.894986567296008,1.75));
#10605=CARTESIAN_POINT('Origin',(0.923612103505344,-0.000948312916471572,
1.75));
#10606=CARTESIAN_POINT('Origin',(0.923612103505344,-0.000948312916471572,
1.76));
#10607=CARTESIAN_POINT('Origin',(1.00643179155696,-0.450452197471364,1.76));
#10608=CARTESIAN_POINT('',(1.00643179155696,-0.450452197471364,1.76));
#10609=CARTESIAN_POINT('',(0.966493458921916,-0.450452197471364,1.76));
#10610=CARTESIAN_POINT('',(0.965021947531036,-0.450452197471364,1.76));
#10611=CARTESIAN_POINT('',(0.966493458921916,-0.450452197471364,1.75));
#10612=CARTESIAN_POINT('',(0.966493458921916,-0.450452197471364,1.76));
#10613=CARTESIAN_POINT('',(1.00643179155696,-0.450452197471364,1.75));
#10614=CARTESIAN_POINT('',(0.965021947531036,-0.450452197471364,1.75));
#10615=CARTESIAN_POINT('',(1.00643179155696,-0.450452197471364,1.76));
#10616=CARTESIAN_POINT('Origin',(1.00643179155696,-0.374779567210709,1.76));
#10617=CARTESIAN_POINT('',(1.00643179155696,-0.374779567210709,1.76));
#10618=CARTESIAN_POINT('',(1.00643179155696,-0.187863940064055,1.76));
#10619=CARTESIAN_POINT('',(1.00643179155696,-0.374779567210709,1.75));
#10620=CARTESIAN_POINT('',(1.00643179155696,-0.187863940064055,1.75));
#10621=CARTESIAN_POINT('',(1.00643179155696,-0.374779567210709,1.76));
#10622=CARTESIAN_POINT('Origin',(0.590232325151268,-0.374779567210708,1.76));
#10623=CARTESIAN_POINT('',(0.590232325151268,-0.374779567210708,1.76));
#10624=CARTESIAN_POINT('',(0.756922214328192,-0.374779567210708,1.76));
#10625=CARTESIAN_POINT('',(0.590232325151268,-0.374779567210708,1.75));
#10626=CARTESIAN_POINT('',(0.756922214328192,-0.374779567210708,1.75));
#10627=CARTESIAN_POINT('',(0.590232325151268,-0.374779567210708,1.76));
#10628=CARTESIAN_POINT('Origin',(0.590232325151268,-0.452554214978156,1.76));
#10629=CARTESIAN_POINT('',(0.590232325151268,-0.452554214978156,1.76));
#10630=CARTESIAN_POINT('',(0.590232325151268,-0.226751263947313,1.76));
#10631=CARTESIAN_POINT('',(0.590232325151268,-0.452554214978156,1.75));
#10632=CARTESIAN_POINT('',(0.590232325151268,-0.226751263947313,1.75));
#10633=CARTESIAN_POINT('',(0.590232325151268,-0.452554214978156,1.76));
#10634=CARTESIAN_POINT('Origin',(0.895024863682227,-0.452554214978156,1.76));
#10635=CARTESIAN_POINT('',(0.895024863682229,-0.452554214978156,1.76));
#10636=CARTESIAN_POINT('',(0.909318483593899,-0.452554214978156,1.76));
#10637=CARTESIAN_POINT('',(0.895024863682229,-0.452554214978156,1.75));
#10638=CARTESIAN_POINT('',(0.909318483593899,-0.452554214978156,1.75));
#10639=CARTESIAN_POINT('',(0.895024863682229,-0.452554214978156,1.76));
#10640=CARTESIAN_POINT('Origin',(0.896075872435392,-0.500795220794221,1.76));
#10641=CARTESIAN_POINT('',(0.939167231329238,-0.479082688692313,1.76));
#10642=CARTESIAN_POINT('Origin',(0.896075872435392,-0.500795220794221,1.76));
#10643=CARTESIAN_POINT('',(0.939167231329238,-0.479082688692313,1.75));
#10644=CARTESIAN_POINT('Origin',(0.896075872435392,-0.500795220794221,1.75));
#10645=CARTESIAN_POINT('',(0.939167231329238,-0.479082688692313,1.76));
#10646=CARTESIAN_POINT('Origin',(0.888124944420678,-0.503475954427352,1.76));
#10647=CARTESIAN_POINT('',(0.928657143799663,-0.542940967788203,1.76));
#10648=CARTESIAN_POINT('Origin',(0.888124944420678,-0.503475954427352,1.76));
#10649=CARTESIAN_POINT('',(0.928657143799663,-0.542940967788203,1.75));
#10650=CARTESIAN_POINT('Origin',(0.888124944420678,-0.503475954427352,1.75));
#10651=CARTESIAN_POINT('',(0.928657143799663,-0.542940967788203,1.76));
#10652=CARTESIAN_POINT('Origin',(0.886521247413266,-0.463924218769237,1.76));
#10653=CARTESIAN_POINT('',(0.884514776147805,-0.553451055320315,1.76));
#10654=CARTESIAN_POINT('Origin',(0.886521247413266,-0.463924218769237,1.76));
#10655=CARTESIAN_POINT('',(0.884514776147805,-0.553451055320315,1.75));
#10656=CARTESIAN_POINT('Origin',(0.886521247413266,-0.463924218769237,1.75));
#10657=CARTESIAN_POINT('',(0.884514776147805,-0.553451055320315,1.76));
#10658=CARTESIAN_POINT('Origin',(0.590232325151268,-0.553451055320315,1.76));
#10659=CARTESIAN_POINT('',(0.590232325151268,-0.553451055320315,1.76));
#10660=CARTESIAN_POINT('',(0.756922214328192,-0.553451055320315,1.76));
#10661=CARTESIAN_POINT('',(0.590232325151268,-0.553451055320315,1.75));
#10662=CARTESIAN_POINT('',(0.756922214328192,-0.553451055320315,1.75));
#10663=CARTESIAN_POINT('',(0.590232325151268,-0.553451055320315,1.76));
#10664=CARTESIAN_POINT('Origin',(0.590232325151268,-0.629123685571278,1.76));
#10665=CARTESIAN_POINT('',(0.590232325151268,-0.629123685571278,1.76));
#10666=CARTESIAN_POINT('',(0.590232325151268,-0.315035999244105,1.76));
#10667=CARTESIAN_POINT('',(0.590232325151268,-0.629123685571278,1.75));
#10668=CARTESIAN_POINT('',(0.590232325151268,-0.315035999244105,1.75));
#10669=CARTESIAN_POINT('',(0.590232325151268,-0.629123685571278,1.76));
#10670=CARTESIAN_POINT('Origin',(0.925476411928597,-0.629123685571278,1.76));
#10671=CARTESIAN_POINT('',(0.925476411928597,-0.629123685571278,1.76));
#10672=CARTESIAN_POINT('',(0.924544257717085,-0.629123685571278,1.76));
#10673=CARTESIAN_POINT('',(0.925476411928597,-0.629123685571278,1.75));
#10674=CARTESIAN_POINT('',(0.924544257717085,-0.629123685571278,1.75));
#10675=CARTESIAN_POINT('',(0.925476411928597,-0.629123685571278,1.76));
#10676=CARTESIAN_POINT('Origin',(0.930219804127083,-0.554878138605738,1.76));
#10677=CARTESIAN_POINT('',(0.968595476428475,-0.618613598039165,1.76));
#10678=CARTESIAN_POINT('Origin',(0.930219804127083,-0.554878138605738,1.76));
#10679=CARTESIAN_POINT('',(0.968595476428475,-0.618613598039165,1.75));
#10680=CARTESIAN_POINT('Origin',(0.930219804127083,-0.554878138605738,1.75));
#10681=CARTESIAN_POINT('',(0.968595476428475,-0.618613598039165,1.76));
#10682=CARTESIAN_POINT('Origin',(0.938208981529572,-0.552306826430682,1.76));
#10683=CARTESIAN_POINT('',(1.00742484206834,-0.575308819460242,1.76));
#10684=CARTESIAN_POINT('Origin',(0.938208981529572,-0.552306826430682,1.76));
#10685=CARTESIAN_POINT('',(1.00742484206834,-0.575308819460242,1.75));
#10686=CARTESIAN_POINT('Origin',(0.938208981529572,-0.552306826430682,1.75));
#10687=CARTESIAN_POINT('',(1.00742484206834,-0.575308819460242,1.76));
#10688=CARTESIAN_POINT('Origin',(0.906104592785623,-0.541607900817193,1.76));
#10689=CARTESIAN_POINT('',(1.01063582657193,-0.519818775202878,1.76));
#10690=CARTESIAN_POINT('Origin',(0.906104592785623,-0.541607900817193,1.76));
#10691=CARTESIAN_POINT('',(1.01063582657193,-0.519818775202878,1.75));
#10692=CARTESIAN_POINT('Origin',(0.906104592785623,-0.541607900817193,1.75));
#10693=CARTESIAN_POINT('',(1.01063582657193,-0.519818775202878,1.76));
#10694=CARTESIAN_POINT('Origin',(0.906179686000264,-0.537562276997125,1.76));
#10695=CARTESIAN_POINT('Origin',(0.906179686000264,-0.537562276997125,1.76));
#10696=CARTESIAN_POINT('Origin',(0.906179686000264,-0.537562276997125,1.75));
#10697=CARTESIAN_POINT('Origin',(0.795169360073511,-0.497120319460931,1.75));
#10698=CARTESIAN_POINT('Origin',(0.795169360073511,-0.497120319460931,1.76));
#10699=CARTESIAN_POINT('Origin',(0.910678193276402,-1.16300478287923,1.76));
#10700=CARTESIAN_POINT('',(0.947649455711171,-1.16573584822461,1.76));
#10701=CARTESIAN_POINT('',(0.946540468418667,-1.15361169043307,1.76));
#10702=CARTESIAN_POINT('Origin',(0.910678193276402,-1.16300478287923,1.76));
#10703=CARTESIAN_POINT('',(0.946540468418667,-1.15361169043307,1.75));
#10704=CARTESIAN_POINT('',(0.946540468418667,-1.15361169043307,1.76));
#10705=CARTESIAN_POINT('',(0.947649455711171,-1.16573584822461,1.75));
#10706=CARTESIAN_POINT('Origin',(0.910678193276402,-1.16300478287923,1.75));
#10707=CARTESIAN_POINT('',(0.947649455711171,-1.16573584822461,1.76));
#10708=CARTESIAN_POINT('Origin',(0.91067819330709,-1.16846691356998,1.76));
#10709=CARTESIAN_POINT('',(0.946540468418667,-1.17786000600691,1.76));
#10710=CARTESIAN_POINT('Origin',(0.91067819330709,-1.16846691356998,1.76));
#10711=CARTESIAN_POINT('',(0.946540468418667,-1.17786000600691,1.75));
#10712=CARTESIAN_POINT('Origin',(0.91067819330709,-1.16846691356998,1.75));
#10713=CARTESIAN_POINT('',(0.946540468418667,-1.17786000600691,1.76));
#10714=CARTESIAN_POINT('Origin',(0.908362158056814,-1.16978531107786,1.76));
#10715=CARTESIAN_POINT('',(0.933331082215372,-1.19977425748695,1.76));
#10716=CARTESIAN_POINT('Origin',(0.908362158056814,-1.16978531107786,1.76));
#10717=CARTESIAN_POINT('',(0.933331082215372,-1.19977425748695,1.75));
#10718=CARTESIAN_POINT('Origin',(0.908362158056814,-1.16978531107786,1.75));
#10719=CARTESIAN_POINT('',(0.933331082215372,-1.19977425748695,1.76));
#10720=CARTESIAN_POINT('Origin',(0.925499391022409,-1.20584862316675,1.76));
#10721=CARTESIAN_POINT('',(0.925499391022198,-1.20584862316648,1.76));
#10722=CARTESIAN_POINT('',(1.22058140478275,-0.976979019780865,1.76));
#10723=CARTESIAN_POINT('',(0.925499391022198,-1.20584862316648,1.75));
#10724=CARTESIAN_POINT('',(1.22058140478275,-0.976979019780865,1.75));
#10725=CARTESIAN_POINT('',(0.925499391022198,-1.20584862316648,1.76));
#10726=CARTESIAN_POINT('Origin',(0.862577248729548,-1.11173338478725,1.76));
#10727=CARTESIAN_POINT('',(0.897699249051391,-1.21935921430458,1.76));
#10728=CARTESIAN_POINT('Origin',(0.862577248729548,-1.11173338478725,1.76));
#10729=CARTESIAN_POINT('',(0.897699249051391,-1.21935921430458,1.75));
#10730=CARTESIAN_POINT('Origin',(0.862577248729548,-1.11173338478725,1.75));
#10731=CARTESIAN_POINT('',(0.897699249051391,-1.21935921430458,1.76));
#10732=CARTESIAN_POINT('Origin',(0.809483427894592,-0.885995737472349,1.76));
#10733=CARTESIAN_POINT('',(0.850882496032215,-1.22833965218881,1.76));
#10734=CARTESIAN_POINT('Origin',(0.809483427894592,-0.885995737472349,1.76));
#10735=CARTESIAN_POINT('',(0.850882496032215,-1.22833965218881,1.75));
#10736=CARTESIAN_POINT('Origin',(0.809483427894592,-0.885995737472349,1.75));
#10737=CARTESIAN_POINT('',(0.850882496032215,-1.22833965218881,1.76));
#10738=CARTESIAN_POINT('Origin',(0.800434075858599,-0.751181678084315,1.76));
#10739=CARTESIAN_POINT('',(0.777311883285501,-1.23044166970022,1.76));
#10740=CARTESIAN_POINT('Origin',(0.800434075858599,-0.751181678084315,1.76));
#10741=CARTESIAN_POINT('',(0.777311883285501,-1.23044166970022,1.75));
#10742=CARTESIAN_POINT('Origin',(0.800434075858599,-0.751181678084315,1.75));
#10743=CARTESIAN_POINT('',(0.777311883285501,-1.23044166970022,1.76));
#10744=CARTESIAN_POINT('Origin',(0.793777687101704,-0.792871691973247,1.76));
#10745=CARTESIAN_POINT('',(0.731067498129393,-1.22623763468248,1.76));
#10746=CARTESIAN_POINT('Origin',(0.793777687101704,-0.792871691973247,1.76));
#10747=CARTESIAN_POINT('',(0.731067498129393,-1.22623763468248,1.75));
#10748=CARTESIAN_POINT('Origin',(0.793777687101704,-0.792871691973247,1.75));
#10749=CARTESIAN_POINT('',(0.731067498129393,-1.22623763468248,1.76));
#10750=CARTESIAN_POINT('Origin',(0.770217574202214,-0.998168735148271,1.76));
#10751=CARTESIAN_POINT('',(0.680496408148211,-1.21147195536066,1.76));
#10752=CARTESIAN_POINT('Origin',(0.770217574202214,-0.998168735148271,1.76));
#10753=CARTESIAN_POINT('',(0.680496408148211,-1.21147195536066,1.75));
#10754=CARTESIAN_POINT('Origin',(0.770217574202214,-0.998168735148271,1.75));
#10755=CARTESIAN_POINT('',(0.680496408148211,-1.21147195536066,1.76));
#10756=CARTESIAN_POINT('Origin',(0.719861738444782,-1.14686231072087,1.76));
#10757=CARTESIAN_POINT('',(0.659598902886705,-1.19260535456966,1.76));
#10758=CARTESIAN_POINT('Origin',(0.719861738444782,-1.14686231072087,1.76));
#10759=CARTESIAN_POINT('',(0.659598902886705,-1.19260535456966,1.75));
#10760=CARTESIAN_POINT('Origin',(0.719861738444782,-1.14686231072087,1.75));
#10761=CARTESIAN_POINT('',(0.659598902886705,-1.19260535456966,1.76));
#10762=CARTESIAN_POINT('Origin',(0.712980273441355,-1.16105126023987,1.76));
#10763=CARTESIAN_POINT('',(0.651147545644644,-1.16573584822461,1.76));
#10764=CARTESIAN_POINT('Origin',(0.712980273441355,-1.16105126023987,1.76));
#10765=CARTESIAN_POINT('',(0.651147545644644,-1.16573584822461,1.75));
#10766=CARTESIAN_POINT('Origin',(0.712980273441355,-1.16105126023987,1.75));
#10767=CARTESIAN_POINT('',(0.651147545644644,-1.16573584822461,1.76));
#10768=CARTESIAN_POINT('Origin',(0.712980273450813,-1.17042043620979,1.76));
#10769=CARTESIAN_POINT('',(0.659598902886705,-1.13886634187493,1.76));
#10770=CARTESIAN_POINT('Origin',(0.712980273450813,-1.17042043620979,1.76));
#10771=CARTESIAN_POINT('',(0.659598902886705,-1.13886634187493,1.75));
#10772=CARTESIAN_POINT('Origin',(0.712980273450813,-1.17042043620979,1.75));
#10773=CARTESIAN_POINT('',(0.659598902886705,-1.13886634187493,1.76));
#10774=CARTESIAN_POINT('Origin',(0.719861738444782,-1.18460938572834,1.76));
#10775=CARTESIAN_POINT('',(0.680496408148211,-1.11999974108393,1.76));
#10776=CARTESIAN_POINT('Origin',(0.719861738444782,-1.18460938572834,1.76));
#10777=CARTESIAN_POINT('',(0.680496408148211,-1.11999974108393,1.75));
#10778=CARTESIAN_POINT('Origin',(0.719861738444782,-1.18460938572834,1.75));
#10779=CARTESIAN_POINT('',(0.680496408148211,-1.11999974108393,1.76));
#10780=CARTESIAN_POINT('Origin',(0.770217574202214,-1.33330296129632,1.76));
#10781=CARTESIAN_POINT('',(0.731067498129393,-1.10523406176211,1.76));
#10782=CARTESIAN_POINT('Origin',(0.770217574202214,-1.33330296129632,1.76));
#10783=CARTESIAN_POINT('',(0.731067498129393,-1.10523406176211,1.75));
#10784=CARTESIAN_POINT('Origin',(0.770217574202214,-1.33330296129632,1.75));
#10785=CARTESIAN_POINT('',(0.731067498129393,-1.10523406176211,1.76));
#10786=CARTESIAN_POINT('Origin',(0.793777687101704,-1.53860000447134,1.76));
#10787=CARTESIAN_POINT('',(0.777311883285501,-1.10103002674945,1.76));
#10788=CARTESIAN_POINT('Origin',(0.793777687101704,-1.53860000447134,1.76));
#10789=CARTESIAN_POINT('',(0.777311883285501,-1.10103002674945,1.75));
#10790=CARTESIAN_POINT('Origin',(0.793777687101704,-1.53860000447134,1.75));
#10791=CARTESIAN_POINT('',(0.777311883285501,-1.10103002674945,1.76));
#10792=CARTESIAN_POINT('Origin',(0.800434075827912,-1.58029001836489,1.76));
#10793=CARTESIAN_POINT('',(0.850882496032215,-1.1031320442604,1.76));
#10794=CARTESIAN_POINT('Origin',(0.800434075827912,-1.58029001836489,1.76));
#10795=CARTESIAN_POINT('',(0.850882496032215,-1.1031320442604,1.75));
#10796=CARTESIAN_POINT('Origin',(0.800434075827912,-1.58029001836489,1.75));
#10797=CARTESIAN_POINT('',(0.850882496032215,-1.1031320442604,1.76));
#10798=CARTESIAN_POINT('Origin',(0.809483427894592,-1.44547595897686,1.76));
#10799=CARTESIAN_POINT('',(0.897699249051392,-1.11211248214971,1.76));
#10800=CARTESIAN_POINT('Origin',(0.809483427894592,-1.44547595897686,1.76));
#10801=CARTESIAN_POINT('',(0.897699249051392,-1.11211248214971,1.75));
#10802=CARTESIAN_POINT('Origin',(0.809483427894592,-1.44547595897686,1.75));
#10803=CARTESIAN_POINT('',(0.897699249051392,-1.11211248214971,1.76));
#10804=CARTESIAN_POINT('Origin',(0.862577248784234,-1.21973831165735,1.76));
#10805=CARTESIAN_POINT('',(0.925499391022198,-1.12562307326888,1.76));
#10806=CARTESIAN_POINT('Origin',(0.862577248784234,-1.21973831165735,1.76));
#10807=CARTESIAN_POINT('',(0.925499391022198,-1.12562307326888,1.75));
#10808=CARTESIAN_POINT('Origin',(0.862577248784234,-1.21973831165735,1.75));
#10809=CARTESIAN_POINT('',(0.925499391022198,-1.12562307326888,1.76));
#10810=CARTESIAN_POINT('Origin',(0.933331082216996,-1.13169743895555,1.76));
#10811=CARTESIAN_POINT('',(0.933331082215372,-1.13169743895764,1.76));
#10812=CARTESIAN_POINT('',(0.652580697261707,-0.91394364065185,1.76));
#10813=CARTESIAN_POINT('',(0.933331082215372,-1.13169743895764,1.75));
#10814=CARTESIAN_POINT('',(0.652580697261707,-0.91394364065185,1.75));
#10815=CARTESIAN_POINT('',(0.933331082215372,-1.13169743895764,1.76));
#10816=CARTESIAN_POINT('Origin',(0.908362158056814,-1.16168638536211,1.76));
#10817=CARTESIAN_POINT('Origin',(0.908362158056814,-1.16168638536211,1.76));
#10818=CARTESIAN_POINT('Origin',(0.908362158056814,-1.16168638536211,1.75));
#10819=CARTESIAN_POINT('Origin',(0.720159310320291,-1.1646335292288,1.76));
#10820=CARTESIAN_POINT('',(0.605036311374035,-1.24246790274872,1.76));
#10821=CARTESIAN_POINT('',(0.581197878691861,-1.16573584822461,1.76));
#10822=CARTESIAN_POINT('Origin',(0.720159310320291,-1.1646335292288,1.76));
#10823=CARTESIAN_POINT('',(0.581197878691861,-1.16573584822461,1.75));
#10824=CARTESIAN_POINT('',(0.581197878691861,-1.16573584822461,1.76));
#10825=CARTESIAN_POINT('',(0.605036311374035,-1.24246790274872,1.75));
#10826=CARTESIAN_POINT('Origin',(0.720159310320291,-1.1646335292288,1.75));
#10827=CARTESIAN_POINT('',(0.605036311374035,-1.24246790274872,1.76));
#10828=CARTESIAN_POINT('Origin',(0.607048465209116,-1.24515579224033,1.76));
#10829=CARTESIAN_POINT('',(0.607048465209063,-1.24515579224037,1.76));
#10830=CARTESIAN_POINT('',(0.365440581218783,-0.92240944848398,1.76));
#10831=CARTESIAN_POINT('',(0.607048465209063,-1.24515579224037,1.75));
#10832=CARTESIAN_POINT('',(0.365440581218783,-0.92240944848398,1.75));
#10833=CARTESIAN_POINT('',(0.607048465209063,-1.24515579224037,1.76));
#10834=CARTESIAN_POINT('Origin',(0.723585369306989,-1.13921420468136,1.76));
#10835=CARTESIAN_POINT('',(0.655387442231156,-1.28117727288599,1.76));
#10836=CARTESIAN_POINT('Origin',(0.723585369306989,-1.13921420468136,1.76));
#10837=CARTESIAN_POINT('',(0.655387442231156,-1.28117727288599,1.75));
#10838=CARTESIAN_POINT('Origin',(0.723585369306989,-1.13921420468136,1.75));
#10839=CARTESIAN_POINT('',(0.655387442231156,-1.28117727288599,1.76));
#10840=CARTESIAN_POINT('Origin',(0.785651842020567,-0.963580311859112,1.76));
#10841=CARTESIAN_POINT('',(0.710545566259612,-1.29853656399707,1.76));
#10842=CARTESIAN_POINT('Origin',(0.785651842020567,-0.963580311859112,1.76));
#10843=CARTESIAN_POINT('',(0.710545566259612,-1.29853656399707,1.75));
#10844=CARTESIAN_POINT('Origin',(0.785651842020567,-0.963580311859112,1.75));
#10845=CARTESIAN_POINT('',(0.710545566259612,-1.29853656399707,1.76));
#10846=CARTESIAN_POINT('Origin',(0.791519553529552,-0.905058737478809,1.76));
#10847=CARTESIAN_POINT('',(0.793624928451029,-1.30677649159928,1.76));
#10848=CARTESIAN_POINT('Origin',(0.791519553529552,-0.905058737478809,1.76));
#10849=CARTESIAN_POINT('',(0.793624928451029,-1.30677649159928,1.75));
#10850=CARTESIAN_POINT('Origin',(0.791519553529552,-0.905058737478809,1.75));
#10851=CARTESIAN_POINT('',(0.793624928451029,-1.30677649159928,1.76));
#10852=CARTESIAN_POINT('Origin',(0.801908302431077,-0.878746327640985,1.76));
#10853=CARTESIAN_POINT('',(0.850705956519479,-1.30406647117693,1.76));
#10854=CARTESIAN_POINT('Origin',(0.801908302431077,-0.878746327640985,1.76));
#10855=CARTESIAN_POINT('',(0.850705956519479,-1.30406647117693,1.75));
#10856=CARTESIAN_POINT('Origin',(0.801908302431077,-0.878746327640985,1.75));
#10857=CARTESIAN_POINT('',(0.850705956519479,-1.30406647117693,1.76));
#10858=CARTESIAN_POINT('Origin',(0.784606995613207,-0.753066124811909,1.76));
#10859=CARTESIAN_POINT('',(0.900892137599015,-1.29569695703633,1.76));
#10860=CARTESIAN_POINT('Origin',(0.784606995613207,-0.753066124811909,1.76));
#10861=CARTESIAN_POINT('',(0.900892137599015,-1.29569695703633,1.75));
#10862=CARTESIAN_POINT('Origin',(0.784606995613207,-0.753066124811909,1.75));
#10863=CARTESIAN_POINT('',(0.900892137599015,-1.29569695703633,1.76));
#10864=CARTESIAN_POINT('Origin',(0.832951536430051,-1.04939769950027,1.76));
#10865=CARTESIAN_POINT('',(0.948458410896734,-1.27729550883817,1.76));
#10866=CARTESIAN_POINT('Origin',(0.832951536430051,-1.04939769950027,1.76));
#10867=CARTESIAN_POINT('',(0.948458410896734,-1.27729550883817,1.75));
#10868=CARTESIAN_POINT('Origin',(0.832951536430051,-1.04939769950027,1.75));
#10869=CARTESIAN_POINT('',(0.948458410896734,-1.27729550883817,1.76));
#10870=CARTESIAN_POINT('Origin',(0.887565172431673,-1.15834581486953,1.76));
#10871=CARTESIAN_POINT('',(0.985377720898926,-1.249393722851,1.76));
#10872=CARTESIAN_POINT('Origin',(0.887565172431673,-1.15834581486953,1.76));
#10873=CARTESIAN_POINT('',(0.985377720898926,-1.249393722851,1.75));
#10874=CARTESIAN_POINT('Origin',(0.887565172431673,-1.15834581486953,1.75));
#10875=CARTESIAN_POINT('',(0.985377720898926,-1.249393722851,1.76));
#10876=CARTESIAN_POINT('Origin',(0.915496277331813,-1.18160254978654,1.76));
#10877=CARTESIAN_POINT('',(1.00371070001853,-1.22280054646908,1.76));
#10878=CARTESIAN_POINT('Origin',(0.915496277331813,-1.18160254978654,1.76));
#10879=CARTESIAN_POINT('',(1.00371070001853,-1.22280054646908,1.75));
#10880=CARTESIAN_POINT('Origin',(0.915496277331813,-1.18160254978654,1.75));
#10881=CARTESIAN_POINT('',(1.00371070001853,-1.22280054646908,1.76));
#10882=CARTESIAN_POINT('Origin',(0.859946281007142,-1.16297519818419,1.76));
#10883=CARTESIAN_POINT('',(1.01563719044609,-1.16573584822461,1.76));
#10884=CARTESIAN_POINT('Origin',(0.859946281007142,-1.16297519818419,1.76));
#10885=CARTESIAN_POINT('',(1.01563719044609,-1.16573584822461,1.75));
#10886=CARTESIAN_POINT('Origin',(0.859946281007142,-1.16297519818419,1.75));
#10887=CARTESIAN_POINT('',(1.01563719044609,-1.16573584822461,1.76));
#10888=CARTESIAN_POINT('Origin',(0.859946280981295,-1.1684964982604,1.76));
#10889=CARTESIAN_POINT('',(1.00371070001853,-1.10867114997137,1.76));
#10890=CARTESIAN_POINT('Origin',(0.859946280981295,-1.1684964982604,1.76));
#10891=CARTESIAN_POINT('',(1.00371070001853,-1.10867114997137,1.75));
#10892=CARTESIAN_POINT('Origin',(0.859946280981295,-1.1684964982604,1.75));
#10893=CARTESIAN_POINT('',(1.00371070001853,-1.10867114997137,1.76));
#10894=CARTESIAN_POINT('Origin',(0.915496277360427,-1.14986914665852,1.76));
#10895=CARTESIAN_POINT('',(0.985377720898926,-1.08207797359867,1.76));
#10896=CARTESIAN_POINT('Origin',(0.915496277360427,-1.14986914665852,1.76));
#10897=CARTESIAN_POINT('',(0.985377720898926,-1.08207797359867,1.75));
#10898=CARTESIAN_POINT('Origin',(0.915496277360427,-1.14986914665852,1.75));
#10899=CARTESIAN_POINT('',(0.985377720898926,-1.08207797359867,1.76));
#10900=CARTESIAN_POINT('Origin',(0.887565172417367,-1.17312588157967,1.76));
#10901=CARTESIAN_POINT('',(0.948458410896734,-1.0541761876115,1.76));
#10902=CARTESIAN_POINT('Origin',(0.887565172417367,-1.17312588157967,1.76));
#10903=CARTESIAN_POINT('',(0.948458410896734,-1.0541761876115,1.75));
#10904=CARTESIAN_POINT('Origin',(0.887565172417367,-1.17312588157967,1.75));
#10905=CARTESIAN_POINT('',(0.948458410896734,-1.0541761876115,1.76));
#10906=CARTESIAN_POINT('Origin',(0.832951536406283,-1.28207399694433,1.76));
#10907=CARTESIAN_POINT('',(0.900892137599015,-1.03577473940826,1.76));
#10908=CARTESIAN_POINT('Origin',(0.832951536406283,-1.28207399694433,1.76));
#10909=CARTESIAN_POINT('',(0.900892137599015,-1.03577473940826,1.75));
#10910=CARTESIAN_POINT('Origin',(0.832951536406283,-1.28207399694433,1.75));
#10911=CARTESIAN_POINT('',(0.900892137599015,-1.03577473940826,1.76));
#10912=CARTESIAN_POINT('Origin',(0.784606995613207,-1.57840557162807,1.76));
#10913=CARTESIAN_POINT('',(0.850705956519479,-1.02740522526812,1.76));
#10914=CARTESIAN_POINT('Origin',(0.784606995613207,-1.57840557162807,1.76));
#10915=CARTESIAN_POINT('',(0.850705956519479,-1.02740522526812,1.75));
#10916=CARTESIAN_POINT('Origin',(0.784606995613207,-1.57840557162807,1.75));
#10917=CARTESIAN_POINT('',(0.850705956519479,-1.02740522526812,1.76));
#10918=CARTESIAN_POINT('Origin',(0.801908302431077,-1.45272536879899,1.76));
#10919=CARTESIAN_POINT('',(0.793624928451029,-1.02469520484577,1.76));
#10920=CARTESIAN_POINT('Origin',(0.801908302431077,-1.45272536879899,1.76));
#10921=CARTESIAN_POINT('',(0.793624928451029,-1.02469520484577,1.75));
#10922=CARTESIAN_POINT('Origin',(0.801908302431077,-1.45272536879899,1.75));
#10923=CARTESIAN_POINT('',(0.793624928451029,-1.02469520484577,1.76));
#10924=CARTESIAN_POINT('Origin',(0.791519553576856,-1.42641295896578,1.76));
#10925=CARTESIAN_POINT('',(0.710545566259612,-1.03293513245213,1.76));
#10926=CARTESIAN_POINT('Origin',(0.791519553576856,-1.42641295896578,1.76));
#10927=CARTESIAN_POINT('',(0.710545566259612,-1.03293513245213,1.75));
#10928=CARTESIAN_POINT('Origin',(0.791519553576856,-1.42641295896578,1.75));
#10929=CARTESIAN_POINT('',(0.710545566259612,-1.03293513245213,1.76));
#10930=CARTESIAN_POINT('Origin',(0.785651841989647,-1.36789138459009,1.76));
#10931=CARTESIAN_POINT('',(0.655387442231156,-1.05029442355906,1.76));
#10932=CARTESIAN_POINT('Origin',(0.785651841989647,-1.36789138459009,1.76));
#10933=CARTESIAN_POINT('',(0.655387442231156,-1.05029442355906,1.75));
#10934=CARTESIAN_POINT('Origin',(0.785651841989647,-1.36789138459009,1.75));
#10935=CARTESIAN_POINT('',(0.655387442231156,-1.05029442355906,1.76));
#10936=CARTESIAN_POINT('Origin',(0.723585369282989,-1.19225749176323,1.76));
#10937=CARTESIAN_POINT('',(0.607048465209063,-1.08631590419452,1.76));
#10938=CARTESIAN_POINT('Origin',(0.723585369282989,-1.19225749176323,1.76));
#10939=CARTESIAN_POINT('',(0.607048465209063,-1.08631590419452,1.75));
#10940=CARTESIAN_POINT('Origin',(0.723585369282989,-1.19225749176323,1.75));
#10941=CARTESIAN_POINT('',(0.607048465209063,-1.08631590419452,1.76));
#10942=CARTESIAN_POINT('Origin',(0.605036311374058,-1.08900379369636,1.76));
#10943=CARTESIAN_POINT('',(0.605036311374035,-1.08900379369634,1.76));
#10944=CARTESIAN_POINT('',(0.923239185036864,-0.663939791065022,1.76));
#10945=CARTESIAN_POINT('',(0.605036311374035,-1.08900379369634,1.75));
#10946=CARTESIAN_POINT('',(0.923239185036864,-0.663939791065022,1.75));
#10947=CARTESIAN_POINT('',(0.605036311374035,-1.08900379369634,1.76));
#10948=CARTESIAN_POINT('Origin',(0.720159310336908,-1.1668381672158,1.76));
#10949=CARTESIAN_POINT('Origin',(0.720159310336908,-1.1668381672158,1.76));
#10950=CARTESIAN_POINT('Origin',(0.720159310336908,-1.1668381672158,1.75));
#10951=CARTESIAN_POINT('Origin',(0.923612103505344,-0.000948312916471572,
1.75));
#10952=CARTESIAN_POINT('Origin',(0.923612103505344,-0.000948312916471572,
1.76));
#10953=CARTESIAN_POINT('Origin',(1.00643179155696,0.262131737439498,1.76));
#10954=CARTESIAN_POINT('',(1.00643179155696,0.262131737439498,1.76));
#10955=CARTESIAN_POINT('',(0.966493458921916,0.262131737439498,1.76));
#10956=CARTESIAN_POINT('',(0.965021947531037,0.262131737439498,1.76));
#10957=CARTESIAN_POINT('',(0.966493458921916,0.262131737439498,1.75));
#10958=CARTESIAN_POINT('',(0.966493458921916,0.262131737439498,1.76));
#10959=CARTESIAN_POINT('',(1.00643179155696,0.262131737439498,1.75));
#10960=CARTESIAN_POINT('',(0.965021947531037,0.262131737439498,1.75));
#10961=CARTESIAN_POINT('',(1.00643179155696,0.262131737439498,1.76));
#10962=CARTESIAN_POINT('Origin',(1.00643179155696,0.337804367695079,1.76));
#10963=CARTESIAN_POINT('',(1.00643179155696,0.337804367695076,1.76));
#10964=CARTESIAN_POINT('',(1.00643179155696,0.168428027389071,1.76));
#10965=CARTESIAN_POINT('',(1.00643179155696,0.337804367695076,1.75));
#10966=CARTESIAN_POINT('',(1.00643179155696,0.168428027389071,1.75));
#10967=CARTESIAN_POINT('',(1.00643179155696,0.337804367695076,1.76));
#10968=CARTESIAN_POINT('Origin',(0.590232325151268,0.337804367695077,1.76));
#10969=CARTESIAN_POINT('',(0.590232325151268,0.337804367695076,1.76));
#10970=CARTESIAN_POINT('',(0.756922214328192,0.337804367695076,1.76));
#10971=CARTESIAN_POINT('',(0.590232325151268,0.337804367695076,1.75));
#10972=CARTESIAN_POINT('',(0.756922214328192,0.337804367695076,1.75));
#10973=CARTESIAN_POINT('',(0.590232325151268,0.337804367695076,1.76));
#10974=CARTESIAN_POINT('Origin',(0.590232325151269,0.26002971993363,1.76));
#10975=CARTESIAN_POINT('',(0.590232325151268,0.260029719933631,1.76));
#10976=CARTESIAN_POINT('',(0.590232325151268,0.129540703508116,1.76));
#10977=CARTESIAN_POINT('',(0.590232325151268,0.260029719933631,1.75));
#10978=CARTESIAN_POINT('',(0.590232325151268,0.129540703508116,1.75));
#10979=CARTESIAN_POINT('',(0.590232325151268,0.260029719933631,1.76));
#10980=CARTESIAN_POINT('Origin',(0.895024863682227,0.260029719933631,1.76));
#10981=CARTESIAN_POINT('',(0.895024863682229,0.260029719933631,1.76));
#10982=CARTESIAN_POINT('',(0.909318483593899,0.260029719933631,1.76));
#10983=CARTESIAN_POINT('',(0.895024863682229,0.260029719933631,1.75));
#10984=CARTESIAN_POINT('',(0.909318483593899,0.260029719933631,1.75));
#10985=CARTESIAN_POINT('',(0.895024863682229,0.260029719933631,1.76));
#10986=CARTESIAN_POINT('Origin',(0.896075872433085,0.211788714112485,1.76));
#10987=CARTESIAN_POINT('',(0.939167231331776,0.233501246213931,1.76));
#10988=CARTESIAN_POINT('Origin',(0.896075872433085,0.211788714112485,1.76));
#10989=CARTESIAN_POINT('',(0.939167231331776,0.233501246213931,1.75));
#10990=CARTESIAN_POINT('Origin',(0.896075872433085,0.211788714112485,1.75));
#10991=CARTESIAN_POINT('',(0.939167231331776,0.233501246213931,1.76));
#10992=CARTESIAN_POINT('Origin',(0.888124944426218,0.209107980483507,1.76));
#10993=CARTESIAN_POINT('',(0.928657143799663,0.169642967123121,1.76));
#10994=CARTESIAN_POINT('Origin',(0.888124944426218,0.209107980483507,1.76));
#10995=CARTESIAN_POINT('',(0.928657143799663,0.169642967123121,1.75));
#10996=CARTESIAN_POINT('Origin',(0.888124944426218,0.209107980483507,1.75));
#10997=CARTESIAN_POINT('',(0.928657143799663,0.169642967123121,1.76));
#10998=CARTESIAN_POINT('Origin',(0.886521247413266,0.248659716142088,1.76));
#10999=CARTESIAN_POINT('',(0.884514776147806,0.159132879591009,1.76));
#11000=CARTESIAN_POINT('Origin',(0.886521247413266,0.248659716142088,1.76));
#11001=CARTESIAN_POINT('',(0.884514776147806,0.159132879591009,1.75));
#11002=CARTESIAN_POINT('Origin',(0.886521247413266,0.248659716142088,1.75));
#11003=CARTESIAN_POINT('',(0.884514776147806,0.159132879591009,1.76));
#11004=CARTESIAN_POINT('Origin',(0.590232325151268,0.159132879591009,1.76));
#11005=CARTESIAN_POINT('',(0.590232325151268,0.159132879591009,1.76));
#11006=CARTESIAN_POINT('',(0.756922214328192,0.159132879591009,1.76));
#11007=CARTESIAN_POINT('',(0.590232325151268,0.159132879591009,1.75));
#11008=CARTESIAN_POINT('',(0.756922214328192,0.159132879591009,1.75));
#11009=CARTESIAN_POINT('',(0.590232325151268,0.159132879591009,1.76));
#11010=CARTESIAN_POINT('Origin',(0.590232325151268,0.0834602493354273,1.76));
#11011=CARTESIAN_POINT('',(0.590232325151268,0.0834602493354281,1.76));
#11012=CARTESIAN_POINT('',(0.590232325151268,0.0412559682090192,1.76));
#11013=CARTESIAN_POINT('',(0.590232325151268,0.0834602493354281,1.75));
#11014=CARTESIAN_POINT('',(0.590232325151268,0.0412559682090192,1.75));
#11015=CARTESIAN_POINT('',(0.590232325151268,0.0834602493354281,1.76));
#11016=CARTESIAN_POINT('Origin',(0.925476411928597,0.0834602493354278,1.76));
#11017=CARTESIAN_POINT('',(0.925476411928597,0.0834602493354278,1.76));
#11018=CARTESIAN_POINT('',(0.924544257717085,0.0834602493354278,1.76));
#11019=CARTESIAN_POINT('',(0.925476411928597,0.0834602493354278,1.75));
#11020=CARTESIAN_POINT('',(0.924544257717085,0.0834602493354278,1.75));
#11021=CARTESIAN_POINT('',(0.925476411928597,0.0834602493354278,1.76));
#11022=CARTESIAN_POINT('Origin',(0.93021980412778,0.157705796300966,1.76));
#11023=CARTESIAN_POINT('',(0.968595476428475,0.0939703368670782,1.76));
#11024=CARTESIAN_POINT('Origin',(0.93021980412778,0.157705796300966,1.76));
#11025=CARTESIAN_POINT('',(0.968595476428475,0.0939703368670782,1.75));
#11026=CARTESIAN_POINT('Origin',(0.93021980412778,0.157705796300966,1.75));
#11027=CARTESIAN_POINT('',(0.968595476428475,0.0939703368670782,1.76));
#11028=CARTESIAN_POINT('Origin',(0.938208981517804,0.160277108477868,1.76));
#11029=CARTESIAN_POINT('',(1.00742484206511,0.1372751154557,1.76));
#11030=CARTESIAN_POINT('Origin',(0.938208981517804,0.160277108477868,1.76));
#11031=CARTESIAN_POINT('',(1.00742484206511,0.1372751154557,1.75));
#11032=CARTESIAN_POINT('Origin',(0.938208981517804,0.160277108477868,1.75));
#11033=CARTESIAN_POINT('',(1.00742484206511,0.1372751154557,1.76));
#11034=CARTESIAN_POINT('Origin',(0.906104592802004,0.170976034098285,1.76));
#11035=CARTESIAN_POINT('',(1.01063582657193,0.192765159703367,1.76));
#11036=CARTESIAN_POINT('Origin',(0.906104592802004,0.170976034098285,1.76));
#11037=CARTESIAN_POINT('',(1.01063582657193,0.192765159703367,1.75));
#11038=CARTESIAN_POINT('Origin',(0.906104592802004,0.170976034098285,1.75));
#11039=CARTESIAN_POINT('',(1.01063582657193,0.192765159703367,1.76));
#11040=CARTESIAN_POINT('Origin',(0.906179685994497,0.175021657911425,1.76));
#11041=CARTESIAN_POINT('Origin',(0.906179685994497,0.175021657911425,1.76));
#11042=CARTESIAN_POINT('Origin',(0.906179685994497,0.175021657911425,1.75));
#11043=CARTESIAN_POINT('Origin',(0.795169360073038,0.215463615447232,1.75));
#11044=CARTESIAN_POINT('Origin',(0.795169360073038,0.215463615447232,1.76));
#11045=CARTESIAN_POINT('Origin',(0.590232325151268,0.524883925830005,1.76));
#11046=CARTESIAN_POINT('',(0.590232325151268,0.524883925830004,1.76));
#11047=CARTESIAN_POINT('',(1.21242950725209,0.524883925830004,1.76));
#11048=CARTESIAN_POINT('',(0.756922214328192,0.524883925830004,1.76));
#11049=CARTESIAN_POINT('',(1.21242950725209,0.524883925830004,1.75));
#11050=CARTESIAN_POINT('',(1.21242950725209,0.524883925830004,1.76));
#11051=CARTESIAN_POINT('',(0.590232325151268,0.524883925830004,1.75));
#11052=CARTESIAN_POINT('',(0.756922214328192,0.524883925830004,1.75));
#11053=CARTESIAN_POINT('',(0.590232325151268,0.524883925830004,1.76));
#11054=CARTESIAN_POINT('Origin',(0.590232325151269,0.442905243050354,1.76));
#11055=CARTESIAN_POINT('',(0.590232325151268,0.442905243050353,1.76));
#11056=CARTESIAN_POINT('',(0.590232325151268,0.22097846506671,1.76));
#11057=CARTESIAN_POINT('',(0.590232325151268,0.442905243050353,1.75));
#11058=CARTESIAN_POINT('',(0.590232325151268,0.22097846506671,1.75));
#11059=CARTESIAN_POINT('',(0.590232325151268,0.442905243050353,1.76));
#11060=CARTESIAN_POINT('Origin',(1.21242950725209,0.442905243050354,1.76));
#11061=CARTESIAN_POINT('',(1.21242950725209,0.442905243050353,1.76));
#11062=CARTESIAN_POINT('',(1.06802080537883,0.442905243050354,1.76));
#11063=CARTESIAN_POINT('',(1.21242950725209,0.442905243050353,1.75));
#11064=CARTESIAN_POINT('',(1.06802080537883,0.442905243050354,1.75));
#11065=CARTESIAN_POINT('',(1.21242950725209,0.442905243050353,1.76));
#11066=CARTESIAN_POINT('Origin',(1.21242950725209,0.524883925830004,1.76));
#11067=CARTESIAN_POINT('',(1.21242950725209,0.261967806456767,1.76));
#11068=CARTESIAN_POINT('',(1.21242950725209,0.261967806456767,1.75));
#11069=CARTESIAN_POINT('Origin',(0.901330916201677,0.483894584440179,1.75));
#11070=CARTESIAN_POINT('Origin',(0.901330916201677,0.483894584440179,1.76));
#11071=CARTESIAN_POINT('Origin',(2.46335764658138,-1.7,0.345001412091373));
#11072=CARTESIAN_POINT('',(2.45360809910897,-1.7,0.265597719960067));
#11073=CARTESIAN_POINT('',(2.38395395445007,-1.7,0.335251864618961));
#11074=CARTESIAN_POINT('Origin',(2.46335764658138,-1.7,0.345001412091373));
#11075=CARTESIAN_POINT('',(2.38395395445007,-2.11,0.335251864618961));
#11076=CARTESIAN_POINT('',(2.38395395445007,-1.7,0.335251864618961));
#11077=CARTESIAN_POINT('',(2.45360809910897,-2.11,0.265597719960067));
#11078=CARTESIAN_POINT('Origin',(2.46335764658138,-2.11,0.345001412091373));
#11079=CARTESIAN_POINT('',(2.45360809910897,-1.7,0.265597719960067));
#11080=CARTESIAN_POINT('Origin',(2.99999999999999,-1.7,0.198509230328266));
#11081=CARTESIAN_POINT('',(2.99999999999999,-1.7,0.198509230328266));
#11082=CARTESIAN_POINT('',(2.99999999999999,-1.7,0.198509230328266));
#11083=CARTESIAN_POINT('',(2.99999999999999,-2.11,0.198509230328266));
#11084=CARTESIAN_POINT('',(2.99999999999999,-2.11,0.198509230328266));
#11085=CARTESIAN_POINT('',(2.99999999999999,-1.7,0.198509230328266));
#11086=CARTESIAN_POINT('Origin',(2.97562613131897,-1.7,-5.68989300120393E-16));
#11087=CARTESIAN_POINT('',(2.97562613131897,-1.7,-5.64015926167889E-16));
#11088=CARTESIAN_POINT('',(2.97562613131897,-1.7,-5.68989300120393E-16));
#11089=CARTESIAN_POINT('',(2.97562613131897,-2.11,-5.66667071530159E-16));
#11090=CARTESIAN_POINT('',(2.97562613131897,-2.11,-5.43884869867034E-16));
#11091=CARTESIAN_POINT('',(2.97562613131897,-1.7,-5.64015926167889E-16));
#11092=CARTESIAN_POINT('Origin',(2.42923423042794,-1.7,0.0670884896318045));
#11093=CARTESIAN_POINT('',(2.42923423042794,-1.7,0.0670884896318045));
#11094=CARTESIAN_POINT('',(2.42923423042794,-1.7,0.0670884896318045));
#11095=CARTESIAN_POINT('',(2.42923423042794,-2.11,0.0670884896318046));
#11096=CARTESIAN_POINT('',(2.42923423042794,-2.11,0.0670884896318045));
#11097=CARTESIAN_POINT('',(2.42923423042794,-1.7,0.0670884896318045));
#11098=CARTESIAN_POINT('Origin',(2.46335764658138,-1.7,0.345001412091374));
#11099=CARTESIAN_POINT('',(2.18544472412181,-1.7,0.310877995937932));
#11100=CARTESIAN_POINT('Origin',(2.46335764658138,-1.7,0.345001412091374));
#11101=CARTESIAN_POINT('',(2.18544472412181,-2.11,0.310877995937932));
#11102=CARTESIAN_POINT('Origin',(2.46335764658138,-2.11,0.345001412091374));
#11103=CARTESIAN_POINT('',(2.18544472412181,-1.7,0.310877995937932));
#11104=CARTESIAN_POINT('Origin',(2.12787453654678,-1.7,0.779749547472413));
#11105=CARTESIAN_POINT('',(2.12787453654678,-1.7,0.779749547472413));
#11106=CARTESIAN_POINT('',(2.12787453654678,-1.7,0.779749547472413));
#11107=CARTESIAN_POINT('',(2.12787453654678,-2.11,0.779749547472413));
#11108=CARTESIAN_POINT('',(2.12787453654678,-2.11,0.779749547472413));
#11109=CARTESIAN_POINT('',(2.12787453654678,-1.7,0.779749547472413));
#11110=CARTESIAN_POINT('Origin',(2.04847084441548,-1.7,0.77));
#11111=CARTESIAN_POINT('',(2.04847084441548,-1.7,0.85));
#11112=CARTESIAN_POINT('Origin',(2.04847084441548,-1.7,0.77));
#11113=CARTESIAN_POINT('',(2.04847084441548,-2.11,0.85));
#11114=CARTESIAN_POINT('Origin',(2.04847084441548,-2.11,0.77));
#11115=CARTESIAN_POINT('',(2.04847084441548,-1.7,0.85));
#11116=CARTESIAN_POINT('Origin',(2.,-1.7,0.85));
#11117=CARTESIAN_POINT('',(2.,-1.7,0.85));
#11118=CARTESIAN_POINT('',(2.,-1.7,0.85));
#11119=CARTESIAN_POINT('',(2.,-2.11,0.85));
#11120=CARTESIAN_POINT('',(2.,-2.11,0.85));
#11121=CARTESIAN_POINT('',(2.,-1.7,0.85));
#11122=CARTESIAN_POINT('Origin',(2.,-1.7,1.05));
#11123=CARTESIAN_POINT('',(2.,-1.7,1.05));
#11124=CARTESIAN_POINT('',(2.,-1.7,1.05));
#11125=CARTESIAN_POINT('',(2.,-2.11,1.05));
#11126=CARTESIAN_POINT('',(2.,-2.11,1.05));
#11127=CARTESIAN_POINT('',(2.,-1.7,1.05));
#11128=CARTESIAN_POINT('Origin',(2.04847084441548,-1.7,1.05));
#11129=CARTESIAN_POINT('',(2.04847084441548,-1.7,1.05));
#11130=CARTESIAN_POINT('',(2.04847084441548,-1.7,1.05));
#11131=CARTESIAN_POINT('',(2.04847084441548,-2.11,1.05));
#11132=CARTESIAN_POINT('',(2.04847084441548,-2.11,1.05));
#11133=CARTESIAN_POINT('',(2.04847084441548,-1.7,1.05));
#11134=CARTESIAN_POINT('Origin',(2.04847084441548,-1.7,0.769999999999999));
#11135=CARTESIAN_POINT('',(2.32638376687505,-1.7,0.804123416153442));
#11136=CARTESIAN_POINT('Origin',(2.04847084441548,-1.7,0.769999999999999));
#11137=CARTESIAN_POINT('',(2.32638376687505,-2.11,0.804123416153442));
#11138=CARTESIAN_POINT('Origin',(2.04847084441548,-2.11,0.769999999999999));
#11139=CARTESIAN_POINT('',(2.32638376687505,-1.7,0.804123416153442));
#11140=CARTESIAN_POINT('Origin',(2.38395395445007,-1.7,0.335251864618961));
#11141=CARTESIAN_POINT('',(2.38395395445007,-1.7,0.335251864618961));
#11142=CARTESIAN_POINT('',(2.38395395445007,-2.11,0.335251864618961));
#11143=CARTESIAN_POINT('Origin',(2.42948606576414,-2.11,0.427508735121661));
#11144=CARTESIAN_POINT('Origin',(2.42948606576414,-1.7,0.427508735121661));
#11145=CARTESIAN_POINT('Origin',(2.46335764658138,-0.430000000000001,0.345001412091373));
#11146=CARTESIAN_POINT('',(2.45360809910897,-0.430000000000001,0.265597719960067));
#11147=CARTESIAN_POINT('',(2.38395395445007,-0.430000000000001,0.335251864618961));
#11148=CARTESIAN_POINT('Origin',(2.46335764658138,-0.430000000000001,0.345001412091373));
#11149=CARTESIAN_POINT('',(2.38395395445007,-0.840000000000001,0.335251864618961));
#11150=CARTESIAN_POINT('',(2.38395395445007,-0.430000000000001,0.335251864618961));
#11151=CARTESIAN_POINT('',(2.45360809910897,-0.840000000000001,0.265597719960067));
#11152=CARTESIAN_POINT('Origin',(2.46335764658138,-0.840000000000001,0.345001412091373));
#11153=CARTESIAN_POINT('',(2.45360809910897,-0.430000000000001,0.265597719960067));
#11154=CARTESIAN_POINT('Origin',(2.99999999999999,-0.430000000000001,0.198509230328266));
#11155=CARTESIAN_POINT('',(2.99999999999999,-0.430000000000001,0.198509230328266));
#11156=CARTESIAN_POINT('',(2.99999999999999,-0.430000000000001,0.198509230328266));
#11157=CARTESIAN_POINT('',(2.99999999999999,-0.840000000000001,0.198509230328266));
#11158=CARTESIAN_POINT('',(2.99999999999999,-0.840000000000001,0.198509230328266));
#11159=CARTESIAN_POINT('',(2.99999999999999,-0.430000000000001,0.198509230328266));
#11160=CARTESIAN_POINT('Origin',(2.97562613131897,-0.430000000000001,-5.68989300120393E-16));
#11161=CARTESIAN_POINT('',(2.97562613131897,-0.430000000000001,-5.64015926167889E-16));
#11162=CARTESIAN_POINT('',(2.97562613131897,-0.430000000000001,-5.68989300120393E-16));
#11163=CARTESIAN_POINT('',(2.97562613131897,-0.840000000000001,-5.66667071530159E-16));
#11164=CARTESIAN_POINT('',(2.97562613131897,-0.840000000000001,-5.43884869867034E-16));
#11165=CARTESIAN_POINT('',(2.97562613131897,-0.430000000000001,-5.64015926167889E-16));
#11166=CARTESIAN_POINT('Origin',(2.42923423042794,-0.430000000000001,0.0670884896318045));
#11167=CARTESIAN_POINT('',(2.42923423042794,-0.430000000000001,0.0670884896318045));
#11168=CARTESIAN_POINT('',(2.42923423042794,-0.430000000000001,0.0670884896318045));
#11169=CARTESIAN_POINT('',(2.42923423042794,-0.840000000000001,0.0670884896318045));
#11170=CARTESIAN_POINT('',(2.42923423042794,-0.840000000000001,0.0670884896318045));
#11171=CARTESIAN_POINT('',(2.42923423042794,-0.430000000000001,0.0670884896318045));
#11172=CARTESIAN_POINT('Origin',(2.46335764658138,-0.430000000000001,0.345001412091374));
#11173=CARTESIAN_POINT('',(2.18544472412181,-0.430000000000001,0.310877995937932));
#11174=CARTESIAN_POINT('Origin',(2.46335764658138,-0.430000000000001,0.345001412091374));
#11175=CARTESIAN_POINT('',(2.18544472412181,-0.840000000000001,0.310877995937932));
#11176=CARTESIAN_POINT('Origin',(2.46335764658138,-0.840000000000001,0.345001412091374));
#11177=CARTESIAN_POINT('',(2.18544472412181,-0.430000000000001,0.310877995937932));
#11178=CARTESIAN_POINT('Origin',(2.12787453654678,-0.430000000000001,0.779749547472413));
#11179=CARTESIAN_POINT('',(2.12787453654678,-0.430000000000001,0.779749547472413));
#11180=CARTESIAN_POINT('',(2.12787453654678,-0.430000000000001,0.779749547472413));
#11181=CARTESIAN_POINT('',(2.12787453654678,-0.840000000000001,0.779749547472413));
#11182=CARTESIAN_POINT('',(2.12787453654678,-0.840000000000001,0.779749547472413));
#11183=CARTESIAN_POINT('',(2.12787453654678,-0.430000000000001,0.779749547472413));
#11184=CARTESIAN_POINT('Origin',(2.04847084441548,-0.430000000000001,0.770000000000001));
#11185=CARTESIAN_POINT('',(2.04847084441548,-0.430000000000001,0.85));
#11186=CARTESIAN_POINT('Origin',(2.04847084441548,-0.430000000000001,0.770000000000001));
#11187=CARTESIAN_POINT('',(2.04847084441548,-0.840000000000001,0.85));
#11188=CARTESIAN_POINT('Origin',(2.04847084441548,-0.840000000000001,0.770000000000001));
#11189=CARTESIAN_POINT('',(2.04847084441548,-0.430000000000001,0.85));
#11190=CARTESIAN_POINT('Origin',(2.,-0.430000000000001,0.85));
#11191=CARTESIAN_POINT('',(2.,-0.430000000000001,0.85));
#11192=CARTESIAN_POINT('',(2.,-0.430000000000001,0.85));
#11193=CARTESIAN_POINT('',(2.,-0.840000000000001,0.85));
#11194=CARTESIAN_POINT('',(2.,-0.840000000000001,0.85));
#11195=CARTESIAN_POINT('',(2.,-0.430000000000001,0.85));
#11196=CARTESIAN_POINT('Origin',(2.,-0.430000000000001,1.05));
#11197=CARTESIAN_POINT('',(2.,-0.430000000000001,1.05));
#11198=CARTESIAN_POINT('',(2.,-0.430000000000001,1.05));
#11199=CARTESIAN_POINT('',(2.,-0.840000000000001,1.05));
#11200=CARTESIAN_POINT('',(2.,-0.840000000000001,1.05));
#11201=CARTESIAN_POINT('',(2.,-0.430000000000001,1.05));
#11202=CARTESIAN_POINT('Origin',(2.04847084441548,-0.430000000000001,1.05));
#11203=CARTESIAN_POINT('',(2.04847084441548,-0.430000000000001,1.05));
#11204=CARTESIAN_POINT('',(2.04847084441548,-0.430000000000001,1.05));
#11205=CARTESIAN_POINT('',(2.04847084441548,-0.840000000000001,1.05));
#11206=CARTESIAN_POINT('',(2.04847084441548,-0.840000000000001,1.05));
#11207=CARTESIAN_POINT('',(2.04847084441548,-0.430000000000001,1.05));
#11208=CARTESIAN_POINT('Origin',(2.04847084441548,-0.430000000000001,0.769999999999999));
#11209=CARTESIAN_POINT('',(2.32638376687505,-0.430000000000001,0.804123416153442));
#11210=CARTESIAN_POINT('Origin',(2.04847084441548,-0.430000000000001,0.769999999999999));
#11211=CARTESIAN_POINT('',(2.32638376687505,-0.840000000000001,0.804123416153442));
#11212=CARTESIAN_POINT('Origin',(2.04847084441548,-0.840000000000001,0.769999999999999));
#11213=CARTESIAN_POINT('',(2.32638376687505,-0.430000000000001,0.804123416153442));
#11214=CARTESIAN_POINT('Origin',(2.38395395445007,-0.430000000000001,0.335251864618961));
#11215=CARTESIAN_POINT('',(2.38395395445007,-0.430000000000001,0.335251864618961));
#11216=CARTESIAN_POINT('',(2.38395395445007,-0.840000000000001,0.335251864618961));
#11217=CARTESIAN_POINT('Origin',(2.42948606576414,-0.840000000000001,0.427508735121661));
#11218=CARTESIAN_POINT('Origin',(2.42948606576414,-0.430000000000001,0.427508735121661));
#11219=CARTESIAN_POINT('Origin',(2.46335764658138,0.839999999999999,0.345001412091373));
#11220=CARTESIAN_POINT('',(2.45360809910897,0.839999999999999,0.265597719960067));
#11221=CARTESIAN_POINT('',(2.38395395445007,0.839999999999999,0.335251864618961));
#11222=CARTESIAN_POINT('Origin',(2.46335764658138,0.839999999999999,0.345001412091373));
#11223=CARTESIAN_POINT('',(2.38395395445007,0.429999999999999,0.335251864618961));
#11224=CARTESIAN_POINT('',(2.38395395445007,0.839999999999999,0.335251864618961));
#11225=CARTESIAN_POINT('',(2.45360809910897,0.429999999999999,0.265597719960067));
#11226=CARTESIAN_POINT('Origin',(2.46335764658138,0.429999999999999,0.345001412091373));
#11227=CARTESIAN_POINT('',(2.45360809910897,0.839999999999999,0.265597719960067));
#11228=CARTESIAN_POINT('Origin',(2.99999999999999,0.839999999999999,0.198509230328266));
#11229=CARTESIAN_POINT('',(2.99999999999999,0.839999999999999,0.198509230328266));
#11230=CARTESIAN_POINT('',(2.99999999999999,0.839999999999999,0.198509230328266));
#11231=CARTESIAN_POINT('',(2.99999999999999,0.429999999999999,0.198509230328266));
#11232=CARTESIAN_POINT('',(2.99999999999999,0.429999999999999,0.198509230328266));
#11233=CARTESIAN_POINT('',(2.99999999999999,0.839999999999999,0.198509230328266));
#11234=CARTESIAN_POINT('Origin',(2.97562613131897,0.839999999999999,-5.68989300120393E-16));
#11235=CARTESIAN_POINT('',(2.97562613131897,0.839999999999999,-5.64015926167889E-16));
#11236=CARTESIAN_POINT('',(2.97562613131897,0.839999999999999,-5.68989300120393E-16));
#11237=CARTESIAN_POINT('',(2.97562613131897,0.429999999999999,-5.66667071530159E-16));
#11238=CARTESIAN_POINT('',(2.97562613131897,0.429999999999999,-5.43884869867034E-16));
#11239=CARTESIAN_POINT('',(2.97562613131897,0.839999999999999,-5.64015926167889E-16));
#11240=CARTESIAN_POINT('Origin',(2.42923423042794,0.839999999999999,0.0670884896318045));
#11241=CARTESIAN_POINT('',(2.42923423042794,0.839999999999999,0.0670884896318045));
#11242=CARTESIAN_POINT('',(2.42923423042794,0.839999999999999,0.0670884896318045));
#11243=CARTESIAN_POINT('',(2.42923423042794,0.429999999999999,0.0670884896318045));
#11244=CARTESIAN_POINT('',(2.42923423042794,0.429999999999999,0.0670884896318045));
#11245=CARTESIAN_POINT('',(2.42923423042794,0.839999999999999,0.0670884896318045));
#11246=CARTESIAN_POINT('Origin',(2.46335764658138,0.839999999999999,0.345001412091374));
#11247=CARTESIAN_POINT('',(2.18544472412181,0.839999999999999,0.310877995937932));
#11248=CARTESIAN_POINT('Origin',(2.46335764658138,0.839999999999999,0.345001412091374));
#11249=CARTESIAN_POINT('',(2.18544472412181,0.429999999999999,0.310877995937932));
#11250=CARTESIAN_POINT('Origin',(2.46335764658138,0.429999999999999,0.345001412091374));
#11251=CARTESIAN_POINT('',(2.18544472412181,0.839999999999999,0.310877995937932));
#11252=CARTESIAN_POINT('Origin',(2.12787453654678,0.839999999999999,0.779749547472413));
#11253=CARTESIAN_POINT('',(2.12787453654678,0.839999999999999,0.779749547472413));
#11254=CARTESIAN_POINT('',(2.12787453654678,0.839999999999999,0.779749547472413));
#11255=CARTESIAN_POINT('',(2.12787453654678,0.429999999999999,0.779749547472413));
#11256=CARTESIAN_POINT('',(2.12787453654678,0.429999999999999,0.779749547472413));
#11257=CARTESIAN_POINT('',(2.12787453654678,0.839999999999999,0.779749547472413));
#11258=CARTESIAN_POINT('Origin',(2.04847084441548,0.839999999999999,0.77));
#11259=CARTESIAN_POINT('',(2.04847084441548,0.839999999999999,0.85));
#11260=CARTESIAN_POINT('Origin',(2.04847084441548,0.839999999999999,0.77));
#11261=CARTESIAN_POINT('',(2.04847084441548,0.429999999999999,0.85));
#11262=CARTESIAN_POINT('Origin',(2.04847084441548,0.429999999999999,0.77));
#11263=CARTESIAN_POINT('',(2.04847084441548,0.839999999999999,0.85));
#11264=CARTESIAN_POINT('Origin',(2.,0.839999999999999,0.85));
#11265=CARTESIAN_POINT('',(2.,0.839999999999999,0.85));
#11266=CARTESIAN_POINT('',(2.,0.839999999999999,0.85));
#11267=CARTESIAN_POINT('',(2.,0.429999999999999,0.85));
#11268=CARTESIAN_POINT('',(2.,0.429999999999999,0.85));
#11269=CARTESIAN_POINT('',(2.,0.839999999999999,0.85));
#11270=CARTESIAN_POINT('Origin',(2.,0.839999999999999,1.05));
#11271=CARTESIAN_POINT('',(2.,0.839999999999999,1.05));
#11272=CARTESIAN_POINT('',(2.,0.839999999999999,1.05));
#11273=CARTESIAN_POINT('',(2.,0.429999999999999,1.05));
#11274=CARTESIAN_POINT('',(2.,0.429999999999999,1.05));
#11275=CARTESIAN_POINT('',(2.,0.839999999999999,1.05));
#11276=CARTESIAN_POINT('Origin',(2.04847084441548,0.839999999999999,1.05));
#11277=CARTESIAN_POINT('',(2.04847084441548,0.839999999999999,1.05));
#11278=CARTESIAN_POINT('',(2.04847084441548,0.839999999999999,1.05));
#11279=CARTESIAN_POINT('',(2.04847084441548,0.429999999999999,1.05));
#11280=CARTESIAN_POINT('',(2.04847084441548,0.429999999999999,1.05));
#11281=CARTESIAN_POINT('',(2.04847084441548,0.839999999999999,1.05));
#11282=CARTESIAN_POINT('Origin',(2.04847084441548,0.839999999999999,0.769999999999999));
#11283=CARTESIAN_POINT('',(2.32638376687505,0.839999999999999,0.804123416153442));
#11284=CARTESIAN_POINT('Origin',(2.04847084441548,0.839999999999999,0.769999999999999));
#11285=CARTESIAN_POINT('',(2.32638376687505,0.429999999999999,0.804123416153442));
#11286=CARTESIAN_POINT('Origin',(2.04847084441548,0.429999999999999,0.769999999999999));
#11287=CARTESIAN_POINT('',(2.32638376687505,0.839999999999999,0.804123416153442));
#11288=CARTESIAN_POINT('Origin',(2.38395395445007,0.839999999999999,0.335251864618961));
#11289=CARTESIAN_POINT('',(2.38395395445007,0.839999999999999,0.335251864618961));
#11290=CARTESIAN_POINT('',(2.38395395445007,0.429999999999999,0.335251864618961));
#11291=CARTESIAN_POINT('Origin',(2.42948606576414,0.429999999999999,0.427508735121661));
#11292=CARTESIAN_POINT('Origin',(2.42948606576414,0.839999999999999,0.427508735121661));
#11293=CARTESIAN_POINT('Origin',(2.46335764658138,2.11,0.345001412091373));
#11294=CARTESIAN_POINT('',(2.45360809910897,2.11,0.265597719960067));
#11295=CARTESIAN_POINT('',(2.38395395445007,2.11,0.335251864618961));
#11296=CARTESIAN_POINT('Origin',(2.46335764658138,2.11,0.345001412091373));
#11297=CARTESIAN_POINT('',(2.38395395445007,1.7,0.335251864618961));
#11298=CARTESIAN_POINT('',(2.38395395445007,2.11,0.335251864618961));
#11299=CARTESIAN_POINT('',(2.45360809910897,1.7,0.265597719960067));
#11300=CARTESIAN_POINT('Origin',(2.46335764658138,1.7,0.345001412091373));
#11301=CARTESIAN_POINT('',(2.45360809910897,2.11,0.265597719960067));
#11302=CARTESIAN_POINT('Origin',(2.99999999999999,2.11,0.198509230328266));
#11303=CARTESIAN_POINT('',(2.99999999999999,2.11,0.198509230328266));
#11304=CARTESIAN_POINT('',(2.99999999999999,2.11,0.198509230328266));
#11305=CARTESIAN_POINT('',(2.99999999999999,1.7,0.198509230328266));
#11306=CARTESIAN_POINT('',(2.99999999999999,1.7,0.198509230328266));
#11307=CARTESIAN_POINT('',(2.99999999999999,2.11,0.198509230328266));
#11308=CARTESIAN_POINT('Origin',(2.97562613131897,2.11,-5.68989300120393E-16));
#11309=CARTESIAN_POINT('',(2.97562613131897,2.11,-5.64015926167889E-16));
#11310=CARTESIAN_POINT('',(2.97562613131897,2.11,-5.68989300120393E-16));
#11311=CARTESIAN_POINT('',(2.97562613131897,1.7,-5.11155920298901E-16));
#11312=CARTESIAN_POINT('',(2.97562613131897,1.7,-5.43884869867034E-16));
#11313=CARTESIAN_POINT('',(2.97562613131897,2.11,-5.64015926167889E-16));
#11314=CARTESIAN_POINT('Origin',(2.42923423042794,2.11,0.0670884896318045));
#11315=CARTESIAN_POINT('',(2.42923423042794,2.11,0.0670884896318045));
#11316=CARTESIAN_POINT('',(2.42923423042794,2.11,0.0670884896318045));
#11317=CARTESIAN_POINT('',(2.42923423042794,1.7,0.0670884896318045));
#11318=CARTESIAN_POINT('',(2.42923423042794,1.7,0.0670884896318045));
#11319=CARTESIAN_POINT('',(2.42923423042794,2.11,0.0670884896318045));
#11320=CARTESIAN_POINT('Origin',(2.46335764658138,2.11,0.345001412091376));
#11321=CARTESIAN_POINT('',(2.18544472412181,2.11,0.310877995937932));
#11322=CARTESIAN_POINT('Origin',(2.46335764658138,2.11,0.345001412091376));
#11323=CARTESIAN_POINT('',(2.18544472412181,1.7,0.310877995937932));
#11324=CARTESIAN_POINT('Origin',(2.46335764658138,1.7,0.345001412091376));
#11325=CARTESIAN_POINT('',(2.18544472412181,2.11,0.310877995937932));
#11326=CARTESIAN_POINT('Origin',(2.12787453654678,2.11,0.779749547472413));
#11327=CARTESIAN_POINT('',(2.12787453654678,2.11,0.779749547472413));
#11328=CARTESIAN_POINT('',(2.12787453654678,2.11,0.779749547472413));
#11329=CARTESIAN_POINT('',(2.12787453654678,1.7,0.779749547472413));
#11330=CARTESIAN_POINT('',(2.12787453654678,1.7,0.779749547472413));
#11331=CARTESIAN_POINT('',(2.12787453654678,2.11,0.779749547472413));
#11332=CARTESIAN_POINT('Origin',(2.04847084441548,2.11,0.77));
#11333=CARTESIAN_POINT('',(2.04847084441548,2.11,0.85));
#11334=CARTESIAN_POINT('Origin',(2.04847084441548,2.11,0.77));
#11335=CARTESIAN_POINT('',(2.04847084441548,1.7,0.85));
#11336=CARTESIAN_POINT('Origin',(2.04847084441548,1.7,0.77));
#11337=CARTESIAN_POINT('',(2.04847084441548,2.11,0.85));
#11338=CARTESIAN_POINT('Origin',(2.,2.11,0.85));
#11339=CARTESIAN_POINT('',(2.,2.11,0.85));
#11340=CARTESIAN_POINT('',(2.,2.11,0.85));
#11341=CARTESIAN_POINT('',(2.,1.7,0.85));
#11342=CARTESIAN_POINT('',(2.,1.7,0.85));
#11343=CARTESIAN_POINT('',(2.,2.11,0.85));
#11344=CARTESIAN_POINT('Origin',(2.,2.11,1.05));
#11345=CARTESIAN_POINT('',(2.,2.11,1.05));
#11346=CARTESIAN_POINT('',(2.,2.11,1.05));
#11347=CARTESIAN_POINT('',(2.,1.7,1.05));
#11348=CARTESIAN_POINT('',(2.,1.7,1.05));
#11349=CARTESIAN_POINT('',(2.,2.11,1.05));
#11350=CARTESIAN_POINT('Origin',(2.04847084441548,2.11,1.05));
#11351=CARTESIAN_POINT('',(2.04847084441548,2.11,1.05));
#11352=CARTESIAN_POINT('',(2.04847084441548,2.11,1.05));
#11353=CARTESIAN_POINT('',(2.04847084441548,1.7,1.05));
#11354=CARTESIAN_POINT('',(2.04847084441548,1.7,1.05));
#11355=CARTESIAN_POINT('',(2.04847084441548,2.11,1.05));
#11356=CARTESIAN_POINT('Origin',(2.04847084441548,2.11,0.769999999999999));
#11357=CARTESIAN_POINT('',(2.32638376687505,2.11,0.804123416153442));
#11358=CARTESIAN_POINT('Origin',(2.04847084441548,2.11,0.769999999999999));
#11359=CARTESIAN_POINT('',(2.32638376687505,1.7,0.804123416153442));
#11360=CARTESIAN_POINT('Origin',(2.04847084441548,1.7,0.769999999999999));
#11361=CARTESIAN_POINT('',(2.32638376687505,2.11,0.804123416153442));
#11362=CARTESIAN_POINT('Origin',(2.38395395445007,2.11,0.335251864618961));
#11363=CARTESIAN_POINT('',(2.38395395445007,2.11,0.335251864618961));
#11364=CARTESIAN_POINT('',(2.38395395445007,1.7,0.335251864618961));
#11365=CARTESIAN_POINT('Origin',(2.42948606576414,1.7,0.427508735121661));
#11366=CARTESIAN_POINT('Origin',(2.42948606576414,2.11,0.427508735121661));
#11367=CARTESIAN_POINT('Origin',(-2.46335764658138,-1.7,0.345001412091373));
#11368=CARTESIAN_POINT('',(-2.38395395445007,-2.11,0.335251864618961));
#11369=CARTESIAN_POINT('',(-2.45360809910897,-2.11,0.265597719960067));
#11370=CARTESIAN_POINT('Origin',(-2.46335764658138,-2.11,0.345001412091373));
#11371=CARTESIAN_POINT('',(-2.38395395445007,-1.7,0.335251864618961));
#11372=CARTESIAN_POINT('',(-2.38395395445007,-1.7,0.335251864618961));
#11373=CARTESIAN_POINT('',(-2.45360809910897,-1.7,0.265597719960067));
#11374=CARTESIAN_POINT('Origin',(-2.46335764658138,-1.7,0.345001412091373));
#11375=CARTESIAN_POINT('',(-2.45360809910897,-1.7,0.265597719960067));
#11376=CARTESIAN_POINT('Origin',(-2.45360809910897,-1.7,0.265597719960067));
#11377=CARTESIAN_POINT('',(-2.99999999999999,-2.11,0.198509230328266));
#11378=CARTESIAN_POINT('',(-2.99999999999999,-2.11,0.198509230328266));
#11379=CARTESIAN_POINT('',(-2.99999999999999,-1.7,0.198509230328266));
#11380=CARTESIAN_POINT('',(-2.99999999999999,-1.7,0.198509230328266));
#11381=CARTESIAN_POINT('',(-2.99999999999999,-1.7,0.198509230328266));
#11382=CARTESIAN_POINT('Origin',(-2.99999999999999,-1.7,0.198509230328266));
#11383=CARTESIAN_POINT('',(-2.97562613131897,-2.11,-5.43884869867034E-16));
#11384=CARTESIAN_POINT('',(-2.97562613131897,-2.11,-5.43884869867034E-16));
#11385=CARTESIAN_POINT('',(-2.97562613131897,-1.7,-5.68989300120393E-16));
#11386=CARTESIAN_POINT('',(-2.97562613131897,-1.7,-5.68989300120393E-16));
#11387=CARTESIAN_POINT('',(-2.97562613131897,-1.7,-5.68989300120393E-16));
#11388=CARTESIAN_POINT('Origin',(-2.97562613131897,-1.7,-5.68989300120393E-16));
#11389=CARTESIAN_POINT('',(-2.42923423042794,-2.11,0.0670884896318045));
#11390=CARTESIAN_POINT('',(-2.42923423042794,-2.11,0.0670884896318045));
#11391=CARTESIAN_POINT('',(-2.42923423042794,-1.7,0.0670884896318045));
#11392=CARTESIAN_POINT('',(-2.42923423042794,-1.7,0.0670884896318045));
#11393=CARTESIAN_POINT('',(-2.42923423042794,-1.7,0.0670884896318045));
#11394=CARTESIAN_POINT('Origin',(-2.46335764658138,-1.7,0.345001412091375));
#11395=CARTESIAN_POINT('',(-2.18544472412181,-2.11,0.310877995937932));
#11396=CARTESIAN_POINT('Origin',(-2.46335764658138,-2.11,0.345001412091375));
#11397=CARTESIAN_POINT('',(-2.18544472412181,-1.7,0.310877995937932));
#11398=CARTESIAN_POINT('Origin',(-2.46335764658138,-1.7,0.345001412091375));
#11399=CARTESIAN_POINT('',(-2.18544472412181,-1.7,0.310877995937932));
#11400=CARTESIAN_POINT('Origin',(-2.18544472412181,-1.7,0.310877995937932));
#11401=CARTESIAN_POINT('',(-2.12787453654678,-2.11,0.779749547472413));
#11402=CARTESIAN_POINT('',(-2.12787453654678,-2.11,0.779749547472413));
#11403=CARTESIAN_POINT('',(-2.12787453654678,-1.7,0.779749547472413));
#11404=CARTESIAN_POINT('',(-2.12787453654678,-1.7,0.779749547472413));
#11405=CARTESIAN_POINT('',(-2.12787453654678,-1.7,0.779749547472413));
#11406=CARTESIAN_POINT('Origin',(-2.04847084441547,-1.7,0.77));
#11407=CARTESIAN_POINT('',(-2.04847084441547,-2.11,0.85));
#11408=CARTESIAN_POINT('Origin',(-2.04847084441547,-2.11,0.77));
#11409=CARTESIAN_POINT('',(-2.04847084441547,-1.7,0.85));
#11410=CARTESIAN_POINT('Origin',(-2.04847084441547,-1.7,0.77));
#11411=CARTESIAN_POINT('',(-2.04847084441547,-1.7,0.85));
#11412=CARTESIAN_POINT('Origin',(-2.04847084441547,-1.7,0.85));
#11413=CARTESIAN_POINT('',(-2.,-2.11,0.85));
#11414=CARTESIAN_POINT('',(-2.,-2.11,0.85));
#11415=CARTESIAN_POINT('',(-2.,-1.7,0.85));
#11416=CARTESIAN_POINT('',(-2.,-1.7,0.85));
#11417=CARTESIAN_POINT('',(-2.,-1.7,0.85));
#11418=CARTESIAN_POINT('Origin',(-2.,-1.7,0.85));
#11419=CARTESIAN_POINT('',(-2.,-2.11,1.05));
#11420=CARTESIAN_POINT('',(-2.,-2.11,1.05));
#11421=CARTESIAN_POINT('',(-2.,-1.7,1.05));
#11422=CARTESIAN_POINT('',(-2.,-1.7,1.05));
#11423=CARTESIAN_POINT('',(-2.,-1.7,1.05));
#11424=CARTESIAN_POINT('Origin',(-2.,-1.7,1.05));
#11425=CARTESIAN_POINT('',(-2.04847084441548,-2.11,1.05));
#11426=CARTESIAN_POINT('',(-2.04847084441548,-2.11,1.05));
#11427=CARTESIAN_POINT('',(-2.04847084441548,-1.7,1.05));
#11428=CARTESIAN_POINT('',(-2.04847084441548,-1.7,1.05));
#11429=CARTESIAN_POINT('',(-2.04847084441548,-1.7,1.05));
#11430=CARTESIAN_POINT('Origin',(-2.04847084441548,-1.7,0.77));
#11431=CARTESIAN_POINT('',(-2.32638376687505,-2.11,0.804123416153442));
#11432=CARTESIAN_POINT('Origin',(-2.04847084441548,-2.11,0.77));
#11433=CARTESIAN_POINT('',(-2.32638376687505,-1.7,0.804123416153442));
#11434=CARTESIAN_POINT('Origin',(-2.04847084441548,-1.7,0.77));
#11435=CARTESIAN_POINT('',(-2.32638376687505,-1.7,0.804123416153442));
#11436=CARTESIAN_POINT('Origin',(-2.32638376687505,-1.7,0.804123416153442));
#11437=CARTESIAN_POINT('',(-2.38395395445007,-2.11,0.335251864618961));
#11438=CARTESIAN_POINT('',(-2.38395395445007,-1.7,0.335251864618961));
#11439=CARTESIAN_POINT('Origin',(-2.41658090134588,-1.7,0.437949364821103));
#11440=CARTESIAN_POINT('Origin',(-2.41658090134589,-2.11,0.437949364821104));
#11441=CARTESIAN_POINT('Origin',(-2.46335764658138,-0.430000000000001,0.345001412091373));
#11442=CARTESIAN_POINT('',(-2.45360809910897,-0.430000000000001,0.265597719960067));
#11443=CARTESIAN_POINT('',(-2.38395395445007,-0.430000000000001,0.335251864618961));
#11444=CARTESIAN_POINT('Origin',(-2.46335764658138,-0.430000000000001,0.345001412091373));
#11445=CARTESIAN_POINT('',(-2.45360809910897,-0.840000000000001,0.265597719960067));
#11446=CARTESIAN_POINT('',(-2.45360809910897,-0.430000000000001,0.265597719960067));
#11447=CARTESIAN_POINT('',(-2.38395395445007,-0.840000000000001,0.335251864618961));
#11448=CARTESIAN_POINT('Origin',(-2.46335764658138,-0.840000000000001,0.345001412091373));
#11449=CARTESIAN_POINT('',(-2.38395395445007,-0.430000000000001,0.335251864618961));
#11450=CARTESIAN_POINT('Origin',(-2.99999999999999,-0.430000000000001,0.198509230328266));
#11451=CARTESIAN_POINT('',(-2.99999999999999,-0.430000000000001,0.198509230328266));
#11452=CARTESIAN_POINT('',(-2.99999999999999,-0.430000000000001,0.198509230328266));
#11453=CARTESIAN_POINT('',(-2.99999999999999,-0.840000000000001,0.198509230328266));
#11454=CARTESIAN_POINT('',(-2.99999999999999,-0.430000000000001,0.198509230328266));
#11455=CARTESIAN_POINT('',(-2.99999999999999,-0.840000000000001,0.198509230328266));
#11456=CARTESIAN_POINT('Origin',(-2.97562613131897,-0.430000000000001,-5.55111512312578E-16));
#11457=CARTESIAN_POINT('',(-2.97562613131897,-0.430000000000001,-4.9960036108132E-16));
#11458=CARTESIAN_POINT('',(-2.97562613131897,-0.430000000000001,-5.55111512312578E-16));
#11459=CARTESIAN_POINT('',(-2.97562613131897,-0.840000000000001,-4.9960036108132E-16));
#11460=CARTESIAN_POINT('',(-2.97562613131897,-0.430000000000001,-4.9960036108132E-16));
#11461=CARTESIAN_POINT('',(-2.97562613131897,-0.840000000000001,-4.9960036108132E-16));
#11462=CARTESIAN_POINT('Origin',(-2.42923423042793,-0.430000000000001,0.0670884896318046));
#11463=CARTESIAN_POINT('',(-2.42923423042794,-0.430000000000001,0.0670884896318049));
#11464=CARTESIAN_POINT('',(-2.42923423042793,-0.430000000000001,0.0670884896318046));
#11465=CARTESIAN_POINT('',(-2.42923423042794,-0.840000000000001,0.0670884896318049));
#11466=CARTESIAN_POINT('',(-2.42923423042794,-0.430000000000001,0.0670884896318049));
#11467=CARTESIAN_POINT('',(-2.42923423042793,-0.840000000000001,0.0670884896318046));
#11468=CARTESIAN_POINT('Origin',(-2.46335764658138,-0.430000000000001,0.345001412091376));
#11469=CARTESIAN_POINT('',(-2.18544472412181,-0.430000000000001,0.310877995937932));
#11470=CARTESIAN_POINT('Origin',(-2.46335764658138,-0.430000000000001,0.345001412091376));
#11471=CARTESIAN_POINT('',(-2.18544472412181,-0.840000000000001,0.310877995937932));
#11472=CARTESIAN_POINT('',(-2.18544472412181,-0.430000000000001,0.310877995937932));
#11473=CARTESIAN_POINT('Origin',(-2.46335764658138,-0.840000000000001,0.345001412091376));
#11474=CARTESIAN_POINT('Origin',(-2.12787453654678,-0.430000000000001,0.779749547472413));
#11475=CARTESIAN_POINT('',(-2.12787453654678,-0.430000000000001,0.779749547472413));
#11476=CARTESIAN_POINT('',(-2.12787453654678,-0.430000000000001,0.779749547472413));
#11477=CARTESIAN_POINT('',(-2.12787453654678,-0.840000000000001,0.779749547472413));
#11478=CARTESIAN_POINT('',(-2.12787453654678,-0.430000000000001,0.779749547472413));
#11479=CARTESIAN_POINT('',(-2.12787453654678,-0.840000000000001,0.779749547472413));
#11480=CARTESIAN_POINT('Origin',(-2.04847084441547,-0.430000000000001,0.769999999999999));
#11481=CARTESIAN_POINT('',(-2.04847084441547,-0.430000000000001,0.85));
#11482=CARTESIAN_POINT('Origin',(-2.04847084441547,-0.430000000000001,0.769999999999999));
#11483=CARTESIAN_POINT('',(-2.04847084441547,-0.840000000000001,0.85));
#11484=CARTESIAN_POINT('',(-2.04847084441547,-0.430000000000001,0.85));
#11485=CARTESIAN_POINT('Origin',(-2.04847084441547,-0.840000000000001,0.769999999999999));
#11486=CARTESIAN_POINT('Origin',(-2.,-0.430000000000001,0.85));
#11487=CARTESIAN_POINT('',(-2.,-0.430000000000001,0.85));
#11488=CARTESIAN_POINT('',(-2.,-0.430000000000001,0.85));
#11489=CARTESIAN_POINT('',(-2.,-0.840000000000001,0.85));
#11490=CARTESIAN_POINT('',(-2.,-0.430000000000001,0.85));
#11491=CARTESIAN_POINT('',(-2.,-0.840000000000001,0.85));
#11492=CARTESIAN_POINT('Origin',(-2.,-0.430000000000001,1.05));
#11493=CARTESIAN_POINT('',(-2.,-0.430000000000001,1.05));
#11494=CARTESIAN_POINT('',(-2.,-0.430000000000001,1.05));
#11495=CARTESIAN_POINT('',(-2.,-0.840000000000001,1.05));
#11496=CARTESIAN_POINT('',(-2.,-0.430000000000001,1.05));
#11497=CARTESIAN_POINT('',(-2.,-0.840000000000001,1.05));
#11498=CARTESIAN_POINT('Origin',(-2.04847084441548,-0.430000000000001,1.05));
#11499=CARTESIAN_POINT('',(-2.04847084441548,-0.430000000000001,1.05));
#11500=CARTESIAN_POINT('',(-2.04847084441548,-0.430000000000001,1.05));
#11501=CARTESIAN_POINT('',(-2.04847084441548,-0.840000000000001,1.05));
#11502=CARTESIAN_POINT('',(-2.04847084441548,-0.430000000000001,1.05));
#11503=CARTESIAN_POINT('',(-2.04847084441548,-0.840000000000001,1.05));
#11504=CARTESIAN_POINT('Origin',(-2.04847084441548,-0.430000000000001,0.770000000000001));
#11505=CARTESIAN_POINT('',(-2.32638376687504,-0.430000000000001,0.804123416153442));
#11506=CARTESIAN_POINT('Origin',(-2.04847084441548,-0.430000000000001,0.770000000000001));
#11507=CARTESIAN_POINT('',(-2.32638376687504,-0.840000000000001,0.804123416153442));
#11508=CARTESIAN_POINT('',(-2.32638376687504,-0.430000000000001,0.804123416153442));
#11509=CARTESIAN_POINT('Origin',(-2.04847084441548,-0.840000000000001,0.770000000000001));
#11510=CARTESIAN_POINT('Origin',(-2.38395395445007,-0.430000000000001,0.335251864618961));
#11511=CARTESIAN_POINT('',(-2.38395395445007,-0.430000000000001,0.335251864618961));
#11512=CARTESIAN_POINT('',(-2.38395395445007,-0.840000000000001,0.335251864618961));
#11513=CARTESIAN_POINT('Origin',(-2.42948606576414,-0.840000000000001,0.427508735121661));
#11514=CARTESIAN_POINT('Origin',(-2.42948606576414,-0.430000000000001,0.427508735121661));
#11515=CARTESIAN_POINT('Origin',(-2.46335764658138,0.839999999999999,0.345001412091373));
#11516=CARTESIAN_POINT('',(-2.45360809910897,0.839999999999999,0.265597719960067));
#11517=CARTESIAN_POINT('',(-2.38395395445007,0.839999999999999,0.335251864618961));
#11518=CARTESIAN_POINT('Origin',(-2.46335764658138,0.839999999999999,0.345001412091373));
#11519=CARTESIAN_POINT('',(-2.45360809910897,0.429999999999999,0.265597719960067));
#11520=CARTESIAN_POINT('',(-2.45360809910897,0.839999999999999,0.265597719960067));
#11521=CARTESIAN_POINT('',(-2.38395395445007,0.429999999999999,0.335251864618961));
#11522=CARTESIAN_POINT('Origin',(-2.46335764658138,0.429999999999999,0.345001412091373));
#11523=CARTESIAN_POINT('',(-2.38395395445007,0.839999999999999,0.335251864618961));
#11524=CARTESIAN_POINT('Origin',(-2.99999999999999,0.839999999999999,0.198509230328266));
#11525=CARTESIAN_POINT('',(-2.99999999999999,0.839999999999999,0.198509230328266));
#11526=CARTESIAN_POINT('',(-2.99999999999999,0.839999999999999,0.198509230328266));
#11527=CARTESIAN_POINT('',(-2.99999999999999,0.429999999999999,0.198509230328266));
#11528=CARTESIAN_POINT('',(-2.99999999999999,0.839999999999999,0.198509230328266));
#11529=CARTESIAN_POINT('',(-2.99999999999999,0.429999999999999,0.198509230328266));
#11530=CARTESIAN_POINT('Origin',(-2.97562613131897,0.839999999999999,-6.66133814775094E-16));
#11531=CARTESIAN_POINT('',(-2.97562613131897,0.839999999999999,-6.66133814775094E-16));
#11532=CARTESIAN_POINT('',(-2.97562613131897,0.839999999999999,-6.66133814775094E-16));
#11533=CARTESIAN_POINT('',(-2.97562613131897,0.429999999999999,-6.66133814775094E-16));
#11534=CARTESIAN_POINT('',(-2.97562613131897,0.839999999999999,-6.66133814775094E-16));
#11535=CARTESIAN_POINT('',(-2.97562613131897,0.429999999999999,-6.66133814775094E-16));
#11536=CARTESIAN_POINT('Origin',(-2.42923423042793,0.839999999999999,0.0670884896318044));
#11537=CARTESIAN_POINT('',(-2.42923423042794,0.839999999999999,0.0670884896318048));
#11538=CARTESIAN_POINT('',(-2.42923423042793,0.839999999999999,0.0670884896318044));
#11539=CARTESIAN_POINT('',(-2.42923423042794,0.429999999999999,0.0670884896318048));
#11540=CARTESIAN_POINT('',(-2.42923423042794,0.839999999999999,0.0670884896318048));
#11541=CARTESIAN_POINT('',(-2.42923423042793,0.429999999999999,0.0670884896318045));
#11542=CARTESIAN_POINT('Origin',(-2.46335764658138,0.839999999999999,0.345001412091376));
#11543=CARTESIAN_POINT('',(-2.18544472412181,0.839999999999999,0.310877995937932));
#11544=CARTESIAN_POINT('Origin',(-2.46335764658138,0.839999999999999,0.345001412091376));
#11545=CARTESIAN_POINT('',(-2.18544472412181,0.429999999999999,0.310877995937932));
#11546=CARTESIAN_POINT('',(-2.18544472412181,0.839999999999999,0.310877995937932));
#11547=CARTESIAN_POINT('Origin',(-2.46335764658138,0.429999999999999,0.345001412091376));
#11548=CARTESIAN_POINT('Origin',(-2.12787453654678,0.839999999999999,0.779749547472412));
#11549=CARTESIAN_POINT('',(-2.12787453654678,0.839999999999999,0.779749547472413));
#11550=CARTESIAN_POINT('',(-2.12787453654678,0.839999999999999,0.779749547472412));
#11551=CARTESIAN_POINT('',(-2.12787453654678,0.429999999999999,0.779749547472413));
#11552=CARTESIAN_POINT('',(-2.12787453654678,0.839999999999999,0.779749547472413));
#11553=CARTESIAN_POINT('',(-2.12787453654678,0.429999999999999,0.779749547472412));
#11554=CARTESIAN_POINT('Origin',(-2.04847084441547,0.839999999999999,0.769999999999999));
#11555=CARTESIAN_POINT('',(-2.04847084441547,0.839999999999999,0.85));
#11556=CARTESIAN_POINT('Origin',(-2.04847084441547,0.839999999999999,0.769999999999999));
#11557=CARTESIAN_POINT('',(-2.04847084441547,0.429999999999999,0.85));
#11558=CARTESIAN_POINT('',(-2.04847084441547,0.839999999999999,0.85));
#11559=CARTESIAN_POINT('Origin',(-2.04847084441547,0.429999999999999,0.769999999999999));
#11560=CARTESIAN_POINT('Origin',(-2.,0.839999999999999,0.85));
#11561=CARTESIAN_POINT('',(-2.,0.839999999999999,0.85));
#11562=CARTESIAN_POINT('',(-2.,0.839999999999999,0.85));
#11563=CARTESIAN_POINT('',(-2.,0.429999999999999,0.85));
#11564=CARTESIAN_POINT('',(-2.,0.839999999999999,0.85));
#11565=CARTESIAN_POINT('',(-2.,0.429999999999999,0.85));
#11566=CARTESIAN_POINT('Origin',(-2.,0.839999999999999,1.05));
#11567=CARTESIAN_POINT('',(-2.,0.839999999999999,1.05));
#11568=CARTESIAN_POINT('',(-2.,0.839999999999999,1.05));
#11569=CARTESIAN_POINT('',(-2.,0.429999999999999,1.05));
#11570=CARTESIAN_POINT('',(-2.,0.839999999999999,1.05));
#11571=CARTESIAN_POINT('',(-2.,0.429999999999999,1.05));
#11572=CARTESIAN_POINT('Origin',(-2.04847084441548,0.839999999999999,1.05));
#11573=CARTESIAN_POINT('',(-2.04847084441548,0.839999999999999,1.05));
#11574=CARTESIAN_POINT('',(-2.04847084441548,0.839999999999999,1.05));
#11575=CARTESIAN_POINT('',(-2.04847084441548,0.429999999999999,1.05));
#11576=CARTESIAN_POINT('',(-2.04847084441548,0.839999999999999,1.05));
#11577=CARTESIAN_POINT('',(-2.04847084441548,0.429999999999999,1.05));
#11578=CARTESIAN_POINT('Origin',(-2.04847084441548,0.839999999999999,0.770000000000001));
#11579=CARTESIAN_POINT('',(-2.32638376687504,0.839999999999999,0.804123416153442));
#11580=CARTESIAN_POINT('Origin',(-2.04847084441548,0.839999999999999,0.770000000000001));
#11581=CARTESIAN_POINT('',(-2.32638376687504,0.429999999999999,0.804123416153442));
#11582=CARTESIAN_POINT('',(-2.32638376687504,0.839999999999999,0.804123416153442));
#11583=CARTESIAN_POINT('Origin',(-2.04847084441548,0.429999999999999,0.770000000000001));
#11584=CARTESIAN_POINT('Origin',(-2.38395395445007,0.839999999999999,0.335251864618961));
#11585=CARTESIAN_POINT('',(-2.38395395445007,0.839999999999999,0.335251864618961));
#11586=CARTESIAN_POINT('',(-2.38395395445007,0.429999999999999,0.335251864618961));
#11587=CARTESIAN_POINT('Origin',(-2.42948606576413,0.429999999999999,0.427508735121661));
#11588=CARTESIAN_POINT('Origin',(-2.42948606576413,0.839999999999999,0.427508735121661));
#11589=CARTESIAN_POINT('Origin',(-2.46335764658138,2.11,0.345001412091373));
#11590=CARTESIAN_POINT('',(-2.38395395445007,1.7,0.335251864618961));
#11591=CARTESIAN_POINT('',(-2.45360809910897,1.7,0.265597719960067));
#11592=CARTESIAN_POINT('Origin',(-2.46335764658138,1.7,0.345001412091373));
#11593=CARTESIAN_POINT('',(-2.38395395445007,2.11,0.335251864618961));
#11594=CARTESIAN_POINT('',(-2.38395395445007,2.11,0.335251864618961));
#11595=CARTESIAN_POINT('',(-2.45360809910897,2.11,0.265597719960067));
#11596=CARTESIAN_POINT('Origin',(-2.46335764658138,2.11,0.345001412091373));
#11597=CARTESIAN_POINT('',(-2.45360809910897,2.11,0.265597719960067));
#11598=CARTESIAN_POINT('Origin',(-2.45360809910897,2.11,0.265597719960067));
#11599=CARTESIAN_POINT('',(-2.99999999999999,1.7,0.198509230328266));
#11600=CARTESIAN_POINT('',(-2.99999999999999,1.7,0.198509230328266));
#11601=CARTESIAN_POINT('',(-2.99999999999999,2.11,0.198509230328266));
#11602=CARTESIAN_POINT('',(-2.99999999999999,2.11,0.198509230328266));
#11603=CARTESIAN_POINT('',(-2.99999999999999,2.11,0.198509230328266));
#11604=CARTESIAN_POINT('Origin',(-2.99999999999999,2.11,0.198509230328266));
#11605=CARTESIAN_POINT('',(-2.97562613131897,1.7,-5.43884869867034E-16));
#11606=CARTESIAN_POINT('',(-2.97562613131897,1.7,-5.43884869867034E-16));
#11607=CARTESIAN_POINT('',(-2.97562613131897,2.11,-5.68989300120393E-16));
#11608=CARTESIAN_POINT('',(-2.97562613131897,2.11,-5.68989300120393E-16));
#11609=CARTESIAN_POINT('',(-2.97562613131897,2.11,-5.68989300120393E-16));
#11610=CARTESIAN_POINT('Origin',(-2.97562613131897,2.11,-5.68989300120393E-16));
#11611=CARTESIAN_POINT('',(-2.42923423042794,1.7,0.0670884896318045));
#11612=CARTESIAN_POINT('',(-2.42923423042794,1.7,0.0670884896318045));
#11613=CARTESIAN_POINT('',(-2.42923423042794,2.11,0.0670884896318045));
#11614=CARTESIAN_POINT('',(-2.42923423042794,2.11,0.0670884896318045));
#11615=CARTESIAN_POINT('',(-2.42923423042794,2.11,0.0670884896318045));
#11616=CARTESIAN_POINT('Origin',(-2.46335764658138,2.11,0.345001412091375));
#11617=CARTESIAN_POINT('',(-2.18544472412181,1.7,0.310877995937932));
#11618=CARTESIAN_POINT('Origin',(-2.46335764658138,1.7,0.345001412091375));
#11619=CARTESIAN_POINT('',(-2.18544472412181,2.11,0.310877995937932));
#11620=CARTESIAN_POINT('Origin',(-2.46335764658138,2.11,0.345001412091375));
#11621=CARTESIAN_POINT('',(-2.18544472412181,2.11,0.310877995937932));
#11622=CARTESIAN_POINT('Origin',(-2.18544472412181,2.11,0.310877995937932));
#11623=CARTESIAN_POINT('',(-2.12787453654678,1.7,0.779749547472413));
#11624=CARTESIAN_POINT('',(-2.12787453654678,1.7,0.779749547472413));
#11625=CARTESIAN_POINT('',(-2.12787453654678,2.11,0.779749547472413));
#11626=CARTESIAN_POINT('',(-2.12787453654678,2.11,0.779749547472413));
#11627=CARTESIAN_POINT('',(-2.12787453654678,2.11,0.779749547472413));
#11628=CARTESIAN_POINT('Origin',(-2.04847084441547,2.11,0.77));
#11629=CARTESIAN_POINT('',(-2.04847084441547,1.7,0.85));
#11630=CARTESIAN_POINT('Origin',(-2.04847084441547,1.7,0.77));
#11631=CARTESIAN_POINT('',(-2.04847084441547,2.11,0.85));
#11632=CARTESIAN_POINT('Origin',(-2.04847084441547,2.11,0.77));
#11633=CARTESIAN_POINT('',(-2.04847084441547,2.11,0.85));
#11634=CARTESIAN_POINT('Origin',(-2.04847084441547,2.11,0.85));
#11635=CARTESIAN_POINT('',(-2.,1.7,0.85));
#11636=CARTESIAN_POINT('',(-2.,1.7,0.85));
#11637=CARTESIAN_POINT('',(-2.,2.11,0.85));
#11638=CARTESIAN_POINT('',(-2.,2.11,0.85));
#11639=CARTESIAN_POINT('',(-2.,2.11,0.85));
#11640=CARTESIAN_POINT('Origin',(-2.,2.11,0.85));
#11641=CARTESIAN_POINT('',(-2.,1.7,1.05));
#11642=CARTESIAN_POINT('',(-2.,1.7,1.05));
#11643=CARTESIAN_POINT('',(-2.,2.11,1.05));
#11644=CARTESIAN_POINT('',(-2.,2.11,1.05));
#11645=CARTESIAN_POINT('',(-2.,2.11,1.05));
#11646=CARTESIAN_POINT('Origin',(-2.,2.11,1.05));
#11647=CARTESIAN_POINT('',(-2.04847084441548,1.7,1.05));
#11648=CARTESIAN_POINT('',(-2.04847084441548,1.7,1.05));
#11649=CARTESIAN_POINT('',(-2.04847084441548,2.11,1.05));
#11650=CARTESIAN_POINT('',(-2.04847084441548,2.11,1.05));
#11651=CARTESIAN_POINT('',(-2.04847084441548,2.11,1.05));
#11652=CARTESIAN_POINT('Origin',(-2.04847084441548,2.11,0.77));
#11653=CARTESIAN_POINT('',(-2.32638376687505,1.7,0.804123416153442));
#11654=CARTESIAN_POINT('Origin',(-2.04847084441548,1.7,0.77));
#11655=CARTESIAN_POINT('',(-2.32638376687505,2.11,0.804123416153442));
#11656=CARTESIAN_POINT('Origin',(-2.04847084441548,2.11,0.77));
#11657=CARTESIAN_POINT('',(-2.32638376687505,2.11,0.804123416153442));
#11658=CARTESIAN_POINT('Origin',(-2.32638376687505,2.11,0.804123416153442));
#11659=CARTESIAN_POINT('',(-2.38395395445007,1.7,0.335251864618961));
#11660=CARTESIAN_POINT('',(-2.38395395445007,2.11,0.335251864618961));
#11661=CARTESIAN_POINT('Origin',(-2.41658090134588,2.11,0.437949364821103));
#11662=CARTESIAN_POINT('Origin',(-2.41658090134589,1.7,0.437949364821104));
#11663=UNCERTAINTY_MEASURE_WITH_UNIT(LENGTH_MEASURE(0.01),#11667,
'DISTANCE_ACCURACY_VALUE',
'Maximum model space distance between geometric entities at asserted c
onnectivities');
#11664=UNCERTAINTY_MEASURE_WITH_UNIT(LENGTH_MEASURE(0.01),#11667,
'DISTANCE_ACCURACY_VALUE',
'Maximum model space distance between geometric entities at asserted c
onnectivities');
#11665=(
GEOMETRIC_REPRESENTATION_CONTEXT(3)
GLOBAL_UNCERTAINTY_ASSIGNED_CONTEXT((#11663))
GLOBAL_UNIT_ASSIGNED_CONTEXT((#11667,#11669,#11668))
REPRESENTATION_CONTEXT('','3D')
);
#11666=(
GEOMETRIC_REPRESENTATION_CONTEXT(3)
GLOBAL_UNCERTAINTY_ASSIGNED_CONTEXT((#11664))
GLOBAL_UNIT_ASSIGNED_CONTEXT((#11667,#11669,#11668))
REPRESENTATION_CONTEXT('','3D')
);
#11667=(
LENGTH_UNIT()
NAMED_UNIT(*)
SI_UNIT(.MILLI.,.METRE.)
);
#11668=(
NAMED_UNIT(*)
SI_UNIT($,.STERADIAN.)
SOLID_ANGLE_UNIT()
);
#11669=(
NAMED_UNIT(*)
PLANE_ANGLE_UNIT()
SI_UNIT($,.RADIAN.)
);
#11670=SHAPE_DEFINITION_REPRESENTATION(#11671,#11672);
#11671=PRODUCT_DEFINITION_SHAPE('',$,#11674);
#11672=SHAPE_REPRESENTATION('',(#6589),#11665);
#11673=PRODUCT_DEFINITION_CONTEXT('part definition',#11678,'design');
#11674=PRODUCT_DEFINITION('Product','Product',#11675,#11673);
#11675=PRODUCT_DEFINITION_FORMATION('',$,#11680);
#11676=PRODUCT_RELATED_PRODUCT_CATEGORY('Product','Product',(#11680));
#11677=APPLICATION_PROTOCOL_DEFINITION('international standard',
'automotive_design',2009,#11678);
#11678=APPLICATION_CONTEXT(
'Core Data for Automotive Mechanical Design Process');
#11679=PRODUCT_CONTEXT('part definition',#11678,'mechanical');
#11680=PRODUCT('Product','Product',$,(#11679));
#11681=PRESENTATION_STYLE_ASSIGNMENT((#11684));
#11682=PRESENTATION_STYLE_ASSIGNMENT((#11685));
#11683=PRESENTATION_STYLE_ASSIGNMENT((#11686));
#11684=SURFACE_STYLE_USAGE(.BOTH.,#11687);
#11685=SURFACE_STYLE_USAGE(.BOTH.,#11688);
#11686=SURFACE_STYLE_USAGE(.BOTH.,#11689);
#11687=SURFACE_SIDE_STYLE('',(#11690));
#11688=SURFACE_SIDE_STYLE('',(#11691));
#11689=SURFACE_SIDE_STYLE('',(#11692));
#11690=SURFACE_STYLE_FILL_AREA(#11693);
#11691=SURFACE_STYLE_FILL_AREA(#11694);
#11692=SURFACE_STYLE_FILL_AREA(#11695);
#11693=FILL_AREA_STYLE('',(#11696));
#11694=FILL_AREA_STYLE('',(#11697));
#11695=FILL_AREA_STYLE('',(#11698));
#11696=FILL_AREA_STYLE_COLOUR('',#11699);
#11697=FILL_AREA_STYLE_COLOUR('',#11700);
#11698=FILL_AREA_STYLE_COLOUR('',#11701);
#11699=COLOUR_RGB('',0.329411764705882,0.329411764705882,0.329411764705882);
#11700=COLOUR_RGB('',1.,1.,1.);
#11701=COLOUR_RGB('',0.866666666666667,0.866666666666667,0.866666666666667);
ENDSEC;
END-ISO-10303-21;
